{"type":"FeatureCollection","name":"hubei-cities-gadm41","features":[{"type":"Feature","geometry":{"bbox":[108.36961364700005,29.115661621000186,110.6365737910001,31.397762299000135],"type":"Polygon","coordinates":[[[109.22231292700008,29.12818145800003],[109.21943664500009,29.132310867000175],[109.21655273400012,29.134597779000043],[109.21446228100012,29.13711929400006],[109.21053314200014,29.140787124000095],[109.20581817600015,29.14513778700012],[109.20372009300019,29.14719963200008],[109.2011032100001,29.14994812000015],[109.19690704400001,29.153612137000156],[109.19299316500008,29.156362534000095],[109.18852996900011,29.160484314000087],[109.18538665900007,29.1625423430001],[109.18171691900005,29.164373399000056],[109.17648315400015,29.166202545000093],[109.1717681880001,29.171012878000056],[109.16861724800003,29.173761369000033],[109.16520690800007,29.176507949999976],[109.16153717100013,29.177188874000027],[109.15814209000013,29.176494599000023],[109.15368652299998,29.17442512500008],[109.14977264499998,29.17350387700003],[109.14636230500008,29.172580719000056],[109.14190673900004,29.171884536000107],[109.13823699900013,29.173023224000136],[109.13456725999998,29.17600059600011],[109.13169098000003,29.178058625000116],[109.12854004000015,29.18218231300011],[109.12513732800011,29.184928895000155],[109.12146759100017,29.1876754760001],[109.1185836790001,29.190879821000124],[109.11490631100014,29.194772721000163],[109.11150360200003,29.198434830000057],[109.1078262320001,29.203014374000077],[109.10546112100002,29.207599640000183],[109.10518646300005,29.21058082700006],[109.10571289000018,29.215167999000126],[109.10753631600005,29.219985962000067],[109.10910797200006,29.223201753000126],[109.11093902500016,29.226646424000133],[109.11277008100012,29.229171753000116],[109.11512756400003,29.23238754300007],[109.11695861800001,29.235828400000116],[109.11930847200013,29.24042129500009],[109.12167358300013,29.246847153000086],[109.12454223499998,29.251440049000166],[109.12715911800008,29.25717735300003],[109.1281967160001,29.259929657000043],[109.13004303000014,29.263376235999996],[109.13082122700013,29.26635742300005],[109.12950134300013,29.269336700000053],[109.12583160300011,29.271852493000154],[109.1216430670001,29.27482605000006],[109.11638641300004,29.27848815900012],[109.1140213020002,29.280776978000006],[109.11165618900014,29.283525467000175],[109.10903930600006,29.286041260000044],[109.10693359300001,29.28970718400012],[109.1053466810002,29.29314613300016],[109.10378265500009,29.29543686000011],[109.10298919800005,29.29841613800005],[109.10482025100015,29.301401138000127],[109.10587310800015,29.304153442000086],[109.1066513070001,29.30690765300017],[109.1066513070001,29.309431076000124],[109.10611724900014,29.312641144000168],[109.1055908200002,29.316310883000142],[109.10479736299999,29.321582795000097],[109.10505676200006,29.3264007570001],[109.10610198900014,29.32961273200004],[109.1068801880001,29.333744050000064],[109.10687255900012,29.338560104000123],[109.10713195700009,29.3422298430001],[109.10843658500005,29.346590042000173],[109.10922241200012,29.350950242000184],[109.10816955600006,29.354845047000083],[109.10710907100015,29.359432222000127],[109.10501098700013,29.364242554000043],[109.10133361800001,29.368595124000137],[109.09818267800011,29.37179946900011],[109.09449768000019,29.374084472999982],[109.08976745600017,29.376598359000187],[109.08399200500003,29.38048553600004],[109.07926178100018,29.384145737000097],[109.074012757,29.387344360000156],[109.06902313100016,29.391235352000024],[109.06481170600011,29.395582198000174],[109.06060790900005,29.39763832200009],[109.05325317400019,29.402668000000062],[109.04930877700002,29.40288734500018],[109.04747009300013,29.40196609500015],[109.04563903800005,29.399438859000156],[109.04380798400007,29.39691162100013],[109.04197692900004,29.39277839700009],[109.04015350300017,29.387956619000082],[109.0391082770002,29.383825302000105],[109.03649139400011,29.3787765510001],[109.0344009390001,29.37578773600018],[109.03256988500011,29.370737076000065],[109.03151702899999,29.368213653000115],[109.0281219470001,29.365682601999996],[109.02288055400015,29.363143921000187],[109.01658630399999,29.360837937000156],[109.0105590820001,29.358297348000175],[109.00531005800015,29.35713767900006],[108.9998016350001,29.35574531600008],[108.99482727000014,29.353668214000155],[108.99272918600013,29.35182762300019],[108.98932647700002,29.34929466200015],[108.98670959400016,29.34653473000003],[108.98383331400004,29.34377670300017],[108.9822616580002,29.342393876000074],[108.97911834800016,29.33871841400008],[108.97493744000008,29.333660126000098],[108.97126770000006,29.330896377000105],[108.96655273400017,29.32973480300012],[108.96130371100008,29.328800201000035],[108.9547500610002,29.329013824000015],[108.95108032200005,29.328771592000066],[108.94661712600004,29.327608108000106],[108.9426879890001,29.327598572000174],[108.9379730230001,29.32804107600003],[108.93403625600007,29.325504304000106],[108.92878723200005,29.324571610000188],[108.92459869400005,29.323640824000112],[108.91988372800006,29.32270813100013],[108.91306305000006,29.32176971400003],[108.90911865300006,29.32565307600015],[108.90883636500018,29.32886505199997],[108.90962219200009,29.332078935000084],[108.91171264700012,29.33598518300016],[108.91300201500007,29.341262818000132],[108.91457366900006,29.34448051400005],[108.91718292300015,29.347930908000084],[108.91874694900002,29.349538802999977],[108.92162322899998,29.352987290000154],[108.92292785500013,29.35597419700008],[108.92475128100017,29.36056709300016],[108.92552948000021,29.364242554000043],[108.92630004800014,29.36814117500012],[108.92735290500013,29.369747162000067],[108.92917633100001,29.37365341300006],[108.930740356,29.37664222800015],[108.9312515250001,29.379854203000093],[108.93097686700014,29.383293152000135],[108.9296569830002,29.38581466800008],[108.92833709600012,29.38970947300015],[108.92780303900008,29.392229081000096],[108.92780303900008,29.394979477000103],[108.92830658000008,29.398651124000082],[108.93039703300013,29.403013229000123],[108.93168640100004,29.408065796000134],[108.9329986570001,29.41197013900012],[108.93350982600003,29.414951326000164],[108.93298339900008,29.419080734000033],[108.93192291200018,29.42182731600008],[108.92980957000009,29.42480278000011],[108.92823028600014,29.426174164000027],[108.92585754500004,29.427541733000115],[108.92323303200004,29.42776298600006],[108.91956329300007,29.42866706900014],[108.91692352400008,29.430494308999986],[108.9140319830002,29.432090759000115],[108.91114044300002,29.43345832800003],[108.90429687500011,29.438022614000037],[108.90009307800017,29.439382553000033],[108.89720153700011,29.440748215000045],[108.8937835690001,29.442340852000083],[108.89167785600006,29.44256401000007],[108.88852691600012,29.44324111900005],[108.88562774700011,29.444377900000063],[108.88326263400012,29.445287705000112],[108.88037872400008,29.445276262000103],[108.87669372600016,29.445951461000107],[108.87354278600003,29.44685745300012],[108.86907196100003,29.44867324900008],[108.86643981800012,29.449811937000167],[108.86432647700013,29.452327728000057],[108.86273956200006,29.456907272000077],[108.86167907800007,29.45874023500011],[108.86061859100016,29.462863923000043],[108.859809875,29.467447281000034],[108.85952758700012,29.473182679000104],[108.86055755500007,29.477771759000063],[108.86160278400014,29.482593536000138],[108.86184692300014,29.486034394000054],[108.86237335300001,29.488098146000084],[108.86419677800019,29.48994064400017],[108.86785888700007,29.492935180000135],[108.87206268400014,29.494556426000145],[108.87441253700013,29.497089387000187],[108.87625122100008,29.498470307000048],[108.87860870300007,29.501234054000008],[108.88017272900015,29.503761292000036],[108.88200378500011,29.506978988000185],[108.8838272100001,29.510885239000178],[108.88513183600003,29.51432609500012],[108.88459014900008,29.519142150999983],[108.88194275000012,29.524408340000097],[108.88034820500013,29.528530121000127],[108.8785018910001,29.531047821000072],[108.87770080600018,29.533796310000014],[108.87480163500004,29.536539078000146],[108.87346649200016,29.539516450000118],[108.87346649200016,29.54203605600003],[108.874511719,29.54387664700016],[108.87608337500001,29.546176910000153],[108.87712860099998,29.548244477000086],[108.87975311200017,29.55123519900008],[108.88210296699998,29.553995134000104],[108.88735199000007,29.556995392000033],[108.89259338400012,29.56068611200004],[108.89704895000001,29.56459808300014],[108.90334320000017,29.570812225000058],[108.90334320000017,29.572647095000146],[108.90384674100017,29.576089859000092],[108.9033126830002,29.579067231000067],[108.90251159600007,29.58319664000004],[108.90144348100011,29.58754920900003],[108.90012359700012,29.590526581000177],[108.89958190900006,29.59442329299998],[108.89930725100011,29.59694671600016],[108.89746856700003,29.597858428999984],[108.89351654000012,29.598993302],[108.891937256,29.597379684000085],[108.88802337700008,29.593925477000028],[108.88329315300008,29.591384888000054],[108.87908172600004,29.590452195000065],[108.87487030099999,29.59066772500012],[108.87145233100017,29.592029571000186],[108.86776733300013,29.593162537000126],[108.864860534,29.5954456340001],[108.86379241900006,29.599340439000056],[108.86351776100003,29.603010178000034],[108.86483001800019,29.60485076900017],[108.86770630000014,29.607381821000157],[108.87033844100006,29.60945510800019],[108.8732223510001,29.61222076500013],[108.87531280400015,29.614753723000096],[108.87741089000019,29.61705017100007],[108.87818908600009,29.6198062900001],[108.87896728500004,29.62324905400004],[108.878433228,29.626457214000084],[108.87631225600006,29.629890443000193],[108.87419891400015,29.63217353700009],[108.87235260000017,29.63469123800013],[108.86971282900015,29.637205123000058],[108.86813354500003,29.63949394300005],[108.86549377400019,29.640630723000125],[108.86074829100006,29.64176177900009],[108.85732269300013,29.642896652000104],[108.85442352300004,29.644489289000035],[108.85205078100017,29.645395279000184],[108.84967041000016,29.64767837600016],[108.84781646800002,29.6504268650001],[108.84491729700005,29.651790619000167],[108.84123230000006,29.65338325600004],[108.83702087500006,29.653366090000016],[108.83438873400013,29.653585433000156],[108.82701873800016,29.653327941000157],[108.82280731100013,29.652162552000107],[108.82071685800008,29.651237488000163],[108.81861877500017,29.648935318000103],[108.81572723400006,29.64662933400007],[108.81390380900012,29.64410018900014],[108.81233215300011,29.64202880900018],[108.80892181300004,29.639259338999977],[108.80313873199998,29.63740348800019],[108.79762268100001,29.635314942000036],[108.79341888400012,29.634838105000146],[108.78658294600007,29.634809493000038],[108.78288269000018,29.636856079000097],[108.77944946200012,29.64005279600019],[108.77758789000013,29.644174577000058],[108.780197144,29.647855759000038],[108.78280639700017,29.652223587000094],[108.78463745000005,29.65727806100017],[108.78645324700011,29.663938523000066],[108.78721618600008,29.666921616000028],[108.78721618600008,29.669216156000175],[108.785102844,29.671958924000084],[108.78350830000005,29.673557281000114],[108.77902984700017,29.674455643000158],[108.77665710400004,29.675361633000197],[108.77455139200003,29.675811767000145],[108.76876068100013,29.67601585400001],[108.76638794000019,29.676004411000065],[108.76296997000014,29.675760270000012],[108.75981903000002,29.674598695000103],[108.76009369000019,29.67230796800004],[108.7611465450002,29.669788360000094],[108.76142883300008,29.66726875400019],[108.76117706300005,29.66336822600005],[108.75936126800019,29.659229280000034],[108.7585906970001,29.656017304000045],[108.7562408440001,29.651418686000056],[108.75415039100005,29.64773941100015],[108.74993896400004,29.64909744300007],[108.74623870800013,29.65183067300012],[108.74095916800007,29.655475617000036],[108.73487854100011,29.66118240400016],[108.73301696800002,29.663467408000034],[108.72827911400003,29.665050508000153],[108.72563934300007,29.667100906000144],[108.72167205700003,29.670063020000097],[108.72033691400014,29.672809601000044],[108.71611785900006,29.67531204300013],[108.71504211400014,29.67920494100002],[108.71528625500014,29.68218803400003],[108.71555328300008,29.684253693000134],[108.71685028100006,29.68609428400009],[108.71684265100015,29.688159943000077],[108.71630096500007,29.690450668000153],[108.71576690800003,29.69274139500004],[108.71365356400014,29.693418502000046],[108.71024322400007,29.69317245500002],[108.70575714100005,29.692920686000033],[108.70313262900015,29.691989900000127],[108.69970703000013,29.690828323000005],[108.6944580070001,29.690343858000176],[108.68971252400007,29.69054794300013],[108.68550109900008,29.6912136090001],[108.68128204400011,29.691650392000096],[108.67733001700009,29.69300842300009],[108.67495727500007,29.693683625000006],[108.67494201700003,29.695978165000156],[108.67519378700007,29.699647904000134],[108.6764831540001,29.70355224700012],[108.6775131230001,29.70745849700006],[108.67854309100005,29.711362838000074],[108.68009948700006,29.715955735000197],[108.68060302800006,29.720090867000067],[108.68110656599998,29.72467803899997],[108.68187713700007,29.72766303900005],[108.6823806760001,29.731794358],[108.68209076000005,29.737066270000128],[108.68102264500004,29.73981666600014],[108.67967987200007,29.74370956400003],[108.67833709700011,29.74691391100004],[108.67701721200001,29.749887466000132],[108.67620849700018,29.75263404900011],[108.67539215100015,29.75698661800004],[108.67458343499999,29.76019477900019],[108.67404174800004,29.762941360000184],[108.67375946000016,29.766611099000162],[108.67347717300015,29.770509720000064],[108.6737213130001,29.773492814000118],[108.6734390270002,29.776931763000164],[108.67289733900014,29.780368804000094],[108.67262268100012,29.783807755000108],[108.67363739100006,29.78862953100014],[108.67520141700015,29.792306901000075],[108.67545318600014,29.795520781999983],[108.67489624000007,29.800102234000175],[108.67514038100006,29.80239868100006],[108.67433166600006,29.806062698000062],[108.67299652100019,29.808351518000055],[108.671669006,29.81086731000005],[108.6703262330002,29.813611984000147],[108.66979217600016,29.81636047300009],[108.66766357400007,29.82047653300009],[108.66737365800009,29.824604034000117],[108.66605377100018,29.827350616000164],[108.66496276900017,29.831703187000134],[108.66310119700012,29.83467292900019],[108.66043090699998,29.840393067000093],[108.65856170700005,29.84520149200011],[108.65775299200004,29.847719193000163],[108.65667724600019,29.851152421000165],[108.65350341800013,29.853889466000055],[108.65112304600018,29.85433578500016],[108.64821624700011,29.855237960000064],[108.64557647600009,29.855909349000115],[108.64134979300007,29.8572635650001],[108.6371231080002,29.859762192000176],[108.6339416510001,29.861352921000048],[108.62892150800013,29.86338806200013],[108.6267929080001,29.866359711000083],[108.62361145000013,29.868406297000096],[108.6214981080002,29.86908149800013],[108.61831665100016,29.870899201000157],[108.61226654000001,29.870178222999982],[108.60778045700005,29.86969566500005],[108.60568237200006,29.868303299000104],[108.60147857700014,29.86598968600009],[108.59858703700019,29.864593506000062],[108.59358215300011,29.863418578000164],[108.589653016,29.860185623999996],[108.58754730200008,29.858566284000123],[108.5857162480001,29.85603523200018],[108.58415222100007,29.853271484999993],[108.58180236800008,29.84958839500007],[108.57971191500002,29.84659385700013],[108.57868194600019,29.843151093000188],[108.57582092300015,29.8371696480001],[108.57319641200013,29.834402084000086],[108.57215881299999,29.832561492000025],[108.56796264700012,29.82909584000015],[108.56429290700004,29.82609176700004],[108.56140899700019,29.823780061000036],[108.55536651600016,29.8198451990001],[108.54881286700015,29.816135407000107],[108.54277801400009,29.811742782000184],[108.53755187900009,29.805515290000073],[108.53363037100019,29.80021667400007],[108.53180694500014,29.796079635000122],[108.5281600940001,29.79100608800019],[108.5263366690001,29.788244248000126],[108.52609253000008,29.785261154000064],[108.52455139200009,29.779979706000063],[108.52326202500014,29.776069642000156],[108.52223205600006,29.77193641600013],[108.52278137200005,29.768957139000122],[108.52253723100017,29.766891480000144],[108.5236129760001,29.764604568000095],[108.52494049100007,29.761859894000054],[108.52680969300019,29.75888824500009],[108.52763366700015,29.754995347000037],[108.52790832500011,29.751787185000182],[108.5295333860002,29.746292115000074],[108.53220367400019,29.741491317000058],[108.5340728760001,29.737834931000062],[108.52748870800013,29.737104417000182],[108.52063751200012,29.736835479000145],[108.51484680300013,29.735649109000178],[108.51199340900013,29.731960296000068],[108.50937652600004,29.72873115700014],[108.50782012900015,29.725282670000183],[108.50705719000018,29.721380235000144],[108.50524902300003,29.716321945000118],[108.50422668500005,29.712186814000002],[108.50080108700007,29.71285438500013],[108.49868011500013,29.714216232000073],[108.49577331600005,29.71626091000013],[108.491287231,29.71714973400015],[108.48732757600004,29.71872902000007],[108.48335266200013,29.721225738000044],[108.48071289100011,29.722812652000073],[108.47781372000014,29.724172593000105],[108.47357940699999,29.725976945000188],[108.47041320800014,29.727561952000144],[108.46801757800017,29.729837418000105],[108.46351623500016,29.73255920400004],[108.459022522,29.73527908400007],[108.45610809300001,29.73755645800003],[108.4531936640002,29.74051856900002],[108.4502716070001,29.74233245900018],[108.44606781,29.740926743000045],[108.44161224400011,29.73814392100019],[108.43636322000015,29.735813141000104],[108.43345642100007,29.736484528000123],[108.43186187700007,29.738763809000147],[108.43105316100014,29.74196624700011],[108.43077087300009,29.744029999000137],[108.4310226450001,29.74586677500008],[108.43153381400003,29.74793624900008],[108.43254852400014,29.751840592000065],[108.43409728900014,29.75506210300006],[108.43434906100003,29.75781822200014],[108.43511199900007,29.7610359200001],[108.43588256800012,29.763334274000158],[108.43611907900011,29.766544341000102],[108.43609619200004,29.76998520000018],[108.43316650300005,29.774093628000116],[108.43052673400001,29.773387909000068],[108.4263076790001,29.774503708999987],[108.4223632820001,29.775163649999968],[108.41918182300009,29.776746749000154],[108.41626739600008,29.778331756000114],[108.41362762500006,29.779230117999987],[108.41149902300015,29.78105163600009],[108.40937805100015,29.782871246000184],[108.40908813500016,29.786077499000157],[108.40907287600004,29.78813934300007],[108.41036224400018,29.791822433000164],[108.4113998410001,29.793893815000107],[108.41269683900015,29.79596710200019],[108.41452026400009,29.7985038760001],[108.41712951600016,29.801963806000003],[108.4184265140002,29.804952621000158],[108.41972351000004,29.80702591000016],[108.41864013700018,29.810918808000054],[108.41705322300015,29.812740326000096],[108.41596984900004,29.81502533000003],[108.4122467050002,29.817750931000038],[108.40907287600004,29.820938110000046],[108.4056167600001,29.824127197000166],[108.40373992900015,29.827556610000162],[108.40133666900005,29.830976486000168],[108.39708709700017,29.83507537800017],[108.39469909800005,29.836893083000067],[108.391281128,29.835720063000164],[108.3897323600001,29.831811905000112],[108.3887176520002,29.82698440600007],[108.38770294200009,29.822391511000095],[108.38668060200001,29.8182563790001],[108.38303375300019,29.814331055000025],[108.3801116940001,29.816371918000016],[108.37825012200005,29.817964553000085],[108.37718200700004,29.820020677000056],[108.37663269100011,29.822080613000136],[108.37609100300006,29.824369431000154],[108.37394714300012,29.82687568600011],[108.37155914300007,29.829839707000133],[108.37098693900015,29.834423065000124],[108.36963653600003,29.83831214900005],[108.36961364700005,29.841522217000087],[108.36985778900016,29.844049453000082],[108.37220001100013,29.847276687000146],[108.37534332299998,29.85005378700004],[108.37716674900003,29.851442337000037],[108.38242340000005,29.854690552000083],[108.38239288400018,29.85904884300004],[108.38340759300002,29.862266541000167],[108.38549041700009,29.866182328000036],[108.38760376000005,29.86551094100003],[108.38971710200009,29.865066528000117],[108.39315033000014,29.8641757960001],[108.39685058600003,29.863969804000135],[108.39972686800019,29.86513900900013],[108.40235900900007,29.866760254999974],[108.40917205800008,29.872087479000072],[108.41493988100007,29.87625694200017],[108.41729736400004,29.877651215000125],[108.42096710100014,29.88019943200004],[108.42360687200016,29.881135940999965],[108.42597198600009,29.88275527900004],[108.42938995300005,29.883699418000106],[108.43148803700007,29.884859085000183],[108.43518066500008,29.88488769600019],[108.43704223700007,29.883752823000176],[108.44232940700005,29.88149643000008],[108.44499969499998,29.878072740000107],[108.44844055100015,29.876262665000183],[108.4516296380001,29.872844697000172],[108.45427703900003,29.871255874999974],[108.45797729500015,29.86921692000016],[108.46037292500012,29.867626190000124],[108.4653930660001,29.866973877000074],[108.4688186640002,29.867229462000182],[108.47197723400006,29.86701965400005],[108.47461700500008,29.86772537200017],[108.4767227170002,29.86796760600015],[108.48014068600014,29.86936569200003],[108.48277282700002,29.870758056999986],[108.48592376700014,29.872615814000145],[108.48800659200009,29.87492370700005],[108.4898529040001,29.87700080900015],[108.49169159000019,29.876094817000137],[108.494346619,29.87450599800007],[108.49726867700002,29.871084213000188],[108.50044250500008,29.869958877000162],[108.50361633400007,29.86791610700004],[108.50599670300011,29.867931367000093],[108.50890350399999,29.867029190000157],[108.51232910200014,29.867280959000084],[108.51442718600015,29.868673324000095],[108.51653289700005,29.870521546000077],[108.51728820699998,29.874881745000152],[108.51701354900018,29.877862930000163],[108.51724243200005,29.881074905999977],[108.5179977410001,29.88589668400016],[108.51928710900002,29.889806747000137],[108.52005767700018,29.892789842000127],[108.5213470450001,29.89600944500018],[108.52185821600006,29.899911881000094],[108.521842956,29.902662277000108],[108.52155304000019,29.905185700000114],[108.51995086700003,29.908615113000053],[108.51965332100013,29.912971497000118],[108.51776886000005,29.91800308300003],[108.51616668700012,29.919599533000167],[108.51509857200011,29.923032761000176],[108.51402282700019,29.92531967100001],[108.5129470820001,29.928524017000147],[108.51213836600017,29.93103981000019],[108.51158142000008,29.93493652400019],[108.51207733100017,29.939067841000167],[108.51258087200017,29.942283631000123],[108.51307678200016,29.94572639500007],[108.51332855200002,29.948480607000022],[108.51358032300017,29.950775147000172],[108.51487731899999,29.953535081000098],[108.5167236330002,29.954923631000042],[108.51934051600006,29.95723342900004],[108.523269653,29.96115684600005],[108.52536773600015,29.963693619000026],[108.52667236400009,29.965764998999987],[108.52823639000019,29.968526841000084],[108.5295333860002,29.97197532700011],[108.53082275400016,29.97565269500012],[108.53235626300011,29.981855393000163],[108.53312683200016,29.985071183000116],[108.53391265900007,29.98805618300003],[108.53414917000003,29.991270066000087],[108.53333282400018,29.995853424000074],[108.53224945100015,29.998369217000118],[108.5295867910001,30.000873567000042],[108.52693939200014,30.00315475600002],[108.5232009890002,30.008172989],[108.52371215800014,30.011386872000113],[108.52316284200015,30.01436614900013],[108.52365875300006,30.01872634800003],[108.52388000600018,30.024921418000133],[108.52464294400005,30.029512406000038],[108.52644348100006,30.035257340000044],[108.52747345000012,30.04007720900012],[108.52690124500009,30.04603767300017],[108.52687072900005,30.05039596500018],[108.52632141100008,30.052684784000125],[108.52525329600007,30.05566024900003],[108.52364349300007,30.059320450000087],[108.52176666200012,30.0606861120001],[108.51754760700015,30.0604286200001],[108.51332855200002,30.05971336400006],[108.51123046800018,30.05717849800016],[108.5075531010001,30.053943634000174],[108.50386047300009,30.053001404000046],[108.50042724700006,30.051834107000165],[108.49830627500006,30.053884506000088],[108.49961090100004,30.056186676000152],[108.50142669700017,30.059637070000182],[108.50353241000005,30.061943053999983],[108.5053634640002,30.065166474000083],[108.50878143400001,30.0674839030001],[108.51113891600005,30.070020677000176],[108.51323700000012,30.071870804000074],[108.51692199700005,30.074413300000113],[108.52165985200014,30.077198028000108],[108.52481079200011,30.079511642000057],[108.52848052900003,30.0836620340001],[108.53057861300012,30.08688545200016],[108.53320312500017,30.090572357000095],[108.53555297800017,30.094715119000057],[108.53736877300003,30.097936630000053],[108.53999328600004,30.101623535000044],[108.54022216700008,30.10643959100008],[108.54492187500006,30.114723206000065],[108.54778289900021,30.122081757000046],[108.55039215100011,30.126913070000054],[108.55222320700005,30.129678727000165],[108.55326080300011,30.132665635000023],[108.55403137200017,30.135650635000104],[108.55560302800018,30.137952805000165],[108.557167053,30.141632080000193],[108.55819702200006,30.143932343000184],[108.55898284900013,30.147836686000005],[108.55975341700014,30.151052473999986],[108.5586624140002,30.15494346600008],[108.55706024100004,30.15745544400011],[108.55307769700005,30.1592674260001],[108.54830169800005,30.161302567000178],[108.54696655300012,30.163129807000185],[108.54562378000014,30.167934418000073],[108.54689788700017,30.17298889200015],[108.54768371600005,30.175289155000144],[108.54898834300008,30.17758941700004],[108.55030059900014,30.179203033000135],[108.55161285300017,30.181505203000032],[108.55184936400013,30.184713364000174],[108.55209350600006,30.18861961400006],[108.55206298900009,30.192516327000135],[108.55204010099999,30.195955276000007],[108.55332946800019,30.199863434000125],[108.55592346300017,30.207447052000134],[108.5582962040001,30.209753037000098],[108.56012725700015,30.21137046800004],[108.56117248600003,30.214586259000157],[108.56168365500014,30.217569351000062],[108.5629730230001,30.22193527300016],[108.56558990500008,30.22699737500011],[108.56768035900018,30.23113822900007],[108.56844329900008,30.236188888000072],[108.56788635300018,30.238250733000086],[108.56655120800009,30.240993501000162],[108.56864166300016,30.245822907000047],[108.56941223200005,30.24880600000006],[108.56938171300011,30.253854751000063],[108.56749725300011,30.257282257000156],[108.56405639600007,30.258178711000085],[108.56086730900012,30.25976371800005],[108.55819702200006,30.261583328000143],[108.55526733400012,30.264547347000192],[108.55129242000004,30.266357422000116],[108.54701995800002,30.271148682000046],[108.54382324300013,30.274339676000125],[108.540901184,30.276155471000155],[108.53797149600007,30.278430938000046],[108.53465271100004,30.28248024000004],[108.5313110350001,30.283237458000034],[108.52811431900011,30.288272859000188],[108.52491760200002,30.292846681000068],[108.52040100100015,30.297185899000116],[108.51853180000012,30.301078797000173],[108.51852417000003,30.30337142900015],[108.51956176900019,30.30727577200014],[108.52032470700004,30.309707640999985],[108.5179977410001,30.31015968400004],[108.51243591300016,30.311510086],[108.51031494100017,30.311727523000172],[108.5060729990002,30.312395097000152],[108.50395965500013,30.3119316100001],[108.5030670160001,30.31180381900009],[108.50120544400005,30.31248283400004],[108.5001449590002,30.31385612500009],[108.49855041400015,30.31545257500016],[108.49694824200009,30.317510604000176],[108.4934921270002,30.32139587400013],[108.49028778000019,30.326198579000053],[108.4865646350001,30.330312729000127],[108.48072052100002,30.33441352900013],[108.47381591800013,30.338512421000193],[108.46903228800011,30.34169959999997],[108.46636199900007,30.34581756599999],[108.4634246830002,30.351081847000103],[108.46313476500018,30.35544013900011],[108.46134948800017,30.35820579600005],[108.45683288700013,30.360923768000077],[108.45391082700013,30.360675812000125],[108.44994354200003,30.35973167500009],[108.44783020000017,30.35926056000011],[108.44570922800018,30.359016419000056],[108.44172668400017,30.35875892700011],[108.43802642800006,30.35896110600004],[108.43509674100005,30.358943940000188],[108.43139648500018,30.3593730930001],[108.42820739800015,30.360496521000133],[108.42474365300018,30.362079620000145],[108.42102050900013,30.36388969500007],[108.41835021899999,30.366163254000128],[108.4151535040001,30.368202210000106],[108.41327667300015,30.3702545160001],[108.40901184100005,30.373435975000177],[108.40393829300001,30.37798500000002],[108.4017868050002,30.38095092700002],[108.39965057500018,30.384374620000077],[108.39775848400001,30.388034821000133],[108.39694213800016,30.390548707000107],[108.39798736700006,30.392391204999967],[108.4001007080002,30.393323899000055],[108.40326690700005,30.394262313000073],[108.40698242100018,30.39520645200014],[108.41015625000018,30.39591407800009],[108.4122467050002,30.39891433800017],[108.41436004700006,30.400304794000082],[108.41513824500015,30.402603149000072],[108.41618347200006,30.40444564800003],[108.41776275600017,30.407207490000133],[108.41932678200004,30.40951156500006],[108.42034912200012,30.41387748699998],[108.42059326100014,30.417779923000122],[108.42001342700013,30.422590256000152],[108.41812133800016,30.426704406],[108.41570282000009,30.43081665099999],[108.41383361700002,30.43355369700015],[108.41192627000004,30.43789672800006],[108.40976715100004,30.44224166900011],[108.4086837760002,30.445442199000066],[108.40894317500005,30.447738646999994],[108.41103363100018,30.451192856000095],[108.41285705600018,30.454416275000085],[108.41442108200005,30.457405090000183],[108.41493225099998,30.460393907000142],[108.41438293499999,30.462682724000047],[108.41355895900006,30.466117860000054],[108.41326904300007,30.46840858500013],[108.41351318400007,30.47184944100007],[108.41481018000013,30.474611283000172],[108.41584777900005,30.478057862000128],[108.41716003500011,30.480131148999988],[108.4181976320001,30.48311805700007],[108.42002868700013,30.485654831000147],[108.42057037300003,30.488988877000168],[108.425331116,30.49061584600003],[108.4330139160001,30.4911155690001],[108.4380493170001,30.49182891800007],[108.44043731600004,30.49207115100012],[108.44361114500003,30.493692398000064],[108.44652557400002,30.494621276000146],[108.44944763100011,30.49280357300012],[108.45211029100017,30.49121093800005],[108.45476532000005,30.49007415800014],[108.45795440700005,30.489173890000075],[108.46139526300016,30.490110397000024],[108.46192169300019,30.49080085700018],[108.46298217800006,30.49149322400018],[108.46615600600012,30.493343353],[108.46959686299999,30.49473762600019],[108.47383117600015,30.4963626870001],[108.4780578610002,30.499134065000078],[108.48123931800008,30.50052642800006],[108.48467254600013,30.5030689240001],[108.48626708900014,30.501241684000092],[108.48999023500016,30.49942207300012],[108.49343109200004,30.50081443800008],[108.4981994630001,30.50313186700009],[108.50376129100005,30.50476074300002],[108.50852966400015,30.50501442000018],[108.51314544600018,30.50364112900013],[108.51304626400014,30.50187110800016],[108.51521301300005,30.498674393000044],[108.51708221500019,30.49616432300019],[108.5205535880001,30.492515565000076],[108.52615356500007,30.490489960000108],[108.5295867910001,30.490049362000036],[108.53304290800014,30.49144744900019],[108.53621673700013,30.492385864000145],[108.5383224480002,30.49423217800012],[108.54097747700001,30.494707107000067],[108.5441665640002,30.493583680000086],[108.54576873700017,30.491983415000107],[108.5479125970001,30.489704133000032],[108.5492630010001,30.485815048000177],[108.55087280300006,30.48330116300014],[108.55248260400009,30.48078918500011],[108.55462646400002,30.477361680000115],[108.55756378200005,30.475774765000153],[108.561012269,30.474649430000056],[108.56552124000012,30.475133895000056],[108.56870269900003,30.476528168000073],[108.57186889700019,30.478151322000084],[108.57290649400016,30.481828689000107],[108.57288360500013,30.485496521000016],[108.57418823300003,30.488483428000162],[108.57495880200014,30.492389679000155],[108.577072144,30.494007110000155],[108.57919311500007,30.495624543000133],[108.58183288700019,30.497476577000047],[108.58605957000003,30.49910354600013],[108.59134674000018,30.501657486000056],[108.59426879900008,30.50305366600009],[108.59902954000012,30.504911423000067],[108.60088348400001,30.506298065000063],[108.60431671100014,30.50860977100018],[108.60694885300012,30.512067796000057],[108.60930633600009,30.51551628200008],[108.61299896200006,30.520584107000104],[108.6180191050002,30.524740220000183],[108.62357330300006,30.528898240000103],[108.62805938800005,30.53282356300008],[108.6333465580002,30.534685136000178],[108.63598632899999,30.537221909000042],[108.64209747300009,30.543008805000113],[108.63952636800008,30.546684265000128],[108.63739013700018,30.550346375000064],[108.63684845,30.55493354700019],[108.6368408200001,30.557458878000148],[108.63736724900002,30.557916642000176],[108.63761901800018,30.56159019400019],[108.63627624500005,30.566862106000144],[108.63227081300005,30.57441711500002],[108.62905120900012,30.58312606800007],[108.62904357900004,30.586166383000148],[108.63312530500008,30.586574555000027],[108.63869476400004,30.587369919000082],[108.64347076500002,30.58896255400015],[108.64756774900007,30.58957672100007],[108.6516189570001,30.590278626000156],[108.65506744400005,30.59075546300005],[108.65775299200004,30.590553284000123],[108.66011810300006,30.590551376000178],[108.6627731320001,30.59079361000011],[108.66516113400014,30.59103584400009],[108.669677735,30.59037017800006],[108.67438507100013,30.590553284000123],[108.67888641400015,30.59016037000015],[108.6871109000001,30.589031220000155],[108.68847656200012,30.584686279000092],[108.68943023600019,30.579137801000176],[108.69129943900003,30.57478523200001],[108.69538879300018,30.56996726900007],[108.69493865900006,30.565891266000104],[108.69493865900006,30.56315040700008],[108.69493865900006,30.560800552000046],[108.69474029500014,30.558845520000144],[108.69493865900006,30.556495668000025],[108.69572448600013,30.55238533000011],[108.69645690800019,30.548999787000014],[108.69834136900005,30.54579925600018],[108.70128631700015,30.54076957800004],[108.70369720500014,30.536651611000078],[108.7050628660001,30.532533645000058],[108.70932769799998,30.526819230000058],[108.71280670200008,30.522249223000188],[108.7146835320001,30.519048691000084],[108.71734619200016,30.51585197500009],[108.72028350900013,30.51334381100003],[108.72350311300005,30.50785446100002],[108.72457122800006,30.505794525000113],[108.72670745800002,30.502363206000155],[108.72857666000016,30.50077056900011],[108.73175811700004,30.50147247400003],[108.73441314700017,30.501487733000147],[108.73838806100008,30.5019626620001],[108.74156951900005,30.503122329000178],[108.74687194800009,30.50475311300011],[108.75110626100007,30.50591850300009],[108.7534866330002,30.50638771000007],[108.75668335000013,30.506633759000124],[108.7606582640002,30.507339477000073],[108.76490020800014,30.507816313999967],[108.76860809400017,30.5103530880001],[108.77311706500012,30.5112915040001],[108.77816009400006,30.51154136600019],[108.78346252500012,30.511564255000053],[108.787452697,30.509977341000024],[108.79196929900013,30.50907898100013],[108.79649353100002,30.506805419000102],[108.80048370300011,30.504987717000173],[108.80367279000012,30.502935410000077],[108.80792999200014,30.501119613000018],[108.81244659300017,30.499303818000158],[108.81961822400018,30.49818611300015],[108.82333374100017,30.499807359000158],[108.8270416270002,30.501197814000193],[108.83022308400007,30.50350189200009],[108.83260345500014,30.504886627000136],[108.834716797,30.5065002450001],[108.83789062500006,30.50949668800013],[108.83973693900009,30.51087761000014],[108.842117309,30.51340866100003],[108.84449768000007,30.51617050300013],[108.84741210900006,30.51801872200019],[108.8492584230001,30.520088197000124],[108.85296630900007,30.521934510000168],[108.85614776600016,30.52470016500013],[108.85904693700013,30.527231216000192],[108.8614273080002,30.530683518000046],[108.86434173499998,30.534360886000176],[108.86592102100013,30.537349701000153],[108.86882782000004,30.540571214000124],[108.87174224900019,30.542184830000057],[108.87518310500013,30.54540824800011],[108.87808990400003,30.549318314000175],[108.88153076300006,30.55368614100019],[108.88523864700011,30.55691147000016],[108.88999939000007,30.56151580800008],[108.89290618900014,30.564502716000106],[108.89634704500014,30.57024765000011],[108.90151214700006,30.574081422000067],[108.90428924700018,30.577381134000063],[108.90693664600013,30.58083343600009],[108.90878296000011,30.583360672000083],[108.91117095900006,30.585437774000187],[108.91327667300006,30.58750534100011],[108.91699218700018,30.59049987900005],[108.92150116100004,30.593954086000167],[108.9246826170002,30.59648513900004],[108.92652893100018,30.60016059900005],[108.92944336000016,30.603149414000146],[108.933158875,30.605457307000048],[108.93659973100017,30.607990266000115],[108.94084930500003,30.609838485000182],[108.94455718900008,30.61282730200014],[108.94641113300014,30.614900589000175],[108.9501266470001,30.617660523999973],[108.9530410760001,30.620191575000092],[108.9559631360001,30.622726441],[108.96365356400014,30.626415254000165],[108.97107696600006,30.631710052000187],[108.97399902299998,30.63355445900009],[108.97664642300003,30.634248734000096],[108.98117065400015,30.63517952000018],[108.98462676900004,30.63518905800009],[108.98803710900012,30.634738922000167],[108.99099731500007,30.633832932000136],[108.99593353300014,30.633184434000157],[108.99925994900019,30.633604051000134],[109.00483703600008,30.632919311000137],[109.0064315800002,30.634069443000104],[109.00828552300004,30.63659477300013],[109.01068115200007,30.639808654000035],[109.01521301200006,30.646327972000165],[109.01876068100006,30.64586258000003],[109.02247619700017,30.647245408000057],[109.02672576900005,30.649770736000107],[109.03044891400003,30.65275573800017],[109.03363800099999,30.655967712000177],[109.03603363000008,30.657346726000075],[109.03868865999999,30.655971527000023],[109.04133605900012,30.653217315000063],[109.04293060300006,30.651386262000187],[109.04425811800002,30.64931869500009],[109.04452514600014,30.648632050000177],[109.04807281500007,30.648351670000068],[109.05524444600009,30.647434234],[109.06223297100001,30.647420883000052],[109.06912994400005,30.648357392000037],[109.07782745400004,30.651113511000066],[109.08180999800004,30.651802064000098],[109.08499908500005,30.649967193000066],[109.08791351400004,30.647672653000143],[109.08924102800012,30.64652633700012],[109.09216308600016,30.644462585000095],[109.09535217200005,30.646068573000093],[109.09907531700014,30.650197983000165],[109.10147094700011,30.652261735000028],[109.1054534910001,30.653179168000175],[109.11102294900013,30.6501960760001],[109.11232757500011,30.649772644000052],[109.11042022600009,30.644529343000105],[109.10820007400008,30.638685227000114],[109.1074066170001,30.635931015000093],[109.10607910200008,30.632947923000188],[109.10343170099998,30.629734040000134],[109.10157012900015,30.62674713200005],[109.10157775900007,30.623081208000144],[109.10077667200017,30.617347717000143],[109.09574127300016,30.613208770000085],[109.09335327100013,30.610910415000035],[109.09043884200008,30.60677528400015],[109.08699035600006,30.602642060000107],[109.08513641400015,30.600347520000128],[109.08380889900019,30.596675873000034],[109.08276367200011,30.593002319000163],[109.08090210000006,30.589559555000054],[109.08144378600014,30.583599090000117],[109.08171081600005,30.578784942000027],[109.08223724300018,30.576034546000184],[109.0833129880001,30.57351112500004],[109.08332061800019,30.569616318000104],[109.08332061800019,30.566633225000093],[109.08384704600002,30.56388282900008],[109.08571624800015,30.560905457000104],[109.08811187800012,30.55999183700004],[109.09290313800005,30.55770874000001],[109.09661865200019,30.55656814600019],[109.1008682260001,30.555202485000052],[109.10591888500011,30.55177116400012],[109.108566284,30.550399780000134],[109.11361694300001,30.546054841000057],[109.1168136600001,30.542848588000084],[109.11920929000007,30.53987121600011],[109.12265777700003,30.538042068000152],[109.12690734900015,30.53644371100012],[109.13036346500007,30.535991669000055],[109.13461303700012,30.535081864000176],[109.14018249600008,30.53532028300009],[109.14389801000004,30.536472322000122],[109.14655303900008,30.536479950000004],[109.14948272700019,30.538545609000156],[109.15239715600018,30.53969764800013],[109.15717315699999,30.542913436000106],[109.16088867100012,30.546127319000046],[109.16433715800008,30.548658371000045],[109.16751861600005,30.54957771300008],[109.17044067400008,30.550271989000123],[109.17575073200015,30.55188369700011],[109.17813873199998,30.553491592000167],[109.18186187800006,30.554412843000083],[109.18477630500001,30.556251526000093],[109.18903350700003,30.557403565000076],[109.19460296600016,30.5601615920001],[109.1991195670002,30.562229156000118],[109.2041625980001,30.563842774000083],[109.20681762800007,30.56522178700004],[109.21000671500002,30.566829682000108],[109.21292877200011,30.569585801000127],[109.21691131600016,30.57165145800008],[109.22035980300012,30.573947906000054],[109.22382354700017,30.576017379999996],[109.226470947,30.576477051000158],[109.23098754800003,30.57900428800008],[109.23655700699999,30.581302643000072],[109.23895263600008,30.583139419000194],[109.24240875300012,30.584516526000186],[109.24346923800005,30.58727073700004],[109.24134826600006,30.587957382000127],[109.23815917900004,30.58864021400012],[109.23417663500004,30.588867187000176],[109.23204803500016,30.589553834000018],[109.23098754800003,30.591386795000066],[109.23150634799998,30.59345054700015],[109.23364257800017,30.594141007000076],[109.23577118000009,30.59460067800018],[109.23763275200008,30.595520019000105],[109.24162292400001,30.59758758600003],[109.24373626800008,30.598047257000133],[109.2479934700001,30.598739625000064],[109.251708984,30.599199296000165],[109.25330352900005,30.601726532000043],[109.25357055600006,30.603788376000068],[109.25409698600009,30.60631179700005],[109.25543212900016,30.608375549000126],[109.2570266730001,30.609752656000126],[109.25862121600011,30.61204719600005],[109.26154327500007,30.612966539000183],[109.26447296200007,30.614803315000135],[109.2671203610002,30.615951539000097],[109.26952362100008,30.616640091000193],[109.2727127080001,30.61801719800019],[109.27588653500005,30.618938446000012],[109.280143737,30.62215042200006],[109.28253936900018,30.622608186000097],[109.28492736800013,30.623987198000126],[109.2873229980001,30.625822067000176],[109.2886505130001,30.628347397000027],[109.29105377300016,30.631557465000075],[109.29316711400014,30.632703781000092],[109.29609680200008,30.634540558000086],[109.2987594610002,30.63545990000011],[109.3011474610001,30.635229112000044],[109.30328369100005,30.634773256000134],[109.30593109199998,30.633169175000038],[109.30699157700008,30.631563188000086],[109.30805206200017,30.62950134400006],[109.31150817900004,30.626750947000122],[109.31336212100013,30.622623444000116],[109.31575012200013,30.62170791600005],[109.3165435800002,30.617120742999987],[109.31575012200013,30.61482811100001],[109.31681060700004,30.61230468800005],[109.31813049400006,30.608177185000045],[109.31626892200006,30.603591920000152],[109.3146667470001,30.601066589000027],[109.3138732920001,30.598087312000192],[109.31307220500014,30.59487724400015],[109.31227111700014,30.592126847000035],[109.31307220500014,30.58937263600012],[109.31519317600004,30.58914566000004],[109.31838226300005,30.590520859000037],[109.32235717700013,30.590290069000105],[109.32554626400008,30.589832307000055],[109.3284835820001,30.58937645100019],[109.33113098100007,30.589147568000158],[109.33325195300006,30.586626052000103],[109.335372925,30.58387565600009],[109.33750152700009,30.581121444000075],[109.33854675300007,30.57676506000007],[109.34120941100014,30.574932099000197],[109.34226989800004,30.571031571000052],[109.34333038300014,30.56942939900017],[109.34491729700017,30.566217423000182],[109.34597778400007,30.56117248499999],[109.347030641,30.557504655000116],[109.347030641,30.55383682300004],[109.34676361100014,30.551998139000144],[109.3448867800002,30.549018860000103],[109.34303283600008,30.546266556000095],[109.33984374900012,30.541906357000183],[109.33692169200003,30.536636352000187],[109.33453369100005,30.53365135200011],[109.33371734700017,30.531129837000094],[109.3345184320001,30.528610228999977],[109.33479309000012,30.52494239900011],[109.33637237600004,30.521501541000134],[109.33689880400004,30.517375947000062],[109.33767700200015,30.51209831200009],[109.33875274600018,30.507970811000064],[109.33899688700002,30.50544929600005],[109.33873748700006,30.50246620100006],[109.33925628700018,30.499715805000054],[109.33925628700018,30.4976501480001],[109.34111785900018,30.495590211000152],[109.34430694600019,30.496278763000078],[109.34696197500006,30.49719429100014],[109.35041046200018,30.499486924000053],[109.35253906200006,30.500404359000186],[109.355186463,30.502468109000063],[109.3591766350001,30.504074096000185],[109.36183929500017,30.50705528300017],[109.36502075100015,30.507970811000064],[109.37007141100003,30.510721208000177],[109.37245941200018,30.513017655000052],[109.37458801200012,30.514619828000153],[109.37538910000012,30.516456604000098],[109.3767166140002,30.518289567000124],[109.37831115700004,30.521728515999996],[109.3807067870002,30.52539634800007],[109.382568359,30.52883338900017],[109.38469696100009,30.531129837000094],[109.38683319100011,30.53410911600014],[109.3889465330002,30.53663063200003],[109.39108276299999,30.539154053000004],[109.39347839300018,30.54121780400015],[109.39614105200013,30.545112609000117],[109.3985366820001,30.54763794000007],[109.4003982540001,30.550844193000046],[109.40225982600016,30.553138733000026],[109.40466308600021,30.55611610500017],[109.40677642800006,30.559785842000107],[109.41050720300012,30.56368255700005],[109.41264343300014,30.566894532000163],[109.4142379750001,30.57010078500014],[109.41742706200006,30.573308945000182],[109.41983032200017,30.574914933000002],[109.42169952500018,30.58110427800011],[109.42410278300008,30.58568954600003],[109.42516326900005,30.58775139000011],[109.42755889900002,30.590274811000086],[109.4302215570001,30.592107774000166],[109.43235015900018,30.59554481500004],[109.43448638900014,30.598756791000085],[109.43634796100021,30.601276398000095],[109.43742370600012,30.60448646600014],[109.44008636400014,30.608383179000043],[109.4424819940001,30.61136055100019],[109.44513702300014,30.61434173600003],[109.44674682600005,30.617092132000042],[109.44994354300013,30.62006950400018],[109.45287323000014,30.62327766500016],[109.4563293450002,30.62556839000007],[109.45847320500013,30.627401353000096],[109.460586547,30.627857209000187],[109.465637206,30.62900161800007],[109.4707031260001,30.62991333000019],[109.47521209700005,30.631055832000072],[109.4778671270002,30.631740571000137],[109.48185729900013,30.632886887000097],[109.4845199590002,30.634027480999976],[109.48692321800013,30.634944916000165],[109.48931121800018,30.63746261699998],[109.49064636300011,30.639982225000097],[109.49118804900013,30.642047882000043],[109.49146270700015,30.64433860900016],[109.493858338,30.647090913000113],[109.49732208300014,30.64960670599999],[109.49971771300017,30.65189933800019],[109.50184631300004,30.65326881500005],[109.50451660100003,30.65579032800008],[109.50665283300003,30.65784835900007],[109.510910035,30.66082763700018],[109.51490783700001,30.66357421800018],[109.51943206700008,30.66700935400019],[109.52395629900013,30.67021369899999],[109.52609252900015,30.67204475500017],[109.52955627400013,30.673873901000146],[109.53514862100019,30.675930024000028],[109.53885650700005,30.675237657000025],[109.54258728000008,30.674772263000083],[109.54444122400014,30.673622131000116],[109.54763031100016,30.671554567000104],[109.55001068199999,30.66902732799997],[109.55267334000007,30.66650009200015],[109.55371856600004,30.663291932000106],[109.55690002500012,30.660533905000083],[109.56060790900011,30.657318115000066],[109.56246185300006,30.654794694000085],[109.56432342500005,30.653184891000024],[109.57016754200015,30.654550553000036],[109.57256317200012,30.655696869000053],[109.57523345900017,30.65729522600003],[109.57656097400013,30.659126282000045],[109.57763671900005,30.661649705000173],[109.57763671900005,30.663940430000086],[109.57765197800018,30.666692734000094],[109.57740020800014,30.669904709000036],[109.5766067510001,30.674722673000023],[109.5761032100001,30.677242279000158],[109.57556915300006,30.679767609000184],[109.57584381100008,30.682285310000054],[109.57639312800013,30.68503952100014],[109.5769271860001,30.687559129000075],[109.57774353000013,30.69008064300016],[109.57881164500014,30.692832947000113],[109.58068084700005,30.695808411000144],[109.58202362000003,30.697410583000195],[109.58441925000005,30.699930191000078],[109.58762359700007,30.702220915999987],[109.59081268400003,30.704044342000085],[109.59400939900013,30.704959870000152],[109.5974731440001,30.706096650000063],[109.59986877400007,30.706092834999993],[109.60199737600016,30.706317901000148],[109.60678863499999,30.707227706000026],[109.60917663500004,30.707908630000077],[109.6121063220001,30.708364487000043],[109.61530303900014,30.709045411000037],[109.61903381400003,30.70949554499998],[109.62168884300007,30.70994949400017],[109.62674713100006,30.71154213000011],[109.63208007800017,30.713825225000104],[109.63659668000014,30.715190887000116],[109.63980102500011,30.716789246000133],[109.6424713130001,30.718847275000147],[109.64434051500001,30.721136092999984],[109.64514923100018,30.723657608000167],[109.64649200400015,30.72640609700011],[109.64864349400017,30.72938156200019],[109.6507720940001,30.732358933000057],[109.6526489270002,30.735105515000157],[109.65345764200005,30.73831367500003],[109.6542663580002,30.74129295400007],[109.65508270300012,30.74381065300008],[109.65509033100005,30.746795655000142],[109.65537262000004,30.750232696000072],[109.65592956600011,30.754814148000037],[109.65675353900019,30.7594013210001],[109.65782928499999,30.76398468000013],[109.65971374500015,30.76719093300011],[109.66184234500008,30.76878929100002],[109.664512635,30.770387650000036],[109.6679763800002,30.772443771999974],[109.67196655200007,30.77381134100005],[109.6789169300002,30.77769088800017],[109.68077850300011,30.778604508000118],[109.6829071050002,30.780204773000094],[109.68505859300002,30.78272247400014],[109.68826293900014,30.783630371000186],[109.69039154100005,30.78500175500017],[109.69332885800014,30.786369324000077],[109.69680023100007,30.78956985500008],[109.70081329400017,30.791166307000022],[109.70321655400005,30.794139861000016],[109.70668792700013,30.797796250000147],[109.70883941699998,30.802381515000036],[109.71206665100006,30.808103561000056],[109.71608734200011,30.813364029000123],[109.71849823000008,30.817487717000066],[109.72090149000013,30.818624496000044],[109.7241134630001,30.822059632000048],[109.72651672300015,30.82388115000015],[109.72866058400018,30.825939179000162],[109.73133087100001,30.82799720800017],[109.73693084600018,30.8295879370001],[109.74093627900004,30.832326890000104],[109.74600982700008,30.834373474000188],[109.74948883000008,30.836656571000166],[109.75322723500005,30.839397432000002],[109.75563049300013,30.839391709000154],[109.76203155500019,30.841434480000146],[109.76390075700016,30.84280204900006],[109.76551055800019,30.844636917000173],[109.7668533330002,30.846235275000083],[109.76818847600009,30.848064423000096],[109.7711334240002,30.850349427000143],[109.7735366820001,30.852632522000135],[109.77728271500018,30.853767395000144],[109.78101348900015,30.855131149000048],[109.78395080500013,30.856037139000193],[109.78768157900011,30.856943131000037],[109.79248046900017,30.85761642500012],[109.7962112420002,30.858062744000048],[109.80074310400018,30.858507157000133],[109.8036804190001,30.859184266000113],[109.80769348200005,30.86077690100018],[109.81247711100019,30.86144828800019],[109.81462860200014,30.8641910560001],[109.81703949000013,30.86624336200009],[109.82025146500001,30.868757248000065],[109.82292175300017,30.87035370000018],[109.82613372899999,30.871486663000045],[109.82879638600014,30.87308120800009],[109.83361053400006,30.874670029000182],[109.83895111200013,30.876943589000177],[109.841346741,30.877622605000052],[109.84403228800011,30.880365372000085],[109.8467102050001,30.881959916000028],[109.8507080080002,30.882633210000108],[109.85417938300009,30.883535385000073],[109.85738372800006,30.884212494000053],[109.86084747300004,30.884885788000194],[109.86431884800015,30.8857898710001],[109.86885070800008,30.886459350000163],[109.87364959800016,30.887588500000167],[109.87925720300007,30.889171601000154],[109.88832855300014,30.890970231000097],[109.8936614980002,30.891635895000093],[109.89739227300011,30.891622544000146],[109.90032196000011,30.891151429000157],[109.90484619200015,30.891132356000075],[109.90805053700018,30.890888215000075],[109.91150665200001,30.890874864000125],[109.9157562260001,30.88970947200016],[109.91896820100006,30.889925004000194],[109.92189025800013,30.888996124000073],[109.92587280300006,30.887601853000096],[109.93065643400018,30.885061264000115],[109.93491363600015,30.88297843900017],[109.93888092000014,30.880439758000193],[109.94365692100013,30.87789535600018],[109.94631195,30.87627792500018],[109.95134735099998,30.874191284999995],[109.95427703799999,30.873031616000105],[109.96013641300016,30.873233795000036],[109.96334075800013,30.87367820800012],[109.96575164900003,30.87504387000013],[109.96814727800012,30.876407623999967],[109.97057342500005,30.878229141000133],[109.97218322800012,30.880516053000175],[109.97406768800005,30.882799148000178],[109.97621917700019,30.885541917000182],[109.97863769500009,30.88828087000007],[109.98105621300016,30.891250611000032],[109.98481750500014,30.894672394000054],[109.98589325000007,30.896501540000088],[109.99044036800007,30.898771286000112],[109.99418640100015,30.900131225000113],[109.99739837700014,30.901948928000138],[109.99978637600015,30.901708604000135],[110.00298309300001,30.900772095000036],[110.00483703500015,30.899391175000176],[110.00588226400004,30.897092820000125],[110.00640106100002,30.89525413400008],[110.0069198600001,30.89319038500014],[110.0074310290002,30.890205383000023],[110.00714111300016,30.886997222000105],[110.00739288300002,30.884475709000075],[110.00762176600006,30.881261826000184],[110.0076065070001,30.87874031000007],[110.00813293500016,30.876674651000148],[110.00863647500006,30.87437820400009],[110.0083465570001,30.872087479000015],[110.00937652500005,30.868183136000027],[110.01068878200016,30.86451149100009],[110.01145172000003,30.859689713000083],[110.01142883400013,30.85693931600014],[110.01113128700007,30.853044511000068],[110.01110076900005,30.849374772000093],[110.01161193800016,30.846162796000044],[110.01213073700018,30.844097137000123],[110.01396942100007,30.84087753400007],[110.01553344700017,30.837198259000047],[110.0173797600001,30.834669113000018],[110.0195007320001,30.833284378000144],[110.02160644600002,30.831207276000043],[110.02346801800009,30.830282212000043],[110.02532196000017,30.828895570000103],[110.02716827400015,30.826822280000158],[110.03008270300019,30.823827745000074],[110.0335083010001,30.82060051100007],[110.03455352800012,30.818073273000042],[110.03587341200011,30.815771102000046],[110.03663635300006,30.812328338000103],[110.03820037900016,30.808652879000196],[110.04138946500007,30.80725860600006],[110.04351043700007,30.806102754000165],[110.04615020800009,30.804254532000186],[110.04828643900015,30.804239274000167],[110.05066681000005,30.803312301000123],[110.05306244000019,30.802612305000082],[110.0559768670002,30.802366257000187],[110.05918121400003,30.80235099800007],[110.06289672800011,30.802103042000173],[110.0666427610002,30.80185318000008],[110.07170105100005,30.80274391200004],[110.07570648100017,30.80409622300016],[110.07705688400006,30.806383132000065],[110.0781478880001,30.809356689000026],[110.07951355000012,30.81255912900014],[110.08193206800019,30.816673279000156],[110.08544159000013,30.821470262000158],[110.08812713600014,30.82512474100008],[110.09001922700008,30.827636718000182],[110.0913696300002,30.830379487000187],[110.09380340600012,30.834264756000035],[110.09488678000002,30.83655166600011],[110.09597778300014,30.839065550999976],[110.09786224400005,30.841117860000058],[110.10054016200007,30.84316825899998],[110.102958678,30.845676423000043],[110.1040420540001,30.847274781000124],[110.10555267200004,30.85046959000005],[110.10954284700006,30.855514527000135],[110.1153869630001,30.86491394000007],[110.1191101070001,30.872930528000044],[110.1207427990002,30.877401353000042],[110.12468719400016,30.882200242000184],[110.12631988500016,30.88471031300014],[110.12767791700009,30.88722610500008],[110.13066101100014,30.891788482000038],[110.13392639200009,30.89795875600004],[110.13799286000011,30.903202057000158],[110.14231872500018,30.908903121000094],[110.14450073200015,30.91324615500008],[110.14481353700018,30.91691398700016],[110.14330291800013,30.924266816],[110.14206695600001,30.93495559700005],[110.14269256500017,30.94131088199998],[110.1435623160001,30.94651603699998],[110.14629364100007,30.95200157100004],[110.15117645300012,30.959304810000052],[110.1560363780002,30.964998245000118],[110.16145324700011,30.97138023400015],[110.1628265380001,30.975040436000143],[110.164230347,30.981449128000182],[110.16403198200004,30.986728668000183],[110.16168213000009,30.991107941000053],[110.15775299100017,30.996873856000093],[110.15373230000012,30.998792648000066],[110.15133667000015,30.999954223000145],[110.1489486700001,31.000886917000063],[110.14629364100007,31.002279282000075],[110.14285278300014,31.004133224000157],[110.14019775300017,31.006214141000097],[110.13781738400013,31.00852203400018],[110.13625335600005,31.012199402000196],[110.13416290300017,31.01679992700008],[110.13340759200015,31.02161979800013],[110.13289642300003,31.025064469000142],[110.13213348300013,31.028505326000182],[110.1301727290001,31.032791139000153],[110.1283340450002,31.034652711000152],[110.12387085000012,31.035766601000148],[110.11977386400008,31.037683488000024],[110.11950683600014,31.039468765000038],[110.11985778800005,31.042076112000192],[110.12064361700016,31.04549217200008],[110.12118530200013,31.04809761100006],[110.12147522100003,31.049726487000044],[110.12062072800012,31.054058076000047],[110.12118530200013,31.05680656400006],[110.12203979500003,31.061847688000118],[110.12448120200015,31.065040588000105],[110.12586212100013,31.06915664800016],[110.12482452300009,31.071685792000153],[110.12191772400018,31.074234009000065],[110.11876678400006,31.078386308000177],[110.11509704700006,31.08391952500011],[110.11434936500001,31.08851242000009],[110.11466217100013,31.092409135000025],[110.11603546100008,31.09606933700019],[110.11569214000019,31.09829902600018],[110.11894225999998,31.102882386000147],[110.12138366700009,31.106996536000054],[110.12516784600012,31.111789703000056],[110.12786102300015,31.114757538000053],[110.13002014100005,31.11680603100018],[110.13295745900012,31.11701774600016],[110.1364288340002,31.11722564800016],[110.13963317899999,31.116519928000006],[110.14283752400019,31.117418290000106],[110.14713287300003,31.11991119400011],[110.15326690600017,31.11987686200013],[110.15783691500019,31.122827531000098],[110.16050720200008,31.123039246000133],[110.16320037800017,31.124399185000133],[110.165863038,31.12392234900011],[110.16960144100017,31.123901368000077],[110.1722717290001,31.123884200000077],[110.17603302000003,31.125465394000116],[110.1765823360002,31.127296448000095],[110.17685699400016,31.129129411000175],[110.17796325800003,31.13118744000019],[110.17986297700008,31.13530159000004],[110.18228912300009,31.137809753000003],[110.1841888420002,31.140550614000066],[110.1863479610002,31.142599106999967],[110.18743896400014,31.144887924000106],[110.18905639700012,31.147626878000036],[110.19042968700006,31.150600434000072],[110.19046020600018,31.15357971200018],[110.190750122,31.15564155600009],[110.19077301000016,31.158391952000105],[110.19107055700016,31.161371232000025],[110.190307616,31.165273667000065],[110.18952942000011,31.168031694000092],[110.18821716300016,31.17010688800002],[110.18663787900005,31.17286682100007],[110.18479156500001,31.174713135000047],[110.18295288100012,31.177017212000184],[110.18081665100016,31.178634643000127],[110.1803131100001,31.181158066000133],[110.17848205500007,31.185073853000006],[110.17690277100013,31.187833787000102],[110.17613220200008,31.191049575000076],[110.17536163300015,31.194263458000027],[110.17537689200009,31.196327210000053],[110.17514038100012,31.19931030200013],[110.17571258500004,31.20297241100019],[110.17601013100017,31.20595169100011],[110.1755218510001,31.210771561000115],[110.175819397,31.21398162900016],[110.17504882900005,31.217195510000067],[110.17401886000016,31.221328736000142],[110.171630859,31.22340774600019],[110.17005157500012,31.225482941000056],[110.16982269400006,31.228464126000066],[110.16770935,31.232145310000135],[110.16639709600014,31.234907150000083],[110.16616058400012,31.23765754699997],[110.16539764400005,31.242248536000147],[110.16412353400017,31.248449325000085],[110.16387176500018,31.25051307700016],[110.1628265380001,31.252353668000126],[110.16098022400013,31.25511741700006],[110.15968322800012,31.258335113000047],[110.15728759900004,31.26041412300009],[110.15596771200018,31.262256622000052],[110.15518951299998,31.26501274100013],[110.15495300200007,31.267763137000145],[110.15498352100019,31.270978928000034],[110.15499877900004,31.272809983000062],[110.15528106700009,31.274642945000036],[110.15637969900007,31.277845382000066],[110.15722656300017,31.282886506000068],[110.15998840300007,31.291580201000045],[110.16033935500013,31.30029106100017],[110.165153503,31.298656465000082],[110.16998291100009,31.298624038000128],[110.17826843200004,31.29903221200016],[110.1833572380001,31.29945755000017],[110.1908874510001,31.302848816000107],[110.19838714500014,31.30486488300005],[110.20295715399999,31.305982590000045],[110.208869934,31.30800819300004],[110.21452331600005,31.311637878000113],[110.22234344500009,31.317087174000108],[110.22911071700008,31.32552719100011],[110.23480224600019,31.33190727300001],[110.24234771700021,31.3369007120001],[110.25122833300009,31.341426849000072],[110.25901031500007,31.34343338100018],[110.26788330100005,31.346122742000038],[110.27464294500015,31.353181840000047],[110.28383636400008,31.361598969000056],[110.29087829600007,31.3693447120001],[110.29711151100008,31.37617683500008],[110.30684661900017,31.385274886000104],[110.31279754600003,31.390502929000036],[110.31661987300004,31.396896363000057],[110.32333374000012,31.397762299000135],[110.33027649000014,31.397024154000068],[110.33670806900017,31.39697837900008],[110.34661865300001,31.396444322000033],[110.35868072599999,31.3977298750001],[110.36856842000009,31.395362854000094],[110.3757629390002,31.39186859200015],[110.37866211,31.388406752999966],[110.38317108100011,31.384246826000147],[110.38636016800012,31.382387160999997],[110.38825225900007,31.38374710200003],[110.39412689200009,31.38278579700011],[110.40376281800013,31.38087463500011],[110.40854644800015,31.378316880000114],[110.41784667900004,31.373199463000105],[110.422378541,31.370870591000145],[110.4293136610001,31.36806488000008],[110.43385314900013,31.367336273000095],[110.43598937900016,31.367324830000143],[110.43702697700002,31.365022660000083],[110.43781280400016,31.362724304000157],[110.43723297200012,31.358600616000047],[110.43583679200003,31.355173110999996],[110.43525695700015,31.351053238000137],[110.43681335500014,31.34645652699999],[110.44001007000021,31.345285415000088],[110.44534301700016,31.34317588800008],[110.44525146500018,31.33652877900016],[110.4433288580002,31.332647323000174],[110.44033050500013,31.328088761000117],[110.43654632500005,31.325828553000125],[110.43035888700007,31.32243537900007],[110.42578125000011,31.31995391800018],[110.42254638600014,31.318376541000134],[110.42385864300007,31.315845490000072],[110.42568969600018,31.312620164000176],[110.42751312200005,31.308708191000047],[110.42983245800008,31.301122665000037],[110.43192291300011,31.296291352000022],[110.43505096500013,31.29030609100016],[110.44085693400012,31.28384018000014],[110.45011901800012,31.275054931],[110.455421447,31.27134323200016],[110.4628829960002,31.269218445000096],[110.47354888900009,31.266147614000147],[110.47939300500013,31.262430192000007],[110.48625183100008,31.25572395300003],[110.48745727500017,31.24562645000003],[110.4889602660001,31.23736381500004],[110.48995971700009,31.231622696000098],[110.489616394,31.225664139000113],[110.48606109500008,31.21950340299998],[110.48172760000011,31.21495819000006],[110.4779434200002,31.211320877000105],[110.47521972700015,31.208135605000166],[110.47490692200012,31.20469856200009],[110.479660035,31.1996154790001],[110.4881210320001,31.192205429000186],[110.49875641000006,31.18867683400015],[110.50142669700011,31.187507629000155],[110.50272369300012,31.184055329000106],[110.50346374500009,31.1792354590001],[110.50417327899999,31.17281150800017],[110.50520324700013,31.169136047999984],[110.50698852600016,31.162929535000103],[110.50827026300004,31.159019471000075],[110.51246643000007,31.153251649000143],[110.51828765800013,31.14815712000006],[110.52306365900017,31.145593643000158],[110.52731323300003,31.143033982000194],[110.53444671699998,31.138156891000165],[110.53624725400006,31.133327485000052],[110.53592681900007,31.129201889000115],[110.53373718199998,31.124866486000144],[110.53021240200002,31.12054061900005],[110.52346038800005,31.11486816500002],[110.51751708900008,31.110107422000056],[110.50235748300003,31.09396171600014],[110.49320221000005,31.08785247900011],[110.48518371600005,31.087232590000095],[110.47904205300007,31.08705520700005],[110.47396850600012,31.087097169000177],[110.46887207000015,31.08553505000015],[110.46431732100012,31.084426881000184],[110.46083831800013,31.08353805500019],[110.4591979990002,31.080574035999973],[110.45941925100004,31.076675415000125],[110.46095275900008,31.070930481000122],[110.46327972500006,31.06495094399997],[110.46952057000017,31.051599503000094],[110.47236633300015,31.044696807000037],[110.47313690200002,31.038976669000192],[110.47242736900006,31.038740158000053],[110.465446472,31.03582954400008],[110.45475006000015,31.033872605000113],[110.44566345200008,31.032592775000072],[110.44116210900006,31.032808305000174],[110.43836212200011,31.025575638000078],[110.43836212200011,31.014030457000047],[110.43881225600008,31.00715065000008],[110.43768310600007,31.00142478900017],[110.43968200700016,30.99109077500009],[110.44040679800014,30.985124588000136],[110.43972015400004,30.97173309300013],[110.43434905900018,30.957687377000067],[110.4359512320001,30.954254151000043],[110.43508148100017,30.949676514000092],[110.43128967300015,30.945127486000164],[110.42907714800015,30.94010162300003],[110.42713928200004,30.934843064000063],[110.42624664200008,30.928890228000114],[110.42668151800018,30.92177009700015],[110.42661285400015,30.917188645000127],[110.42730712900016,30.910526275000105],[110.43019867000004,30.902189254000117],[110.43061828700019,30.894737245000044],[110.42830657900004,30.88869857700007],[110.4266891480001,30.88664627100007],[110.42294311500018,30.88530540500017],[110.41758728100008,30.883968353000004],[110.41251373300003,30.88263511800011],[110.404243469,30.880867005000088],[110.40046691900017,30.878145218000046],[110.39187622100009,30.872024536000087],[110.38381957900015,30.866813659000115],[110.3757629390002,30.86091232300015],[110.36795806800006,30.854097366000193],[110.35446167100008,30.838607788000047],[110.34960937600012,30.833599090000064],[110.34204864399999,30.82448577800005],[110.33825683600014,30.818784714000174],[110.33232116599999,30.811721802000193],[110.32556152400008,30.802137376000132],[110.32202148300019,30.795057297000085],[110.31954956000004,30.787965774000156],[110.3186874390002,30.782468796999975],[110.32185363800005,30.779235840000123],[110.32552337700002,30.773937224999997],[110.33265686100015,30.770442963000107],[110.34087371900006,30.766254425000117],[110.34697723500005,30.765291214000058],[110.35231781000005,30.767087936000053],[110.35823822000015,30.772544862000192],[110.3659973140002,30.776842118000104],[110.37084198100018,30.78093338000008],[110.37512969900001,30.783193588000184],[110.3807373050002,30.785671234000006],[110.38741302500011,30.78607559300019],[110.3991165160001,30.78644371000018],[110.40606689400016,30.787992478000035],[110.41378784100012,30.78838920700014],[110.4209594720001,30.787183762000094],[110.42491912800017,30.784402847000134],[110.42778778200005,30.77956390300017],[110.43329620300005,30.772867202000043],[110.43614196800007,30.765506744000163],[110.44082641500017,30.757673265000108],[110.4457702640002,30.74800109900008],[110.44838714700012,30.74407959000007],[110.45124053900015,30.738094330000084],[110.45490265000018,30.732791901000045],[110.45673370300005,30.730255127000078],[110.45850372400002,30.72336387700011],[110.45815277200012,30.71602630600006],[110.45459747300004,30.708259582000156],[110.45160675000011,30.703012466000132],[110.4493637080002,30.69339943],[110.44908142200008,30.670471191000164],[110.44792938300009,30.66360282900013],[110.4491729740002,30.656253815000127],[110.45066833400011,30.648445129000095],[110.45162963900015,30.64018058900018],[110.45233154200008,30.632152558000033],[110.45169830200008,30.624132157000137],[110.45532226500018,30.616075517000017],[110.4591979990002,30.607328415000154],[110.46073150600017,30.602500916000167],[110.46279144200008,30.59675025900015],[110.46431732100012,30.591464996000067],[110.46662902900005,30.585252763000085],[110.46839141900006,30.57698249800012],[110.46781158500005,30.573545457000026],[110.46692657600012,30.566675187000047],[110.46871185200018,30.560470581000004],[110.46999359200004,30.555643083000124],[110.47073364200016,30.551279068000046],[110.47065734800003,30.546693801000178],[110.47088623100007,30.543252945000063],[110.47057342400001,30.539356232000163],[110.46893310500013,30.535472869999975],[110.46650695900007,30.532510759000164],[110.46112060600001,30.52636718800011],[110.45678710800013,30.519752503000007],[110.4522171020002,30.515432358000055],[110.44844818000009,30.51019096300007],[110.44573974600019,30.50631523100003],[110.44358825700004,30.503580093000043],[110.43849182100007,30.49972534200003],[110.42890167200017,30.496366500000136],[110.42571258499999,30.496391296000073],[110.42359161300004,30.496406555000195],[110.41986084000018,30.495519638000072],[110.41638946500007,30.49325561500007],[110.4136962890002,30.490295411000094],[110.41020202599998,30.486196518000156],[110.4061813350001,30.48324775800006],[110.40429687600006,30.480970384000102],[110.39685058700007,30.47919464100016],[110.38913726800008,30.478567123999994],[110.3806762690001,30.480926514000032],[110.37593078700007,30.48325729300001],[110.37037658700007,30.48605346700009],[110.3640365600001,30.487934113000104],[110.35739135800009,30.487068177000026],[110.35336303700012,30.482055663999976],[110.35222625600011,30.476789475000093],[110.35867309600008,30.459312438999977],[110.3593826290001,30.451738358999993],[110.35854339700012,30.446931839000055],[110.35768127400007,30.44189262500004],[110.3573532110002,30.435934066000186],[110.35806274400005,30.429048538000185],[110.35743713300002,30.421485901000153],[110.359977722,30.410915376000165],[110.36073303200016,30.40632438600005],[110.36147308400012,30.401958466000114],[110.36219787600004,30.396223068000044],[110.36135864200008,30.391872406000118],[110.36025238000019,30.38775444100003],[110.3554229730002,30.382974624000042],[110.35217285100003,30.376350404000164],[110.34998321600017,30.369947434000096],[110.34829711900016,30.362619400000032],[110.34797668400006,30.357120515000076],[110.34841919000007,30.34931755200006],[110.35394287100014,30.345146179000153],[110.3573532110002,30.342826843000072],[110.36077117900004,30.34028053300011],[110.3620834350001,30.338663101000183],[110.35594940300007,30.335960389000036],[110.35092163000019,30.335998535000158],[110.3474731440001,30.335794449000165],[110.34586334300009,30.333744050000067],[110.34871673600014,30.328676225000034],[110.3534317020002,30.323823930000117],[110.3579101570001,30.321268082000017],[110.36263275100004,30.31779098500004],[110.36576843300014,30.313413620000116],[110.36731720100005,30.310876846000042],[110.36833953900009,30.306739807000103],[110.36752319300001,30.304222107000157],[110.36425781200012,30.297140122000144],[110.35885620200014,30.288007737000104],[110.35640716500006,30.2829818730001],[110.35289764500016,30.276357651000183],[110.3507232660001,30.270870209000183],[110.3485412610001,30.265840530000165],[110.34690093900014,30.261039733000192],[110.34683227600004,30.255306243999996],[110.34622192500007,30.247972488000187],[110.34513854900013,30.245916367000177],[110.33879852200005,30.246652604000076],[110.33114624100006,30.249004364000147],[110.321380616,30.251827241000004],[110.31846618700018,30.252767563000187],[110.30998992899998,30.251453399000187],[110.30653381300004,30.24987220700007],[110.2985534660001,30.246948243000077],[110.2935180670001,30.246065141000035],[110.28476715000001,30.24589920100016],[110.27974701000011,30.246395112000073],[110.27127838100012,30.24622535600008],[110.26596832200016,30.24488639800012],[110.25879669300014,30.24241256800008],[110.25427246100008,30.240381240000033],[110.25213623100007,30.23879051300014],[110.25025940000012,30.235822679000083],[110.25388336300006,30.2282295230001],[110.2601623540001,30.220619201000147],[110.26966095000012,30.21825981100017],[110.2783889760002,30.217279435000023],[110.28444671700005,30.21563148500013],[110.28601837100007,30.213327407000065],[110.28492736800013,30.209665298000004],[110.27929687599999,30.20282745300011],[110.27635192800005,30.199405670000033],[110.27261352500011,30.1959934250001],[110.27098083400011,30.192102433000176],[110.27040100200009,30.187755584000172],[110.27089691200007,30.184768677000196],[110.27274322400007,30.182691574000042],[110.27510070699998,30.18106842100008],[110.27931213400001,30.178976060000085],[110.28643035800013,30.17663574300013],[110.2985534660001,30.172187805000192],[110.29953765900007,30.165531158000192],[110.29920959400005,30.159797669000174],[110.29917907800018,30.15636062500016],[110.29994201600005,30.154060365000078],[110.30229949900013,30.1515197760001],[110.3043975830002,30.150129317999983],[110.31178283600008,30.147783281000162],[110.31758880600017,30.146593095000075],[110.32311248700007,30.144029617000054],[110.33100891200013,30.140760422000024],[110.33705902000015,30.137504577000186],[110.33941650300011,30.135650635000104],[110.34229278600014,30.13264846900006],[110.3430633540001,30.129892350000148],[110.34037017800006,30.126012803000094],[110.33689117500006,30.122598648000118],[110.33023071300016,30.118062973000065],[110.32409668000003,30.113521575000053],[110.31796264600018,30.10852050800003],[110.31475830000011,30.105562210000073],[110.31394195500013,30.10327530000018],[110.3194732660001,30.101400375000022],[110.33052825900008,30.097188950000035],[110.33632659900002,30.096229553000114],[110.33866119300012,30.09162521400009],[110.33889007600017,30.08818435800015],[110.33831787200006,30.08405876200004],[110.33484649700017,30.080646515000065],[110.32499694800009,30.074296952000054],[110.3199462890001,30.071811676000152],[110.31537628200005,30.06565475500008],[110.31638336200007,30.05968666000018],[110.31738281300011,30.053943634000174],[110.31970214900014,30.049795151000012],[110.31915283100017,30.047050476000035],[110.31539916999998,30.042720795000037],[110.31326294000019,30.040214538000043],[110.312423706,30.03586196900005],[110.3123703010001,30.031274796000048],[110.3123321540001,30.027837753000142],[110.31198120000016,30.019584656000177],[110.30770111000004,30.01502800000009],[110.30449676500007,30.012298584000067],[110.30209350700017,30.008876802000085],[110.30072021500007,30.004297257000133],[110.30068969600012,30.000860214000056],[110.30169677800012,29.997184754000106],[110.30560302700013,29.99096107500003],[110.30789947400012,29.984294892000097],[110.3083877570001,29.98039245700005],[110.30597686900012,29.976970672000164],[110.302757263,29.972864152000056],[110.30008697500006,29.969215393000017],[110.29766845700016,29.96533584600013],[110.29814910900012,29.961200715000185],[110.30233001800008,29.957044603000043],[110.31047058200005,29.952857972000118],[110.32544708300014,29.947471619000055],[110.33493804900007,29.945566178000036],[110.3405075070001,29.948047639000094],[110.34345245300005,29.951692582000135],[110.34958648700007,29.957609177000055],[110.35621643100012,29.960081100000025],[110.36521148700007,29.96184730500005],[110.3712692260001,29.960195541000132],[110.37757873600009,29.958082199000106],[110.3862762440001,29.957553864000147],[110.39315795900013,29.95841789200006],[110.4016189580002,29.959495545000152],[110.41269683700011,29.959178925000064],[110.41825103700012,29.95982170100012],[110.42196655200013,29.96185684300013],[110.42491912800017,29.965040207000072],[110.42681884700005,29.96938324100006],[110.42977142300009,29.973485946000153],[110.43328094400016,29.9801063540001],[110.43653106700003,29.986732484000186],[110.44293975900007,29.992872239000064],[110.44748687700002,29.99788093600012],[110.4536437990002,30.003334045000035],[110.462966918,30.01059150700013],[110.47042846700005,30.01580429100011],[110.47814178400006,30.020324708000146],[110.484001159,30.023942948000187],[110.4871826170002,30.024833679000096],[110.49292755200008,30.02324485800017],[110.49629211400008,30.017478942000025],[110.4978637700001,30.015861512000132],[110.5004730230001,30.01331329400017],[110.50388336200007,30.011680603000173],[110.50833129900015,30.008888245000037],[110.51596069400017,30.006757737000157],[110.52570343000019,30.004148483000108],[110.53334045300011,30.003162384000124],[110.53885650600012,30.001047135000192],[110.54360198900008,29.999856949000105],[110.54673767100019,29.997533798000177],[110.54827880800008,29.994541168000183],[110.54929351800018,29.99132156400009],[110.54739379900008,29.987209321000083],[110.54524231000016,29.984245300000055],[110.54071044900007,29.98084640600007],[110.53246307400008,29.97541809100005],[110.52419280900017,29.96976089400016],[110.51805877700014,29.96476554999998],[110.51296234100016,29.95816230800006],[110.50972747899999,29.952915192000034],[110.50408935500019,29.945856094000025],[110.50081634600014,29.937168122000116],[110.50042724600013,29.92776870800009],[110.50057220500014,29.918363571000047],[110.50106048500004,29.91492271400017],[110.50234985300013,29.91261482300007],[110.50443267800007,29.91053390600013],[110.5073165890002,29.90981865000009],[110.50942230200008,29.909112930000166],[110.51310730000017,29.90793228200016],[110.5178298960001,29.90628433200004],[110.52150726300016,29.905332565000094],[110.52438354600004,29.90301513600008],[110.52880096500007,29.89747238100006],[110.53267669700011,29.89124488900012],[110.53363037100014,29.883668900000032],[110.53385162400008,29.88022422800014],[110.53640747100008,29.874008179000157],[110.53714752100018,29.870103836000172],[110.53840637300004,29.865730286000144],[110.54020691000011,29.862277985000045],[110.54202270500014,29.859279632000035],[110.54804992700002,29.856929778999984],[110.5532913200002,29.854587555000027],[110.55774688700018,29.85363006700004],[110.56066894600008,29.85452270600007],[110.56326294000013,29.85059738200016],[110.56533050500002,29.848287582000182],[110.5674209600001,29.846431732000095],[110.57131958000008,29.842264177000175],[110.57573700000017,29.83809661900017],[110.58123779300013,29.835063934000118],[110.58466339100005,29.834342956000174],[110.58648681599999,29.833177566000188],[110.58965301400013,29.833379746000045],[110.59362030000011,29.834255219000116],[110.59784698600009,29.834907532000155],[110.60443878200016,29.835300446000137],[110.6089324950001,29.835947035999993],[110.61018371600018,29.831117630000108],[110.61303711000018,29.82810974099999],[110.61641693100013,29.824407578000038],[110.61901092500017,29.821172714000056],[110.62156677200016,29.81563949700012],[110.62358856200012,29.80919838000017],[110.62666320800015,29.803205489000167],[110.63052368200016,29.795829773000094],[110.62993621900011,29.792165757000134],[110.63224029500016,29.787557603000096],[110.63400268500015,29.781801224000105],[110.6365737910001,29.777193070000063],[110.63598632800006,29.77284050100008],[110.63485717800008,29.768035889000092],[110.6332168580001,29.763694763000043],[110.63002014100016,29.760513306000178],[110.6223220830002,29.75668716400014],[110.61913299600002,29.75396919200017],[110.61463928200004,29.753322602000143],[110.61038208000002,29.750154496000167],[110.60218048100006,29.74748230000006],[110.5958023070001,29.743640900000177],[110.59207153300014,29.740467072000115],[110.58596038900009,29.736625672000063],[110.5798568730001,29.733701707000023],[110.57694244400005,29.731893540000044],[110.57321929900013,29.729173660000072],[110.56976318400007,29.726228714000115],[110.56522369400017,29.720994949000048],[110.56121063200015,29.717361451000162],[110.55802917500006,29.715326308999977],[110.55299377400007,29.71285057000006],[110.54663085800013,29.709926606000067],[110.54055786100008,29.70814895700016],[110.53708648600019,29.70496940600009],[110.53099060000011,29.701816558000136],[110.52648162900016,29.698871613000108],[110.52039337100001,29.696174621000065],[110.51563262800005,29.69461059600008],[110.51061248800016,29.69351005600015],[110.506668091,29.693773269000133],[110.502197266,29.69473075900015],[110.49933624200008,29.697277070000098],[110.49463653700019,29.699842453000148],[110.48889160200008,29.70356178300006],[110.48652648900008,29.70450210600012],[110.4825973500001,29.705682754000126],[110.48024749800004,29.707078935000084],[110.47631073000008,29.708259583000082],[110.4679183950002,29.711414338000054],[110.466087341,29.712575912000094],[110.46195983799998,29.712860108000143],[110.46045684799998,29.71324920600017],[110.45757293700001,29.712579727000104],[110.4549179080002,29.71121406600003],[110.45226287900016,29.707786560000105],[110.45117187500011,29.704120636000027],[110.44875335700004,29.69770431500018],[110.44685363800018,29.69105720600004],[110.44573974600019,29.68486595100018],[110.44410705600006,29.678676606000128],[110.44246673500015,29.673173904000063],[110.4368972790001,29.667694092000033],[110.43187713600014,29.66542625500006],[110.42739868100006,29.66407585200011],[110.42028045700016,29.66204834000007],[110.41316223100006,29.659793854000046],[110.40762329200015,29.65752411000017],[110.40075683499998,29.65480995300004],[110.39996337800017,29.654125213000043],[110.39335632299998,29.65025520400002],[110.3883438110002,29.64844513000003],[110.3806762690001,29.644123077000078],[110.37486267200006,29.640249253000032],[110.36810302800012,29.637592316000163],[110.36266326999998,29.636764526999972],[110.35951233000009,29.637929917000122],[110.35688781700009,29.639320374000192],[110.35453796400009,29.64139747700017],[110.3511581410001,29.645317078000005],[110.34855651900011,29.64946556000007],[110.34570312500011,29.65338134800004],[110.34336853100007,29.658445357999994],[110.34208679100004,29.662355424000054],[110.34081268400007,29.66649437000007],[110.34028625400003,29.66902160600006],[110.33924102800006,29.669918061000093],[110.33661651700004,29.67039871300005],[110.33451080300006,29.670644760000076],[110.3294982910001,29.66976737900006],[110.32318115300006,29.669353485000105],[110.31630706800019,29.66756820800009],[110.31075286800012,29.663711547999984],[110.30520629800003,29.663066865000015],[110.30049133200004,29.66401672400019],[110.29733276400015,29.66426849400006],[110.29498291100015,29.664974212000004],[110.29209899900013,29.666830064000123],[110.28948974600013,29.669370650000193],[110.28794097900015,29.67213630700013],[110.28717804000019,29.674432755000055],[110.28694915700015,29.678104402000034],[110.28646087700008,29.68131637500011],[110.28621673600003,29.684074402000135],[110.28682708700018,29.69186592199998],[110.28505706800019,29.698989868000012],[110.28273010200002,29.701988221000082],[110.27934265100015,29.705680847000053],[110.2762222290001,29.708913803000033],[110.27335357700002,29.711687088000076],[110.26995086600016,29.713544845000058],[110.26445007300003,29.716106415000073],[110.25948333800005,29.719581602999995],[110.2555465710002,29.722131730000058],[110.25112915100004,29.726749421000136],[110.24668884300002,29.730680466000024],[110.2409362790001,29.734846116000085],[110.23700714199998,29.73693847600003],[110.2299270630001,29.740196228999995],[110.22625732300008,29.74182891800018],[110.22364044300008,29.743450164000027],[110.22025299200006,29.745996476000073],[110.21501159600012,29.749242783000174],[110.20922851500012,29.750425339000117],[110.19978332500006,29.753927230000045],[110.19425964400017,29.755571365000094],[110.1895217890001,29.756059647000033],[110.18557739200014,29.756772996000166],[110.18321228100012,29.75701522900005],[110.1795120230002,29.75589370700016],[110.17450714100016,29.75546836900014],[110.16948700000017,29.755039215000124],[110.16554260300006,29.75483513000006],[110.16185760500015,29.755086899000165],[110.15843963600008,29.75556755200006],[110.15580749500015,29.75627136200001],[110.15241241500007,29.759504319000083],[110.15059661800001,29.76272583000008],[110.14824676500002,29.76549339200011],[110.14433288700019,29.768728256000088],[110.14250946100015,29.770801543000122],[110.1399002070001,29.773572923000074],[110.13649749700011,29.776115417000145],[110.13282775800013,29.778429031000087],[110.129692078,29.781200408000135],[110.12602233900003,29.783515931000128],[110.12209320000011,29.78560447700011],[110.11920929000007,29.78699684200012],[110.11370086700005,29.789779663000047],[110.10845184300001,29.792104721000047],[110.10317993100011,29.791904450000118],[110.09578704900021,29.791030884000122],[110.09024810800008,29.78968811100015],[110.08364868100006,29.788578034000015],[110.07890319800003,29.788145066000084],[110.07415771600017,29.788171769000087],[110.06781768900004,29.786373138000044],[110.05911254900009,29.785272598999995],[110.05039215000006,29.78211021499999],[110.0435333260001,29.77985191500005],[110.03825378400006,29.778734207000127],[110.03005981500002,29.77625274600007],[110.02530670200014,29.774902343000118],[110.01923370500009,29.77218246500013],[110.01236724800015,29.771987916000118],[110.0057907100001,29.772708893000186],[110.00079345800015,29.77204704400003],[109.99710846000005,29.773439407000073],[109.99237060600012,29.773923874000108],[109.98842620900012,29.774856568000185],[109.98605346700009,29.77486991900014],[109.98209381200013,29.77282333300008],[109.97785949600006,29.771242141000133],[109.97469329800015,29.771026611000078],[109.9712677,29.77081489600005],[109.9681167600001,29.772434235000045],[109.96497345000007,29.774511337000092],[109.95575714000006,29.77524375900015],[109.95101928800013,29.775495528000082],[109.94600677600016,29.77551841700011],[109.94286346400014,29.776222230000034],[109.93943023800011,29.776006699000053],[109.9352111820001,29.775335313000085],[109.92941284100004,29.774450302000105],[109.92175292900004,29.773105621000127],[109.91436004600007,29.769697189000055],[109.90775299100005,29.76743126000008],[109.90326690600006,29.76699257000018],[109.89987182600015,29.770675660000112],[109.8975067130001,29.772752761999985],[109.8954162600001,29.773447037000153],[109.89225006200013,29.773229599000103],[109.8896026610002,29.770488738999973],[109.88670349200004,29.769355773000033],[109.88378906300005,29.768678666000085],[109.8806381230001,29.769840241000168],[109.87853240900012,29.770076752000083],[109.87590789900003,29.771694183000083],[109.87328338600003,29.773767472000088],[109.87065887500006,29.774925232000157],[109.86802673400013,29.77631187400016],[109.86514282200011,29.777469636000035],[109.8585433950002,29.775432588000054],[109.854850769,29.775442123000005],[109.84906005800008,29.775238036000133],[109.84272766100008,29.774116516000053],[109.83746338000014,29.773447037000153],[109.83191681000007,29.772550583000054],[109.82743835500014,29.773027420000176],[109.82190704300007,29.77259063700018],[109.81610870399999,29.77260971100014],[109.80818939300013,29.770345689000063],[109.80371093800005,29.76967048700016],[109.79843902600015,29.769002914000055],[109.7934265140002,29.767414094000063],[109.78708648700007,29.766059876000103],[109.78102111800013,29.762868881000145],[109.77468109000012,29.760366438999995],[109.770980834,29.757856368999967],[109.7670135510001,29.75396919200017],[109.76461791900016,29.749849319000074],[109.76432800300012,29.74549293500002],[109.76405334500015,29.74366188100004],[109.7650833130001,29.738838196000188],[109.76638793900003,29.736085892000176],[109.76767730700016,29.733556748000183],[109.76792907700019,29.72988891600011],[109.76818084800016,29.727363587000127],[109.76789856000005,29.723922729000037],[109.76576995800019,29.720033647000093],[109.76312255900007,29.716369630000088],[109.7607269290001,29.712022781000034],[109.76123809800004,29.709266662000175],[109.76407623300008,29.69985389600009],[109.76114654600008,29.69389724700011],[109.75982665900001,29.69206810100013],[109.75559997600016,29.688873291999982],[109.75216674800015,29.686130522999974],[109.74452209500011,29.683403015000128],[109.73634338400007,29.68021583600012],[109.72737121600005,29.67588424800016],[109.719726563,29.67521858200013],[109.71262359700012,29.674549103000118],[109.70867157000004,29.673646928000153],[109.70366668700012,29.672279359000076],[109.69840240600018,29.671379088999974],[109.69391632100019,29.67024421600013],[109.6928634640002,29.668182372000103],[109.6933670050002,29.665662766000143],[109.69441986200019,29.664049148000064],[109.69730377200005,29.66197967600004],[109.70020294300004,29.661741258000063],[109.70439147900004,29.658979416000136],[109.70752716100014,29.655759812000042],[109.70854949900018,29.646812438000097],[109.70825195300006,29.64085006699997],[109.7085037240002,29.638097763000193],[109.70954132000008,29.63534164500004],[109.71057128900009,29.62960433900014],[109.71186065700005,29.624555588000135],[109.71315765500003,29.620883941000155],[109.71394348200016,29.6188163760001],[109.71470642000003,29.61652183600012],[109.71495056100008,29.61078643800005],[109.70836639500011,29.611265183000114],[109.7025909420002,29.611049652000133],[109.69732666000016,29.611293794000122],[109.69207000699998,29.610849380999984],[109.68707275500003,29.609258651000175],[109.67994689900002,29.607669831000177],[109.67442321700008,29.605850219000107],[109.66545868000003,29.601512908000135],[109.66177368200016,29.600606918000153],[109.65676880000012,29.599243164000086],[109.6528396610002,29.602460862000047],[109.6502304080002,29.60659599400009],[109.64893340999998,29.611644745000092],[109.64868164100005,29.614854813000136],[109.64791107200017,29.618757248000183],[109.64687347400007,29.622886657000155],[109.64531707800012,29.626790999999972],[109.6418914800002,29.62611007800012],[109.63715362600004,29.62497139000004],[109.63374328600014,29.62520980800008],[109.63005065800013,29.62567710799999],[109.62637329100005,29.62614441000011],[109.62374115000011,29.626379013000076],[109.6213836670002,29.628677368000126],[109.61666107100007,29.631668090999995],[109.61324310300006,29.633281709000133],[109.60930633600003,29.636041641000023],[109.60221099800003,29.63697242700016],[109.59879303100013,29.636520386000143],[109.59352111900006,29.63584136900016],[109.58984374900007,29.634704591000062],[109.58509826699998,29.634023666000136],[109.58088684200015,29.63242530900015],[109.57640075700016,29.62990951600011],[109.57296752799999,29.625558851999987],[109.5692672720001,29.62120628300005],[109.56714630100004,29.614330291000048],[109.56002807700008,29.610906601000124],[109.55293273900014,29.610229492000144],[109.5476684570001,29.611839294000102],[109.54373169000007,29.612993241000087],[109.54163360500014,29.614599229000135],[109.5390014640002,29.615753175000012],[109.53637695300006,29.616903304000065],[109.53453827000004,29.617822647000025],[109.53243255600006,29.618743898000105],[109.53008270300006,29.620353698000088],[109.52670288000014,29.62177467500015],[109.52297973600008,29.622657776000153],[109.51831817700014,29.6231727600001],[109.51499938900014,29.621749879000046],[109.51537322899998,29.620618821000107],[109.51695251600017,29.61901474100006],[109.52011108400006,29.61649322500017],[109.52142334000007,29.614889145000124],[109.51773834300008,29.614671707000074],[109.51506042500006,29.614786148000068],[109.5116806040001,29.614437104000103],[109.51058960000006,29.613039018000052],[109.50781250000011,29.60610008300017],[109.50370025700016,29.59788513300009],[109.5007705700001,29.592018128000007],[109.49900818000015,29.58790969800009],[109.4968338010001,29.58507537800006],[109.49550628600014,29.581867218000188],[109.49392700200019,29.57773971600011],[109.49101257300003,29.569946289000143],[109.48442077600004,29.56215477100011],[109.4781036380001,29.560098648000064],[109.47415924100017,29.55803871100011],[109.47073364300007,29.556663514000096],[109.46600341800013,29.554834366000083],[109.46101379400011,29.554609300000095],[109.46047973700007,29.554359436000027],[109.45979309000018,29.552412032000007],[109.458740235,29.548049928000072],[109.45794677800018,29.543001176000132],[109.45744323700018,29.53726005499999],[109.45796966500001,29.531522751000125],[109.4600830080002,29.528312683000077],[109.46034240800014,29.525098800000023],[109.46192169200009,29.52119827200005],[109.46218872000016,29.51913452300011],[109.46087646500018,29.51729774400008],[109.45745849600007,29.517061233000106],[109.45194244400005,29.518426895000175],[109.44799804700006,29.52094650300006],[109.44537353400011,29.523693084000058],[109.44458007700007,29.525070191000054],[109.44274139300018,29.528051376000064],[109.44168853700012,29.530115126999984],[109.4393234260001,29.532405854000103],[109.43537902800006,29.53377723700015],[109.43196106000005,29.534000397000113],[109.42907714800016,29.533077241000118],[109.42775726400005,29.531007767000176],[109.42725372299998,29.5266456600001],[109.42778015200014,29.521598816000168],[109.42910003700018,29.516780853],[109.43173217700019,29.512193680000166],[109.43253326500002,29.50898361200012],[109.43435669000019,29.505310060000117],[109.43594360400004,29.502101899000138],[109.436996459,29.500036240000043],[109.43753051700014,29.497743608000064],[109.43831634600008,29.494302749000042],[109.4372711170002,29.491315842000066],[109.43544006400009,29.491081237999996],[109.43176269600013,29.493373871000074],[109.42807769800004,29.497034072000137],[109.42254638700008,29.50046920800014],[109.41940307700003,29.501840592000125],[109.41599273700012,29.502290726000073],[109.41258239800015,29.50113868700004],[109.40934753400019,29.49949264500009],[109.406303406,29.49846267700013],[109.40837860100004,29.49674797099999],[109.40891265800008,29.49513816800015],[109.40917205800008,29.493076324000068],[109.40917205800008,29.490093232000163],[109.408653259,29.488025665000066],[109.4078674320001,29.484811782000182],[109.406303406,29.482280731000063],[109.403678893,29.479753495000068],[109.4013214100001,29.47722053600018],[109.40080261300005,29.47492408800008],[109.4021072390002,29.472175598000035],[109.40342712400007,29.4685039530001],[109.40528106800019,29.46529197700005],[109.40685272200017,29.46299934500007],[109.40923309300008,29.46048355200003],[109.41105651900011,29.45864868100017],[109.41316986000011,29.455438613000123],[109.41316986000011,29.454519272000024],[109.41133117700008,29.45268249600008],[109.40738677900003,29.452671051000095],[109.4037170420001,29.452434540000183],[109.40162658700008,29.451513291000083],[109.4003067020002,29.450590133000052],[109.40058136000016,29.448986053000056],[109.40058136000016,29.447380066000107],[109.40084838800004,29.445543289000113],[109.402381897,29.443962098000103],[109.40445709200021,29.442899703000023],[109.40337371800007,29.441421509000122],[109.40310668900014,29.43981170600006],[109.40284728900014,29.4386634820001],[109.40206909200016,29.437515258000136],[109.39891815200004,29.43796920700015],[109.39602661200007,29.44025421200007],[109.39288330200003,29.441858292000123],[109.38999176100015,29.44253730800017],[109.38736724900008,29.442531586000026],[109.38526916500001,29.44252967800008],[109.38317108200005,29.44160461500019],[109.3805465690001,29.43999290400012],[109.37740325900006,29.43746185300006],[109.37373352000009,29.4349269870001],[109.37190246600011,29.432397843000103],[109.36953735300011,29.430326461000167],[109.3678894040001,29.428064348000134],[109.36840820300012,29.42685890100012],[109.36829376200012,29.426286697000027],[109.36772155800003,29.42343711900014],[109.3664169320001,29.420219422000113],[109.3664169320001,29.417005538999998],[109.36563873300008,29.41516876300011],[109.36643219000014,29.41402053900015],[109.36725616400008,29.409757615000046],[109.37041473400012,29.406089783000144],[109.37278747500005,29.40196609500015],[109.3751525880001,29.398986817000036],[109.3775177,29.393941879000064],[109.3796234130001,29.390962602],[109.38109588700007,29.388032914000124],[109.37752533000014,29.38840293900006],[109.37324523900008,29.38772773800008],[109.36805725100004,29.386600495000152],[109.35971832300015,29.383897780999973],[109.353630065,29.38051414500018],[109.34912872400014,29.37735939000015],[109.34506988600009,29.37397766100003],[109.34371185300006,29.37240028400004],[109.34236145000017,29.37037277200011],[109.3405609130001,29.36721611100018],[109.33960723800016,29.36315727400012],[109.33672332800012,29.356735230000083],[109.33540344300008,29.350086212000065],[109.3367004390001,29.34228706300002],[109.33721923900004,29.33609771800013],[109.33799743700013,29.32852745100001],[109.33904266399998,29.323253632000046],[109.33908081100003,29.319839479000056],[109.33672332800012,29.319372177000165],[109.33383178700007,29.319360734000156],[109.33068847700002,29.318431855000146],[109.32885742200017,29.31705284100008],[109.32965850900007,29.314073564000072],[109.33255767800007,29.310415268000042],[109.33413696200017,29.309047698000025],[109.33728790200013,29.308601380000084],[109.341476441,29.307697297000118],[109.3467407220001,29.30634498700016],[109.34963226300017,29.304519654000046],[109.3488616940001,29.301309586000173],[109.3479995740002,29.29784011800018],[109.34726715200014,29.295093537000184],[109.34675598100006,29.292304994000123],[109.34335327100007,29.288164140000163],[109.33865356400014,29.282871247000003],[109.33447265700016,29.27689361600005],[109.3292465200002,29.271141052000136],[109.32297515900007,29.265613556000066],[109.31748199400005,29.2619247450001],[109.31221771200006,29.25812339700013],[109.30953979400016,29.253889084000036],[109.30680847100001,29.25161552500009],[109.30148315400004,29.248479842999984],[109.29572296200001,29.246412278000093],[109.28942108100006,29.24182128800004],[109.2826080320001,29.23998451200009],[109.27578735300017,29.238609315000076],[109.27133941700004,29.23699951200001],[109.2666168200002,29.235391617000115],[109.26268768400013,29.233554841000057],[109.2590179440001,29.23217582600006],[109.25640106200012,29.23033905000017],[109.2537765510001,29.226898194],[109.25351715100015,29.224834442000144],[109.25430297800006,29.222311021000163],[109.257186891,29.219789506000158],[109.25927734400005,29.217039109000044],[109.2637329100001,29.213144302000103],[109.26686859200004,29.20672416600007],[109.2687072760001,29.203283310000128],[109.26844024600007,29.19915771399997],[109.26844024600007,29.19411087000003],[109.26869964500008,29.18768882900008],[109.26895904500009,29.182413102000112],[109.26947784400011,29.17805671800005],[109.26869201700005,29.173240662000186],[109.26658630400016,29.16979980600007],[109.26265716500001,29.167274475000113],[109.25743103000008,29.166584015000186],[109.25665283100005,29.161537171000074],[109.2568969720001,29.15740966800007],[109.25772857599998,29.15357208300003],[109.26062011700003,29.152208329000192],[109.26403045700016,29.15039062600016],[109.2671890270002,29.14811134400003],[109.26902771100009,29.146286011000086],[109.270622253,29.14170837400013],[109.27063751100002,29.13850021400009],[109.27012634200014,29.135290146000045],[109.26830291700014,29.134132385000097],[109.2661972050002,29.13344001700017],[109.26490020700015,29.132745742],[109.26254272400007,29.132736206000118],[109.26123809800009,29.132732391000047],[109.25784301700014,29.13203048800017],[109.2567062380001,29.131530762000015],[109.2545394890002,29.125759125000062],[109.25192260700004,29.12162780800009],[109.24903869600007,29.11818695000017],[109.24511718800011,29.116348266000042],[109.24144744800009,29.115661621000186],[109.23568725600006,29.117485047000063],[109.23072052100008,29.120006562000075],[109.22859954900008,29.122455597000116],[109.22676086500019,29.124748230000023],[109.22467041000016,29.12635040200007],[109.22231292700008,29.12818145800003]]]},"properties":{"GID_2":"CHN.13.1_1","GID_0":"CHN","COUNTRY":"China","GID_1":"CHN.13_1","NAME_1":"Hubei","NL_NAME_1":"湖北","NAME_2":"Enshi Tujia and Miao","VARNAME_2":"Ēnshī Tǔjiāzú|Miáozú","NL_NAME_2":"恩施土家族苗族自治州","TYPE_2":"Zìzhìzhou","ENGTYPE_2":"Autonomous Prefecture","CC_2":"NA","HASC_2":"NA","id":"422800","name":"恩施土家族苗族自治州","NAME":"恩施土家族苗族自治州","adcode":"422800","SOURCE":"GADM v4.1","GADM_GID":"CHN.13.1_1"}},{"type":"Feature","geometry":{"bbox":[114.49556732200006,30.02654647900005,115.08317566000017,30.646741867000006],"type":"Polygon","coordinates":[[[115.01331329400011,30.409505845000123],[115.02080536000007,30.407880784000042],[115.02509307800028,30.406627655000193],[115.02778625400003,30.405555725000173],[115.0296783450002,30.40491867000009],[115.03154754600018,30.40428543000013],[115.03618621800013,30.40122985900018],[115.03996276800011,30.399019241000016],[115.04644012400001,30.393871307000037],[115.05059814400012,30.39106178300011],[115.05448913600004,30.386352540000136],[115.0586471560001,30.381422044000033],[115.06237030000013,30.374547959000157],[115.0655746450002,30.36911201500016],[115.0673828120001,30.36444664100014],[115.06918334900001,30.35965156600014],[115.07098388600004,30.354856492000064],[115.07247161800001,30.351245880000082],[115.07381439100016,30.346363068000187],[115.07541656400008,30.341203689000114],[115.07607269200003,30.336769104000098],[115.07729339700006,30.332155228000033],[115.07880401500017,30.322496415000163],[115.08013153000003,30.31504440300017],[115.08152008000013,30.308099748000135],[115.08247375500002,30.302482605000133],[115.08317566000017,30.298431397000115],[115.0830307010001,30.295181275000175],[115.08210754500011,30.291257859000044],[115.08094787600022,30.28686714300005],[115.07752227800006,30.281059266000113],[115.07547759900012,30.276357651000183],[115.07360839900004,30.27189636200012],[115.07273101800014,30.269207001000044],[115.07242584100004,30.268270492000116],[115.07238006600006,30.267953872000195],[115.07171630800019,30.263578415000097],[115.07127380400004,30.259887696000195],[115.07108306800001,30.257074357000192],[115.07079315200018,30.254657746000195],[115.06994629000009,30.25456237899999],[115.06909179700007,30.25908470100012],[115.05915832500023,30.262876511000115],[115.03737640400004,30.266361237000126],[115.02616882300003,30.26559638900011],[115.01602172800006,30.26219177200005],[115.0103759760001,30.243787765000093],[115.00079345700011,30.238912583000115],[114.99259948800011,30.232557296000152],[114.9923858630001,30.222656249000128],[114.98714447000009,30.216016770000127],[114.9764709470003,30.213615418000185],[114.95479583700012,30.217569351000062],[114.94419098000027,30.215091705000194],[114.93389129700006,30.216524124000156],[114.92395782400001,30.220304489000057],[114.9026184090002,30.22470665000003],[114.87383270300018,30.238283157000065],[114.86690521300022,30.237462998000183],[114.85974121000014,30.24502372700005],[114.85244751000027,30.262750626000127],[114.8470306390002,30.27095985500017],[114.84107971300023,30.278970718000096],[114.83226776000005,30.285440446000052],[114.81967163000003,30.311496735000045],[114.80973815900029,30.315450668000096],[114.79901123100001,30.314899444000165],[114.75548553500006,30.307348251000178],[114.7444686880001,30.30898284900007],[114.73446655200006,30.312795638000186],[114.72850799500009,30.32083511500019],[114.71905517500012,30.32547760000017],[114.70842742900004,30.324680328000113],[114.70349121100004,30.316482544000056],[114.70632934600008,30.30724144000015],[114.7116699210002,30.29900169400014],[114.713386537,30.290924073000156],[114.70578765800008,30.28340530400004],[114.69649505500013,30.278217315000067],[114.66522216800013,30.269840240000125],[114.65762329100005,30.26228332600016],[114.65278625500015,30.253852843999997],[114.65103912300015,30.244251251000037],[114.65866089000008,30.2266235350001],[114.66404724200005,30.218406678000125],[114.6711196890002,30.210805894000085],[114.6967697130001,30.190172195000173],[114.70079803400007,30.181377409999985],[114.6980285650002,30.172201157000075],[114.6915512090003,30.164350510000194],[114.69039154000018,30.154655458000036],[114.69818115200007,30.147277832000157],[114.70727539000008,30.141469955000048],[114.71439361600017,30.13384056000018],[114.71257019100007,30.124246598000013],[114.72077941800025,30.117071152000165],[114.72307586600004,30.108125687000154],[114.71850585900017,30.099605561000033],[114.71770477400004,30.079576492000058],[114.7224502560001,30.071121215999998],[114.7224426260002,30.06212806700012],[114.69551849400023,30.04593849100013],[114.68448639000006,30.045841217000092],[114.67558288500015,30.042694092000037],[114.671134949,30.03408622800015],[114.65065765500005,30.027822495000123],[114.64027404800005,30.02654647900005],[114.63014984100016,30.02986717300018],[114.62254333500016,30.036825181000154],[114.6186981200002,30.04561042800009],[114.61106872500024,30.05216980000012],[114.600433349,30.054397582000092],[114.58940887500023,30.054288865000046],[114.56819915800008,30.04920768700009],[114.55326080300017,30.055091858000136],[114.54646301200023,30.06316757300016],[114.53590393000015,30.06556892300006],[114.52945709300025,30.080778121000098],[114.51882171700015,30.09724998500019],[114.4966506960002,30.119621276000146],[114.49556732200006,30.129491806000093],[114.49947357300005,30.168647766000106],[114.50556945900018,30.186765670000113],[114.52744293100022,30.207689285000015],[114.53474426300022,30.22538757300015],[114.53747558600014,30.24469757200012],[114.54249572700007,30.25306510900015],[114.550498962,30.259885789000123],[114.56256103400005,30.27596855200005],[114.57728576700003,30.29089546200004],[114.5852127080002,30.308101653000165],[114.58705902200006,30.33786583000006],[114.57727050800031,30.405866624],[114.58026123100001,30.41341209500001],[114.57582092300004,30.42062187300007],[114.57483673200022,30.44076347400011],[114.57481384300002,30.45099258400006],[114.5809478760001,30.479345322000086],[114.57894897500023,30.488870621000164],[114.5728225700002,30.495500565000157],[114.56293487500034,30.49972152700019],[114.5608520510001,30.50855636600011],[114.57071685900007,30.534513473000118],[114.59066772400001,30.54680061300013],[114.604804994,30.561946868000064],[114.62402343700002,30.557752609000033],[114.63503265300005,30.559410095000036],[114.67248535200008,30.5795497900001],[114.71140289400012,30.596698762000013],[114.74160766700003,30.60749054000019],[114.7605285640002,30.617183686000146],[114.7712020880001,30.618640900000116],[114.77648162800018,30.616180420000088],[114.7857437130001,30.611871720000124],[114.81065368700001,30.59084510800011],[114.82085418800013,30.573671340000093],[114.82484436000004,30.576223373999994],[114.82788849000008,30.57833290100001],[114.8303070060001,30.580204011000152],[114.83240509100027,30.581375121000008],[114.8342514030003,30.58192062400013],[114.83656311100003,30.582517625000033],[114.83777618300007,30.584947586000116],[114.8390426630001,30.588291168000183],[114.83924865700021,30.591390610000133],[114.83847045800006,30.594242096000187],[114.83835601800003,30.597000123000047],[114.84043121300023,30.599496843000168],[114.84442138700012,30.60252952500014],[114.84775543300009,30.604749679000122],[114.85222625800009,30.60698890600003],[114.85595703000001,30.609447479000153],[114.85930633500016,30.61115264900019],[114.86299133200009,30.612863541000024],[114.86647796600018,30.614110947000032],[114.86972046000005,30.61478424100011],[114.8724212640002,30.615453720000172],[114.8757858270002,30.616294860000153],[114.87843322800006,30.616615295000088],[114.88108825800022,30.616594314000054],[114.8838348390002,30.614566804000166],[114.88573455800008,30.612180710000075],[114.88762664900003,30.60996627800017],[114.8893356320001,30.60735130300009],[114.89083099400024,30.6051311490001],[114.89232635400015,30.602855683000087],[114.89442443800033,30.600645066000084],[114.8965072630001,30.59866714399999],[114.89904022200017,30.597780227000097],[114.90322113000002,30.59771156400018],[114.9060668950001,30.59786605900007],[114.90824890100009,30.59794616800002],[114.91063690200009,30.597982407000135],[114.91255951000015,30.597717285000044],[114.9136428830002,30.596643449000172],[114.91413116400018,30.595209122000085],[114.91489410400003,30.593326569000173],[114.91514587400013,30.590068818000194],[114.91553497400001,30.58668327300012],[114.91603851300022,30.584337235000135],[114.91614532500012,30.582157135000106],[114.91551971400033,30.58019828800008],[114.91488647400001,30.57818984900007],[114.91432952800007,30.57594490100013],[114.91383361700002,30.57398605500009],[114.91320800800021,30.57168769900016],[114.91310882600033,30.56979370100015],[114.91347503800013,30.56761550900001],[114.91383361700002,30.566238404000046],[114.91458129900002,30.56533241200003],[114.9159088140002,30.56494903600009],[114.91841888400006,30.565376282000102],[114.92119598400018,30.565933228000176],[114.92390441900011,30.566141130000176],[114.92650604300013,30.565307618000134],[114.92911529600009,30.563852310000133],[114.93138885500004,30.56244468700009],[114.93471527100007,30.561334610000188],[114.93796539300001,30.561260224000083],[114.94115448000004,30.5607872010001],[114.94380187900015,30.560703277000073],[114.94632721000005,30.560562133000133],[114.94863891600006,30.56070709300008],[114.95027160700022,30.562158585000073],[114.95117187400001,30.5639476770001],[114.9526062010001,30.56534195000012],[114.95483398400019,30.566747666000083],[114.95738983100011,30.568212509000034],[114.96010589600007,30.568416596000137],[114.96255493200023,30.568500518000178],[114.96625518800012,30.56889152600019],[114.96934509300013,30.57036781300019],[114.97270202600009,30.572015763000135],[114.97518921000005,30.57375526400006],[114.97806549000018,30.575920105000076],[114.98028564400035,30.57777595500011],[114.98203277500023,30.580320359000154],[114.98358917300006,30.58280754100008],[114.98461151100004,30.584714890000043],[114.98642730600011,30.587202072000142],[114.98856353700023,30.590213775],[114.99063110300006,30.59356308000014],[114.99105835100022,30.595914840000038],[114.99128723200012,30.598154068000046],[114.99211883500006,30.60000610400016],[114.99347686700015,30.601913453000122],[114.99591064500008,30.603202819000046],[114.99880218600015,30.604673385000016],[115.00314331000015,30.60673141400008],[115.00637054400033,30.607801437000038],[115.00912475500002,30.60972786000019],[115.01033782900004,30.61220741300008],[115.01095581100003,30.615428924000067],[115.01077270500002,30.618066788000192],[115.01186370800008,30.620599747000085],[115.01481628400018,30.622529984000035],[115.01908874400034,30.624469758000085],[115.02400970500014,30.62762832600015],[115.02661895700034,30.630184173000146],[115.0288848880001,30.633815766000172],[115.0306320200001,30.636648179000133],[115.03231811400019,30.63867569100017],[115.0341949470003,30.641508104000142],[115.03601074200004,30.643941880000057],[115.03817749100018,30.645690918000184],[115.04028320300007,30.646741867000006],[115.0422134400002,30.646308899000076],[115.04520416300011,30.645822526000078],[115.0473556510001,30.64367103500012],[115.04818725500003,30.641269685000058],[115.04921722400003,30.639387131999968],[115.05117035,30.63746261699998],[115.05351257300015,30.63593864500001],[115.05685424900003,30.634372712000072],[115.06033325200019,30.632289887000127],[115.06314849900002,30.630426407000126],[115.06503296000004,30.628551484000123],[115.06654357800018,30.625301362000183],[115.06725311400021,30.622444153000117],[115.06716156000027,30.619405746000155],[115.06766510000023,30.616941453000095],[115.0705642690002,30.610176086000138],[115.06996917600009,30.609161378000014],[115.06207275400004,30.601093293000133],[115.06034088200012,30.596767425000113],[115.05738830600025,30.589384079000126],[115.05521392700018,30.563943864000066],[115.05630493100023,30.560054779000094],[115.05559539800004,30.550201415000174],[115.05297088700001,30.546062469000162],[115.04823303200023,30.541906357000183],[115.03945922900016,30.543453217000092],[115.0327911390001,30.547073364000088],[115.02826690700012,30.548189163000128],[115.02244567900004,30.54654884400003],[115.01610565200008,30.542839049999998],[115.01219940200019,30.53433609000007],[115.01279449400022,30.527011871000067],[115.0115127570001,30.521505356000034],[115.01084899800004,30.507068634000117],[115.00617980900006,30.49467086800018],[115.00335693400007,30.489625932000024],[114.99756622300026,30.47926139900017],[114.9931869510001,30.46479606600013],[114.99322509700005,30.463285447000093],[114.99330139100003,30.460496902000045],[114.99359130900017,30.449451447000175],[114.99980163600003,30.43666839500014],[115.00042724700008,30.435909272000117],[115.00489044200026,30.430519104000155],[115.00779724000006,30.431453706000074],[115.0093460080002,30.436275482000042],[115.01196289000018,30.440414428000167],[115.01356506300009,30.439512253000032],[115.01416015600023,30.43195533700009],[115.01744079700019,30.420295716000172],[115.01882171700004,30.41604423600012],[115.01499176000027,30.411493301000068],[115.01331329400011,30.409505845000123]]]},"properties":{"GID_2":"CHN.13.2_1","GID_0":"CHN","COUNTRY":"China","GID_1":"CHN.13_1","NAME_1":"Hubei","NL_NAME_1":"湖北","NAME_2":"Ezhou","VARNAME_2":"Èzhōu","NL_NAME_2":"鄂州市","TYPE_2":"Dìjíshì","ENGTYPE_2":"Prefecture City","CC_2":"NA","HASC_2":"NA","id":"420700","name":"鄂州市","NAME":"鄂州市","adcode":"420700","SOURCE":"GADM v4.1","GADM_GID":"CHN.13.2_1"}},{"type":"Feature","geometry":{"bbox":[114.39682769800015,29.724744797000028,116.12970733700001,31.607252121000048],"type":"Polygon","coordinates":[[[115.92714691200014,30.307626724000045],[115.9337158200002,30.30960273800014],[115.93849182200019,30.309244157000027],[115.943260193,30.309343339000065],[115.9488296510001,30.30900573800011],[115.95336151100003,30.30795288100012],[115.95684814500011,30.306423187000007],[115.96115112400001,30.304220198999985],[115.96437072700009,30.302684784000064],[115.96971130500005,30.301191330000112],[115.97267150900018,30.299648285000103],[115.97588348400006,30.298341751000184],[115.97833251900009,30.29586792000004],[115.98024749800005,30.293613434000182],[115.98085784900003,30.290876389000122],[115.98068237400014,30.287662506000057],[115.98161316000005,30.282638550000005],[115.98256683400007,30.27692604000004],[115.9837036130001,30.274198532000124],[115.9838256840003,30.269611359000123],[115.98472595300008,30.265966416000087],[115.98613739000008,30.26255416900011],[115.98972320500002,30.257585526000128],[115.99243927000033,30.255119323000088],[115.99645996100003,30.253139495000084],[116.00045013500018,30.252534867000126],[116.00362396200012,30.252601625000125],[116.00708007800007,30.251983643000187],[116.00977325500003,30.250438691000056],[116.01623535200008,30.24644279400013],[116.01947021400008,30.244216920000152],[116.0213775630001,30.24219322200003],[116.0231246950002,30.23649597300016],[116.0239944460002,30.23376465000007],[116.02512359600031,30.23126411499999],[116.0264892580002,30.22945785500014],[116.0294189450002,30.229059219000195],[116.03314972000022,30.227987289000108],[116.03662109300011,30.226913452000186],[116.04087066700004,30.226312638000028],[116.04355621300031,30.224990846000086],[116.04706573500026,30.222311020000067],[116.05033111500008,30.218938828000095],[116.05274200500014,30.217842101000027],[116.0552215570001,30.214454650000164],[116.05713653600003,30.21196746800007],[116.05905914400012,30.20925521900011],[116.06018066400021,30.20698738000016],[116.06026458800035,30.20401001000016],[116.05862426800002,30.195951463000146],[116.05582428000014,30.191766739000116],[116.05278015200032,30.187118531000127],[116.05075836200002,30.183406830000024],[116.0508575450001,30.17997169400002],[116.05128479000005,30.173788071999983],[116.05328369100017,30.1683254240001],[116.0555801390001,30.161495208000193],[116.05673217800006,30.158077241000118],[116.05789947500011,30.153972626000044],[116.06180572500023,30.146488190000188],[116.06399536100004,30.143552780000167],[116.06539154100007,30.14105796800015],[116.06755829000006,30.139041901000045],[116.06975555500003,30.13587379500007],[116.07351684600008,30.133657456000098],[116.07594299300003,30.132097244000196],[116.07974243100035,30.12850952200017],[116.08121490500014,30.122804642999995],[116.08239746000002,30.11801528900003],[116.08306884700006,30.11252594100006],[116.082626343,30.109535218000133],[116.08245849600007,30.105634689999988],[116.08121490500014,30.1028575900001],[116.07995605600001,30.100538254000014],[116.07843780500002,30.097986222000088],[116.07797241300011,30.095453263000024],[116.07752990700011,30.09223556500007],[116.07762145900006,30.08879852399997],[116.07905578600013,30.084697724000137],[116.07991027900005,30.082193375000145],[116.07949066100015,30.07828712400016],[116.0759277340003,30.072942734000094],[116.07393646100013,30.068546295000036],[116.07351684600008,30.064409256000147],[116.07469940200009,30.059616089000148],[116.07662200900006,30.05690574700003],[116.0791015630001,30.05305671700006],[116.08320617600033,30.047866821000184],[116.08544159000019,30.04309845000006],[116.08635711600004,30.03853034900004],[116.08567810100011,30.034387589000115],[116.08520507900005,30.032085419000055],[116.08369445800008,30.029304504000095],[116.08162689200005,30.02765655400015],[116.07932281600019,30.02508735600003],[116.07599639800013,30.020895005000174],[116.07373809900004,30.01649475100004],[116.07305145200019,30.012577057999973],[116.07340240400003,30.009376525000107],[116.07401275700022,30.006177903000147],[116.07518768200022,30.001617432000046],[116.07540130700033,29.99382591199998],[116.07630920500014,29.98948669500004],[116.07638549800015,29.986507416],[116.07592010400005,29.983974457000155],[116.07392883300018,29.979579926000042],[116.0718765250002,29.9772415170001],[116.07009124800004,29.975143433000085],[116.06858062800005,29.972360611000056],[116.06838989400013,29.969377518000044],[116.06875610300017,29.965715409000158],[116.07042694200003,29.9623107920001],[116.0726470960001,29.958457947000113],[116.07530212500014,29.957822799000102],[116.07849884000007,29.954891205000028],[116.08044433600004,29.95311164900005],[116.08426666300022,29.94814491300014],[116.09026336600004,29.941156388000024],[116.09490966900012,29.93483162000001],[116.09875488200022,29.929174424000056],[116.10446929900024,29.92264175400004],[116.10884857200017,29.91676712100008],[116.11618804900003,29.90865898100014],[116.12053680500026,29.903699876000076],[116.12245178200021,29.900041580000106],[116.12303161700027,29.89893341000004],[116.12468719400022,29.89621734700012],[116.12718963700003,29.89122009300019],[116.12781524600007,29.887567520000065],[116.12814331100024,29.88504791200012],[116.1287460320001,29.88231277600011],[116.12933349700018,29.879800796000094],[116.12887573300007,29.877267837000037],[116.1279068,29.873807907000128],[116.12693786700005,29.87058067400017],[116.125694274,29.867574693000055],[116.12497711300011,29.864807128000113],[116.1250457760002,29.862289428000167],[116.12539672800028,29.858856202000137],[116.12577819800003,29.854276657000067],[116.12624359200004,29.84671974300005],[116.12745666400019,29.840780258000052],[116.12789154000028,29.83391189600019],[116.12962341300033,29.82485008300012],[116.12970733700001,29.824218751000103],[116.12059784000009,29.820665360000188],[116.1117095940001,29.814777374000077],[116.09782409600028,29.79938506999997],[116.05888366600016,29.766229629000183],[116.0577468870001,29.765258789000146],[116.04251098600015,29.750391007000136],[116.03296661400022,29.745923995000172],[116.02223205600001,29.74394798200018],[116.00779724200004,29.738691331000044],[116.00341796900021,29.74310493500019],[115.95598602400003,29.732114793000164],[115.95488739000007,29.7317504880001],[115.94628906200013,29.728588105000032],[115.93791961700016,29.726345062000178],[115.93083953800011,29.725276947000168],[115.92301177900015,29.724744797000028],[115.91889953600004,29.72516441400018],[115.91450500500012,29.72561264100006],[115.90628051700014,29.72772979700005],[115.89807129000008,29.729385375000106],[115.89469146700014,29.730388642000037],[115.89091491700015,29.73151016200012],[115.88400268600027,29.73320960900014],[115.87762451200014,29.735132217000057],[115.87309265200008,29.73709678600017],[115.86829376200012,29.73905754100014],[115.86243438800021,29.741451263000098],[115.85605621400008,29.74337387100002],[115.85177612300004,29.74557495100009],[115.8451080330001,29.748407364000062],[115.84030914300003,29.75036621100003],[115.83520507700031,29.75235176100017],[115.83406829900002,29.752794267000187],[115.82939147900014,29.75448036300008],[115.82297515900008,29.757778168000186],[115.8189468380001,29.760208129000095],[115.81438446100016,29.76289939800006],[115.80986022900004,29.765632628999985],[115.80681610200018,29.768215180000084],[115.80290985100021,29.76990890600007],[115.79838561900011,29.772640228999986],[115.79386138900009,29.775373460000143],[115.78683471800001,29.779001237000156],[115.77909851000003,29.783023834000005],[115.76856994700017,29.78862762400007],[115.76087951700015,29.79297447200003],[115.75276946900023,29.797035216999976],[115.74446106000015,29.80242157000004],[115.734992981,29.810140609000033],[115.72956848200022,29.815061570000182],[115.71960449200004,29.822170258000025],[115.71416473500017,29.827777863000108],[115.70983886700014,29.831117630000108],[115.70683288600004,29.83471679799999],[115.70166015700022,29.84010124300011],[115.69623565700012,29.84502220100012],[115.69246673600013,29.847686768000077],[115.68840789800004,29.851032258000092],[115.68280792300003,29.85296249300001],[115.67776489200014,29.854225160000116],[115.67216491700016,29.856157303000035],[115.67055511400008,29.85637283300014],[115.66633605900017,29.85693740900013],[115.66159820700011,29.856828689000167],[115.6566314690001,29.855335237000077],[115.65088653500027,29.85359573300019],[115.64487457300005,29.851846696000166],[115.64173889100016,29.85085487400016],[115.63832855200009,29.850317002000054],[115.633666993,29.84844398399997],[115.63008117700008,29.846826553000028],[115.6228332530003,29.84588623100018],[115.6164169320001,29.845521927000053],[115.61184692300003,29.844980238999995],[115.60660553000015,29.844289779000068],[115.60006713900009,29.843820572000087],[115.5940551770001,29.843742371000076],[115.58800506600016,29.843341827000188],[115.5801010130001,29.84311485400013],[115.57376098600004,29.843393325000193],[115.56766510000011,29.842668533000055],[115.5619812010001,29.842229842999988],[115.55593109100005,29.841825486000005],[115.55099487400014,29.841316223000096],[115.54489898600026,29.840587616000104],[115.53814697200004,29.84057808],[115.53024291900012,29.840347290000125],[115.52390289200015,29.840625763000162],[115.51731109600007,29.84190559500018],[115.51219940100019,29.843046189000063],[115.5095291140001,29.84264564500012],[115.50516509900024,29.841829299000096],[115.4947280880001,29.846618653000064],[115.48780059800015,29.849433900000182],[115.47364807200029,29.85424423300003],[115.4634780880001,29.857906342000092],[115.45854950000036,29.85978698800005],[115.45496368400016,29.861799240000096],[115.45159912100019,29.864431381000035],[115.44799041700004,29.867469788000168],[115.44335937500024,29.871765137000015],[115.44062805200006,29.87588119500009],[115.43777465900018,29.880266190000047],[115.4349746700002,29.886192323000046],[115.43313598600014,29.89163589500015],[115.43138885500004,29.89594841000019],[115.42862701500019,29.899776459000066],[115.42562103200011,29.90291214100017],[115.42156219400012,29.90578842100013],[115.41753387500012,29.907981873999972],[115.41378784200016,29.909404755000025],[115.41007232600022,29.91155433600017],[115.40641021700014,29.915372848000118],[115.40319824300012,29.919275283000164],[115.40179443300006,29.92223739700006],[115.40121460000023,29.925893783000106],[115.40172576900011,29.931245804000188],[115.40338134700018,29.93623542800003],[115.40458679100004,29.940219879000097],[115.405509949,29.944143296000107],[115.40536499000007,29.94849586500004],[115.4034957880001,29.952686311000036],[115.39878082400026,29.955898284000114],[115.39259338400007,29.95940971400006],[115.3852462770003,29.965873719000115],[115.38088989300014,29.96989059500015],[115.37814331000015,29.97303009000012],[115.37429046600005,29.977745056000117],[115.37200927700009,29.98273277400017],[115.37026214500008,29.987504960000134],[115.36718750100023,29.99247169500012],[115.36415100100032,29.996290207000076],[115.35973358200009,30.002140046000083],[115.35671997100006,30.005275726000036],[115.3541564950001,30.007728578000123],[115.35151672400013,30.010292053000057],[115.34900665400005,30.012710571000127],[115.34600830100021,30.01479148900017],[115.3417663570001,30.01750183100006],[115.33831024300014,30.01949882500009],[115.33486175600002,30.021490098000132],[115.33204650900016,30.023811341000055],[115.32923889200013,30.026260376000096],[115.32642364600008,30.028579712000123],[115.3239593500001,30.031381605999968],[115.32114410400004,30.036144257000164],[115.31912994400022,30.040191650999983],[115.31806182900004,30.04350662200011],[115.3176879890002,30.04650116000005],[115.3172531130001,30.048984528000005],[115.31741333100003,30.052700043000073],[115.31746673600026,30.05552482500019],[115.3178634650003,30.059991837000098],[115.31798553500029,30.06435966400011],[115.31730651900023,30.068696975000083],[115.317153931,30.073049546000046],[115.31658172700008,30.077217102000077],[115.31494903600014,30.083543778000095],[115.31381988500004,30.087251664000064],[115.3120574950001,30.09217262300018],[115.30818939200002,30.09922218300011],[115.30123138500018,30.111192704000132],[115.29863739100004,30.11541557400017],[115.29613494900002,30.119121553000074],[115.29307556100002,30.12313652100011],[115.28910064700007,30.128137588000133],[115.28499603200021,30.133277894000173],[115.28050994900002,30.139060975000177],[115.27688598700001,30.144466400000056],[115.27358245900007,30.14805030800011],[115.26999664400013,30.152313233000147],[115.26261901800001,30.157217025000133],[115.26143646300012,30.160825729000123],[115.25817108200009,30.163572310999996],[115.25383758500004,30.166309357000163],[115.25177764800004,30.16820335500006],[115.24555969200003,30.175796509000183],[115.23720550500002,30.182985305000102],[115.23271942200006,30.186357498000124],[115.23258972100005,30.18650627300008],[115.22937774600018,30.188871384000098],[115.22852325300003,30.18951416100009],[115.22844696000004,30.189554215000044],[115.2282485960002,30.189706803000036],[115.22171020400005,30.195667267000093],[115.21778106700015,30.198657990000186],[115.21072387700008,30.205320359000158],[115.20822906500005,30.208463668999965],[115.2065353400002,30.211400986999987],[115.20415496900013,30.216001510000073],[115.19683075000013,30.216415405000134],[115.19389343300018,30.21702385000009],[115.19068145800009,30.218082428000116],[115.18693542500023,30.219129562000095],[115.18345642100029,30.22018432600015],[115.18078613400007,30.220798492000142],[115.17864227300005,30.221656800000122],[115.17385864200016,30.222370148000152],[115.1697845460002,30.221714020000032],[115.16635894800004,30.220357894000134],[115.16233825700021,30.218694686000163],[115.16030120900008,30.217451095],[115.15494537300016,30.21419525300013],[115.15100860600012,30.212240219000027],[115.14569091700004,30.211181641000167],[115.1395339960003,30.210456848000153],[115.13457489100006,30.20988082800011],[115.13114166300024,30.209678651000157],[115.1258239760001,30.209777833000032],[115.11970519900002,30.210592269000074],[115.114952087,30.2114372260001],[115.1085510260002,30.21263694700014],[115.1034851070002,30.21364402700016],[115.09468078600014,30.21801567200009],[115.09085083000014,30.22067832900007],[115.08736419600031,30.223697663000113],[115.08446502800007,30.227106095000067],[115.08100891100003,30.231218338000016],[115.07662201000007,30.236633302000087],[115.07371520900017,30.240755082000078],[115.07122039700018,30.245870590000038],[115.07103729300002,30.249248504999965],[115.07094573900008,30.251039504000122],[115.07079315200018,30.254657746000195],[115.07108306800001,30.257074357000192],[115.07127380400004,30.259887696000195],[115.07171630800019,30.263578415000097],[115.07238006600006,30.267953872000195],[115.07242584100004,30.268270492000116],[115.07273101800014,30.269207001000044],[115.07360839900004,30.27189636200012],[115.07547759900012,30.276357651000183],[115.07752227800006,30.281059266000113],[115.08094787600022,30.28686714300005],[115.08210754500011,30.291257859000044],[115.0830307010001,30.295181275000175],[115.08317566000017,30.298431397000115],[115.08247375500002,30.302482605000133],[115.08152008000013,30.308099748000135],[115.08013153000003,30.31504440300017],[115.07880401500017,30.322496415000163],[115.07729339700006,30.332155228000033],[115.07607269200003,30.336769104000098],[115.07541656400008,30.341203689000114],[115.07381439100016,30.346363068000187],[115.07247161800001,30.351245880000082],[115.07098388600004,30.354856492000064],[115.06918334900001,30.35965156600014],[115.0673828120001,30.36444664100014],[115.0655746450002,30.36911201500016],[115.06237030000013,30.374547959000157],[115.0586471560001,30.381422044000033],[115.05448913600004,30.386352540000136],[115.05059814400012,30.39106178300011],[115.04644012400001,30.393871307000037],[115.03996276800011,30.399019241000016],[115.03618621800013,30.40122985900018],[115.03154754600018,30.40428543000013],[115.0296783450002,30.40491867000009],[115.02778625400003,30.405555725000173],[115.02509307800028,30.406627655000193],[115.02080536000007,30.407880784000042],[115.01331329400011,30.409505845000123],[115.01499176000027,30.411493301000068],[115.01882171700004,30.41604423600012],[115.01744079700019,30.420295716000172],[115.01416015600023,30.43195533700009],[115.01356506300009,30.439512253000032],[115.01196289000018,30.440414428000167],[115.0093460080002,30.436275482000042],[115.00779724000006,30.431453706000074],[115.00489044200026,30.430519104000155],[115.00042724700008,30.435909272000117],[114.99980163600003,30.43666839500014],[114.99359130900017,30.449451447000175],[114.99330139100003,30.460496902000045],[114.99322509700005,30.463285447000093],[114.9931869510001,30.46479606600013],[114.99756622300026,30.47926139900017],[115.00335693400007,30.489625932000024],[115.00617980900006,30.49467086800018],[115.01084899800004,30.507068634000117],[115.0115127570001,30.521505356000034],[115.01279449400022,30.527011871000067],[115.01219940200019,30.53433609000007],[115.01610565200008,30.542839049999998],[115.02244567900004,30.54654884400003],[115.02826690700012,30.548189163000128],[115.0327911390001,30.547073364000088],[115.03945922900016,30.543453217000092],[115.04823303200023,30.541906357000183],[115.05297088700001,30.546062469000162],[115.05559539800004,30.550201415000174],[115.05630493100023,30.560054779000094],[115.05521392700018,30.563943864000066],[115.05738830600025,30.589384079000126],[115.06034088200012,30.596767425000113],[115.06207275400004,30.601093293000133],[115.06996917600009,30.609161378000014],[115.0705642690002,30.610176086000138],[115.06766510000023,30.616941453000095],[115.06716156000027,30.619405746000155],[115.06725311400021,30.622444153000117],[115.06654357800018,30.625301362000183],[115.06503296000004,30.628551484000123],[115.06314849900002,30.630426407000126],[115.06033325200019,30.632289887000127],[115.05685424900003,30.634372712000072],[115.05351257300015,30.63593864500001],[115.05117035,30.63746261699998],[115.04921722400003,30.639387131999968],[115.04818725500003,30.641269685000058],[115.0473556510001,30.64367103500012],[115.04520416300011,30.645822526000078],[115.0422134400002,30.646308899000076],[115.04028320300007,30.646741867000006],[115.03817749100018,30.645690918000184],[115.03601074200004,30.643941880000057],[115.0341949470003,30.641508104000142],[115.03231811400019,30.63867569100017],[115.0306320200001,30.636648179000133],[115.0288848880001,30.633815766000172],[115.02661895700034,30.630184173000146],[115.02400970500014,30.62762832600015],[115.01908874400034,30.624469758000085],[115.01481628400018,30.622529984000035],[115.01186370800008,30.620599747000085],[115.01077270500002,30.618066788000192],[115.01095581100003,30.615428924000067],[115.01033782900004,30.61220741300008],[115.00912475500002,30.60972786000019],[115.00637054400033,30.607801437000038],[115.00314331000015,30.60673141400008],[114.99880218600015,30.604673385000016],[114.99591064500008,30.603202819000046],[114.99347686700015,30.601913453000122],[114.99211883500006,30.60000610400016],[114.99128723200012,30.598154068000046],[114.99105835100022,30.595914840000038],[114.99063110300006,30.59356308000014],[114.98856353700023,30.590213775],[114.98642730600011,30.587202072000142],[114.98461151100004,30.584714890000043],[114.98358917300006,30.58280754100008],[114.98203277500023,30.580320359000154],[114.98028564400035,30.57777595500011],[114.97806549000018,30.575920105000076],[114.97518921000005,30.57375526400006],[114.97270202600009,30.572015763000135],[114.96934509300013,30.57036781300019],[114.96625518800012,30.56889152600019],[114.96255493200023,30.568500518000178],[114.96010589600007,30.568416596000137],[114.95738983100011,30.568212509000034],[114.95483398400019,30.566747666000083],[114.9526062010001,30.56534195000012],[114.95117187400001,30.5639476770001],[114.95027160700022,30.562158585000073],[114.94863891600006,30.56070709300008],[114.94632721000005,30.560562133000133],[114.94380187900015,30.560703277000073],[114.94115448000004,30.5607872010001],[114.93796539300001,30.561260224000083],[114.93471527100007,30.561334610000188],[114.93138885500004,30.56244468700009],[114.92911529600009,30.563852310000133],[114.92650604300013,30.565307618000134],[114.92390441900011,30.566141130000176],[114.92119598400018,30.565933228000176],[114.91841888400006,30.565376282000102],[114.9159088140002,30.56494903600009],[114.91458129900002,30.56533241200003],[114.91383361700002,30.566238404000046],[114.91347503800013,30.56761550900001],[114.91310882600033,30.56979370100015],[114.91320800800021,30.57168769900016],[114.91383361700002,30.57398605500009],[114.91432952800007,30.57594490100013],[114.91488647400001,30.57818984900007],[114.91551971400033,30.58019828800008],[114.91614532500012,30.582157135000106],[114.91603851300022,30.584337235000135],[114.91553497400001,30.58668327300012],[114.91514587400013,30.590068818000194],[114.91489410400003,30.593326569000173],[114.91413116400018,30.595209122000085],[114.9136428830002,30.596643449000172],[114.91255951000015,30.597717285000044],[114.91063690200009,30.597982407000135],[114.90824890100009,30.59794616800002],[114.9060668950001,30.59786605900007],[114.90322113000002,30.59771156400018],[114.89904022200017,30.597780227000097],[114.8965072630001,30.59866714399999],[114.89442443800033,30.600645066000084],[114.89232635400015,30.602855683000087],[114.89083099400024,30.6051311490001],[114.8893356320001,30.60735130300009],[114.88762664900003,30.60996627800017],[114.88573455800008,30.612180710000075],[114.8838348390002,30.614566804000166],[114.88108825800022,30.616594314000054],[114.87843322800006,30.616615295000088],[114.8757858270002,30.616294860000153],[114.8724212640002,30.615453720000172],[114.86972046000005,30.61478424100011],[114.86647796600018,30.614110947000032],[114.86299133200009,30.612863541000024],[114.85930633500016,30.61115264900019],[114.85595703000001,30.609447479000153],[114.85222625800009,30.60698890600003],[114.84775543300009,30.604749679000122],[114.84442138700012,30.60252952500014],[114.84043121300023,30.599496843000168],[114.83835601800003,30.597000123000047],[114.83847045800006,30.594242096000187],[114.83924865700021,30.591390610000133],[114.8390426630001,30.588291168000183],[114.83777618300007,30.584947586000116],[114.83656311100003,30.582517625000033],[114.8342514030003,30.58192062400013],[114.83240509100027,30.581375121000008],[114.8303070060001,30.580204011000152],[114.82788849000008,30.57833290100001],[114.82484436000004,30.576223373999994],[114.82085418800013,30.573671340000093],[114.81065368700001,30.59084510800011],[114.7857437130001,30.611871720000124],[114.77648162800018,30.616180420000088],[114.7712020880001,30.618640900000116],[114.77833557000007,30.62172508200001],[114.79185485900018,30.62757301300007],[114.80326843300021,30.628562927000132],[114.813941956,30.626110077000195],[114.82392120400006,30.63005065900012],[114.8317718520002,30.636045456000094],[114.83818054200005,30.643875122000054],[114.83547973600001,30.65648079000016],[114.83522033600025,30.657007218000043],[114.83031463600003,30.66720390300003],[114.82255554200003,30.667314530000002],[114.82021331800001,30.66734886200004],[114.80696105900006,30.66472053600017],[114.80210113600003,30.671092987999998],[114.80017852900016,30.676803590000187],[114.80218505800019,30.683200837000076],[114.79758453500028,30.688335418000065],[114.79558563100012,30.697906494000108],[114.79591369600017,30.699548721000156],[114.79199981800001,30.70626258800013],[114.80033111600007,30.717517853000118],[114.80447387700008,30.72039222799998],[114.80860137900004,30.723724366],[114.81322479300013,30.727991104000072],[114.81868743900021,30.73113441400011],[114.82494354200014,30.734300614000066],[114.82888793900008,30.73602104300005],[114.8487854010001,30.757734300000095],[114.85406494100005,30.76602935900013],[114.86351013200012,30.787073135000128],[114.86329650900008,30.787942886000057],[114.86338806100002,30.79253387600011],[114.86512756300012,30.795564653000156],[114.86794280900027,30.798627854000188],[114.87077331500018,30.80100441000019],[114.87364959700017,30.802463531000058],[114.8773345940001,30.80348777900008],[114.8808136,30.803131105000034],[114.88415527400015,30.799329757000123],[114.88610077000033,30.797321320000094],[114.88781738300021,30.794162750000055],[114.89006805400017,30.79101562500017],[114.89309692300003,30.78858184800015],[114.89543151800002,30.786077501000136],[114.90223693900009,30.782850265000093],[114.91991424500007,30.79527282700019],[114.92255401600005,30.793882369000073],[114.92347717400004,30.794733049000115],[114.92681884800017,30.797811508000166],[114.93156433100012,30.799093246000155],[114.93408203100012,30.79595565900018],[114.93582916300022,30.792106628000116],[114.93838501000005,30.787822723000147],[114.9398803700001,30.78350830100004],[114.94485473600014,30.781333924000137],[114.94529724100005,30.781141282000192],[114.9487533560001,30.781238556000062],[114.95213317900006,30.783401490000184],[114.95207977200006,30.784761429000127],[114.95205688600004,30.785463334000045],[114.95116424600008,30.78796005200002],[114.94995117200006,30.79182434000001],[114.9492645270001,30.79570388900015],[114.94886016800022,30.799358368000075],[114.95145416300022,30.80126762500004],[114.95203399700006,30.801252365000042],[114.95275116100005,30.803756714000034],[114.96293640100009,30.807170869000174],[114.98040008600003,30.81906318700004],[114.98408508400007,30.827945710000165],[114.98287963800021,30.83781242500004],[114.98634338500005,30.85696411200007],[114.99578857500012,30.860565186000144],[114.9961929320001,30.860410691000027],[114.99736022900026,30.861961364000024],[115.00128936800003,30.863679886999993],[115.00450897100008,30.863080979000188],[115.00832367000011,30.860895157000186],[115.01211547800018,30.859167098000114],[115.0162124640002,30.856531142000104],[115.0208587650002,30.85345268300006],[115.02140045200008,30.85296249499999],[115.02616119300014,30.852989196000184],[115.04252624500009,30.861955644000087],[115.04264831600028,30.862085342000174],[115.04520416300011,30.86491012499999],[115.04884338400007,30.86753082300015],[115.0509796140001,30.86852645900007],[115.05286407500012,30.87015914900019],[115.06043243400006,30.877195358000165],[115.07062530400003,30.893913269000052],[115.0676879890001,30.89690017700013],[115.06758117700008,30.897005081000092],[115.06448364200004,30.898233414],[115.06124878000027,30.899290086000065],[115.05824279900013,30.901271821000137],[115.05577087300026,30.903266907000045],[115.05324554500021,30.906635284999997],[115.04942321800003,30.90905189600005],[115.0461502070001,30.911022185999972],[115.04238128600002,30.912063599000078],[115.0396652210003,30.913366318000158],[115.03591156000017,30.913948060000163],[115.03295898400008,30.91455268900018],[115.02919769300001,30.915363312000185],[115.02591705400005,30.917566300000036],[115.02311706600005,30.920930862000034],[115.02223205600002,30.921819687000152],[115.01271057100007,30.92450714200004],[115.00527954200017,30.929992677000143],[115.00005340500003,30.938301086000024],[114.99281311100013,30.95608711200009],[114.99207305900018,30.956821442000088],[114.99082946800002,30.956937790000154],[114.98860168500018,30.95939636200018],[114.98850250300018,30.960336686000176],[114.98525238100002,30.963537216000137],[114.98394775500003,30.97158432100008],[114.98387145900028,30.971643449000165],[114.98110962000011,30.97408676100002],[114.97834777800006,30.976531983000033],[114.97770691000017,30.979494094000074],[114.97788238600025,30.981792450000174],[114.97888946600027,30.983425141000172],[114.98119354300003,30.986013412000148],[114.98159027200008,30.986089706000087],[114.98055267300015,30.992477417000035],[114.97079467900016,31.019565581999984],[114.96609497100009,31.019208908000167],[114.96748352100006,31.016580582000135],[114.96813201900012,31.01361656300008],[114.97009277300016,31.011150360000048],[114.97129058900009,31.007745742999983],[114.97116851900013,31.00407409600007],[114.97075653200012,31.000850677000074],[114.97057342600021,30.99855232200008],[114.96958160400006,30.99669075000003],[114.96751403800022,30.99479675399999],[114.96413421700005,30.992637635000165],[114.96022796600006,30.990003586000057],[114.95546722300003,30.98895073000017],[114.9524993890002,30.98978424100017],[114.9497756960002,30.99131202800015],[114.9470291130002,30.993297576000145],[114.94477081200012,30.99611282300009],[114.93260192900006,31.002645494000145],[114.91832733200012,31.000345231000153],[114.91747284000007,30.99864196900012],[114.9173202510002,30.99565505900006],[114.91475677500034,30.993059160000147],[114.91205596900035,30.99389839200012],[114.90985107300004,30.995666504000045],[114.90869903600013,30.997930528000158],[114.90827178900008,30.998306275000065],[114.90039062500011,30.995574950000105],[114.89040374700028,30.99472236700018],[114.88117217900015,31.000228883000148],[114.87412261900023,31.00231170600006],[114.87303924600019,31.00240135200005],[114.86806488000002,31.00225448600014],[114.86062622100006,30.99908828700006],[114.85277557400026,30.992120743000047],[114.85354614200001,30.988325120000127],[114.85578155500001,30.986534119000172],[114.85959625300019,30.984582900000078],[114.86254119900013,30.984209060000072],[114.86657714800005,30.98340797500015],[114.87037658600015,30.981683732000196],[114.87311553900018,30.97993087700001],[114.87430572500011,30.97675514300016],[114.87441253700001,30.97400856000002],[114.87378692600022,30.969633102000046],[114.87319946300022,30.964113236000173],[114.87144470300018,30.96130752700014],[114.86842346200002,30.95663452299999],[114.86486816500008,30.95217514100017],[114.85914611700002,30.948337553999977],[114.85485839900002,30.948902131000068],[114.85172271700024,30.949312210000187],[114.84728240900007,30.94707107500011],[114.82900238000003,30.951652527000082],[114.82678222600019,30.95082855300012],[114.8227996840002,30.95025253400019],[114.81823730500027,30.951034546000017],[114.81283569400034,30.95270919900014],[114.8084335330002,30.956020356000067],[114.80796813900008,30.95639610400008],[114.80494690000013,30.957574845000185],[114.80385589600007,30.959640504000106],[114.80155944800015,30.961318970000093],[114.79957580600012,30.96423912200015],[114.79835510300006,30.96810150300007],[114.79763794000019,30.972669602000114],[114.79801941000018,30.97657585200017],[114.79891967700009,30.980730057000073],[114.79985046400009,30.98419570900012],[114.79969787600011,30.987863541000028],[114.79941558800023,30.989393235000133],[114.7846908580001,31.003330231000067],[114.78352355900006,31.003694535000193],[114.78202056800014,31.00292968700012],[114.78056335500003,30.99944686900011],[114.77989196800003,30.996217728000147],[114.77953338600003,30.99184990000009],[114.7787017820001,30.985862732000104],[114.77712249800004,30.978708267000115],[114.77339172400026,30.971944809999968],[114.77166748000002,30.968456269000114],[114.77146911600016,30.966615678000096],[114.76996612600033,30.9642772680001],[114.76549530100033,30.962766648000127],[114.76306915300019,30.96338272200012],[114.76140594500022,30.96493721000013],[114.76075744700007,30.96767044000018],[114.7609176640002,30.970424652000133],[114.76107788100023,30.972953797000063],[114.76042175300019,30.976144790000035],[114.7600250250001,30.979343415000127],[114.7588043200002,30.983203888000048],[114.75759887600007,30.986606598000037],[114.75531005900017,30.99043846199999],[114.74969482300003,30.990726471000134],[114.74334716800001,30.989387513000167],[114.74014282300004,30.98929214600003],[114.73696899400021,30.98873901500019],[114.7351379390002,30.987766267000158],[114.73280334400033,30.9860935210001],[114.72938537600031,30.98484039200008],[114.72545623700024,30.983118057000127],[114.72177887000032,30.981630326000076],[114.71831512500034,30.981527329000134],[114.71598053100014,30.981185913000157],[114.71434020900006,30.98094558700018],[114.710350037,30.980594636000145],[114.70809936400019,30.97974205100007],[114.70641327000008,30.979099273000145],[114.70191955500002,30.978046417000083],[114.69912719600018,30.974523544000192],[114.69736480600021,30.971946716000165],[114.69616699200004,30.968700409000064],[114.69546508700013,30.966157914000068],[114.69506835900017,30.96293449300009],[114.69496154800015,30.95903205800005],[114.69505310000012,30.956741333000142],[114.69706726000027,30.953134537000153],[114.6982650760001,30.94996261500006],[114.70079040400014,30.946825028000095],[114.7022476200001,30.943891526000183],[114.69802093400016,30.94284439200004],[114.69559478800011,30.943456650000087],[114.6936874390001,30.94454956100003],[114.6926803590003,30.94523620600006],[114.67021179100004,30.945123673000072],[114.6681976320001,30.945577622000087],[114.66752624500019,30.945123673000072],[114.66201019200004,30.943119050000064],[114.65752410900008,30.941835404000074],[114.65278625500015,30.94031334000005],[114.6477661140001,30.939241410000193],[114.6424713140001,30.93838882500006],[114.63636779800026,30.937616349000113],[114.6303405760002,30.934167863000084],[114.62020874100006,30.930622101000157],[114.609092712,30.93173217800006],[114.59012603800011,30.94575691300008],[114.58635711700015,30.954597473000035],[114.586349487,30.96483421400018],[114.58403015100032,30.969404220999994],[114.58355712800017,30.969583511999986],[114.57923126300011,30.970823288000076],[114.57622528000002,30.972560882000156],[114.57239532500012,30.974735261000035],[114.5688705450001,30.976228714000058],[114.5660934450002,30.978664398000152],[114.56394195600012,30.980169296000152],[114.56172943000001,30.980987549000076],[114.54248809900002,30.99032592899999],[114.50666809000006,31.014795303000085],[114.49855804500021,31.021587372000113],[114.49401855500014,31.030151368000134],[114.49652862500011,31.049621583000036],[114.51545715400016,31.0829906460001],[114.52197265700022,31.101055145000036],[114.51976013100013,31.120782852000104],[114.51432037400025,31.129009248000102],[114.50557708700012,31.13559341400003],[114.49550628700013,31.139328004000163],[114.47747802700007,31.15138626100014],[114.46746063300009,31.155250550000062],[114.45003509600008,31.168743135000113],[114.44445037700007,31.176935196000162],[114.44618225100021,31.19674491900008],[114.43972015300005,31.20468139600013],[114.40280914300013,31.22733497600007],[114.39682769800015,31.23546218900009],[114.39897155800008,31.244939805000175],[114.40052032400001,31.247081756],[114.4005661010001,31.248771667000142],[114.40114593500016,31.253835677000097],[114.40282440200019,31.25824737600016],[114.40449524000007,31.262886048000098],[114.40563964900002,31.26727867200009],[114.40705108700001,31.271684646000153],[114.40849304200003,31.275398255000027],[114.41043853800011,31.27981948900009],[114.41318512000021,31.28426361100009],[114.4177856450001,31.28923034800005],[114.4221496570002,31.293497086000116],[114.42524719200003,31.29812240700011],[114.42591857900027,31.299123764000118],[114.42861938500005,31.304714204000103],[114.43188476600017,31.30963325400012],[114.43495941200001,31.31271553100015],[114.43753051800013,31.315090180000087],[114.43982696500018,31.317686081000033],[114.44049072200006,31.320917130000115],[114.4413986210002,31.32461547900016],[114.4417877200001,31.328067780000083],[114.44136810300017,31.33149528600012],[114.44041442800017,31.33490181100018],[114.43948364200025,31.33785247900005],[114.4380340570001,31.34032631000002],[114.43602752700019,31.343473435000078],[114.43323516900013,31.346134187000185],[114.43015289200002,31.34924507100015],[114.4268569950001,31.350973129000124],[114.42350006100003,31.354303360000078],[114.42227172800006,31.357934951999997],[114.42258453300009,31.36298751900017],[114.42382049500009,31.36532020599998],[114.42584991500009,31.367906570000116],[114.4273452760001,31.370479583000133],[114.42777252300004,31.3730144490001],[114.42897033700001,31.376262664000137],[114.42989349300001,31.379503251000134],[114.43134307800018,31.38321685700009],[114.43441772500023,31.386299134000126],[114.43732452300003,31.38730621400015],[114.43972015300005,31.387615204000156],[114.44264221200012,31.388168334000056],[114.44473266600005,31.38938140900018],[114.44651794400033,31.391502381000127],[114.44799041800013,31.394531249999996],[114.44896697900003,31.39685440100016],[114.44941711500019,31.398702621000098],[114.44983673200011,31.40146637000009],[114.44911956800013,31.405569077000163],[114.44868469300013,31.40945625400019],[114.44773101800003,31.41286277900002],[114.44841003500017,31.41563606400007],[114.45208740200019,31.417360307000024],[114.45503997800006,31.417228699000137],[114.45648193300008,31.414979936000183],[114.45873260400003,31.412530899000107],[114.46070098900009,31.41030120900018],[114.46376037700009,31.407875060000094],[114.46835327200006,31.40687561100009],[114.47235870300017,31.407234193000082],[114.4747009270003,31.40891265900007],[114.47620391800001,31.411254883000026],[114.47713470400015,31.414493561000143],[114.47690582300015,31.419761657000095],[114.47642517100019,31.424789428000167],[114.47572326700015,31.428661347000173],[114.47531127900004,31.431859969000133],[114.47544097900006,31.435075760000018],[114.4753265390002,31.437822341000185],[114.4761962900003,31.442436218000125],[114.47742462200017,31.444997787000037],[114.47836303600002,31.44800758300005],[114.48033905100033,31.45196533100011],[114.48128509600019,31.45497703500007],[114.48271179200015,31.45915031500004],[114.48361969000007,31.46284866400009],[114.48429870700022,31.465850830000136],[114.48633575500003,31.468206405000103],[114.48877716200013,31.46759986900003],[114.49072265600012,31.466056824000134],[114.4932098390002,31.46429824900002],[114.49597167900004,31.462553025000034],[114.49975585900017,31.461755753000144],[114.50322723400006,31.462095261000176],[114.50664520200007,31.46357727000014],[114.50816345300007,31.465694427000074],[114.50934600800008,31.469396591000194],[114.50921630900007,31.47237396300011],[114.5082473760001,31.4762382510001],[114.50695800900007,31.481243133000135],[114.50605773900008,31.483507157000073],[114.50485229500032,31.48667907800007],[114.50363922100018,31.489849091000053],[114.50158691400009,31.49391174400006],[114.49954223600002,31.497743607000135],[114.49831390400016,31.50137329100005],[114.49788665800031,31.50502776999997],[114.49799346900022,31.508928298000114],[114.49732208200032,31.511888504000126],[114.4976806640002,31.516025543000186],[114.49839019700018,31.518344879000097],[114.49960327200006,31.52135849000013],[114.5019226080001,31.52349662800009],[114.50502777100007,31.52611541800007],[114.50730133000002,31.529397965000154],[114.50881195100021,31.531738282000052],[114.51032257100019,31.53407859900017],[114.5112991320002,31.53617668200013],[114.51303863600005,31.53944015500008],[114.51366424600019,31.54358482400005],[114.51408386300011,31.546348572000117],[114.51445007300005,31.550258637000073],[114.514266969,31.55460739100016],[114.51654052800006,31.557889938000073],[114.5202941890001,31.558008195000184],[114.52405548000002,31.557897567999987],[114.52866363600003,31.55689430300004],[114.53379821900013,31.55591011000007],[114.53893280000011,31.555156707000155],[114.54296875100022,31.554826736000113],[114.54776001000006,31.555889131000185],[114.55160522400001,31.560138703000064],[114.55729675300017,31.558713913000133],[114.56465149000019,31.556192398000125],[114.56781005800008,31.557666778999987],[114.57101440500003,31.557996750000033],[114.5754470830002,31.56111335800017],[114.5798950190001,31.563772203000156],[114.58221435500003,31.566139221000075],[114.58641052200005,31.568330764000105],[114.59212493900009,31.572864532000093],[114.5986022950001,31.57833862300015],[114.60402679500021,31.58354950000006],[114.60684967000009,31.586618424000164],[114.61049652100007,31.589250564000167],[114.61339569100016,31.590488435000168],[114.61737060500002,31.591754914000035],[114.62034606900022,31.591159821000133],[114.62275695800032,31.591234207000074],[114.62986755300007,31.58824348500002],[114.63374328700013,31.58538246100011],[114.63957214300014,31.580747604000067],[114.64344787700031,31.57788467400013],[114.64625549400023,31.574989319000107],[114.64874267500022,31.57323265100007],[114.65076446500018,31.569858551000152],[114.65250396700003,31.566703798000162],[114.65399169900002,31.563308716000105],[114.65491485700021,31.56035423300017],[114.656097412,31.55787086400011],[114.65750885100022,31.55607986500013],[114.65953064000009,31.5527019490001],[114.66316223100013,31.549146653000093],[114.66559600800007,31.548761367000168],[114.66882324100004,31.548629761000143],[114.67385864200003,31.55016136300003],[114.67677307100006,31.550935746000054],[114.68134307800005,31.550844192000113],[114.68596649200005,31.549379349000162],[114.68865966800026,31.549003601000148],[114.69252014200028,31.54659843500008],[114.69184875500001,31.543369294000176],[114.69199371400008,31.539705278000042],[114.69051361000014,31.53667831400009],[114.68954467700019,31.53412818900017],[114.69068145800018,31.532558441000162],[114.69366455000012,31.53173446700003],[114.69829559200015,31.530040742000097],[114.70182800300007,31.529001236000113],[114.70614624000007,31.528442383000137],[114.71266937300004,31.526348114000143],[114.71623230000023,31.524389267000117],[114.71897125300006,31.523099900000147],[114.72273254500011,31.52298164400014],[114.72804260300018,31.524288178000063],[114.7357864390002,31.525209426000064],[114.7413558950002,31.5267524730001],[114.74453735400004,31.527761460000196],[114.74718475300006,31.52852821400001],[114.75067138700001,31.52863121100012],[114.7555542,31.5271720880001],[114.75879669200003,31.526582718000157],[114.76504516500006,31.52470588700004],[114.76828002900005,31.52434348999998],[114.77024078400018,31.52233695900014],[114.77246856800025,31.52034378100007],[114.77446746900023,31.517192840000067],[114.77383422900004,31.513046266000178],[114.77301788400007,31.50660324100005],[114.77369690000013,31.503185272000113],[114.77653503400005,31.49914169400006],[114.77721405000011,31.495725632000187],[114.77760314900013,31.49275589000018],[114.77851867600008,31.49003219500014],[114.77967834500022,31.487773895000146],[114.78218078600003,31.485557556000177],[114.7846908580001,31.483108521000137],[114.78850555400004,31.48161888100015],[114.79205322300005,31.480117798000038],[114.79503631500017,31.479288102000112],[114.79825592100006,31.47915268000014],[114.80389404300011,31.47909355200005],[114.81036376900023,31.478134155000134],[114.8131103520002,31.476610184000094],[114.8169631950002,31.47397422800009],[114.82196044900012,31.469764710000163],[114.82478332400001,31.46618080200011],[114.82753753600001,31.46442604000003],[114.83003234800005,31.462205885999992],[114.83217620800006,31.462270737000157],[114.83515167300015,31.461671829000128],[114.8380661020002,31.46244239700013],[114.84174346900022,31.464382171000068],[114.84297180200019,31.467168809000043],[114.84391021800002,31.470638276000155],[114.84485626200012,31.473873138000098],[114.84578704800003,31.477340698000145],[114.84786224300024,31.479234696000166],[114.85181427100021,31.48095131000008],[114.85767364500009,31.482038498000176],[114.86360168600004,31.481296540000073],[114.8677444450001,31.478206635999978],[114.87270355200008,31.474685669000106],[114.8765106210001,31.473417282000014],[114.8815994270001,31.473562241000025],[114.88716125500002,31.47533035400005],[114.89379119800005,31.47712516800004],[114.90174102800017,31.47964477600016],[114.90733337500001,31.48049354600005],[114.9110488890002,31.481517791000158],[114.91400146500007,31.481372834000126],[114.91885376000015,31.48082542400016],[114.92342376700002,31.48049736100012],[114.92929840200007,31.48112297000006],[114.93622589100016,31.482238770000038],[114.94066619900002,31.485343933000024],[114.94406127900014,31.48773384200012],[114.94800567600011,31.489677429000093],[114.95613098200022,31.494495392000033],[114.9600372320001,31.49758529700017],[114.96372223000004,31.499292374000106],[114.96772003200022,31.500093461000006],[114.97147369300001,31.499969483000086],[114.97339630100011,31.498878480000144],[114.97454834000007,31.496849060000105],[114.97568512000021,31.495046615000092],[114.9760665890001,31.492076874000134],[114.9782791140001,31.488298416000134],[114.979492187,31.484828949000192],[114.98234558000024,31.478689194000143],[114.98463440000012,31.47596359300013],[114.98764038099999,31.473737717000176],[114.99559021100005,31.471910476000062],[114.99990081800026,31.472368240000097],[115.00185394200001,31.47499847300003],[115.00222778400006,31.480846405000193],[115.00131988400005,31.486816407000163],[115.00033569300011,31.49222946300006],[115.00057983400029,31.496969223000175],[115.00038909800016,31.501241684999968],[115.00521850700011,31.508253099000115],[115.0069046010002,31.51334190500017],[115.00919342100009,31.516616821000074],[115.01142120300017,31.521490097000086],[115.01291656500007,31.524513246000026],[115.01685333200011,31.526916504000102],[115.0204010010001,31.52518081700009],[115.02338409300023,31.52434539800015],[115.02910614100007,31.52198410000017],[115.03298187300015,31.51888275200008],[115.03932190000025,31.514245987000038],[115.04586029100005,31.511674882000193],[115.04965209900026,31.510635376000153],[115.05345153700023,31.509363176000075],[115.05908203100013,31.509519578000038],[115.06391906700013,31.509193420000035],[115.06927490300005,31.509340287000047],[115.07305908100022,31.50875663800014],[115.08051300000011,31.510107041000083],[115.08922576900022,31.513782501000037],[115.09394836500017,31.516662598000043],[115.09944915700022,31.520248412999994],[115.10256195100021,31.523088456000096],[115.10460662900005,31.525894165000125],[115.10452270500026,31.528182983000136],[115.10443115300018,31.530704498000148],[115.10481262100005,31.534839630000192],[115.10324096700005,31.540985108000083],[115.10146331700003,31.545518875000145],[115.1002502450001,31.549385071000078],[115.09932708700023,31.55256652800017],[115.09976196200012,31.55533027700011],[115.10151672400012,31.558586120000143],[115.1027374270002,31.561830522000154],[115.10529327400003,31.565336229000085],[115.10759735200021,31.568378449000082],[115.11018371600017,31.570970535000132],[115.11456298800012,31.575906754000076],[115.11907196000016,31.5774002070001],[115.12081146300011,31.581113816000137],[115.11979675300019,31.586816788000025],[115.1187973020002,31.592061996000044],[115.11923980700011,31.594596863000103],[115.1194229130001,31.59712219300013],[115.12123870800019,31.598775863000185],[115.1233215330001,31.600435256000083],[115.12485504100015,31.60254287700013],[115.12773895300006,31.6044521340001],[115.13275146500017,31.606878280000103],[115.13810729900014,31.607252121000048],[115.14402008100001,31.606954574000042],[115.15155029400013,31.606697082000043],[115.15668487500011,31.605686187000174],[115.16217040900017,31.602626801000156],[115.16681671200013,31.600231171000193],[115.16883850100034,31.596385956000063],[115.1716079710002,31.593940734000057],[115.17337036100014,31.589860916000195],[115.17459106400018,31.585767746000105],[115.17450714200017,31.58072471700018],[115.1770935060001,31.57598114000018],[115.18045806900021,31.571941376000098],[115.18457794200013,31.569303512000147],[115.18846130400004,31.565969468000166],[115.19231414900013,31.563318252000162],[115.19856262200005,31.56096458400009],[115.2061767580002,31.55818557800001],[115.21537017900016,31.55636978100017],[115.22420501600004,31.556827545000036],[115.22741699200027,31.557138442000053],[115.22987365700023,31.55583190900006],[115.22996521100016,31.553312303000155],[115.22766876300024,31.550041199000187],[115.22669983000003,31.547037124000042],[115.22502899200003,31.54126358100012],[115.21994781400008,31.533336639000083],[115.21678161600016,31.52431488100001],[115.21514129600008,31.517854691000025],[115.2123489380002,31.513423919000047],[115.21059417800006,31.509937288000117],[115.21028137100008,31.503744125000082],[115.21044921900013,31.499164581000063],[115.21067047200005,31.492979050000145],[115.21094513000004,31.48519516100015],[115.21088409400012,31.47946167000009],[115.21023559600006,31.475090027000135],[115.20992279100007,31.46889305200017],[115.20956421000015,31.463840485000166],[115.20818328800009,31.457614899000195],[115.20696258500027,31.454143524000127],[115.20520782500023,31.45088768100015],[115.20237732000011,31.447603227000172],[115.20112609900002,31.445049287000074],[115.20182037400004,31.44071388200007],[115.2045822140001,31.4384975430001],[115.20684814500011,31.435117722000143],[115.20912170400015,31.431505203000086],[115.21246337800005,31.427928925000174],[115.21525573700012,31.424793243000064],[115.21929931600005,31.423984528000176],[115.22711181700016,31.42281532300018],[115.2356109630001,31.425102235000054],[115.23883819600007,31.424726487000047],[115.24049377400014,31.423395157000186],[115.243812562,31.42050361700007],[115.24653625500027,31.419197083000142],[115.24877929700006,31.41627693200019],[115.2489166260001,31.41261291500013],[115.24798584000007,31.408464433000123],[115.2470626820002,31.404312133000072],[115.24715423600013,31.401792525000133],[115.24842071600018,31.396322251000132],[115.2501144400003,31.393848420000044],[115.2600402830001,31.393419265000148],[115.26738739000008,31.39773750300003],[115.27236938500005,31.400848389000032],[115.27742767300003,31.401666642000123],[115.28166198800024,31.403152466000165],[115.28514862100008,31.40301323000017],[115.28734588700003,31.401464462000096],[115.29008483800011,31.39970016500007],[115.29621124300024,31.39321136500013],[115.30128479000008,31.386007308000156],[115.30348205600014,31.384458543000168],[115.30692291200023,31.385463715000185],[115.31057739300002,31.388309479000103],[115.31369781500008,31.390911103000064],[115.31577300900005,31.39279937900017],[115.31836700400015,31.395387650000036],[115.32098388600014,31.397056581000186],[115.32469940200008,31.39807128900009],[115.32841491700026,31.399080276000177],[115.33528900100009,31.401779175000115],[115.33930206200021,31.401882172],[115.3441772450001,31.40040016200015],[115.34956359800016,31.399620056000064],[115.35537719700007,31.401832580000185],[115.36015319900015,31.403097154000193],[115.36437225400005,31.405038834999974],[115.36869811900034,31.404003144000175],[115.37248229900013,31.40295028700018],[115.37603759800002,31.400976182000193],[115.37959289500009,31.39877891600014],[115.38289642400015,31.396106721000084],[115.38430023300022,31.39431190500011],[115.38519287200008,31.39158248900003],[115.38392639300002,31.389486313000134],[115.38265991100002,31.38739204500007],[115.38059234700017,31.38504982100005],[115.37880706800001,31.38248252800003],[115.37699127300017,31.38083076500004],[115.37519073600026,31.378723144000162],[115.373641968,31.376850129000164],[115.37264251700005,31.374761581000033],[115.37245178300009,31.372465133999984],[115.37225341800026,31.37062645000009],[115.37232971200001,31.368335725000176],[115.37269592400027,31.365365983000174],[115.3744277950001,31.36174202100017],[115.37739562900003,31.353105546000105],[115.38187408400006,31.347488403000114],[115.38568115300006,31.34574890199997],[115.3897247320002,31.344934463000186],[115.39321899300023,31.34456443800002],[115.39645385700022,31.343957900000134],[115.3991470340002,31.343338013000107],[115.40183258000002,31.343173981000177],[115.40631103400017,31.345350265000153],[115.41079711900022,31.3472957620001],[115.41527557400013,31.34947013900012],[115.41735839900004,31.35112762400007],[115.41997528000013,31.353027345000104],[115.42208099300001,31.353994370000123],[115.42451477000021,31.353368759000144],[115.42884063700014,31.352100372000052],[115.43078613300008,31.35008621200006],[115.43354034500011,31.34763145500006],[115.43522643900017,31.345382690000065],[115.43639373900011,31.342430116],[115.437553406,31.339706421000187],[115.43820953400018,31.336288453000176],[115.43859100400027,31.332859040000187],[115.43905639600008,31.32691001900008],[115.43972015500005,31.323030472000028],[115.44066619900013,31.31869888400007],[115.44263458200021,31.315994262000117],[115.44509124700016,31.31445121800016],[115.44747161800001,31.315427781000036],[115.44982910100009,31.31686020000018],[115.45220947300004,31.317836761000084],[115.45568084800016,31.317922593000052],[115.45738220200008,31.315214158000064],[115.4574584960002,31.31292343100012],[115.4574584960002,31.304899215000034],[115.45663452200019,31.29731559700014],[115.4554595950002,31.292474748000075],[115.45372009300003,31.2885341650001],[115.45326995900008,31.286001207000144],[115.45393371600017,31.28212165800005],[115.4568252560001,31.275545120000178],[115.45905304000007,31.272848130000114],[115.46234131000006,31.270637512000178],[115.46586609000019,31.26911926300005],[115.47076416000006,31.26671981800007],[115.4784851070002,31.26782417300001],[115.48190307600011,31.26951217700008],[115.48587799000006,31.270757675000088],[115.48852539200004,31.271509170000172],[115.49198913600016,31.27205085800006],[115.49600982700021,31.271690369000165],[115.4992446890003,31.27108383300009],[115.50222015400006,31.27000808700007],[115.50575256400009,31.26848983900004],[115.50820922900004,31.266944886000037],[115.51065826400009,31.265628815000124],[115.51395416300022,31.262958527000137],[115.51673126100012,31.259811402000082],[115.52168274000006,31.255580902000137],[115.52475738500003,31.25152778600017],[115.52703857400003,31.247228623000183],[115.52876281700003,31.243600845000064],[115.53212738000013,31.238866806000146],[115.5332717890002,31.23637580900015],[115.53441619900002,31.234111785000042],[115.53477478100002,31.2313652040001],[115.5343475340003,31.22814750600014],[115.53414917000009,31.225851058000046],[115.53324127200005,31.221017837000094],[115.53415680000002,31.21736908100013],[115.53459930300005,31.212108612000183],[115.53443908600002,31.208665848000066],[115.53399658200023,31.205904006000026],[115.53490448000002,31.202718734000086],[115.53508758600003,31.196989061000185],[115.53546905400003,31.193559647000146],[115.53720855800009,31.189247131000172],[115.54086303700002,31.183834077000142],[115.54394531300011,31.17932129000019],[115.5459213260001,31.17616081200003],[115.54952240000036,31.172122956000067],[115.55207061700003,31.167829514000065],[115.55323028600004,31.16487503100012],[115.55437469500008,31.16260910000017],[115.55741119500021,31.159700394000026],[115.56013488700012,31.157932281000175],[115.56396484400022,31.155273438000165],[115.56805419900003,31.15284919700008],[115.57350921600016,31.149312974000114],[115.57649993900009,31.147550584000157],[115.58054351900012,31.146501542000014],[115.58267974900014,31.146547317000174],[115.58586120500014,31.147314073000192],[115.58899688700002,31.149452210999982],[115.59157562300004,31.152490616000136],[115.59308624400012,31.15527725100003],[115.59460449200016,31.158065797000003],[115.59558868400019,31.160610199000075],[115.5970306390002,31.16568946900003],[115.5969085700001,31.16958045900009],[115.59786224300014,31.1732711790001],[115.59857177800006,31.176040649000132],[115.60041046200003,31.17722892699999],[115.60491943300008,31.178251268000107],[115.60888671900011,31.179491043000155],[115.61286926300009,31.180273057000196],[115.6165618890001,31.181964874000073],[115.61945343000004,31.18340682900009],[115.6238861070002,31.18694877600018],[115.62668609600018,31.191370010000067],[115.62741089000008,31.193908691000047],[115.62940216100004,31.198539734000178],[115.6311569210003,31.20224762000015],[115.63320922900017,31.205045701000127],[115.63603973400006,31.208551407000133],[115.63838195900018,31.210439681000025],[115.6407470700002,31.211868286000026],[115.64526367100007,31.212661743000016],[115.65006256100015,31.213230134000074],[115.65435028000024,31.212873460000086],[115.65783691300021,31.212495805000174],[115.6607971190001,31.211875916000114],[115.66670989900001,31.210868836000092],[115.67288970900007,31.209863664000068],[115.68205261300021,31.20755386299999],[115.68663025000001,31.20628166100011],[115.69149017300003,31.204788209000128],[115.69554901000004,31.203277588000102],[115.69776153600013,31.200805665000132],[115.70191192600021,31.196317672000134],[115.70468902600008,31.192943574000022],[115.70991516100003,31.18802070600003],[115.71488189600005,31.183088302000158],[115.71652984600018,31.18151855600013],[115.71871948300007,31.179964066000082],[115.72036743100013,31.178396225000142],[115.72281646800002,31.176849365000063],[115.72505188000002,31.173690796000074],[115.72681427000022,31.168689727000128],[115.72825622500022,31.165054322000117],[115.7307891840003,31.160753250000084],[115.73274231000005,31.15827751200004],[115.73523712200007,31.15512466400014],[115.73850250300018,31.153135301000074],[115.7409515380002,31.15181541400005],[115.74366760300019,31.150272368999993],[115.74558258,31.148942947000137],[115.74753570600001,31.14623260500008],[115.75051879900003,31.144695283000036],[115.75313568100012,31.137647630000004],[115.7560119630001,31.130834581000048],[115.75775146500018,31.12628936800013],[115.75810241700003,31.12354660000017],[115.75873565600013,31.120353700000127],[115.76148986800013,31.117431640000124],[115.76476287900016,31.11521339400008],[115.7704010000002,31.11419487100011],[115.77333068800033,31.114490510000167],[115.7762298580001,31.115699769000116],[115.77882385200007,31.11828041000018],[115.78170013500018,31.120407105000027],[115.7840652460002,31.121833802000022],[115.7853088390001,31.12484169000004],[115.7871246340002,31.126718521000157],[115.78920745900007,31.1283645630001],[115.79263305700023,31.130046844000166],[115.79742431700015,31.130613328000095],[115.80087280300008,31.13137626600019],[115.80431365900017,31.132368088000195],[115.80802917600023,31.133138656000142],[115.8117980950002,31.13230323700003],[115.81475830100032,31.13145065200013],[115.81881713900009,31.12970924299998],[115.82150268500004,31.129308702000174],[115.82392120300018,31.12867546200016],[115.82686615100012,31.12850761400017],[115.82980346600004,31.128572465000104],[115.83245086800002,31.12932014500012],[115.83613586300021,31.131235122000025],[115.83926391700005,31.13382339600014],[115.84313201900034,31.138492585000055],[115.84781646800026,31.142719270000104],[115.85201263400018,31.145559311000113],[115.85781097400013,31.148208618000073],[115.86204528700011,31.149675369000196],[115.8641738890002,31.149948121000197],[115.86847686800014,31.148897171999973],[115.87174987700018,31.146675111000096],[115.8750228880001,31.144224168000054],[115.87758636500007,31.138778685999966],[115.8790283200001,31.135141373000067],[115.88132476800003,31.12969017000012],[115.88148498600015,31.124191285000165],[115.88159942600022,31.120069504000067],[115.88199615500002,31.115722657000045],[115.88237762500025,31.11160278400013],[115.88516235300007,31.107767105000107],[115.88766479500009,31.10438156100014],[115.89096069400011,31.1012401590001],[115.89801025500027,31.097497941000086],[115.90454101600015,31.093055725000053],[115.90866088900007,31.089242935000076],[115.91332245000001,31.08475685200006],[115.92069244300012,31.079183578000087],[115.92527771000015,31.07744789200018],[115.93015289300001,31.075029373000174],[115.93364715500014,31.07418632600013],[115.93559265100019,31.071475982000038],[115.9367675780003,31.06783485400007],[115.93717193500028,31.063026428000114],[115.9362030020003,31.05957031400015],[115.93579101500006,31.055204392000007],[115.93480682400002,31.05220603900017],[115.93354034500021,31.04965591400014],[115.93550872700018,31.04626083300013],[115.93740081800013,31.0453834540001],[115.94115447900026,31.04477691600005],[115.95094299300001,31.047729492000084],[115.9559783940001,31.04921150300004],[115.96053314200005,31.048618316000102],[115.96588897800017,31.047813416000107],[115.96913909800003,31.046049118000152],[115.9723434450002,31.04611587600016],[115.97529602100008,31.04548835700018],[115.97853851300009,31.04418182300009],[115.98317718600013,31.04037857000009],[115.98888397300004,31.036828995999997],[115.99395751900009,31.03670883300009],[115.99845886200013,31.03794479300007],[116.00141906800013,31.03685951200004],[116.00288391200013,31.032304764000116],[116.00353241000018,31.028192521000165],[116.00420379600008,31.023162843000193],[116.00483703600014,31.019508362000064],[116.0059814450002,31.01678085400016],[116.00788879400021,31.01521873600007],[116.0097885130001,31.014108659000154],[116.01246643100014,31.013704299999976],[116.01566314800004,31.013771058000035],[116.02176666200025,31.015041352000143],[116.02676391600016,31.017667770000173],[116.03154754700006,31.018451690000067],[116.03659820600012,31.01901245100015],[116.04011535600013,31.017250061000027],[116.0444793710002,31.013900757000155],[116.04698181100015,31.01005363400009],[116.04866790700034,31.00688171500008],[116.05037689200005,31.003017426000042],[116.053176881,30.998031616000162],[116.05605316100014,30.990297318000046],[116.05834960900006,30.98438072300019],[116.06060790900005,30.979843140000124],[116.06311798200022,30.97553634600013],[116.06506347600022,30.97282600400007],[116.0672683710003,30.970121385000027],[116.0692291260001,30.966491700000176],[116.06935882600021,30.961910248000155],[116.06810760500012,30.958675384000063],[116.06687927300004,30.95498275800003],[116.06473541300035,30.955167771000163],[116.06283569300001,30.95650482200006],[116.05959320100008,30.958045959000117],[116.05264282300004,30.958820343000017],[116.04917907600009,30.95875167900005],[116.04517364600031,30.958900452000023],[116.0409164440001,30.958583832000098],[116.0369262690001,30.958042144000046],[116.0337600710002,30.95706176800013],[116.02926635800009,30.95559883200019],[116.02529907200004,30.954368592000037],[116.02159118600002,30.953376770000038],[116.01708984500023,30.95236587500017],[116.01258087100017,30.951587677000077],[116.0096588140001,30.951066972000035],[116.00568389800003,30.95029830900012],[116.00116729700017,30.949516297000116],[115.99693298300008,30.948511125000042],[115.99350738500016,30.947067262000076],[115.99011230600001,30.944475173000058],[115.98404693600015,30.94205856300016],[115.97438812200016,30.93475151000013],[115.96620941100014,30.931598665000138],[115.95993041900022,30.92757034300007],[115.95632934500031,30.922910690000094],[115.95379638700001,30.918041229000153],[115.95257568400018,30.914119721000016],[115.94841003400006,30.91059494100006],[115.94339752200018,30.908884048000175],[115.93890380900007,30.907411576000015],[115.93601989800004,30.905748368000104],[115.9302902220003,30.901042938000156],[115.9263916020001,30.897520065000037],[115.92327880900007,30.894704819000026],[115.92070007300002,30.89167022600003],[115.91863250600012,30.889333724000153],[115.91123199500022,30.88734245300014],[115.90489196700004,30.885372161000195],[115.89590454100016,30.882886887000097],[115.88714599600006,30.881784440000047],[115.8789749150002,30.87862777800018],[115.87213134700004,30.87572669900004],[115.86794281100028,30.873115539000022],[115.86248779300013,30.86841201900006],[115.8570632940001,30.862560272000167],[115.85370635900006,30.858818054000153],[115.8500976570001,30.85461616500004],[115.84622955300016,30.850404740000045],[115.84262084900001,30.846202851000104],[115.83979797400015,30.84270095900007],[115.8377532960002,30.839673997000094],[115.83704376300021,30.836679459000095],[115.83876800600011,30.832359314000147],[115.84154510400003,30.828296662000067],[115.84324645900006,30.824893952000085],[115.84546661300008,30.821731567000032],[115.84874725400017,30.818824768000127],[115.85173034600007,30.81705475000001],[115.85447692800017,30.814132690000182],[115.85615539600008,30.811189652000053],[115.85570526000015,30.808429718000127],[115.85475158800011,30.804740905000187],[115.85403442400015,30.801742555000093],[115.85309600800008,30.797597886000062],[115.85243988,30.79253959600004],[115.85334777900005,30.788890838000157],[115.85555267300005,30.786186218000182],[115.85932159400012,30.784664153999984],[115.86176300100021,30.783113479000065],[115.86341857900005,30.78108787500014],[115.86193084700005,30.777385711000075],[115.8598632820001,30.77527618500011],[115.8572616580002,30.773157120000068],[115.85411834800016,30.771482467000116],[115.85073089700006,30.7691173560001],[115.84555816700005,30.763961792000032],[115.83634948800022,30.760322571000074],[115.82868957400022,30.75831985500014],[115.822906493,30.755899429000067],[115.81736755400016,30.7541713710001],[115.81151580900007,30.75404358000009],[115.80777740400015,30.75441932700016],[115.80319213900009,30.756608963000133],[115.79912567100007,30.75927162200009],[115.79534912200018,30.76079177800011],[115.79239654600008,30.761642456000175],[115.78733062800019,30.761989594000116],[115.78306579600007,30.762351989000134],[115.77941131500029,30.759977340000034],[115.77550506700005,30.757139207000133],[115.77295684800016,30.75318527200011],[115.77130889800003,30.746042252000112],[115.7693710320001,30.739807130000028],[115.7663421630002,30.734237671000077],[115.7621002190001,30.7249698650001],[115.75965881400009,30.717578888000105],[115.75769806000005,30.712030411000114],[115.75708007800006,30.70605850300018],[115.75628662100007,30.69709777900005],[115.75511932400002,30.69156837500015],[115.75499725300016,30.686750412000038],[115.75622558600014,30.681276322000087],[115.75876617500013,30.676519394000138],[115.76095581000017,30.67427635200016],[115.7684707650003,30.671924592000096],[115.77261352600034,30.6667442320001],[115.77613067600022,30.664760591000174],[115.7809600830002,30.66326141300016],[115.7857894890001,30.66176414500006],[115.7901153570001,30.659337997000023],[115.79395294100006,30.655527116000147],[115.79753112900018,30.65147972100016],[115.80056762600007,30.647649764000104],[115.80340576200011,30.64152145399999],[115.80462646400021,30.636047363000163],[115.80482482800005,30.62940025400019],[115.80359649600007,30.6259346010001],[115.80135345500003,30.621070861000195],[115.80044555600011,30.615776063000116],[115.80053711000005,30.61279869100014],[115.80175018400007,30.60755348300012],[115.8037567130001,30.60278129700015],[115.80681610200018,30.598033904000033],[115.80950927800006,30.596721650000173],[115.81270599300002,30.596559525000146],[115.81529235900008,30.598911285000046],[115.81815338100022,30.601036072000117],[115.81809997500012,30.60287284900011],[115.8180465700002,30.60470390400019],[115.81983184900002,30.607265471999995],[115.8210754400002,30.61004257200011],[115.82532501200001,30.61013793900008],[115.82988739000008,30.608631133000134],[115.83417510900017,30.60735130300009],[115.83794403000002,30.60559845099999],[115.84335327100018,30.602279663000047],[115.84607696600006,30.600046158000055],[115.849586486,30.598289491000116],[115.85282135000013,30.596525193000158],[115.85712432900006,30.594783784000075],[115.86250305100009,30.592378617000065],[115.86573028500014,30.591072083000146],[115.86845398000003,30.588838578000036],[115.8701095580001,30.586582185000115],[115.87239074700007,30.58135986299999],[115.8735809330001,30.576799394000094],[115.87400817800007,30.571308137000187],[115.87414550700011,30.56649589600005],[115.8742523190001,30.562828064000147],[115.87627410900006,30.55714035000005],[115.88117218100012,30.553121567000176],[115.88310241600003,30.550640106000113],[115.88608551100003,30.548410416000024],[115.89323425300017,30.539852143000076],[115.89683532700008,30.534656524000127],[115.89936065600023,30.529895784000075],[115.90184021000016,30.5267391210001],[115.905609131,30.524757386000147],[115.90750885000023,30.523420333000104],[115.90865325900019,30.520465851999976],[115.90872955200018,30.517946244000086],[115.90773773100011,30.515401840000038],[115.90677642800006,30.511941910000136],[115.90476989700005,30.507772446999983],[115.90040588400018,30.502632141000106],[115.89628601100003,30.498189926000183],[115.893218993,30.493995666999982],[115.89145660300017,30.490516663000108],[115.8897247320001,30.486356736000065],[115.88960266100003,30.481306077000056],[115.89207458400007,30.478380203000086],[115.89400482200006,30.475669860000096],[115.89678955000011,30.471145631000127],[115.89633941700005,30.46838569700003],[115.89433288500015,30.464214326000103],[115.89105987600011,30.458181381000028],[115.88980865500002,30.45540237500012],[115.89228057900016,30.45247650100015],[115.896331786,30.450040817000062],[115.90011596600017,30.447599412000102],[115.90361023000003,30.44607162599999],[115.9057846070001,30.444053651000104],[115.90796661400009,30.442037582000182],[115.91101074200027,30.437515260000115],[115.91241455000011,30.434795380000143],[115.91618347200018,30.432811737000062],[115.92121887200005,30.432918549000195],[115.92519378600014,30.433233262000044],[115.92943573000014,30.43309593300012],[115.93289947500011,30.432712555000023],[115.93691253800023,30.43141937200005],[115.93856048500002,30.429391862000156],[115.93914795000013,30.42733955300008],[115.9360580450001,30.424064637000185],[115.9298095700001,30.420034408000053],[115.92299652100017,30.417135240000164],[115.91958618100024,30.415689468999975],[115.91248321600006,30.41370010400016],[115.90857696500007,30.41132354800016],[115.9036483770001,30.407550811000192],[115.89868926900009,30.40469169700009],[115.89587402300026,30.401193618000097],[115.89354705800018,30.399080276000003],[115.88967895500004,30.395099640000183],[115.886566161,30.39273834200003],[115.88292694100016,30.390136720000047],[115.88035583500005,30.387559891000084],[115.87910461400018,30.385009767000152],[115.87950897300016,30.379974366000173],[115.88291168200011,30.3722515120001],[115.88626861500006,30.366134643000184],[115.89150238000013,30.35936927800003],[115.89589691100002,30.35396385200011],[115.90158081000003,30.349727631000118],[115.90511322000009,30.346595764000085],[115.9081192010002,30.34344673200013],[115.91004943900022,30.340736390000078],[115.91146087700008,30.337785722000152],[115.91183471800004,30.333898545000128],[115.91139984200015,30.330678941000034],[115.90937805200019,30.32696342500009],[115.90599822900003,30.32482910199997],[115.90186309800015,30.321302414000062],[115.89875793500016,30.318483352000044],[115.89775848300009,30.31639862200018],[115.89945221000016,30.312763214000142],[115.90428161600006,30.310804367000173],[115.90856933500015,30.30883407500005],[115.91313171400007,30.30686950800009],[115.91692352400014,30.303968430000054],[115.92110443200022,30.305894852000108],[115.92714691200014,30.307626724000045]]]},"properties":{"GID_2":"CHN.13.3_1","GID_0":"CHN","COUNTRY":"China","GID_1":"CHN.13_1","NAME_1":"Hubei","NL_NAME_1":"湖北","NAME_2":"Huanggang","VARNAME_2":"Huánggāng","NL_NAME_2":"黄冈市","TYPE_2":"Dìjíshì","ENGTYPE_2":"Prefecture City","CC_2":"NA","HASC_2":"NA","id":"421100","name":"黄冈市","NAME":"黄冈市","adcode":"421100","SOURCE":"GADM v4.1","GADM_GID":"CHN.13.3_1"}},{"type":"Feature","geometry":{"bbox":[114.5069351200001,29.51207733200016,115.50516509900024,30.32547760000017],"type":"Polygon","coordinates":[[[115.36718750100023,29.99247169500012],[115.37026214500008,29.987504960000134],[115.37200927700009,29.98273277400017],[115.37429046600005,29.977745056000117],[115.37814331000015,29.97303009000012],[115.38088989300014,29.96989059500015],[115.3852462770003,29.965873719000115],[115.39259338400007,29.95940971400006],[115.39878082400026,29.955898284000114],[115.4034957880001,29.952686311000036],[115.40536499000007,29.94849586500004],[115.405509949,29.944143296000107],[115.40458679100004,29.940219879000097],[115.40338134700018,29.93623542800003],[115.40172576900011,29.931245804000188],[115.40121460000023,29.925893783000106],[115.40179443300006,29.92223739700006],[115.40319824300012,29.919275283000164],[115.40641021700014,29.915372848000118],[115.41007232600022,29.91155433600017],[115.41378784200016,29.909404755000025],[115.41753387500012,29.907981873999972],[115.42156219400012,29.90578842100013],[115.42562103200011,29.90291214100017],[115.42862701500019,29.899776459000066],[115.43138885500004,29.89594841000019],[115.43313598600014,29.89163589500015],[115.4349746700002,29.886192323000046],[115.43777465900018,29.880266190000047],[115.44062805200006,29.87588119500009],[115.44335937500024,29.871765137000015],[115.44799041700004,29.867469788000168],[115.45159912100019,29.864431381000035],[115.45496368400016,29.861799240000096],[115.45854950000036,29.85978698800005],[115.4634780880001,29.857906342000092],[115.47364807200029,29.85424423300003],[115.48780059800015,29.849433900000182],[115.4947280880001,29.846618653000064],[115.50516509900024,29.841829299000096],[115.50292205900007,29.83787536600005],[115.50090789700005,29.8348426820001],[115.49786376900009,29.831096649000074],[115.49507904100004,29.827590942000143],[115.49146270700021,29.82520866500016],[115.48703002900005,29.82372284000002],[115.48184204100018,29.821071624000073],[115.47901916400009,29.818706513000055],[115.47750854500009,29.81660652200009],[115.47390747200006,29.81376457200014],[115.4711608880002,29.80910873300013],[115.47021484400011,29.805877687000134],[115.46957397400003,29.801273346000077],[115.46837616000005,29.79757309000019],[115.46820068400007,29.794815064000034],[115.46885681200001,29.790933609000145],[115.46894073400006,29.788414001000035],[115.46691894500032,29.785612107000016],[115.46443176300012,29.78119278000003],[115.46322631900011,29.777721405000136],[115.46154022200017,29.772865295000148],[115.46115112400015,29.76872634900019],[115.46234131000006,29.764625549000186],[115.46436309700005,29.759176254000067],[115.46498870900018,29.755979539000126],[115.46540069600006,29.751632690000122],[115.46575927700007,29.74866104100016],[115.46666717500011,29.745012284000154],[115.46517944300014,29.742225647000055],[115.4621124270002,29.739393234000094],[115.45748901500006,29.735607147000106],[115.45388031100015,29.73322677700014],[115.45026397700008,29.731071472000053],[115.44692230200006,29.72869491500018],[115.44277954100005,29.726297378000144],[115.43761444100006,29.723186492000142],[115.43399810900031,29.72103118900003],[115.43116760200017,29.71912574700013],[115.42913818400007,29.71678161700015],[115.42635345400004,29.71349907000007],[115.42175293000014,29.70925521900006],[115.41793060400006,29.705259324000057],[115.41435241600027,29.70195770200013],[115.41259765600023,29.699390412000124],[115.41109466600005,29.697059632000048],[115.40908813400006,29.694028855000173],[115.4070739750001,29.691221237000036],[115.40324401800024,29.68768501300019],[115.39859008800012,29.685043335000106],[115.39447784500008,29.68218612600003],[115.38983154200002,29.679317474000182],[115.38179779100007,29.675441742000146],[115.37584686200023,29.67230796800004],[115.3696670520003,29.668251038000108],[115.36287689200005,29.66669845500013],[115.35743713400007,29.664037705000055],[115.35306549100005,29.660942078000176],[115.34583282500012,29.656854629000122],[115.33802795400017,29.65435790900011],[115.3338241580001,29.654022216000158],[115.32888031100003,29.652286530000083],[115.32604217500023,29.650608062999993],[115.32138824500011,29.6481914530001],[115.31642150900007,29.647146226000192],[115.31096649200016,29.645168304000148],[115.30706024100014,29.643918990000145],[115.30317687900005,29.641984939999986],[115.30007171600006,29.640525818000075],[115.29673004200014,29.638145447000053],[115.29287719700005,29.635520934000056],[115.28980255200021,29.632915497000003],[115.2877960210003,29.63011169500004],[115.28344726500008,29.626558304000074],[115.27849578800011,29.62505149800012],[115.27535247800006,29.624738693999973],[115.27192688000014,29.624877930000142],[115.26872253400019,29.626167298000098],[115.26437377800005,29.630180359000008],[115.26158142000031,29.634923936000007],[115.2605896010001,29.640630723000125],[115.26203155600014,29.64456749000016],[115.26477813700002,29.64899635300009],[115.26463317800005,29.653121949000028],[115.26475524900013,29.657253265000065],[115.263313293,29.66088485800009],[115.26062774700006,29.662418367000043],[115.25691223100011,29.663238525000057],[115.25243377600022,29.663345338000052],[115.24562072700019,29.66247749400003],[115.23909759600019,29.66069984400002],[115.23255920500003,29.659606933000138],[115.22734832800008,29.65809059200018],[115.22344207800019,29.656839371000103],[115.21759796100001,29.658287048000094],[115.20910644600008,29.660354615000188],[115.20332336500007,29.65996932999997],[115.19624328600003,29.65931892400016],[115.18807220500015,29.65955543500013],[115.18358612000009,29.65989112900019],[115.17993164100018,29.659107209000183],[115.17498779200014,29.657363892000088],[115.17131042500021,29.657264710000053],[115.1678085330002,29.65946388300017],[115.16302490200007,29.66070747400016],[115.15959930400014,29.660844803000032],[115.1546020520001,29.660709382000103],[115.1498489390001,29.661037444999977],[115.14585876500006,29.66230583200007],[115.14104461700015,29.664464949999964],[115.13726806700014,29.66688346899997],[115.1323471070001,29.672025680000107],[115.13034820500012,29.67632675100009],[115.12646484300002,29.68172454900014],[115.12132263200021,29.685709001000134],[115.11674499500009,29.68856620700007],[115.1117324830001,29.688657761],[115.10809326200001,29.687408448000156],[115.1057739260001,29.685968399999982],[115.1039962780003,29.684312820000176],[115.10224151600006,29.681741715000154],[115.10131073000012,29.67850685100018],[115.1006088270001,29.67596244900017],[115.10045623700024,29.672977447000108],[115.10106658800022,29.670700073000148],[115.10250854600031,29.66729736300016],[115.10362243600014,29.6654987340001],[115.10635376100004,29.662820816000195],[115.10880279600008,29.6605930340001],[115.112304687,29.658397674000188],[115.11524963300019,29.65710449300019],[115.11788940400005,29.65671730000003],[115.12263488900032,29.656618117999983],[115.126312256,29.65671730000003],[115.12973785400014,29.65681457500017],[115.13265991100002,29.65597725000009],[115.13694000200009,29.654031754000076],[115.13784027100007,29.651073455000127],[115.13793945300004,29.648321151000175],[115.1374816900002,29.646249772000086],[115.13628387400001,29.643003465000167],[115.13478088300008,29.640899659000187],[115.1327819820001,29.637861251000118],[115.13134002700008,29.634153367000124],[115.13065338200022,29.63138008200008],[115.13180542100008,29.628431320000175],[115.13323211600004,29.625490189000118],[115.13414001500018,29.622072219000078],[115.1339416510001,29.62023353500018],[115.13300323500005,29.617225647000165],[115.13180542100008,29.61398124700014],[115.13066864000008,29.60890388400008],[115.12895965500002,29.60518646300005],[115.1282348640001,29.60333252100014],[115.12911224300001,29.601062774000187],[115.13048553400007,29.59949684100019],[115.13395690900006,29.597984315000133],[115.13740539600008,29.597164154000037],[115.14055633600003,29.59725189300008],[115.14423370400016,29.597578049000052],[115.14839935400005,29.598611832000074],[115.1515426640002,29.599157333000168],[115.15463256800012,29.600849152000077],[115.15751647900005,29.60115432800012],[115.16043090800008,29.600776673000038],[115.16362762500012,29.599489213000087],[115.16551971400008,29.598163606000128],[115.16720581000015,29.59499740500007],[115.16731262200028,29.59202194300008],[115.16634368900031,29.589700699000044],[115.16384887800007,29.58596229700015],[115.1597671510001,29.582410813000138],[115.15721130400027,29.580276490000188],[115.15550994900013,29.576330185000078],[115.15428161700005,29.574003219000076],[115.15283966200003,29.57006645200005],[115.1519241340002,29.566368104000105],[115.14972686800024,29.561494828000153],[115.14807128800011,29.55640220700002],[115.14716339100016,29.552478790000066],[115.14759826600014,29.547672272000057],[115.14788818400018,29.539424896000185],[115.14804840000009,29.535070420000125],[115.14791107100008,29.531398772999975],[115.14966583300009,29.52662849400008],[115.15195465000022,29.521417617000168],[115.15210724000008,29.517063141000108],[115.15035247800017,29.51472473100006],[115.14858245800008,29.51283836300013],[115.14491272000019,29.512508392000086],[115.14202880800032,29.51219749500007],[115.13756561300012,29.51207733200016],[115.13414764400011,29.51221275300008],[115.12994384900003,29.512096405000193],[115.12624359100016,29.51268196100017],[115.12092590400006,29.514368057000073],[115.1174392700001,29.516336442000124],[115.11078643900021,29.518445968000034],[115.10573577900004,29.52014160200002],[115.10226440400005,29.52165031500004],[115.09931182900004,29.523172379000016],[115.09558105400004,29.52467346200018],[115.09208679200005,29.526641847000064],[115.08839416500018,29.526998521000056],[115.08417510900017,29.527339935000104],[115.07970428500006,29.527446747000056],[115.07628631700004,29.527578354000187],[115.07286071900012,29.52771377500011],[115.06939697200018,29.528991700000063],[115.06770324700007,29.532154083000137],[115.0686340330002,29.53539085400018],[115.07013702400013,29.53749847400013],[115.07348632800006,29.539424896000185],[115.07711029100005,29.540903093000168],[115.08203887900017,29.542875290000037],[115.08537292500012,29.545032501000094],[115.0889358520003,29.54834365900012],[115.09065246500018,29.55183220000004],[115.09213256900024,29.554397583000082],[115.09334564200014,29.557182313000112],[115.09378814700005,29.559488296000044],[115.09317016600005,29.561994553000037],[115.09151458800034,29.56424331700009],[115.08938598600025,29.564872741000105],[115.08572387700006,29.564310075000094],[115.08103943000016,29.56303215000014],[115.07579803400007,29.562425614000066],[115.07055664100007,29.562051774000054],[115.0660934440002,29.561697007000074],[115.06035614000031,29.56038856600009],[115.05461883400004,29.559080123999994],[115.04862213100012,29.557762146000016],[115.04312896800013,29.556922913000164],[115.03871154900027,29.555419923000102],[115.03265380800008,29.555704117000175],[115.02867889400011,29.55651283200007],[115.02366638100011,29.557058335000136],[115.01864624100006,29.55760383600006],[115.01377868600015,29.561363221000196],[115.01074981600016,29.564949037000016],[115.00665283200009,29.568958283000146],[115.00390625000021,29.572092057000077],[115.00066375800033,29.574520111000083],[114.99589538500004,29.57530212500012],[114.99015045100009,29.574222564000028],[114.98651123000012,29.573202134000155],[114.98312377900004,29.57218551600005],[114.98029327400015,29.570499420000033],[114.97824096800015,29.5692920680001],[114.97566986000005,29.56761360200016],[114.97178650000001,29.565896989000123],[114.96587371800001,29.562284470000122],[114.96252441400021,29.560581207000155],[114.95838928200034,29.55862808300003],[114.95555877700019,29.556941987000133],[114.95252227800007,29.553871155000085],[114.94901275600013,29.549184799000106],[114.94451141400008,29.548326493000108],[114.94080352800029,29.55266571100015],[114.9376220700003,29.556774139000083],[114.93391418500005,29.56133842500009],[114.93070983800021,29.568201064999982],[114.9267272940002,29.574365616000136],[114.9245986940001,29.578023910000127],[114.92326354900003,29.580768586000033],[114.92035675000012,29.583734512000152],[114.91796875100022,29.586927414000172],[114.915321349,29.589437485000136],[114.91216278100012,29.589876174999976],[114.9074325570001,29.58961868300003],[114.9019012450002,29.59096336400017],[114.89951324400023,29.59461975199997],[114.89710998600015,29.59919166700018],[114.89734649700006,29.60263061500012],[114.8968124390001,29.604690552000136],[114.89546966600017,29.60812377999997],[114.89518737800007,29.610643388000085],[114.89541625900007,29.615459442000144],[114.8967056270002,29.619136811000036],[114.8987731940001,29.62350463900015],[114.90058898900031,29.627180100000032],[114.90240478400005,29.63040351900003],[114.90421295100009,29.634542466000084],[114.9044418340002,29.639358521000023],[114.90414428800023,29.644401550000115],[114.90173339800005,29.650806428000184],[114.90114593500006,29.658826829000077],[114.90085601900023,29.66272544900005],[114.90002441500019,29.668451310000133],[114.89947509700016,29.672115326000096],[114.89759826600003,29.676460267000152],[114.89391326900022,29.676897050000093],[114.88919067500012,29.675724030000026],[114.88235473700014,29.674537660000116],[114.87760162400004,29.67725944500018],[114.87441253700001,29.681138992000115],[114.87096405100033,29.68501472600013],[114.86644744900002,29.690721513000085],[114.86245727500012,29.69642829800017],[114.86006927500023,29.699625015000098],[114.85690307700008,29.700750351000124],[114.85295104900013,29.700956345000122],[114.8490066520002,29.700473785000153],[114.8432312010001,29.69883155800011],[114.83718109000019,29.699022292000052],[114.83374023400019,29.70129585400008],[114.8329238880001,29.70426941000005],[114.83238220300018,29.706787109000118],[114.83471679700006,29.711389542000123],[114.83626556500029,29.715068817000034],[114.83781433000011,29.718517303000056],[114.83884429800003,29.72150421100008],[114.83854675200018,29.72562980700002],[114.83668518000013,29.72836876000008],[114.834037781,29.72995948900018],[114.83035278300007,29.730623245000007],[114.8266601570001,29.730825425000035],[114.81954193100023,29.732387543000186],[114.81242370500011,29.734403610000072],[114.80583953900009,29.734361648000174],[114.80110931500006,29.733411789000172],[114.79690551800003,29.732238769000105],[114.79323577900006,29.730379104000182],[114.78852081300035,29.727827072000025],[114.78275299000019,29.725494385000047],[114.77590942400002,29.725677491000056],[114.77009582400002,29.727701188000083],[114.76560974100006,29.729736329000158],[114.76083374000007,29.733600617000146],[114.75658416800015,29.73815727300007],[114.75180816700015,29.74271011400009],[114.7478332510002,29.7454338070001],[114.74388122600033,29.74609565800006],[114.73883819700006,29.750642776000067],[114.73513031100002,29.753139496000074],[114.73062133700023,29.757005692000064],[114.72661590700011,29.76339912400005],[114.72473144600019,29.76750946100003],[114.72311401300021,29.772085191000087],[114.72202300900005,29.776203156000008],[114.7214431770002,29.78147316100007],[114.72243499800004,29.788129807000193],[114.72341918900008,29.796163559000146],[114.72364044200003,29.800979615000017],[114.72542572100018,29.807643890000122],[114.72801208500016,29.81247520400001],[114.72981262200017,29.817533493000155],[114.73160553000002,29.82304763900004],[114.73234558000013,29.82878494300007],[114.73072051900023,29.833358765000185],[114.72672271700003,29.838832856000067],[114.72115325800007,29.84291839500014],[114.71530914200002,29.847465516000057],[114.7102890020002,29.849031448999998],[114.7104949960002,29.85568428100015],[114.71331024100017,29.86441612200008],[114.71903991700016,29.87271118100017],[114.71952819700005,29.876613617000086],[114.7202835080001,29.880058288000104],[114.72077179000017,29.88441848700018],[114.72153472900015,29.888092042000093],[114.72438049200014,29.89407539500019],[114.72261047400002,29.900091172000092],[114.71733093200022,29.90074157700019],[114.71153259300014,29.90069961500006],[114.7049407960002,29.899734497000168],[114.70480346700003,29.89972114700015],[114.69677734400011,29.898988725000095],[114.68990325900006,29.90008544900007],[114.68354797400023,29.903247834000183],[114.67825317300014,29.905500413000084],[114.67813110300018,29.905542374000106],[114.67295837500012,29.907297133999975],[114.66741180500003,29.908170700000145],[114.6615905770001,29.9099617010001],[114.65657043400029,29.91061210700008],[114.65155029200002,29.91126060500011],[114.6465301510001,29.912826538000107],[114.64150238100012,29.914163589000168],[114.63644409100029,29.918481826000114],[114.63404083300021,29.92167282100007],[114.6297988900002,29.92416191200005],[114.62557220400004,29.924818040000165],[114.61898040800008,29.924306869000073],[114.61569976900022,29.923679352000136],[114.61397552600009,29.923349381000097],[114.61055755600013,29.92240333500013],[114.60607147300004,29.92259979400012],[114.6028900140002,29.924179078000062],[114.59864807000018,29.926208496000132],[114.5951843260001,29.92892837500017],[114.58988189700005,29.931640625000053],[114.58458709700005,29.93320274299998],[114.57798004200004,29.934524535000094],[114.57400512800018,29.935867310000106],[114.57031250000011,29.935836792000092],[114.56555938700023,29.936716080000167],[114.56237030000011,29.938293457000043],[114.55732727100019,29.94123268200013],[114.55202484100006,29.943479537000144],[114.54727172800017,29.943899155000057],[114.54384613000002,29.943639755000053],[114.53936767500012,29.943147659000036],[114.53697204500031,29.944499970000095],[114.53720855600011,29.947254182000105],[114.53839874200014,29.949157716000002],[114.53980255100022,29.95140266400011],[114.54294586200001,29.953723907000096],[114.54344177300004,29.956937790000154],[114.54156494100005,29.959445953000113],[114.53785705600012,29.961017609000123],[114.53372192300003,29.962968826000004],[114.53308105500003,29.963268280000133],[114.52723693900009,29.96689033400014],[114.52564239400022,29.969034195000123],[114.52401733300007,29.97121811000011],[114.52106475700009,29.975782394000078],[114.51732635500002,29.979644775],[114.51674652000008,29.98001480199997],[114.51200866800014,29.983037949000106],[114.5069351200001,29.985942840000007],[114.51108551000016,29.987909317000117],[114.51390838700001,29.98983573900017],[114.51799011300022,29.99317932100007],[114.51969909600018,29.994655610000052],[114.5219955440001,30.012889862000122],[114.52938079900002,30.02964401200012],[114.52875518800022,30.032289506000158],[114.5294494630001,30.03460693500011],[114.53206634500009,30.03537941100012],[114.5333480830003,30.034696579000073],[114.53633880600023,30.038225174000107],[114.53277587900004,30.056512834000106],[114.53590393000015,30.06556892300006],[114.54646301200023,30.06316757300016],[114.55326080300017,30.055091858000136],[114.56819915800008,30.04920768700009],[114.58940887500023,30.054288865000046],[114.600433349,30.054397582000092],[114.61106872500024,30.05216980000012],[114.6186981200002,30.04561042800009],[114.62254333500016,30.036825181000154],[114.63014984100016,30.02986717300018],[114.64027404800005,30.02654647900005],[114.65065765500005,30.027822495000123],[114.671134949,30.03408622800015],[114.67558288500015,30.042694092000037],[114.68448639000006,30.045841217000092],[114.69551849400023,30.04593849100013],[114.7224426260002,30.06212806700012],[114.7224502560001,30.071121215999998],[114.71770477400004,30.079576492000058],[114.71850585900017,30.099605561000033],[114.72307586600004,30.108125687000154],[114.72077941800025,30.117071152000165],[114.71257019100007,30.124246598000013],[114.71439361600017,30.13384056000018],[114.70727539000008,30.141469955000048],[114.69818115200007,30.147277832000157],[114.69039154000018,30.154655458000036],[114.6915512090003,30.164350510000194],[114.6980285650002,30.172201157000075],[114.70079803400007,30.181377409999985],[114.6967697130001,30.190172195000173],[114.6711196890002,30.210805894000085],[114.66404724200005,30.218406678000125],[114.65866089000008,30.2266235350001],[114.65103912300015,30.244251251000037],[114.65278625500015,30.253852843999997],[114.65762329100005,30.26228332600016],[114.66522216800013,30.269840240000125],[114.69649505500013,30.278217315000067],[114.70578765800008,30.28340530400004],[114.713386537,30.290924073000156],[114.7116699210002,30.29900169400014],[114.70632934600008,30.30724144000015],[114.70349121100004,30.316482544000056],[114.70842742900004,30.324680328000113],[114.71905517500012,30.32547760000017],[114.72850799500009,30.32083511500019],[114.73446655200006,30.312795638000186],[114.7444686880001,30.30898284900007],[114.75548553500006,30.307348251000178],[114.79901123100001,30.314899444000165],[114.80973815900029,30.315450668000096],[114.81967163000003,30.311496735000045],[114.83226776000005,30.285440446000052],[114.84107971300023,30.278970718000096],[114.8470306390002,30.27095985500017],[114.85244751000027,30.262750626000127],[114.85974121000014,30.24502372700005],[114.86690521300022,30.237462998000183],[114.87383270300018,30.238283157000065],[114.9026184090002,30.22470665000003],[114.92395782400001,30.220304489000057],[114.93389129700006,30.216524124000156],[114.94419098000027,30.215091705000194],[114.95479583700012,30.217569351000062],[114.9764709470003,30.213615418000185],[114.98714447000009,30.216016770000127],[114.9923858630001,30.222656249000128],[114.99259948800011,30.232557296000152],[115.00079345700011,30.238912583000115],[115.0103759760001,30.243787765000093],[115.01602172800006,30.26219177200005],[115.02616882300003,30.26559638900011],[115.03737640400004,30.266361237000126],[115.05915832500023,30.262876511000115],[115.06909179700007,30.25908470100012],[115.06994629000009,30.25456237899999],[115.07079315200018,30.254657746000195],[115.07094573900008,30.251039504000122],[115.07103729300002,30.249248504999965],[115.07122039700018,30.245870590000038],[115.07371520900017,30.240755082000078],[115.07662201000007,30.236633302000087],[115.08100891100003,30.231218338000016],[115.08446502800007,30.227106095000067],[115.08736419600031,30.223697663000113],[115.09085083000014,30.22067832900007],[115.09468078600014,30.21801567200009],[115.1034851070002,30.21364402700016],[115.1085510260002,30.21263694700014],[115.114952087,30.2114372260001],[115.11970519900002,30.210592269000074],[115.1258239760001,30.209777833000032],[115.13114166300024,30.209678651000157],[115.13457489100006,30.20988082800011],[115.1395339960003,30.210456848000153],[115.14569091700004,30.211181641000167],[115.15100860600012,30.212240219000027],[115.15494537300016,30.21419525300013],[115.16030120900008,30.217451095],[115.16233825700021,30.218694686000163],[115.16635894800004,30.220357894000134],[115.1697845460002,30.221714020000032],[115.17385864200016,30.222370148000152],[115.17864227300005,30.221656800000122],[115.18078613400007,30.220798492000142],[115.18345642100029,30.22018432600015],[115.18693542500023,30.219129562000095],[115.19068145800009,30.218082428000116],[115.19389343300018,30.21702385000009],[115.19683075000013,30.216415405000134],[115.20415496900013,30.216001510000073],[115.2065353400002,30.211400986999987],[115.20822906500005,30.208463668999965],[115.21072387700008,30.205320359000158],[115.21778106700015,30.198657990000186],[115.22171020400005,30.195667267000093],[115.2282485960002,30.189706803000036],[115.22844696000004,30.189554215000044],[115.22852325300003,30.18951416100009],[115.22937774600018,30.188871384000098],[115.23258972100005,30.18650627300008],[115.23271942200006,30.186357498000124],[115.23720550500002,30.182985305000102],[115.24555969200003,30.175796509000183],[115.25177764800004,30.16820335500006],[115.25383758500004,30.166309357000163],[115.25817108200009,30.163572310999996],[115.26143646300012,30.160825729000123],[115.26261901800001,30.157217025000133],[115.26999664400013,30.152313233000147],[115.27358245900007,30.14805030800011],[115.27688598700001,30.144466400000056],[115.28050994900002,30.139060975000177],[115.28499603200021,30.133277894000173],[115.28910064700007,30.128137588000133],[115.29307556100002,30.12313652100011],[115.29613494900002,30.119121553000074],[115.29863739100004,30.11541557400017],[115.30123138500018,30.111192704000132],[115.30818939200002,30.09922218300011],[115.3120574950001,30.09217262300018],[115.31381988500004,30.087251664000064],[115.31494903600014,30.083543778000095],[115.31658172700008,30.077217102000077],[115.317153931,30.073049546000046],[115.31730651900023,30.068696975000083],[115.31798553500029,30.06435966400011],[115.3178634650003,30.059991837000098],[115.31746673600026,30.05552482500019],[115.31741333100003,30.052700043000073],[115.3172531130001,30.048984528000005],[115.3176879890002,30.04650116000005],[115.31806182900004,30.04350662200011],[115.31912994400022,30.040191650999983],[115.32114410400004,30.036144257000164],[115.3239593500001,30.031381605999968],[115.32642364600008,30.028579712000123],[115.32923889200013,30.026260376000096],[115.33204650900016,30.023811341000055],[115.33486175600002,30.021490098000132],[115.33831024300014,30.01949882500009],[115.3417663570001,30.01750183100006],[115.34600830100021,30.01479148900017],[115.34900665400005,30.012710571000127],[115.35151672400013,30.010292053000057],[115.3541564950001,30.007728578000123],[115.35671997100006,30.005275726000036],[115.35973358200009,30.002140046000083],[115.36415100100032,29.996290207000076],[115.36718750100023,29.99247169500012]]]},"properties":{"GID_2":"CHN.13.4_1","GID_0":"CHN","COUNTRY":"China","GID_1":"CHN.13_1","NAME_1":"Hubei","NL_NAME_1":"湖北","NAME_2":"Huangshi","VARNAME_2":"Huángshí","NL_NAME_2":"黄石市","TYPE_2":"Dìjíshì","ENGTYPE_2":"Prefecture City","CC_2":"NA","HASC_2":"NA","id":"420200","name":"黄石市","NAME":"黄石市","adcode":"420200","SOURCE":"GADM v4.1","GADM_GID":"CHN.13.4_1"}},{"type":"Feature","geometry":{"bbox":[111.85195922800011,30.397068024000138,113.48594665500002,31.616407394000188],"type":"Polygon","coordinates":[[[112.59719085600011,30.693023683000092],[112.59304809700006,30.688564301000103],[112.58985138000003,30.683607102000167],[112.58734130900008,30.67795944200009],[112.5878067010002,30.672353744000077],[112.58902740600001,30.669111252000167],[112.59105682400013,30.66630935600017],[112.59655761600015,30.661390305000054],[112.59976959200014,30.65837478700013],[112.60225677600023,30.6556167600001],[112.60592651300021,30.652135849000107],[112.60841369700006,30.649168015000043],[112.6114501940001,30.647020340000044],[112.61302948100013,30.645191194000063],[112.61511993400018,30.6435394290001],[112.61901855400015,30.642627716000046],[112.62477874800015,30.64288139299998],[112.6290817250001,30.64366531500019],[112.63284301700025,30.64383888300017],[112.63614654600008,30.644691468000133],[112.6397171010001,30.645523072000174],[112.64427185000011,30.646289825000114],[112.64832305900018,30.646875383000065],[112.65287017800006,30.647640229000103],[112.65741729800004,30.648405075000145],[112.65793609700006,30.64864158600011],[112.662368775,30.650653840000135],[112.66735076900011,30.653327943000136],[112.67292022700019,30.65703964200003],[112.67845916700014,30.66032219000005],[112.68417358400018,30.662731171000136],[112.6902465820001,30.663822174000074],[112.69669342100019,30.66338157600006],[112.70250701900022,30.66168594400006],[112.70751190300008,30.659185410000138],[112.70963287300003,30.656930924000108],[112.7128829950002,30.65256309500012],[112.71444702100007,30.647932051999987],[112.71421814000007,30.64536285400004],[112.71401977500011,30.64322280900018],[112.71362304700017,30.64192009100003],[112.70513916000027,30.642822266000167],[112.69909667900028,30.644813539000154],[112.69464111300022,30.64675903300002],[112.6909408570001,30.647312164000024],[112.68541717500013,30.649055480000076],[112.6800613390002,30.648042680000117],[112.67579650900007,30.647920609000035],[112.67207336500007,30.64755821200015],[112.6682968130001,30.646503448000093],[112.66455841000028,30.64591026300013],[112.65946197400012,30.64443206800013],[112.65673828100012,30.642662048000034],[112.65653991700005,30.642539977000183],[112.65210723900009,30.639795304000188],[112.64777374400012,30.63715171700005],[112.64414978100001,30.632198335000172],[112.64375305300007,30.628307343000134],[112.64331054700007,30.62350082500012],[112.64160919200005,30.62033081100003],[112.64048004200004,30.618295669000076],[112.63787841800026,30.619966507000075],[112.6356124890001,30.623691559000125],[112.63301849500021,30.625589371000107],[112.63057708800012,30.624277114000165],[112.62811279300003,30.622043609000173],[112.6290283200002,30.617891312000097],[112.6321411140002,30.615520478000008],[112.63498687700019,30.613155365000182],[112.63619995100021,30.611845016000192],[112.63780212400002,30.6101036070001],[112.63903808700002,30.607318879000104],[112.63787841800026,30.604597092000006],[112.63616943300019,30.601198197000087],[112.63288879400022,30.59852790800005],[112.63176727400004,30.59805679300007],[112.6266937260001,30.59592628500019],[112.62364196800003,30.59256363000003],[112.62169647200005,30.590087892000152],[112.62000274700029,30.58714675900012],[112.61933136100015,30.58303451600011],[112.61971282900015,30.578668594000195],[112.61991119300001,30.575506211000118],[112.6200637830002,30.57315254300005],[112.6202163700001,30.570165634000087],[112.61482238700012,30.567548752999983],[112.61210632300015,30.566009521000183],[112.61170196600017,30.566045760000065],[112.6086730960002,30.566322326000034],[112.60491943300019,30.565498352000077],[112.60133361800001,30.561687469000166],[112.5993728630001,30.558521270000142],[112.59786224300001,30.553285600000155],[112.59928894000018,30.548429489999993],[112.60182952800005,30.544929506000134],[112.6026611320001,30.544294358000172],[112.6064910890002,30.54137229900005],[112.61112976100014,30.537357331000067],[112.61367034800016,30.533855439000035],[112.61512756400009,30.529918669999972],[112.61605835000012,30.525997161000138],[112.61488342300005,30.522584915999968],[112.61345672600021,30.520097732000067],[112.61224365200019,30.518621445000065],[112.60958862200006,30.515375138000138],[112.60655212400002,30.512010575000033],[112.60169219900003,30.509605408000027],[112.59818267800028,30.507625580000024],[112.59175872900016,30.50640869100016],[112.58994293100022,30.507829667000124],[112.5884780880001,30.511535646000087],[112.58711242600009,30.51822280900012],[112.58696746900023,30.521896362000067],[112.58386993400018,30.524496078000027],[112.58052826000005,30.52778816300003],[112.57874298100023,30.52966690100004],[112.57437133700023,30.52633285500002],[112.57154846200014,30.521354676000158],[112.56703186000006,30.513435365000134],[112.56478881800001,30.51004982100017],[112.56463623000002,30.50569343500013],[112.56477355900006,30.50156211900008],[112.5686111440001,30.497339248000173],[112.57053375200019,30.495933532000038],[112.57250213600003,30.49449157700019],[112.57668304500032,30.492326735999995],[112.57736206200013,30.48909759500009],[112.57778930700022,30.4858741760001],[112.57766723600014,30.482437135000055],[112.576766969,30.479246140000043],[112.57617950400015,30.477863313000114],[112.57504272500012,30.475160599000162],[112.5738296510001,30.47083282600011],[112.57362365700033,30.469997407000164],[112.57260131900011,30.46581649799998],[112.57187652500022,30.460327149000136],[112.571289062,30.457380296000114],[112.57124328500004,30.45713233900011],[112.57008361800013,30.453948975000113],[112.56754302900015,30.449420930000034],[112.56455993700001,30.447660446000047],[112.56336212100007,30.447126388000076],[112.55917358400029,30.44526863100009],[112.55303955000011,30.44449615500014],[112.54824829000017,30.444158554000182],[112.54453277600021,30.44401550200007],[112.53975677500023,30.444131852000112],[112.53439331100014,30.442195892000147],[112.52980041500007,30.440013885000155],[112.52622985800019,30.436199188000103],[112.52320098900009,30.433059693000132],[112.52139282200017,30.426452637000068],[112.52220916700014,30.424198151000038],[112.5238189700002,30.419740677000167],[112.52519989000007,30.416725158000133],[112.52604675200007,30.41486740100004],[112.52752685600001,30.411394119000022],[112.52716064400012,30.40842056400015],[112.5264663690001,30.403621674000078],[112.52503967300004,30.40043831000014],[112.52227783300009,30.397068024000138],[112.52133941700026,30.397270204000165],[112.51753234800015,30.398101808000092],[112.51000213600003,30.40286636400009],[112.50330352900016,30.408990861000177],[112.50026702900004,30.413423538000192],[112.49638366700026,30.416267394000105],[112.49169921800001,30.419134141000086],[112.48387146100005,30.42321968000016],[112.47709655800008,30.427049637000092],[112.47112274100004,30.430862428000125],[112.46721649100016,30.43347740300004],[112.46382141100003,30.434932709000066],[112.46095275900007,30.436149598000103],[112.45783233600002,30.438287736000063],[112.45305633500004,30.43862533700002],[112.44831085200008,30.439426422000164],[112.44331359800015,30.440690994000136],[112.4392929070001,30.43917846800008],[112.43659973100011,30.43809509200014],[112.43332672200017,30.4356460570001],[112.43221283000003,30.433612824000193],[112.4307632450001,30.42997550900003],[112.42935180600011,30.427482605000197],[112.42848205500013,30.425813674000036],[112.42794036800001,30.424764632999995],[112.42591095000012,30.424678803000177],[112.42447662300003,30.424613953000176],[112.42075347800007,30.42401123000013],[112.41783904900012,30.424083710000048],[112.41309356700003,30.424877168000023],[112.41075134200014,30.42654037500006],[112.40627288700023,30.42733192500015],[112.39884948700023,30.427730561000093],[112.39436340400006,30.4282951350001],[112.39143371700006,30.42813301000007],[112.38770294200003,30.42730140600003],[112.38184356700003,30.426746368000124],[112.37518310500003,30.425754547000054],[112.36488342300004,30.41910743699998],[112.35999298100012,30.415319441999998],[112.3548507700001,30.41222572300012],[112.3502426140001,30.40911865200013],[112.34619903500004,30.407144547000144],[112.33975982600009,30.40476608300003],[112.33405304000007,30.408798217000026],[112.32985687200018,30.41072654700008],[112.32463836700015,30.413366318000044],[112.32303619400022,30.41514205900017],[112.31976318300019,30.418752671000163],[112.31360626200012,30.42554473900009],[112.30906677200005,30.432987212999993],[112.30503082300015,30.439729691000082],[112.3023223880001,30.44337463400018],[112.30069732700008,30.445562362000146],[112.2990264890002,30.451793671000132],[112.29866027900005,30.456842423000072],[112.29871368400018,30.458679199000187],[112.30023193300008,30.461906433000028],[112.30042266900011,30.462310792000043],[112.30001068000003,30.46622276300013],[112.29824829000007,30.46946907000006],[112.29727172900016,30.47224235500011],[112.2965621940001,30.47501373200015],[112.29718017500022,30.47775268500004],[112.29538726900036,30.480085372000023],[112.29257965200009,30.483589172000052],[112.28811645500002,30.48529434200009],[112.28259277400002,30.486791611000058],[112.27471161000007,30.489490510000167],[112.26924133300008,30.493051530000116],[112.26750946000004,30.497217178000028],[112.2668533320001,30.5018215180001],[112.26109313900008,30.504241944000174],[112.25739288300008,30.505010605000113],[112.25258636500018,30.50419807500003],[112.24590301500018,30.50251388600003],[112.23922729500009,30.501279831000147],[112.23549652200008,30.501136781000017],[112.23076629600018,30.502613068000073],[112.22580719100006,30.505245209000183],[112.22267150900018,30.50714683500013],[112.22009277300015,30.50926780700007],[112.21800994800003,30.510917664000093],[112.21595001100002,30.513025283000108],[112.21247100800008,30.51218414400006],[112.2092590330001,30.51133918700009],[112.2065124510001,30.5081844340001],[112.20324707100008,30.505731584000163],[112.20075988700012,30.502346038000155],[112.19904327400013,30.498252869000172],[112.20146942000031,30.494464874000183],[112.2015762330002,30.49430084300019],[112.2056884760002,30.489624024000022],[112.20744323800022,30.48614692600012],[112.20868682800005,30.483362198000126],[112.20913696200023,30.481063843000076],[112.20906829900014,30.478309632000048],[112.20767211900011,30.476047516000104],[112.2046890260001,30.47552108800005],[112.2042007450001,30.475433349000188],[112.2004470820001,30.474372864000088],[112.19091796800001,30.475032806000176],[112.1816406260001,30.47545814500006],[112.17561340400005,30.47811126700003],[112.17227172900004,30.48202514600013],[112.17201995800008,30.482322692000086],[112.1697387690001,30.486038209000068],[112.16799163900009,30.4897441870001],[112.16889190600011,30.49316597000018],[112.17037200800019,30.498409271000128],[112.17104339700006,30.50275421200018],[112.17198181100002,30.507781983000086],[112.17315673800022,30.51188469000016],[112.17517852800017,30.517345428000116],[112.17719268800022,30.52234840500006],[112.1757431020002,30.526968002000103],[112.1751327510002,30.528688431999964],[112.17401885900007,30.531822204000097],[112.17198181100002,30.534843446000135],[112.16912841700002,30.537202836000123],[112.16655731200002,30.540239334000034],[112.16368866000005,30.541904449000075],[112.16162109300012,30.543783187000088],[112.15897369400011,30.54383850200009],[112.15521240300006,30.542543411000167],[112.1522598270002,30.541458130000137],[112.15033721900011,30.53966522200011],[112.1502838140002,30.537601472000066],[112.15177154600008,30.533899307000127],[112.15168762200007,30.531150818000132],[112.15142059300003,30.530237197000133],[112.15109253000003,30.529096604000188],[112.14996337900004,30.52659797700011],[112.14778137200028,30.52481269800012],[112.14717102100019,30.524885178999963],[112.14328765900018,30.525363922000057],[112.13881683400018,30.527063371000114],[112.13597106900022,30.529647827000073],[112.13365173300008,30.53199005200014],[112.1302871700002,30.535270691000054],[112.12969970700033,30.536434173000032],[112.12854003800021,30.538749696000078],[112.12761688200021,30.54381561300011],[112.12722778400018,30.548410416000024],[112.12789917000009,30.553211212000065],[112.12829589900002,30.553806304000087],[112.12956237800006,30.555700303000034],[112.13102722200017,30.56048774700003],[112.13086700400004,30.563930511000134],[112.12863922000008,30.569480896000076],[112.1276931760001,30.573173524000083],[112.12384033200021,30.578069685999996],[112.12026977500011,30.58319282600007],[112.11884307800005,30.58872223000014],[112.11446380600012,30.59363555800007],[112.11192321700014,30.597583771000192],[112.10932922300015,30.599933625000062],[112.10907745300005,30.60005950900001],[112.10645294300002,30.601367949999997],[112.10494232200017,30.604381562000132],[112.10399627800018,30.608760834000126],[112.1056976320001,30.61216545100018],[112.10874939000018,30.616687776000163],[112.11049652000031,30.6219253540001],[112.11090087900016,30.623905182000104],[112.11142730600011,30.626495361000078],[112.11123657200005,30.629251480000164],[112.10916137700008,30.63090133700013],[112.10555267300026,30.634418487000175],[112.1026382440001,30.63516426100006],[112.10195159900002,30.635253906000113],[112.10051727200027,30.635438919000077],[112.0999908450002,30.637296677000105],[112.09908294700018,30.640514375000066],[112.09813690100009,30.644891740000165],[112.09694671700004,30.649961472000026],[112.0939483640002,30.65644454900007],[112.09137725900018,30.659709932000165],[112.08464050300017,30.665584565000135],[112.0843658450002,30.665699005000192],[112.08174896300022,30.666790009000064],[112.07804870700011,30.667554855000105],[112.07594299300013,30.668285371000138],[112.0752410880001,30.67174148600003],[112.07480621300022,30.675420761000055],[112.07465362500022,30.678861619000028],[112.07447051900033,30.67937851100015],[112.07317352300015,30.68302154600002],[112.06950378400018,30.68470192000018],[112.06501770100033,30.686944963000027],[112.06424713000013,30.687332153999993],[112.06160736100003,30.688302994000026],[112.0557632450001,30.687965393000066],[112.053146362,30.690084458000175],[112.05615234300012,30.692546845000095],[112.05967712400013,30.694763184000067],[112.06268310500025,30.697685241000155],[112.06299591100003,30.697942733000165],[112.06540679900002,30.69992446900017],[112.06526947000009,30.70428466800007],[112.06375885000023,30.707527160000097],[112.06352996900011,30.70792961100011],[112.06047058100012,30.713327409000158],[112.05760192900016,30.71545028600019],[112.05477905400005,30.719175338000014],[112.05197906500007,30.72359275800017],[112.05525970400004,30.726505279000154],[112.05986023000003,30.729162216000194],[112.06080627400013,30.730047225000135],[112.06395721400008,30.732980728000086],[112.06671905600003,30.73636245800014],[112.06655120800008,30.739807130000028],[112.06529998700023,30.74281311100015],[112.06192016600028,30.74540710500003],[112.0603866570001,30.747962952000023],[112.05815124500009,30.753284454000152],[112.0568695070001,30.75514221100013],[112.05608368000003,30.757011414000146],[112.05462646400008,30.76046371500007],[112.05312347400002,30.763477326999972],[112.05078124900012,30.76558685300012],[112.04792022700019,30.767940521000185],[112.04720306400009,30.770704270000124],[112.04734802300027,30.775978088000045],[112.04622650100022,30.783569336000028],[112.04570007300003,30.78588294900004],[112.04528808700002,30.787717820000065],[112.04515838600004,30.792535781000026],[112.04448699900001,30.797136307000187],[112.04257965000022,30.80497169600017],[112.04004669100016,30.809839249000166],[112.0385971080002,30.814685821000072],[112.03629303000014,30.81794357400003],[112.03539276100003,30.823923112000045],[112.0355606080001,30.829654693000123],[112.03601074200004,30.836296082000107],[112.03591919000007,30.837661743000183],[112.03545379600018,30.84456443900007],[112.02660369900002,30.852310182000114],[112.02245330900018,30.856061935000128],[112.0214004520002,30.856697083000086],[112.01615905700021,30.859861373000058],[112.01260376000016,30.865663528000088],[112.01242065400004,30.86887931800004],[112.01280212400002,30.872999191000133],[112.01506042500012,30.87754058900003],[112.01759338400018,30.88230514500009],[112.01933288600003,30.887086869000143],[112.02101898200011,30.890491486000027],[112.02227783100022,30.897348405000063],[112.02294159000019,30.901920319000173],[112.02333068800021,30.90626716600019],[112.0239486690001,30.90981292700002],[112.02397155800008,30.909925462000047],[112.02329254100016,30.91430091900014],[112.02185821600006,30.92005920400004],[112.02062988400019,30.923984528000116],[112.02037048400007,30.924287797000094],[112.01779174800004,30.92725181600008],[112.01467132500022,30.930065155000083],[112.01109313900008,30.935184478000053],[112.00929260200007,30.937969208000084],[112.00781250000034,30.942127228000064],[112.00556182800028,30.947448730000193],[112.0051574710003,30.952272416000145],[112.0053176890001,30.957771301000093],[112.00566101000015,30.96051979000004],[112.00688934300013,30.96622467000009],[112.00940704300001,30.97053337200009],[112.01085662800017,30.974630356000148],[112.01068878300022,30.978075028000035],[112.0107345580002,30.979579926000046],[112.01077270400015,30.980823516999976],[112.00953674400023,30.98497581600009],[112.00724792400001,30.988462448999996],[112.0060119640001,30.992158890000038],[112.00398254400022,30.99586677600007],[112.00244903700002,30.998193741000136],[111.99925995000007,30.99917983900019],[111.99662780700015,30.99991035600016],[111.99315643400007,30.99998283400009],[111.98973083600015,31.00142478900017],[111.98654937700007,31.002174377000188],[111.98362732000015,31.002922059000017],[111.98100280700015,31.00435066200004],[111.97927856400003,31.009429932000156],[111.97570037800011,31.015230179000014],[111.97361755300017,31.01687812800003],[111.97051239000018,31.020380020000065],[111.96820831200017,31.024093629000106],[111.96721649100004,31.02686691400015],[111.96546173100018,31.030799866000166],[111.96292877200011,31.035894394000138],[111.96037292500013,31.03961372400005],[111.95726013200004,31.043344498000184],[111.95657348700018,31.04702568100004],[111.95748138500016,31.05136489900002],[111.95760345500014,31.055719376000184],[111.95578003000016,31.05735969500012],[111.95349121000015,31.05823326100006],[111.95260620100004,31.05856895500017],[111.94753265400006,31.058210373000122],[111.94246673600014,31.05876731900003],[111.93289184500009,31.059871673000092],[111.92352294900007,31.06192016600005],[111.92253875699998,31.06213569700003],[111.91805267400021,31.063829421000037],[111.91412353500004,31.06688690200013],[111.91268158000003,31.072872162000124],[111.91439819300007,31.077199935000177],[111.91641998300021,31.08266258300006],[111.91945648300009,31.086732864000112],[111.92391967700007,31.09329605200014],[111.92973327700021,31.100748063000026],[111.936126709,31.10979652500015],[111.93837738000019,31.114112855000087],[111.94065094100006,31.118881226000152],[111.94204711900018,31.121154785000098],[111.9425964350001,31.12205123900003],[111.94243621700019,31.125955582000188],[111.94177246100014,31.130552292000065],[111.9406814570001,31.131372451000118],[111.93862915100016,31.132907868000075],[111.93522644000006,31.13549613900011],[111.93260192900006,31.13738250800009],[111.93081665000005,31.140396119000172],[111.92960357600003,31.144777299000108],[111.92864227299998,31.148694993000053],[111.9270401010001,31.158586501000116],[111.92639160300013,31.164333343000067],[111.92567443900009,31.170219421000184],[111.92552185000001,31.171457292000014],[111.92320251600013,31.1747093190001],[111.92066192700014,31.179578782000192],[111.91885376000005,31.181905747000087],[111.91589355600007,31.18081474300004],[111.9137268070001,31.180168152000135],[111.91229248000019,31.179626465000126],[111.90912628100011,31.17842292800015],[111.90482330200018,31.177129745000176],[111.90210724000013,31.175575257000165],[111.89737701299998,31.18660736200019],[111.89556884800004,31.19083404500003],[111.89327240100005,31.188716888000105],[111.89118194500008,31.186790466000048],[111.8867416380001,31.180685044000086],[111.88427734400017,31.178667070000074],[111.8818969730001,31.179630280000023],[111.87946319600007,31.18086814800012],[111.87896728499999,31.182102203000174],[111.87774658100005,31.188528062000106],[111.87626647899998,31.195415497],[111.87507629300012,31.203445436000152],[111.87519073600009,31.209625245000154],[111.87551116900005,31.214170456000094],[111.87554168700007,31.214660644000165],[111.873649597,31.218027114000165],[111.87320709300019,31.218811035999977],[111.8695220950001,31.221603394000113],[111.86744689800008,31.224836350000093],[111.86643219000013,31.22805213900017],[111.86592102100002,31.22943115300001],[111.86141204800009,31.23109054600013],[111.85610198900014,31.233213426000077],[111.85455322200016,31.23575210500007],[111.85336303800005,31.23803520200005],[111.85195922800011,31.24062156800016],[111.85726928600013,31.238565444000074],[111.85894012500012,31.240827560000184],[111.86248779300018,31.2435112010001],[111.865196228,31.24506568900011],[111.86759948800011,31.244562150000093],[111.87100219700017,31.241973876000145],[111.87416076800014,31.239854812000143],[111.878700256,31.23976516800019],[111.88009643600009,31.242263795000103],[111.88258361800018,31.244735718000072],[111.88672637900004,31.249931336000092],[111.89061737100008,31.255361556000143],[111.89423370300017,31.259878158000106],[111.90046691800012,31.26319694600005],[111.90614318900003,31.264921189000177],[111.91100311200006,31.266893387000096],[111.91420745900007,31.26660156300011],[111.91871643100012,31.265138627000052],[111.92369842400012,31.261375428000175],[111.92611694300012,31.26178550700007],[111.92830658000021,31.263807297000028],[111.93108368000014,31.267192840999996],[111.93360900900007,31.271499635],[111.9344635010001,31.27354621800015],[111.93617248600016,31.277183533000084],[111.9378967290001,31.28196525500016],[111.9383163440001,31.287229539000176],[111.93765258800005,31.292058946000168],[111.93534851000004,31.29599952800004],[111.932502747,31.29926490800006],[111.92991638300009,31.302755357000134],[111.92578888000008,31.308565139000113],[111.92397308400012,31.310438157000196],[111.92117309600008,31.315994262000117],[111.91864013700001,31.32131576600006],[111.91615295300011,31.32801056000011],[111.9136581410001,31.33493995700013],[111.91779327500012,31.338985442000137],[111.92372894300007,31.34093666100017],[111.92754363900002,31.342926027000093],[111.93002319300001,31.345857620999993],[111.93092346300013,31.34950828500007],[111.93129730300012,31.353170394000127],[111.93168640100015,31.357746124000187],[111.93283844000018,31.36070632999997],[111.93653869600008,31.368658065000037],[111.93575286900018,31.378763198999994],[111.93533325200019,31.382898330000103],[111.93621826100014,31.386089325000114],[111.93846893400013,31.38994407700017],[111.94125366200012,31.393560410000187],[111.9418869010002,31.39744567900004],[111.94307708700012,31.402004243000082],[111.94432067800005,31.407945633000168],[111.9456176760001,31.416170121000107],[111.94683075000006,31.421190262000096],[111.95005035400004,31.43098831100014],[111.9545822140002,31.43984031800011],[111.95839691200013,31.44251823400015],[111.96489715500019,31.444452287000047],[111.97003936800013,31.446416856000152],[111.97572326700015,31.448137284000037],[111.98166656500018,31.449855805000027],[111.98574829200015,31.4520683290001],[111.9908294670002,31.451509475000083],[111.99643707300015,31.451168061000033],[112.00174713100023,31.448999405000055],[112.01284027100007,31.443277359000152],[112.01654052700019,31.44136619700015],[112.02673339700027,31.441392898000117],[112.03027343800035,31.443155289000178],[112.0364608760002,31.444177629000023],[112.04025268600003,31.4454784400001],[112.04476928700014,31.444240570000037],[112.0515975950002,31.43928718500007],[112.05827331500006,31.43823433000006],[112.06450653000002,31.44085884100008],[112.07050323600004,31.443946838000045],[112.07428741500007,31.445474625000088],[112.08439636200012,31.45191764900011],[112.09040832600023,31.45592117400014],[112.09343719500009,31.45883750900009],[112.10399627800018,31.462057114000118],[112.1139678950001,31.4639167790001],[112.11773681700015,31.464529038000023],[112.13146209700017,31.466075897000053],[112.13449859700006,31.46922493000011],[112.13777923600014,31.471220016000135],[112.1416168210003,31.474346160000156],[112.14465332000009,31.476806640000174],[112.14900970500003,31.479236604000167],[112.1552429190001,31.481399536000026],[112.16567993100023,31.480720521000084],[112.17575073300021,31.476837159000127],[112.1807327260002,31.472606659000007],[112.18524932800017,31.47159385600014],[112.18602752700008,31.47960281400009],[112.18625641000017,31.487163543000126],[112.18697357100007,31.49311256400017],[112.18585205100021,31.500469209000187],[112.18414306600005,31.506006241000026],[112.18486022900004,31.512182236000058],[112.1855163580002,31.516296386000135],[112.18937683100012,31.51965141300019],[112.1918869010002,31.52303886400006],[112.1941528320001,31.526887894000026],[112.19560241800004,31.530525208000082],[112.19838714600019,31.533672333000137],[112.20189666800013,31.534748078000064],[112.20720672600021,31.532798767000145],[112.21304321300022,31.53015327500009],[112.21993255600012,31.52748298700016],[112.22448730400004,31.527612686000115],[112.22692108100023,31.52802086000014],[112.22940826400009,31.5304889680001],[112.23137664900014,31.53342628600012],[112.23444366500007,31.537027359999964],[112.23854065,31.539461136000114],[112.24369811900033,31.541412353000165],[112.25126647900004,31.54331207200005],[112.25666046100014,31.54411315900018],[112.26230621300022,31.54467773500016],[112.26717376700026,31.5457153320001],[112.27072906600017,31.547933577999974],[112.27426147400024,31.549232484000186],[112.27744293300009,31.547786714000097],[112.28192138700012,31.54516792400011],[112.28822326600029,31.540672303000065],[112.29313659600007,31.535058975000084],[112.30323791400008,31.531858445000125],[112.3072509770002,31.531539918000192],[112.31314849800003,31.53141021700003],[112.31952667200005,31.529661179000072],[112.32610321000027,31.524927140000155],[112.33319091800001,31.520187378000006],[112.33843231300011,31.516401291000193],[112.34327697800018,31.516752241999995],[112.34760284500011,31.517801284000143],[112.3511428840003,31.51932525699999],[112.3541030880001,31.519718171000193],[112.35917663500004,31.519145967000096],[112.36981201100002,31.516153336000002],[112.37876892100019,31.510906220000034],[112.38327026400009,31.509199143000103],[112.39444732600009,31.50642395100016],[112.40032196100003,31.505601882000068],[112.40724945000011,31.50406646800002],[112.4129028330002,31.504625321000166],[112.41777801600006,31.50611877400019],[112.4229736320001,31.509208679000153],[112.42902374300003,31.51342582600012],[112.43321991000005,31.51906204300008],[112.43653869600018,31.522193909000066],[112.44201660200008,31.525737763000162],[112.45263672000023,31.530307770000032],[112.46244049100005,31.53466415400004],[112.47107696600006,31.536069870000176],[112.47538757300015,31.536653520000133],[112.47815704300012,31.539342880999982],[112.48150634800004,31.543388368000134],[112.48483276300021,31.546522140000096],[112.48876953100012,31.551931381000088],[112.49178314200005,31.55346489000004],[112.494529725,31.55569267200019],[112.49810791000004,31.558361054000162],[112.50196075400015,31.561250687000044],[112.50631713800033,31.562980651000032],[112.50953674300001,31.56290435700009],[112.51593780600001,31.561836242000084],[112.52232360800008,31.560081482000047],[112.52718353300008,31.560882568000068],[112.53125762900004,31.562389373000144],[112.54181671100014,31.565118791000035],[112.5536270140002,31.565065384000153],[112.55734252900004,31.563829423000072],[112.56108093200021,31.563283920000174],[112.56397247400002,31.561378479000155],[112.56761932300003,31.55808067400005],[112.5715637200002,31.555463791000133],[112.57685089100005,31.553504944000167],[112.58054351800013,31.551349641000115],[112.58397674700007,31.549892425000166],[112.58659362700018,31.54799461400006],[112.59134674000006,31.545814514000146],[112.59468078600025,31.54114723300006],[112.59898376500007,31.533248902000025],[112.60801696800002,31.523166658000147],[112.61556243900009,31.51633453500017],[112.6189270020002,31.51281166000013],[112.62407684300001,31.506725312000125],[112.62802124100006,31.504106522000143],[112.63121795600023,31.503568649000158],[112.63472747800017,31.504171372000034],[112.63694000300018,31.506179809000177],[112.6399765010002,31.50885582000018],[112.64375305300007,31.50922393899998],[112.64698791500018,31.509599687000165],[112.65042114300002,31.508140564000147],[112.65408325200008,31.5050697320001],[112.65750885000034,31.503606796000042],[112.66277313200021,31.500497818000152],[112.66864013700003,31.499664307000046],[112.67262268100001,31.498647691000148],[112.67581176800002,31.49764823900006],[112.68245696900021,31.495880127000135],[112.68685150200008,31.491182327000104],[112.68943786600005,31.48859977799998],[112.69152832100008,31.486940385000082],[112.69568634100006,31.483167648000123],[112.70358276400009,31.478614808000028],[112.70755005000012,31.477365494000026],[112.70996856800002,31.477535247000166],[112.71164703400018,31.4797859200001],[112.71389770500014,31.48247909600019],[112.71465301500007,31.488422395000153],[112.71613311700003,31.492284774999977],[112.71785736000027,31.49591064500015],[112.71882629300025,31.500471114000106],[112.71935272300027,31.50733757100005],[112.71839904800017,31.511030197000085],[112.71584320100033,31.514532090000163],[112.71376037600021,31.516418457000043],[112.71227264400022,31.51966667100004],[112.70948028500004,31.524324417000116],[112.70848083600004,31.526411057000075],[112.70571899400011,31.531757355000142],[112.70163726800024,31.53781890900001],[112.69876861600005,31.540185928000028],[112.69680023100011,31.54527854900016],[112.69744873100001,31.548473359000123],[112.698913575,31.551643372000175],[112.70226287900005,31.555456161000052],[112.70552063000002,31.55652427600006],[112.70934295600011,31.558263780000118],[112.71338653600003,31.558849335000158],[112.7193069460003,31.559387207000043],[112.7244033820001,31.559030533000055],[112.73001861500006,31.55865669300005],[112.73458099400023,31.558542253000155],[112.73677825900006,31.559865952000163],[112.73848724400011,31.56303024300007],[112.74054718100012,31.567792894000036],[112.73985290600012,31.570791244000134],[112.73950195200007,31.576072692000135],[112.74105835000023,31.581998825000085],[112.74239349300012,31.589069366000107],[112.74340820300006,31.595235825000035],[112.74387359700017,31.600494384000175],[112.74623870800008,31.60685539200017],[112.74642181400009,31.611896515000065],[112.74973297100007,31.614332200000096],[112.75247192500001,31.615869522000082],[112.75839996300022,31.616407394000188],[112.762130737,31.615621567000122],[112.7658004770001,31.613004685000135],[112.76844024600008,31.611793518000184],[112.77232360800008,31.60756683300013],[112.77670288000003,31.60241127100005],[112.78495025700022,31.60059547400005],[112.79087066700015,31.60089874300019],[112.7994384760002,31.600219726000034],[112.80718231100026,31.598875046000163],[112.81227874700005,31.598743438999975],[112.82050323500005,31.596004486000144],[112.82678985500002,31.59171486000014],[112.83242034900002,31.58423042400011],[112.83412170400015,31.579372406000118],[112.83740234400022,31.57355690100007],[112.839897156,31.568674088000083],[112.8422012320001,31.565406800000122],[112.84564971900022,31.564397812000156],[112.8520736700001,31.563768388000085],[112.86170196600006,31.562829971000156],[112.86596679800016,31.562259675000064],[112.87281799400023,31.558639527000025],[112.87718963600003,31.553480148000062],[112.8815536510001,31.548091888000105],[112.88509368900009,31.54203224200001],[112.8883590700002,31.536214829000187],[112.89266967700007,31.529451370000004],[112.89630890000001,31.519264222000004],[112.89753723200022,31.516252519000147],[112.89859771700026,31.508657455000044],[112.89813995300005,31.503622055000108],[112.89687347400003,31.498382569000057],[112.89639282200017,31.49266433800005],[112.89646911700004,31.487617492000084],[112.89659118600002,31.48371505700004],[112.89772033600002,31.47795295700007],[112.90103912400004,31.473506928000177],[112.90583038400018,31.472463607000066],[112.91143035900018,31.47162628200016],[112.91922759900014,31.472105027000115],[112.92598724300001,31.47375869800004],[112.93167877200017,31.475210190000045],[112.93865203900009,31.475252152000163],[112.94615173300008,31.474824905000048],[112.95007324200014,31.471963883000114],[112.95369720400015,31.468887329000154],[112.95723724300001,31.46305656400006],[112.96257019000006,31.455345154999975],[112.97000885100033,31.446430207000105],[112.97643280000013,31.438917160000077],[112.98224639900002,31.436925889000065],[112.98648071300022,31.435432434000063],[112.98947906600006,31.43672752500004],[112.99189758400018,31.436891555000102],[112.99868011500007,31.438999176000156],[113.00330352800006,31.440479277999998],[113.01038360500002,31.443496704000097],[113.01316070600001,31.44594383200007],[113.01596832200016,31.449304581000032],[113.02033996700004,31.451475143000035],[113.02597808900009,31.451551437000152],[113.03130340600012,31.45048713700004],[113.035209656,31.44762611300007],[113.03990936400021,31.44428825400007],[113.04357147300004,31.441892624000108],[113.04933166500007,31.43852233900003],[113.05505371100014,31.44065666200015],[113.05806732200017,31.442407608000053],[113.06194305400004,31.445512772000146],[113.06683349600019,31.446979523000042],[113.07412719700017,31.448610306000095],[113.07922363300008,31.448698043000153],[113.08589935400018,31.447824477000157],[113.09068298300008,31.446542740000098],[113.09676361100014,31.444538116000103],[113.10270690900018,31.438867570000067],[113.10735321000027,31.434377670000174],[113.11210632200005,31.432638168000153],[113.11715698100011,31.431579591000062],[113.1237335200001,31.435064317000066],[113.13054656900022,31.437854767000033],[113.14079284600007,31.43939781200009],[113.1489715570001,31.435953141000084],[113.15258026100003,31.432411195000103],[113.15101623500016,31.426723481000067],[113.1500778190001,31.42330741900002],[113.15046691900011,31.419858932000064],[113.15363311800002,31.41816139200012],[113.16047668400017,31.415443420000148],[113.16757202100007,31.41180038400017],[113.1725921640002,31.40982246400011],[113.18209075900018,31.406110763000015],[113.1873168940001,31.40297889800019],[113.1944580080002,31.400480271000106],[113.2007827750001,31.39754295400019],[113.20773315500014,31.390693665000185],[113.21156311000004,31.385997773000156],[113.21690368700001,31.37895965500013],[113.22055053600025,31.376333237000043],[113.22614288300032,31.368833543000164],[113.22991943300019,31.36298751900017],[113.23449707000009,31.35688972600002],[113.2374801640002,31.357721330000118],[113.24375915600012,31.3607482920001],[113.2485809320001,31.360607148000156],[113.25734710800009,31.358974456000052],[113.26439666800002,31.35441017200003],[113.27406311100003,31.348396301000097],[113.27495575000012,31.34803962700011],[113.28276062100008,31.34492683500008],[113.29228973300019,31.342121124000016],[113.29505157500012,31.342729568000095],[113.30148315400015,31.344142914000148],[113.30960845900017,31.346426011000176],[113.3131408700001,31.341045379000093],[113.32008361800013,31.33395576400017],[113.32779693600003,31.326618195000098],[113.33363342300005,31.32483863900012],[113.34261322100019,31.321819305000076],[113.34835052500011,31.318433762000158],[113.3522033700001,31.31418800300014],[113.35941314800016,31.30755043100004],[113.36077880900007,31.301776886000088],[113.36328888000003,31.297800065000104],[113.36769866900012,31.294456483000033],[113.37248992900004,31.293853760000164],[113.3779068,31.295524598000046],[113.38522338800033,31.297367097000176],[113.39137268100012,31.29695320200011],[113.39826965400016,31.295595169000084],[113.40574645900017,31.29513931300005],[113.41069793600013,31.292005538000183],[113.41635894700016,31.286558151000012],[113.41957092200005,31.28026771600014],[113.42240905800008,31.277656556000068],[113.42587280200019,31.270900727000022],[113.42875671500008,31.263469696000072],[113.4313812260001,31.25581932000017],[113.43300628700003,31.250265122000144],[113.43437194800015,31.24448966900002],[113.43630981400008,31.239614486000164],[113.43858337300014,31.236560822000115],[113.44172668500016,31.235088349000023],[113.4459228520002,31.232896806000156],[113.45131683400007,31.234106065000105],[113.45564270000023,31.234889984000063],[113.4609832750001,31.23449707100013],[113.46630096400008,31.233873367000058],[113.4729080190001,31.232065202000115],[113.47586822500011,31.23243141200004],[113.48132324300025,31.228359223000155],[113.48317718500016,31.222110748000148],[113.4844512950001,31.214271546000077],[113.48435211200012,31.20578765800013],[113.48403930600023,31.198457717000053],[113.48464202900004,31.19385147100013],[113.48545837400002,31.188089371000103],[113.48544311600017,31.181440354000017],[113.48549652100007,31.176618576000067],[113.48584747300015,31.172250749000053],[113.48594665500002,31.16834831300008],[113.4856033320001,31.160333633000107],[113.48538208100001,31.155290604000186],[113.4844512950001,31.152336121000076],[113.48246002200005,31.149417877000186],[113.47989654600008,31.146055222000026],[113.47846221900011,31.14357566800004],[113.48078918500016,31.141670226000144],[113.4820327760001,31.139566422000147],[113.48384094100004,31.138134003000005],[113.4831085200001,31.133569717000057],[113.48194122200016,31.13131141600013],[113.48026275600034,31.129299164000084],[113.47328948900008,31.12286376999998],[113.46824646000016,31.11751556400014],[113.4629135130001,31.11125564600019],[113.46180725100021,31.104406357000073],[113.46176910400015,31.097299577000175],[113.46180725100021,31.092018127000188],[113.46202850400017,31.084669113000185],[113.46259307800028,31.078920365000048],[113.4631118770002,31.072481156000098],[113.46127319400011,31.06680488600011],[113.45995330700009,31.06110763600015],[113.45703125000023,31.05523490900015],[113.45610046400009,31.052280427000145],[113.45294952400013,31.047330856000148],[113.44737243700013,31.0417709350001],[113.4407577520002,31.03692436300003],[113.43746185300006,31.034732818000123],[113.430282594,31.02921867400005],[113.42410278400007,31.02206993200008],[113.42265319900014,31.019130707000155],[113.41636657700008,31.015880584000115],[113.41092681900011,31.013521194000138],[113.40544128500028,31.010021210000048],[113.40181732200006,31.006689071000157],[113.39956665000011,31.004003524999977],[113.39385223400019,31.00119781600011],[113.39114380000012,31.00013160599997],[113.3888473500001,30.996532440000067],[113.38652801600006,30.992013931000084],[113.38606262200017,30.98744201700015],[113.38588714600019,30.983316421000037],[113.38497924900014,30.980590821000135],[113.38303375200019,30.978584289000025],[113.37996673600004,30.975925447000122],[113.37554168700012,30.97193145700004],[113.37165832500034,30.968376160000105],[113.3674469,30.96345901500013],[113.36567687900015,30.95961189300016],[113.36472320500013,30.95574188300003],[113.3620910640002,30.95031547700012],[113.35903167800006,30.94719696100003],[113.35592651500008,30.94339180000003],[113.35162353600026,30.94237327700006],[113.34735870300005,30.94250106800007],[113.34470367400002,30.942581177000022],[113.34147644000006,30.942218780000193],[113.3385009760002,30.941162110000107],[113.33569335900017,30.93780517600004],[113.33223724400011,30.931715013000147],[113.33039855900029,30.925804138000046],[113.32955169600031,30.918258667000032],[113.3279190070001,30.9111976640001],[113.32852935800008,30.906591416000026],[113.32991027800017,30.901275634000005],[113.33219146700014,30.898452759000126],[113.32888031000005,30.893083573000183],[113.32563018800022,30.891086579000103],[113.3179168710002,30.89125251700017],[113.3094863890002,30.893955231000177],[113.30505371100003,30.896575929000107],[113.29981994600018,30.899900437000042],[113.29223632800017,30.904190063000048],[113.28723907400001,30.906131743999993],[113.28137969900001,30.906024934000072],[113.27440643200009,30.90410804700019],[113.2682037340003,30.90079689100014],[113.26441955700012,30.899036407000096],[113.26133728000002,30.893823625000095],[113.2572937010001,30.89138221800016],[113.25081634500009,30.888765335000073],[113.24384307800017,30.886156083000007],[113.23660278300021,30.88423919800016],[113.23203277700021,30.882728577000137],[113.22846221900022,30.878673555000145],[113.22564697200006,30.873451233000083],[113.22147369400011,30.866651536000116],[113.21707153300008,30.861694337000017],[113.21349334800004,30.856948852000073],[113.209602356,30.851289749000163],[113.20680999700016,30.846757889000177],[113.19580078100012,30.8334426880001],[113.19161987300004,30.826414108000108],[113.1864166260001,30.821010590000128],[113.18261718800011,30.818563461000057],[113.17381286600028,30.816675187000158],[113.16606140100009,30.815456390000126],[113.1604537970003,30.8141937260001],[113.15695190400004,30.81265640400011],[113.15235138000003,30.80976677100017],[113.14967346200001,30.80890083300011],[113.1418762200002,30.805845262000165],[113.1375885010001,30.80455589400009],[113.13202667300015,30.80512428300011],[113.12490844700005,30.807100296000105],[113.12309265200031,30.80874443100015],[113.11786651700004,30.81205940300015],[113.11180114800005,30.81378746100012],[113.10414123600026,30.815315246000182],[113.09779357900004,30.816358567000066],[113.09092712400013,30.81832885700004],[113.08804321200023,30.81930351300019],[113.08468628000014,30.823501587000067],[113.08049011300011,30.825187683000134],[113.07626342800006,30.826190948000143],[113.07253265300005,30.825803757000127],[113.07034301800013,30.823320389],[113.06912994300001,30.817838669000142],[113.06897735600012,30.812562942000174],[113.07170104900013,30.804935455000138],[113.07285308800033,30.79803085300011],[113.07164764400011,30.793001175000146],[113.06990051200012,30.78730011000016],[113.06662750300006,30.78415107800004],[113.06179046700026,30.78217887800008],[113.05700683500004,30.782499313000017],[113.05168914800004,30.781915666000145],[113.04556274400011,30.781343461000123],[113.04022216800001,30.78030014000007],[113.03459930500003,30.778572082000096],[113.02899932800005,30.777992249000135],[113.02424621500018,30.778999329000158],[113.01820373500004,30.78141212500015],[113.01378631500017,30.785625457000037],[113.01171875000023,30.78750038200019],[113.00968933000001,30.790979386000114],[113.00787353500016,30.79239463900006],[113.0046997070001,30.793371200000138],[113.00015258800033,30.792081832000175],[112.99452972500023,30.79035186800007],[112.98967743000014,30.78768920900012],[112.9863967890002,30.784309388000167],[112.9839096070001,30.78045272900016],[112.97979736200011,30.775709152000164],[112.97676086500019,30.77117920000018],[112.97292328000015,30.76666069100014],[112.96806335500014,30.76331138600006],[112.96212768600003,30.760208131000073],[112.95435333200021,30.7569122320001],[112.94789123500016,30.75381660400012],[112.9414520260002,30.751182556000117],[112.93605804500021,30.74806976300005],[112.93087768500006,30.742887497000083],[112.92494201700003,30.739093781000065],[112.92218017500034,30.735015870000097],[112.92104339600019,30.731592178000145],[112.91986846900024,30.727483750000033],[112.9181671140002,30.723384857999974],[112.9157028190001,30.71998405400018],[112.91005706700003,30.717565538000088],[112.90445709200003,30.716976165000066],[112.9007720940001,30.717964171999995],[112.89497375500014,30.71921730000014],[112.89021301200012,30.71999168400009],[112.88643646200012,30.717996598000017],[112.88269806000005,30.709043503000093],[112.87435913100012,30.703519822000032],[112.87256622300004,30.703929901000095],[112.86873626800002,30.70704841700001],[112.8636322010002,30.711362840000053],[112.85874176000016,30.714750291000087],[112.85434722900004,30.717435837000096],[112.85066986100003,30.718252182000015],[112.84961700400004,30.71852111800007],[112.84806823700012,30.719493866000107],[112.84689331000015,30.722520828000086],[112.84631347700008,30.726900100000076],[112.84597015400016,30.730810166000083],[112.84472656300022,30.732692719000173],[112.84211731000005,30.73370170600009],[112.83817291300011,30.734531403000062],[112.83445739700016,30.73466491700009],[112.83286285400027,30.734722137000063],[112.83020782500012,30.734819411999982],[112.82861328000003,30.734874726000154],[112.8279113770003,30.73696517899998],[112.82813263000003,30.741315841000073],[112.82908630500003,30.74449348500008],[112.82846832300004,30.748184205000143],[112.82679748500016,30.751916885000075],[112.82453918400006,30.754747390000034],[112.82280731300023,30.757333756000154],[112.82286071800013,30.7584781650001],[112.8255233760002,30.763887406000098],[112.82721710200019,30.765892030000032],[112.82898712300016,30.769266128000144],[112.82937622100019,30.771776199999977],[112.82955932700008,30.77544021700004],[112.82898712300016,30.780050277999976],[112.8280715950001,30.783063889000008],[112.82660675100021,30.785867691000192],[112.82537078800033,30.78751754800004],[112.82462310800008,30.788463593000074],[112.82389831500008,30.79009437600007],[112.82318878100023,30.791954041],[112.82253265300005,30.794731141000113],[112.82158660900018,30.797286988000113],[112.82044220000023,30.80099678000011],[112.81976318300008,30.803314209000067],[112.81986236500006,30.805374144999977],[112.82028961300011,30.80857277000007],[112.82042694100028,30.81132125900018],[112.81865692100007,30.81344795300009],[112.81507873600003,30.816328048000116],[112.8106918330002,30.819238662000092],[112.80711364800015,30.822118759999967],[112.80493927100008,30.826780320000015],[112.80349731400008,30.83004760800003],[112.80310821500018,30.8319644930001],[112.80194091800013,30.832019806000122],[112.79765319900002,30.831531526000052],[112.79002380400016,30.828905105000047],[112.78058624200014,30.82314872800009],[112.77346801800003,30.815681458000086],[112.76895141700004,30.811763764000148],[112.75636291500007,30.80202484100016],[112.7524871830002,30.79990959200001],[112.74771881200013,30.796003341000016],[112.73695373500016,30.790077210000053],[112.71993255500014,30.781915666000145],[112.7066116330002,30.77335166900008],[112.69934082000009,30.767723083000135],[112.68222045800007,30.757957458000078],[112.67907714800005,30.754659653000147],[112.67384338300019,30.751688004000016],[112.66879272400001,30.747562409000185],[112.65434265200008,30.737668992000067],[112.65283966100014,30.734983444000076],[112.64830017100007,30.73037529100009],[112.64441680900006,30.723670959000113],[112.6403579710002,30.718122482000126],[112.6372985830002,30.715969086000143],[112.63527679500021,30.713537217000127],[112.63276672300005,30.7115879050001],[112.62256622300015,30.705856324000084],[112.60936737100019,30.701707840000044],[112.59979248000025,30.699739457000135],[112.59719085600011,30.693023683000092]]]},"properties":{"GID_2":"CHN.13.5_1","GID_0":"CHN","COUNTRY":"China","GID_1":"CHN.13_1","NAME_1":"Hubei","NL_NAME_1":"湖北","NAME_2":"Jingmen","VARNAME_2":"Jīngmén","NL_NAME_2":"荆门市","TYPE_2":"Dìjíshì","ENGTYPE_2":"Prefecture City","CC_2":"NA","HASC_2":"NA","id":"420800","name":"荆门市","NAME":"荆门市","adcode":"420800","SOURCE":"GADM v4.1","GADM_GID":"CHN.13.5_1"}},{"type":"Feature","geometry":{"bbox":[111.2447128300002,29.434431076000013,114.08816528400018,30.668285371000138],"type":"Polygon","coordinates":[[[112.52586364800004,30.27554321300011],[112.53230285600011,30.268558503000065],[112.53486633300008,30.26530838000019],[112.53794860800008,30.261358261000108],[112.54258728000002,30.25669670200011],[112.5472793570002,30.25340843300012],[112.55145263700001,30.2505874630001],[112.55506134000007,30.247087479000076],[112.55557251100015,30.24638938900006],[112.55764770500025,30.24452018900013],[112.55918884300002,30.242891312000044],[112.56150817900016,30.24032974200003],[112.56301879900002,30.237096786000055],[112.56376648000003,30.23525238000002],[112.56400299100017,30.233644486000063],[112.56546020400003,30.228807450000033],[112.56643676700004,30.225582123999967],[112.56871032700008,30.22049522300017],[112.56976318300008,30.210411073000163],[112.56957244900002,30.20215034600011],[112.5699462890002,30.195030212000066],[112.56980133000003,30.188375473000175],[112.57177734300001,30.182378768999968],[112.57485961900011,30.178197861000115],[112.57982635500002,30.175823212000182],[112.58429717900003,30.174833298000124],[112.58718872000031,30.174327850000054],[112.58895111000015,30.17062759400017],[112.59097290000011,30.166234970000172],[112.59298706100003,30.16230011100009],[112.59313964900002,30.157020569000053],[112.59304809700006,30.15289116000008],[112.59245300400016,30.14945793200007],[112.58944702100007,30.145601273000068],[112.58460998600015,30.141317368000106],[112.58055877700019,30.137020111000087],[112.57836914100005,30.13338470400009],[112.57776641800001,30.13018226600019],[112.57848358200022,30.12649536100003],[112.57949066200001,30.12418556200015],[112.58493804900003,30.120197296000185],[112.5907135000001,30.11826896800017],[112.59808349500021,30.117923737000126],[112.60653686600017,30.118246079000134],[112.61657714900002,30.119001389000115],[112.6223678580003,30.118217468000182],[112.62734985400004,30.11676025400004],[112.63308715800008,30.113914491000003],[112.63858032300016,30.11175727800014],[112.64402771100004,30.10776901300011],[112.64955139200026,30.106758118000077],[112.6540069580002,30.105997085000073],[112.66007995600012,30.10566711500013],[112.66454315200008,30.104906082000127],[112.66793823300009,30.10323905900015],[112.6729278570001,30.099248886000108],[112.67868042000009,30.095197677000048],[112.68329620300017,30.094495774000112],[112.68728637800018,30.096033096000156],[112.69413757400004,30.095460892000062],[112.69908905100021,30.092851639000063],[112.70326232900017,30.090486526000063],[112.70503997700018,30.089096070000096],[112.70715332100008,30.087438583000164],[112.71132659900002,30.085760117000063],[112.71842956500006,30.08495140100007],[112.72445678700001,30.083242416000193],[112.73045349100005,30.080385208000052],[112.73565673900009,30.077543259000155],[112.73982238700023,30.07471656900003],[112.7513809210002,30.072910310000058],[112.75874328600014,30.071868896000073],[112.76664733900009,30.071731567000143],[112.77247619700017,30.072547913000054],[112.78040313600013,30.07309722899998],[112.78806305000012,30.07342338600006],[112.79939270100022,30.0732269290001],[112.80597686700003,30.072881699000106],[112.81572723400018,30.07293701100008],[112.8225936880001,30.07304573099998],[112.82137298600014,30.076967240000048],[112.82039642300003,30.07997131300016],[112.81862640500003,30.083215713000186],[112.81609344600008,30.087163925000027],[112.81272125300006,30.089975357000128],[112.8075103760001,30.092821121000043],[112.8019866950001,30.093379974000186],[112.7972793570001,30.09506607100013],[112.79283142100019,30.096752167000034],[112.78840637100018,30.09935569900017],[112.78479766900034,30.102630615000066],[112.78327941900011,30.105411530000026],[112.78230285700033,30.108640671000103],[112.78366851900034,30.110685350000097],[112.78711700400015,30.11154365500016],[112.79398346000005,30.11119461100003],[112.79952240000023,30.111555100000146],[112.80480194200004,30.11146354599998],[112.80747985800008,30.113250732999976],[112.80915832600012,30.117124557000068],[112.81163787800006,30.121440889000155],[112.81304168800023,30.125089645000056],[112.8133926390002,30.128526688000136],[112.81326293900008,30.133808136000138],[112.81150054900013,30.137510300000027],[112.80946350100022,30.140760422000024],[112.80773925700034,30.145841600000153],[112.8057327280003,30.14977836700018],[112.80478668100011,30.154844284000035],[112.80619812000009,30.15849304300002],[112.80706024300014,30.161233901000173],[112.80896759000008,30.163724900000144],[112.81166076600016,30.165971756000033],[112.81717681900011,30.16518592900013],[112.82454681500008,30.164365768000035],[112.83033752400002,30.16334533700007],[112.83512878300007,30.16486549399997],[112.83862304700006,30.167558670000066],[112.840820312,30.170961380000048],[112.84303283600015,30.174594880000143],[112.84471130400004,30.178695679000047],[112.8477020270002,30.18231773399998],[112.8503723150003,30.183643341000163],[112.85439300600001,30.185636520000177],[112.85944366500019,30.187152863000108],[112.86122131300021,30.19082832300012],[112.86437225300017,30.19200515800003],[112.86904907200028,30.19003486600008],[112.87162780800031,30.188352583999976],[112.87341308700002,30.186464311000183],[112.8735580440001,30.183706284000152],[112.87358856300011,30.177974701000096],[112.87367248400007,30.173614501000092],[112.87547302300004,30.172185899000052],[112.87892913800012,30.172769547000033],[112.88318634000007,30.173330308000118],[112.88581848100023,30.173021316000128],[112.88864135800009,30.17087364300016],[112.89095306400009,30.1691970820001],[112.89434814500021,30.16818237399997],[112.90009307900004,30.16617584300013],[112.90484619200004,30.166263581000123],[112.91255188100001,30.166950225999983],[112.9186096200001,30.166307449000048],[112.92413330100011,30.165456772000088],[112.93015289300013,30.163896560999998],[112.93511962900016,30.16259956500016],[112.93930816700015,30.16155624400011],[112.94242096000005,30.160087585000156],[112.94286346400008,30.157779694000112],[112.94138336200001,30.154155732000106],[112.94071197500011,30.15073585400012],[112.94190978900009,30.147720338000173],[112.9422531130001,30.143348693000064],[112.94373321500018,30.140552522000068],[112.94814300600012,30.13858413700018],[112.95369720400015,30.138645173000043],[112.96032714800015,30.139131546000105],[112.9667129520001,30.13985633900012],[112.97354125900006,30.13896179200009],[112.98008728100001,30.137384416000092],[112.98642730800022,30.13742065500003],[112.99173736600005,30.137716294000025],[113.00108337400013,30.13972282300006],[113.00591278100012,30.141408920000064],[113.01196289200004,30.146728516000167],[113.01339721700015,30.14966583200004],[113.01380157500034,30.15286445600003],[113.01383209200014,30.153556824000077],[113.01392364600008,30.155612945000144],[113.01334381100014,30.160673142000064],[113.01351928700012,30.165025711000002],[113.0146713260001,30.16728019700003],[113.01818847600032,30.169010163000166],[113.02249145500014,30.170713425000088],[113.02586364800015,30.175197600999983],[113.02578735400004,30.17978286800007],[113.0254592890002,30.18461036700006],[113.02541351200023,30.189657211],[113.02617645300018,30.192266465000106],[113.0263366700002,30.192813873000087],[113.03131866400008,30.191768647000117],[113.03632354800015,30.19115448100007],[113.04131317200017,30.190311431000172],[113.04628753800034,30.189010620000094],[113.04863739000007,30.18824958700009],[113.05352020200019,30.184888840000095],[113.05786895800009,30.181312562000127],[113.0629272450002,30.1758804320001],[113.06561279300001,30.17052268900011],[113.06952667200007,30.163293838000186],[113.07351684600019,30.15766143900015],[113.07656097400003,30.154584885000133],[113.08068084700005,30.151933670000062],[113.08376312200028,30.149772644000166],[113.08635711800002,30.148544312000126],[113.08740234400011,30.14828109700011],[113.09295654200014,30.14833641100006],[113.09694671700015,30.14889907800017],[113.104133606,30.149820329000136],[113.1121673580002,30.152320861000078],[113.11884307800005,30.15371513400004],[113.12496948200021,30.15120697100008],[113.12979126100005,30.149927139000052],[113.1341934200001,30.14772415300007],[113.14096832200005,30.145446779000114],[113.14571380700033,30.14506340100019],[113.15258026100003,30.144847871000085],[113.15814972000021,30.145128251000187],[113.16265869100016,30.145442963000107],[113.16692352300004,30.145994187000102],[113.16985321000004,30.146589280000004],[113.17311859100016,30.14877891500009],[113.17846679700017,30.15021133500011],[113.18440246500006,30.15277481200008],[113.19246673500015,30.155725480000115],[113.19967651300021,30.1573276530001],[113.2379684450002,30.155633926000178],[113.24352264500021,30.155452728000114],[113.25092315700022,30.155439377000167],[113.25620269700005,30.15503883300005],[113.26303863500004,30.15435600400014],[113.26991271900022,30.15436172400007],[113.27787017700007,30.154788971000187],[113.28560638500005,30.15614128200008],[113.29247283900008,30.155912399000044],[113.29943084700005,30.157180786000087],[113.30876159700006,30.15927696200015],[113.31494903500004,30.161594391000165],[113.32044983000004,30.166227340000034],[113.32541656500007,30.1706523900001],[113.3292770380001,30.174192428000087],[113.33184814400012,30.17823791500001],[113.33422088500004,30.183891298000166],[113.33466339100005,30.187774658000137],[113.33672332700007,30.19229507400007],[113.33762359700017,30.194557190000182],[113.3408432010001,30.195596696000052],[113.34635925400005,30.19472694300009],[113.35456085300007,30.194683076000103],[113.36147308400007,30.19536972100019],[113.36624908400017,30.195669175000088],[113.36992645300006,30.19508552500008],[113.37315368700013,30.196126939000123],[113.3755569450002,30.19604492200017],[113.37870025700022,30.195938110000043],[113.38259887700019,30.194433212000032],[113.38462066700015,30.192298889000085],[113.3887176510002,30.18940925600003],[113.39333343500016,30.186044693999975],[113.39977264400011,30.182157517000178],[113.4079971320001,30.177291871000076],[113.41420745800008,30.17410087600012],[113.4224624630001,30.169464112000185],[113.43097686700014,30.16504478500019],[113.43932342500011,30.162239076000105],[113.4470825190001,30.158533097000145],[113.45274353100024,30.15489959700011],[113.45815277000008,30.151962281000063],[113.46353912300015,30.14833831900006],[113.46761322100008,30.14498901500002],[113.46990966800013,30.143075943000042],[113.47059631300021,30.140985490000162],[113.4733734130001,30.137908935999974],[113.47638702400013,30.134824753000142],[113.47810363700013,30.131553650000118],[113.47944641000015,30.126462936999985],[113.47991943300008,30.11979675400011],[113.4853973390002,30.11249351500004],[113.49134063800011,30.109539030999994],[113.49623107900004,30.106618882000078],[113.50190734800015,30.103670121000107],[113.50653839200015,30.100986481000064],[113.50984191900022,30.098119736000115],[113.51178741600017,30.09461021400017],[113.51365661600005,30.089500427000075],[113.51425170900018,30.085121155000085],[113.51531982400002,30.079807281000058],[113.51573944100005,30.077501297000087],[113.51701355000034,30.076311112000095],[113.5197067270002,30.072088241000188],[113.52205658000003,30.071317673000184],[113.52657318100023,30.07184982299998],[113.53163909900002,30.07282066300002],[113.5385971070001,30.074644089000117],[113.54238128700013,30.076345442999976],[113.54427337600009,30.077198028000108],[113.55095672600011,30.078800201000096],[113.55438995400004,30.07868003800019],[113.56493377600009,30.07785224900016],[113.57517242400013,30.076576234000186],[113.58374023500016,30.078798293000094],[113.58857727100019,30.080463409000178],[113.59882354700005,30.08445930600016],[113.60793304400023,30.087120056000003],[113.61490631000004,30.089168549000135],[113.6234283450002,30.09047126800004],[113.63027954100005,30.09000015300001],[113.63923645000011,30.08945274500002],[113.64528655900006,30.088779451000107],[113.65158081100004,30.08763504000018],[113.65680694600019,30.086532593000186],[113.66150665400016,30.08521652200011],[113.66520691000005,30.085084915000152],[113.66767120300017,30.08683586200016],[113.67154693700002,30.090362550000062],[113.67407226500006,30.093484879000073],[113.67630767800006,30.09592628600018],[113.68035125700021,30.09738922200006],[113.68565368600002,30.097658157000016],[113.69329071100003,30.097154618000047],[113.69831848100034,30.09720039300015],[113.70288848800021,30.098642350000034],[113.7040481570001,30.100667953000027],[113.70493316600005,30.107976913000076],[113.70574951200012,30.113908768000158],[113.7072830190001,30.117984772000113],[113.70896148800011,30.119985580999977],[113.71240234400011,30.12009239300011],[113.71929168700001,30.120302201000072],[113.72176361000015,30.122049332000135],[113.72506714000008,30.124910354000065],[113.72631835900017,30.128765107000046],[113.72866058300019,30.133268356000087],[113.73097991900022,30.137313843000072],[113.73341369600007,30.138372422000145],[113.73912811400021,30.136327744000084],[113.74510192900004,30.134046555000058],[113.7499694820001,30.130887986000115],[113.75404358000026,30.12775993300005],[113.75714874300002,30.126268387000096],[113.76116180400005,30.127269745000152],[113.76657867500012,30.129823683999973],[113.77034759400011,30.131063462000103],[113.77149200500003,30.132856369000027],[113.77278137300016,30.133607864000112],[113.77558136000006,30.135229110000125],[113.78089141800002,30.135721208000174],[113.78665924100018,30.13459396300004],[113.79432678300009,30.134542465000095],[113.79913330100021,30.13528442500018],[113.80480956900021,30.137828827000188],[113.80893707300015,30.141117096000073],[113.81420135400003,30.14573860200017],[113.81860351500006,30.149019241000076],[113.82319641100025,30.151145936000095],[113.82388305800009,30.15132331900014],[113.82579040500015,30.16799545300006],[113.82227325500025,30.184320450000143],[113.82666015600023,30.186649322000104],[113.82714843800011,30.18690872200006],[113.8321533200002,30.19178771999998],[113.8358001710002,30.196481705000167],[113.84187316800023,30.201782226000034],[113.84729004000008,30.204351426000187],[113.85208129900013,30.20487785400002],[113.85582733200022,30.205667496000164],[113.8587265010002,30.205566406000173],[113.86165618800021,30.20592689500006],[113.86226654100017,30.20200347900015],[113.86338806200014,30.197376252000026],[113.86430358900009,30.1941299450001],[113.86535644600009,30.190542222000143],[113.86707305900006,30.18780326900009],[113.8700332630001,30.185182571000155],[113.87333679300002,30.183401107000183],[113.87700653000002,30.18267440800003],[113.87991333100013,30.181793212000116],[113.8826522820001,30.18178939900008],[113.88568878200022,30.182201386000145],[113.88873290900005,30.182605743000124],[113.89154052800018,30.183248520000124],[113.89462280300019,30.18408584700018],[113.89697265500013,30.184982299000126],[113.90057373100001,30.185995102000163],[113.90294647300004,30.187322616000017],[113.90535736100003,30.188861848000048],[113.90853118900009,30.190559388000167],[113.91163635200019,30.19161033700016],[113.91425323500005,30.1927013400001],[113.91735839800003,30.19375229000019],[113.92076110800008,30.19521331800013],[113.9229202260002,30.196777343999997],[113.92529297000021,30.197887421000132],[113.92742157000009,30.19923210200011],[113.93007659900002,30.200754166000085],[113.93271637000021,30.202058792000003],[113.936882018,30.20367622499998],[113.93969726500018,30.2043170930001],[113.94181060900007,30.205083848000186],[113.94447326600005,30.205221177000112],[113.94909668000015,30.205947876000096],[113.954101562,30.205976487000104],[113.95957183900009,30.20575142000018],[113.96662902900005,30.20410156200012],[113.97284698600004,30.201646805000113],[113.97779846300023,30.198860169000117],[113.98351287800006,30.195041658000093],[113.98618316600005,30.193199159000187],[113.98916626000005,30.190790176000064],[113.99233245900018,30.187715530000045],[113.99550628700001,30.184852600000113],[113.99726867700019,30.18254661500003],[114.00000000000011,30.17983627300009],[114.00756836000016,30.171958924000027],[114.01119232200017,30.167814255000167],[114.01514434800015,30.164590836000173],[114.01944732700008,30.16137123200008],[114.02441406200012,30.157188415999997],[114.02867889400022,30.15083122300007],[114.03262329200004,30.148279191000142],[114.03660583600004,30.146038056000066],[114.04101562500011,30.144403458000166],[114.04459381000004,30.14347648600005],[114.0485916130001,30.14139556900011],[114.05385589700006,30.13920974700005],[114.05952453700003,30.137313843000072],[114.06390380800008,30.13536071900012],[114.06846618600002,30.133392334000007],[114.07280731200012,30.13112449700009],[114.0771179190001,30.128538132000187],[114.08090209900024,30.126153947000038],[114.084266662,30.12215233000012],[114.08625793500005,30.11924171599998],[114.08744812100008,30.116302491000056],[114.08816528400018,30.112426759000016],[114.08748626700003,30.10988044700002],[114.08682250900017,30.107103347000137],[114.08541870100021,30.1031532290001],[114.08346557700008,30.09964180000009],[114.0801773080001,30.096544265000034],[114.0753173820001,30.092929840000068],[114.07017517100019,30.089765549000166],[114.06424713100012,30.08657264700014],[114.05386352500022,30.082300187000097],[114.04579925400003,30.079725266000136],[114.04058838000003,30.077928543000045],[114.0338134770002,30.075754166000024],[114.02834320100021,30.07404899600016],[114.02182769800015,30.07198143100004],[114.0171356210003,30.070730210000193],[114.01195526100014,30.068595887000072],[114.00730133000015,30.06626129100016],[114.00000000000011,30.06418991100003],[113.99476623500004,30.063169481000163],[113.98834228400017,30.061515808000024],[113.97956848100011,30.05750846800009],[113.97286224400023,30.053331375000084],[113.96587371900011,30.050270081000065],[113.95980835000034,30.048219680000162],[113.95578002900005,30.045642852000125],[113.94967651300021,30.043230057000077],[113.94573211700005,30.041372299000162],[113.94140625000011,30.03990554800004],[113.93742370600012,30.037687302000165],[113.93319702200017,30.037298203000034],[113.92903137200005,30.037273407000157],[113.92684936500007,30.036359787000038],[113.9231033320001,30.03630256700012],[113.91921997000009,30.035160066000174],[113.91401672400002,30.03339958300006],[113.90838623000002,30.031312943000106],[113.90402221600027,30.02948570300003],[113.90097808800012,30.028278351000157],[113.89785003600014,30.026351928000054],[113.89386749200014,30.024133682000187],[113.88860321100003,30.0216503150001],[113.88539886500007,30.019004821000067],[113.88179016100014,30.016391754000157],[113.87896728400007,30.013351441000054],[113.87599945000035,30.010236740000156],[113.87432098400006,30.00822639400008],[113.87148284900013,30.003967284000115],[113.86981964100016,30.00241851900012],[113.86708068900022,29.999431609000112],[113.86456298900009,29.99527931200015],[113.8617019650002,29.991878510000163],[113.85974121100014,29.989133834000086],[113.85623931900011,29.983608245000028],[113.85327148500005,29.979129791000048],[113.85075378400018,29.974977493000036],[113.84824371400009,29.970340729000043],[113.847038268,29.967168808000054],[113.84587097100018,29.96468353300008],[113.84345245500003,29.961048126000094],[113.84165954600019,29.959318162000102],[113.83789062400001,29.95568847700008],[113.83553314100016,29.952976227000022],[113.8327407830002,29.95029640200011],[113.82948303300009,29.9469280240001],[113.82568359500021,29.94251442000012],[113.82232666000016,29.938428878000142],[113.8193588260001,29.934148788000186],[113.81770324800004,29.932598115000076],[113.81580352700018,29.93128585800014],[113.81215667800018,29.92872047500003],[113.8064804070001,29.926265716000042],[113.80100250300018,29.925613403000174],[113.79596710200019,29.925289154999977],[113.7906036380001,29.925712585000046],[113.78639984100005,29.92531967100001],[113.78185272300004,29.925678253000058],[113.77681732200006,29.925352098000136],[113.77179718000002,29.925027848000127],[113.76714324900013,29.924306869000073],[113.76260375900006,29.924665451000067],[113.75879669300002,29.92424011300005],[113.75418853700013,29.923879624000165],[113.74487304800016,29.92243576100014],[113.73680877700008,29.92089843700012],[113.73058319100006,29.921024323000097],[113.72441864000007,29.92187118500016],[113.7183303840003,29.9234390260001],[113.71427917400013,29.924482345000005],[113.70897674600019,29.92562484800015],[113.70488738900008,29.92631149300019],[113.70162200900029,29.926927567000174],[113.69954681400009,29.927089692000038],[113.69712066600005,29.927644730000114],[113.69419097800017,29.92751121600008],[113.69081115700021,29.92705154500015],[113.68668365400003,29.925739288000045],[113.68300628600002,29.924036026000127],[113.67951202300003,29.922494889000063],[113.67437744200004,29.921085358000084],[113.6705093380001,29.919937134000122],[113.6674270640001,29.918363571000047],[113.6648025510001,29.917118072000104],[113.6621780400003,29.915870666000107],[113.65749359100005,29.914787293000078],[113.65294647300004,29.915374755000183],[113.6520767220003,29.91478347800017],[113.64710998500016,29.913860322000176],[113.64150237900014,29.91127204800006],[113.63546752900015,29.908882141000163],[113.63043212800017,29.90566825800005],[113.6268997200001,29.903486253000093],[113.62383270300006,29.899686813000134],[113.62109375000023,29.89725112900004],[113.61773681600027,29.893228529999988],[113.61459350600012,29.887594223000008],[113.61170196500007,29.881948471000104],[113.60904693600003,29.875961304000047],[113.60365295300016,29.869804382000044],[113.59677886900022,29.864797593000162],[113.59044647200005,29.86113166800016],[113.58348083500005,29.85830879100007],[113.5770187380001,29.85530471800013],[113.57216644300001,29.85293579200004],[113.56706237800006,29.851032258000092],[113.56513977100019,29.84926033000005],[113.56030273400006,29.847120285000187],[113.554046631,29.844184877000092],[113.5486679070001,29.840927124000135],[113.53967285200008,29.835256576000063],[113.53280639600018,29.831380844000027],[113.52838897600009,29.82927131600013],[113.52272796600016,29.826034546000187],[113.51918792700008,29.824346542000114],[113.51486969000007,29.821489334000148],[113.51155090200007,29.81792449900019],[113.50949096600004,29.812940598000182],[113.50335693300008,29.805101395000182],[113.49936676100015,29.800411225000058],[113.4959106440001,29.796758652000104],[113.49008178600013,29.791818618000093],[113.48232269300001,29.78727340699999],[113.47461700400005,29.783212662000043],[113.46840667800008,29.780015945000116],[113.46164703400018,29.77710151600013],[113.45713806200013,29.774782182000024],[113.45097351100003,29.77222252000018],[113.4474411010001,29.77003669700008],[113.44339752100007,29.76786422800018],[113.44040679900003,29.765895843000123],[113.43715667600009,29.763933181000084],[113.43459320100021,29.761789321000155],[113.43151855400026,29.759086609000178],[113.42936706600005,29.75729179500018],[113.42723083600004,29.75549507100004],[113.42469024700006,29.752508164000062],[113.42254638700001,29.750711442000068],[113.41974639800003,29.747989654000094],[113.41726684600008,29.745727537999986],[113.4148330700001,29.743711471000097],[113.41268920900006,29.741914750000035],[113.40998840300006,29.740163802999973],[113.40870666500007,29.73854637200003],[113.40624237000009,29.736284256000086],[113.40379333500005,29.734270096000046],[113.40162658600002,29.73223304800007],[113.3993606570001,29.72976684500003],[113.39742279100018,29.72753334100014],[113.39505767800006,29.72538757300009],[113.39228820800008,29.722906114000182],[113.39009857100007,29.720624924000106],[113.38735199000007,29.71838569700003],[113.38339233400019,29.715257645000182],[113.38020324700005,29.711339952000113],[113.3768692010002,29.708662034000046],[113.37387085000034,29.70622825700002],[113.3703231820001,29.703126907000126],[113.36673736600007,29.699562073000035],[113.36316680900029,29.69600105300009],[113.36013794000007,29.692651749000103],[113.35682678200021,29.68908119200017],[113.35404205400005,29.68549537600012],[113.35159301700014,29.68084907600007],[113.34858703600003,29.678417207000052],[113.34393310500002,29.673971176000123],[113.33820342900003,29.66909980800017],[113.33262634300002,29.66192436200009],[113.32663726700015,29.65705871600005],[113.3261184700001,29.656532288000164],[113.32334137000022,29.653717042000157],[113.32061004700006,29.651273727000046],[113.31755065900006,29.64723587100008],[113.3142166130001,29.642978668000183],[113.3122634890001,29.64005279600019],[113.31059265100009,29.6380386350001],[113.30676269600019,29.634483338000166],[113.30052947900003,29.62365532000007],[113.29747009300002,29.617000581000013],[113.29486084100029,29.613279342000055],[113.29223632800017,29.609317779000097],[113.28466796800012,29.603523255000084],[113.27665710500014,29.596050262000063],[113.26986694400023,29.589706422000067],[113.2650527960002,29.586154938000053],[113.26177978600003,29.584196091000027],[113.25588989200003,29.581211089000135],[113.2528228760001,29.578502655000083],[113.25092315700022,29.576198579000046],[113.24820709200026,29.57419967600009],[113.24504852400003,29.570518493000066],[113.24156189000007,29.56637573200004],[113.23787689300003,29.56298256000014],[113.2337570200001,29.55814933800008],[113.22708892800017,29.552776337000072],[113.22165680000012,29.548776627000056],[113.21856689500021,29.545824051000185],[113.2157669070001,29.54285430900012],[113.2132415760002,29.539863587000124],[113.21038055400004,29.537681579000093],[113.20868682800005,29.53497886800017],[113.2050781260001,29.53003692600004],[113.20192718600015,29.523704529000042],[113.19863891700015,29.520130157000043],[113.19544220000023,29.51501083400001],[113.19174957200005,29.508678436000142],[113.18901824900013,29.50349807800012],[113.18486785900006,29.497816086000004],[113.18002319400023,29.491447448000148],[113.17523193300019,29.486858368000185],[113.17031097400013,29.481954575000092],[113.16645812900003,29.477478028000178],[113.16340637100018,29.473665237000095],[113.15926361200015,29.468509675000178],[113.15548706000015,29.46317672800012],[113.1509704580002,29.45690918000002],[113.14346313400007,29.44865799000019],[113.13612365700023,29.444942474000076],[113.12660217400025,29.443614959000055],[113.12457275400004,29.44528007500003],[113.12103271500018,29.44905281100006],[113.11955261300011,29.451389313000107],[113.11759948700012,29.455347060999998],[113.11671447800018,29.458551407000133],[113.11450195400005,29.458911896000192],[113.112663268,29.458942414000038],[113.08979797400013,29.459955215000097],[113.08758544800003,29.460313797000087],[113.08561706600005,29.460245133000118],[113.08499145400015,29.456623078000177],[113.08484649700017,29.45223045300008],[113.08489227200027,29.446847916000138],[113.08403778200011,29.4437313090001],[113.0831832890002,29.440614701000186],[113.08236694300001,29.43798446700015],[113.08023834100004,29.43637275700019],[113.07861328000001,29.435041427000158],[113.07569885300018,29.434431076000013],[113.07227325500003,29.434564590000097],[113.06838989300013,29.435787202000142],[113.06609344600008,29.437231065000162],[113.06432342500011,29.43911552500009],[113.06333923400007,29.44098091100011],[113.06079864500009,29.44334602400011],[113.05909729000007,29.446836472000086],[113.05774688700001,29.449319839000115],[113.05686950600034,29.45183181900012],[113.05684661800001,29.454519272000024],[113.0565872200001,29.456773757999994],[113.05667114200014,29.459064483000134],[113.05696106000028,29.461603164000106],[113.05718994100016,29.4640331280001],[113.05750274600018,29.4671916960001],[113.05815887400013,29.4704933160001],[113.05824279800015,29.472326279000132],[113.05856323300009,29.474153520000076],[113.05919647300004,29.476888656000085],[113.05930328300019,29.47941017100004],[113.06018066400009,29.48190689100005],[113.06107330300006,29.48463630600003],[113.06166076600016,29.48743248000011],[113.06140136600017,29.49062919700003],[113.06034088100023,29.494131089000007],[113.05809783900008,29.49698448200013],[113.0548400880001,29.500413895000126],[113.0533218380001,29.501832962000037],[113.05153656100003,29.503490447000104],[113.04898834200003,29.505397797000175],[113.04557800200007,29.506456376000134],[113.04266357300025,29.508136750000066],[113.03910064600007,29.508886338000085],[113.03498077300003,29.509672164999987],[113.03182983300007,29.50892257700013],[113.02931213500007,29.508863449000046],[113.02729797300003,29.508277894000173],[113.02528381400009,29.507690429000153],[113.02156066900022,29.506738662000032],[113.01550293000003,29.504730225000007],[113.01170349200004,29.503049851000075],[113.00823211700015,29.501832962000037],[113.00502014200003,29.500356674999978],[113.00154876700014,29.49913978600011],[112.99948883000013,29.49806594800009],[112.99574279700005,29.496868134000124],[112.99201965300007,29.49591636700012],[112.9879684450002,29.494495393000136],[112.9838333140001,29.49210548400004],[112.98111724900002,29.490100860000094],[112.97901916600006,29.488538742000177],[112.97689819400023,29.48673820500011],[112.97441864000007,29.484226227000136],[112.97257232600009,29.48240661700004],[112.97042083800022,29.480356216000075],[112.968826293,29.478271485000164],[112.9667129520001,29.47646713300009],[112.96341705200018,29.474260330000053],[112.96131896900022,29.472700118999963],[112.95861053400006,29.470693588000135],[112.95572662400002,29.469678878000025],[112.95181274300023,29.46971893200015],[112.94544983000003,29.47042083800011],[112.93881225600012,29.474075319000065],[112.93633270300018,29.47743225100004],[112.93456268300008,29.48245048600018],[112.93324279800004,29.48934173700008],[112.93286132800006,29.4932518],[112.93264007500022,29.500682831000177],[112.93242645200019,29.50978279200018],[112.93287658600013,29.51505088900007],[112.9326629640002,29.52171516400017],[112.9310684210002,29.53161239700006],[112.92922973700013,29.53883552600007],[112.92759704600007,29.545312882000076],[112.92655181900022,29.54986381500015],[112.92629242000034,29.555187225000054],[112.92561340300006,29.559885025000085],[112.92458343500006,29.563871384000155],[112.92151641900011,29.572895050000174],[112.91821289100017,29.580146789000025],[112.91578674300001,29.58617782700009],[112.91381836000028,29.592279435000084],[112.90947723400006,29.60504722600018],[112.90712738000003,29.6126861570001],[112.90648651200013,29.61683464100014],[112.90524292100031,29.62322425800011],[112.90534210300018,29.62856674300008],[112.90603637600032,29.633136750000123],[112.9066314690001,29.63495636000005],[112.9076538090003,29.636993408000023],[112.90952300900005,29.639062882000193],[112.91253662000008,29.641292572000108],[112.91529083200011,29.643787384000124],[112.9197311400003,29.64640235900004],[112.92481994600018,29.65006256100003],[112.92965698300009,29.652914047000024],[112.93557739300003,29.65619468800014],[112.94123840300018,29.65971183800019],[112.94657898000003,29.661630630000165],[112.95620727400001,29.66572570900013],[112.968826293,29.67248916600011],[112.97754669200003,29.677474975000052],[112.98533630400017,29.68278694100013],[112.99188232400013,29.686716080000057],[112.99622344900001,29.691051484000127],[113.00022125200019,29.69492149300015],[113.00434875500002,29.700006486000117],[113.00852203300019,29.7053451540001],[113.01133728000013,29.711732865000045],[113.01354980400004,29.71720123400013],[113.01519012500012,29.722709656999996],[113.01664733900009,29.72627258400019],[113.01719665500002,29.729169845],[113.01846313400017,29.732929231000014],[113.01975250200007,29.738281250000114],[113.0204010000001,29.742149353000173],[113.0210723890001,29.74625969000016],[113.02204895000035,29.750595094000058],[113.0225372320001,29.755697250000143],[113.02308654800004,29.75859451400004],[113.023132325,29.76201438900011],[113.02308654800004,29.764690399000184],[113.0226593010001,29.766998292000096],[113.02277374300002,29.76974868900004],[113.02156829900014,29.772994996000136],[113.01952362100008,29.774656296000103],[113.01714325000034,29.774265290000073],[113.01500701900011,29.773864747000065],[113.01233673200022,29.773023605000105],[113.00921630800008,29.772075653000005],[113.00627899100004,29.770576478000066],[113.0035171510001,29.768083573000126],[113.00126648000014,29.765064239000026],[112.99964904700016,29.762735368000165],[112.99848938000002,29.759393691000184],[112.99710083000025,29.75655746600006],[112.99603271500007,29.754188537000122],[112.99362182700008,29.74946785100013],[112.9890975950002,29.743188858999982],[112.98200988800022,29.736360549000096],[112.97646331800013,29.73113250700004],[112.96896362200006,29.725801467000057],[112.96253204300001,29.720146180000082],[112.95802307200006,29.716802598000186],[112.95465087900006,29.713863373000095],[112.95175933800023,29.709913255000114],[112.94953918400017,29.705835342000114],[112.94455719100017,29.699546814000087],[112.94043731800002,29.69483947800018],[112.93208312900015,29.68956184400014],[112.9242324830002,29.691335679000076],[112.91990661600006,29.69605064300009],[112.91770172200006,29.699386597000114],[112.91651916500018,29.703294755000172],[112.91493988000002,29.71045112500002],[112.91491699200003,29.71710586500018],[112.91609191900022,29.72028541600008],[112.91738128700013,29.725830078000172],[112.91790771500018,29.731422425000062],[112.91834259000018,29.73603820900007],[112.91850280700021,29.740674974000115],[112.91787719800004,29.74316406300011],[112.91757965100021,29.74587822000001],[112.91697692800017,29.748367310000102],[112.91638183600016,29.75134468100015],[112.91571807900016,29.754802704000042],[112.91429138200034,29.758970261000112],[112.91309356700026,29.762214660999973],[112.91145324700005,29.767765046000136],[112.91021728400005,29.7700939180001],[112.90773773300032,29.774061202999974],[112.9062728890001,29.77708435000011],[112.90532684300001,29.78032112200003],[112.90361023000014,29.783809663000113],[112.9013824450001,29.787540435000096],[112.89909362800017,29.789894105000148],[112.89732360800008,29.792007447000174],[112.89557647800018,29.79457855200019],[112.89407348500004,29.796682357999998],[112.89019775400004,29.79885292],[112.88683319100016,29.800550462000164],[112.88429260200019,29.800611495000116],[112.88153076200012,29.799774171000138],[112.87790680000013,29.798374175000102],[112.87461853100001,29.79616165200008],[112.87008667100008,29.79281234700017],[112.86678314200003,29.790357590000042],[112.86348724400024,29.78814315800014],[112.85959625200007,29.78548431400003],[112.85505676200023,29.782587051000007],[112.85118103000002,29.77947425900004],[112.84607696600006,29.77592277600007],[112.83975982700008,29.77123451300008],[112.83361816500019,29.765548707000168],[112.82653808600014,29.7587108620001],[112.81868744000019,29.752658843000173],[112.80967712300026,29.746200563000176],[112.80280304100006,29.741548538000075],[112.8000564570001,29.73899459800015],[112.79810333300009,29.736061096000075],[112.79638671800012,29.732208252000135],[112.79650878900031,29.728305817000148],[112.79322051900022,29.72471809400003],[112.7894516,29.722295760000126],[112.78032684300013,29.717945099000133],[112.7847671510001,29.709339143000026],[112.78732299800015,29.706750869000135],[112.78868865900006,29.700975419000088],[112.787750243,29.696870804000014],[112.78420257600021,29.69329261899998],[112.77720642100019,29.68934440600009],[112.76889038100012,29.6847457880001],[112.76254272400024,29.676422118000065],[112.75998687700007,29.671670913000185],[112.75776672300003,29.668056489000037],[112.75498962300014,29.66399765100016],[112.75093078500004,29.660892488000172],[112.74501800500003,29.657373428000145],[112.73911285400006,29.654085159000147],[112.73084259100006,29.651086808000116],[112.72353363100001,29.65265274200016],[112.72009277300003,29.652280807000068],[112.71262359500008,29.649263383000118],[112.70729065000012,29.647563934000118],[112.70455169700006,29.644420624000073],[112.69979095400004,29.636283875000178],[112.69754791300022,29.632211686000122],[112.69390106300011,29.62587928700015],[112.69039154100017,29.61564254800004],[112.68830108600014,29.608356476000044],[112.68551635700021,29.604066850000038],[112.68332672200006,29.601600646999998],[112.68089294300012,29.599365235000167],[112.6781692510001,29.59690857000004],[112.67552947900003,29.59674835200008],[112.67427063000002,29.598388672000116],[112.66983032200005,29.599416732000066],[112.66591644400023,29.600206374000035],[112.66227722100007,29.60144615200011],[112.65643310500025,29.599985124],[112.64917755200008,29.595581055000025],[112.64492035000012,29.59408188000009],[112.64250946000006,29.592765808000077],[112.64063262900015,29.591894150000087],[112.63783264100027,29.594488144000138],[112.63609313900008,29.59728813200013],[112.63588714700006,29.59935760500008],[112.63597106800034,29.60164833200014],[112.63529968200021,29.605106354000103],[112.63510131800001,29.60717773400006],[112.6338882450001,29.61018943700009],[112.63160705600001,29.61277198800019],[112.62825775200008,29.614690781000036],[112.62567138600014,29.616132736000054],[112.62357330200007,29.616186143000167],[112.61823272700008,29.61379242100014],[112.6097564700001,29.612628936000082],[112.60685729900013,29.612474442000064],[112.60162353600003,29.61283111600011],[112.59718322800006,29.614086152000027],[112.59281921400009,29.61741066000013],[112.5861129770001,29.62101745700005],[112.57776641800001,29.62374687200003],[112.57251739500009,29.624105454000187],[112.56413269000006,29.624769210000014],[112.55618286200013,29.623359679000032],[112.55182647800007,29.619108200000085],[112.54638671800012,29.613964081000116],[112.54149627600032,29.60926437400002],[112.53851318400007,29.606124879000053],[112.53555297800006,29.604360581000094],[112.53048706000015,29.60265159600004],[112.52735900900007,29.603183746000184],[112.5195236210003,29.604751587000123],[112.50891876200012,29.610513687000093],[112.50319671600005,29.61294555600017],[112.49960327100007,29.615097047000123],[112.49806213300008,29.616510391000133],[112.4960937510001,29.62046051100015],[112.49519348100023,29.62530136000004],[112.49449920600023,29.62829780600015],[112.49220275900018,29.630416870000147],[112.48986053400006,29.63138961800019],[112.48545837500012,29.63356018000019],[112.47757720900029,29.634210587000045],[112.47261047300003,29.635017395000038],[112.46578216600005,29.635639192000045],[112.45896148600002,29.636259079000073],[112.45156860400016,29.63551712100019],[112.44706726100014,29.634933472000114],[112.44313812200016,29.635257722000116],[112.43888855000012,29.633981705000107],[112.43409729100006,29.632488252000083],[112.42852020200019,29.63078308200005],[112.42317199700005,29.62815475400004],[112.42201995800008,29.62497139000004],[112.42153167700008,29.617870332000166],[112.42283630300005,29.609579086000167],[112.4197387700001,29.603002548000124],[112.41175079400023,29.591714859000092],[112.40598297100018,29.58382034400012],[112.40180969300002,29.57680702300007],[112.39820861900012,29.571153640000148],[112.39485168500005,29.564807893000083],[112.39001464800015,29.56339073200019],[112.3855056760001,29.56741142300001],[112.38233947800029,29.56498336900006],[112.37825775200008,29.56119155900018],[112.37258911100014,29.55675315800005],[112.36872863800035,29.551576615000105],[112.36589050300006,29.54569053700016],[112.36280059800015,29.54003715500011],[112.3623733520003,29.539342880000106],[112.3598632820001,29.539007187000152],[112.35778045700033,29.539970399000087],[112.3549270640001,29.541185379000073],[112.3489608770002,29.543615342000123],[112.34481048500015,29.545545578000148],[112.33879089300001,29.546371459000174],[112.33303833000002,29.547420501000147],[112.32803344800016,29.54707527200009],[112.32221984900002,29.546289445000127],[112.31670379700017,29.545850755000117],[112.31479644800004,29.542423249000024],[112.31384277300003,29.537633897000035],[112.31418609700006,29.532350540000152],[112.31428527900005,29.527532579000027],[112.31363677900003,29.524108886000196],[112.31149292100031,29.522558213000025],[112.30962371800013,29.521692275000134],[112.3066864010002,29.520618440000188],[112.30348968600026,29.51932525700005],[112.29978943000003,29.51873207100016],[112.29424286000005,29.517728807000143],[112.29000091600028,29.5166873930001],[112.28627777200008,29.515407563000114],[112.28383636500031,29.513404847000118],[112.28244781500018,29.510917663000043],[112.28275299100005,29.50448989900019],[112.28185272200005,29.501073836999975],[112.28069305500014,29.498119355000146],[112.2791366570001,29.49884605500006],[112.27738189700005,29.500957489000147],[112.27691650300005,29.502803803000123],[112.27570343100012,29.505815506000037],[112.27522277900017,29.506975173000114],[112.2752838140001,29.50857734800007],[112.27387237500011,29.51365852400005],[112.27372741600016,29.517101288000163],[112.27442169100004,29.521900177000134],[112.27481079200004,29.525787354000162],[112.27686309800004,29.531929017000156],[112.28288269000018,29.538654327000074],[112.28724670500003,29.54358673100018],[112.2910919200001,29.548305512000073],[112.29470062200016,29.553947449000134],[112.29682159400011,29.56214714100003],[112.29898071200023,29.571491241000103],[112.2989730840003,29.578603745000066],[112.29734802300004,29.585065842000176],[112.29488372800017,29.58971405000017],[112.29184722800028,29.593460083000082],[112.28851318400007,29.595378876000098],[112.28381347600009,29.596416474000137],[112.28014373700012,29.596969605000027],[112.27514648500005,29.597093583000117],[112.27356719900013,29.597135543000036],[112.26863861000004,29.598865509000177],[112.26554107700021,29.60054779000001],[112.26228332500011,29.605218887000092],[112.2602462770003,29.607330323000156],[112.25714874200027,29.608787536000193],[112.25140380800008,29.609619140000063],[112.246147156,29.610210418000182],[112.24326324400012,29.610282899000026],[112.24117279100028,29.610336304000104],[112.2396163950001,29.61129188600012],[112.23811340300006,29.61316108600005],[112.23660278400008,29.615493775000058],[112.23538971000005,29.61850547900019],[112.23425292900004,29.620067597000112],[112.2288970950001,29.62274932800005],[112.22821044900002,29.623958587],[112.22728729300002,29.62764930800012],[112.226844787,29.630184174000078],[112.22637939500021,29.632030488000055],[112.22666931100004,29.63271141000013],[112.22686767500011,29.63427162300013],[112.2270202630001,29.635454178000032],[112.22795867900015,29.639787674000107],[112.22885131800001,29.64274406500005],[112.23083496100004,29.647052765000183],[112.23309326200014,29.65158462500017],[112.23558807400013,29.655418396000016],[112.23786163300008,29.660408020000038],[112.23887634300003,29.664405823000152],[112.2355270390002,29.662940979000094],[112.23130798300008,29.662574769000173],[112.2275085450002,29.658758163000076],[112.22502899200026,29.65491294800012],[112.21959686200023,29.649526596000157],[112.21517181500008,29.64228057800011],[112.20979309000018,29.638040542000166],[112.2052536000001,29.635843277000163],[112.20095062300015,29.633186340000123],[112.19773101800013,29.630960465000104],[112.1937332150002,29.629213333000113],[112.19135284400012,29.629035950000116],[112.19010162300003,29.631126403000167],[112.18888092000009,29.634365082000162],[112.18739318800021,29.637380601000185],[112.18617248600015,29.640615463000128],[112.18419647300016,29.64525032000017],[112.18041229300002,29.648302078000086],[112.1804046630001,29.64922142100005],[112.1784210200002,29.652940750000024],[112.17440032900015,29.65854263299997],[112.17191314800016,29.662729264000067],[112.17169952300014,29.66330146799999],[112.16551208500017,29.663089753000182],[112.1589202890001,29.662771226000185],[112.15228271500018,29.66061782800017],[112.1467132570001,29.65936279400006],[112.14193725600012,29.658086777000108],[112.13617706300022,29.659357071000045],[112.13146209700017,29.65991592500012],[112.12619018500004,29.659570694000024],[112.12252807600021,29.660562515000155],[112.11837005600023,29.662258149000085],[112.11498260500002,29.66347694400014],[112.11083221500007,29.66563034000012],[112.10852050700021,29.667743684000186],[112.1021499640002,29.671445847000033],[112.10059356600006,29.673149110000168],[112.09622192400002,29.676464080000187],[112.09156799300013,29.679100036000136],[112.0879135140002,29.679874420000093],[112.08397674500009,29.680425643000152],[112.08135986400009,29.68071937700012],[112.07584381100015,29.681077957000127],[112.07267761300011,29.68092536900008],[112.0679702770002,29.681726457000142],[112.06429290700011,29.682041169000062],[112.0609283450002,29.68372535800006],[112.0586624140002,29.686990738000187],[112.05748748800033,29.6911449430001],[112.05655670200008,29.695293426999967],[112.05642700100009,29.699424744000112],[112.05680847200028,29.702854157000104],[112.05850982600022,29.706483842000125],[112.06046295300007,29.709875108000066],[112.06152343700002,29.709852219000027],[112.06440734800003,29.70978164600018],[112.06685638500005,29.712245942000152],[112.06809997600021,29.717950821999978],[112.06931305,29.722963334000156],[112.06999969500009,29.727764129000093],[112.07064056500019,29.731416703000146],[112.07160186700014,29.73667144900003],[112.07070922800006,29.741502763000145],[112.06899261500008,29.745443345000183],[112.06246948200011,29.755226136000033],[112.0607910160003,29.76031112700008],[112.06017303400017,29.76537132400017],[112.05982208300031,29.771112443000106],[112.0597991940001,29.773088455000163],[112.05622863700023,29.773443222000083],[112.0535812380001,29.773040771000126],[112.05145263600004,29.772396088000168],[112.04950714200015,29.76876449500014],[112.04994964500008,29.76577377300015],[112.05166626000005,29.761379242000093],[112.05346679700028,29.75950622600016],[112.05626678400006,29.756467819000196],[112.05808258100014,29.755283356000177],[112.05986786000028,29.75295066899997],[112.06086730900029,29.75109481700008],[112.06050109900004,29.747661591000057],[112.05809020900006,29.746105194000165],[112.05413055400004,29.74572944600016],[112.04736328100012,29.74862289400011],[112.04248809800004,29.753307343000188],[112.03829956100003,29.75657081600014],[112.03452301000004,29.756961822000164],[112.03408813400017,29.759723664000035],[112.03311157100006,29.762037277000047],[112.03134918100011,29.76460075500006],[112.02828216500018,29.767654418000063],[112.02416992200017,29.770729065000182],[112.01901245100021,29.774061202999974],[112.01461792000032,29.776687622000168],[112.00997924700016,29.780004502000107],[112.00767517200018,29.781892778000042],[112.00708007900005,29.78226089500004],[112.00474548400007,29.781393052000116],[112.0013580330002,29.780668258000166],[111.99869537300015,29.780424119000145],[111.99556732200007,29.78133583200014],[111.9882888790001,29.784923553000116],[111.98359680100003,29.78662109400011],[111.97942352300004,29.78808021500015],[111.97550964400013,29.789768218999995],[111.97083282500013,29.791925431000152],[111.9676666270002,29.792446137000073],[111.96457672200006,29.795032501000037],[111.96145629800016,29.79647254900016],[111.95841217100008,29.80066108700015],[111.95452880900012,29.80326271200005],[111.95117187400007,29.805850983000028],[111.94857788000002,29.807279587000096],[111.9465408320001,29.809841155000132],[111.94632720900006,29.811683654000092],[111.94667816100014,29.81488609400003],[111.94780731100013,29.81807708800011],[111.94895935000017,29.821264268000167],[111.95036315900006,29.82422065700013],[111.95175170900018,29.826944351000066],[111.9534530640002,29.8310394290001],[111.9545822140002,29.834001542000184],[111.95411682200006,29.836763382000075],[111.95446014300013,29.83927917500012],[111.95211029000012,29.84024047900004],[111.94947815000012,29.840295792000123],[111.94709014800003,29.83988380500006],[111.94364929200009,29.839494705000163],[111.93750762900004,29.836633683000063],[111.93063354399999,29.835622788000023],[111.92828369100016,29.836585998000142],[111.92411041300001,29.838502882999993],[111.92101287800018,29.84085845900006],[111.91401672300009,29.845352174000144],[111.90856933500004,29.84889984100016],[111.90493774500015,29.85126876900006],[111.89977264300019,29.85503578300018],[111.89457702700014,29.858575821000155],[111.88803863600015,29.86031150800011],[111.88115692100018,29.859523773000035],[111.87774658100005,29.86004829500013],[111.87487792900004,29.861253739000176],[111.87175750800003,29.862918855000142],[111.86868286100014,29.866186143000107],[111.86585998600003,29.869224548000034],[111.86251831000017,29.87273025500014],[111.8596267690001,29.87301445000009],[111.85514831500006,29.873329163000108],[111.84963226300005,29.87412262000015],[111.84673309300013,29.873952867000018],[111.84281921400004,29.875856401000135],[111.83840179500004,29.878465653000035],[111.833763122,29.882225037000072],[111.8278121960002,29.886924744000172],[111.8241729730001,29.888828279000165],[111.820259094,29.890966416000083],[111.8160934440001,29.892879486000087],[111.81079864600008,29.89229202300004],[111.80711364799998,29.892360687000064],[111.80187225300006,29.8940639490001],[111.80010223500013,29.897077560000128],[111.79654693600003,29.902650834000156],[111.79196929900007,29.908929826000076],[111.78489685000011,29.911354065000012],[111.77989196800007,29.911447526000018],[111.77382659900013,29.91156005900018],[111.76934051600017,29.91164207500003],[111.76429748500004,29.910358430000148],[111.75903320300006,29.910455705000118],[111.75454712000005,29.910766602000027],[111.74958801300016,29.912923813000077],[111.74495697100014,29.917825700000037],[111.74043273900008,29.921348573000103],[111.73581695500009,29.92064666700008],[111.72820282100014,29.918853761000094],[111.72283935500013,29.91576004100006],[111.71764373800005,29.90921974200012],[111.71544647300004,29.906057358999988],[111.71273803600019,29.90359306300002],[111.70980834900018,29.90251159700006],[111.70659637400007,29.900972366000193],[111.70491790700004,29.897571563999975],[111.7035064690001,29.894161224000076],[111.70056915300012,29.892847062000044],[111.69450378400018,29.892747879999998],[111.68789672900016,29.892198562000036],[111.674430846,29.891332626000178],[111.66233062700007,29.89227485800012],[111.65387725800008,29.891988754000124],[111.64923095800009,29.89506530800009],[111.64697265700016,29.89877891500015],[111.64459228500004,29.89882660000012],[111.63430023300003,29.898582458000135],[111.62875366300017,29.898008347000147],[111.61947631800018,29.89636421200009],[111.61126708900014,29.895156860000043],[111.60492706400005,29.894599914000143],[111.59995269800004,29.895158768000044],[111.5957489020002,29.89616012500017],[111.59131622400008,29.89785385200008],[111.58824157700013,29.90112304700011],[111.5850830070001,29.90096092200014],[111.57897949300013,29.899709701000063],[111.57450103800005,29.899797440000157],[111.56844329699999,29.89968872000003],[111.55901336800002,29.899066926000106],[111.55236053400006,29.896884919000115],[111.54385375999999,29.894044876000066],[111.54096984900002,29.894781113000136],[111.53707122700007,29.89736938400012],[111.53343963700013,29.899955750000057],[111.5308609010001,29.9025192260001],[111.52908325300014,29.905302048000124],[111.52915191600005,29.908742905000167],[111.52895355200013,29.911495209000183],[111.52694702200002,29.915889740000065],[111.52572631800007,29.920265197000163],[111.52369690000006,29.924201966000172],[111.51960754400011,29.92977333000005],[111.50718688900008,29.92929268000006],[111.49952697800006,29.928499223000184],[111.49154663100012,29.926332474000052],[111.48361969000013,29.92554664700015],[111.47544097900015,29.925449372000173],[111.46911621000004,29.925781250000114],[111.46067810000017,29.926376343000072],[111.4493179320001,29.925640106000174],[111.44288635300006,29.930870056000174],[111.44132232800007,29.933370591000028],[111.43917083700012,29.93575286800007],[111.4367370600001,29.937925339000117],[111.43283844000013,29.937698364000084],[111.42945098900003,29.935926438000024],[111.42565917900004,29.93210220400016],[111.42079925600018,29.927837372000052],[111.41487884600002,29.923137664000084],[111.4095230100001,29.91979980500003],[111.40419006299999,29.917379379000128],[111.39837646500001,29.917257309000153],[111.39314270000017,29.91850280700015],[111.38902282700008,29.918930054000104],[111.38594055200019,29.91891670200005],[111.38485717700019,29.919443131000154],[111.3833618170001,29.920442581000085],[111.38160705500002,29.922189712000147],[111.38040924100005,29.925733566000073],[111.3807983390001,29.92847061200007],[111.38329315100009,29.93300819400014],[111.38601684600013,29.936624526000063],[111.3842391980001,29.939407349000188],[111.38214111200007,29.939674377000074],[111.37738037100007,29.93907737800015],[111.37448120099998,29.939130783000053],[111.37374877900015,29.94166755700013],[111.37309265100004,29.946491241000107],[111.37344360400004,29.94992256200004],[111.37301635700015,29.954286576000186],[111.37203216600017,29.95705413800005],[111.36995697100014,29.95846939200004],[111.36464691200013,29.956962586000085],[111.35933685300017,29.955686569000136],[111.35241699200003,29.953519820000167],[111.3481369010002,29.951078416000144],[111.34757232700002,29.9492549900001],[111.34723663400007,29.946510314000196],[111.34509277400014,29.94517326400006],[111.34404754700006,29.94542312600009],[111.34252166800002,29.94774437000012],[111.34049224800015,29.950988769000105],[111.33822631900017,29.955154419000166],[111.33569336000012,29.95932769800004],[111.33241271899999,29.965116501000185],[111.32962799100017,29.969980239000108],[111.32788085900006,29.97414016700003],[111.32585144000006,29.977384568000165],[111.32433319100011,29.97993278500002],[111.32135772700013,29.97915840200017],[111.32058715800008,29.977710724000136],[111.32005310000011,29.977033615000156],[111.31920623800005,29.975212097000053],[111.31700897200011,29.97181511000014],[111.3144226070001,29.973695756000097],[111.3123703,29.976024627000132],[111.30956268400007,29.979972840000073],[111.30699920600006,29.982997894000054],[111.30336761600012,29.98535537700019],[111.29915618900009,29.98758697400018],[111.29605865600007,29.990579605000054],[111.29556274500015,29.991737366000056],[111.29532623400002,29.993345261000115],[111.29543304400016,29.99724006700012],[111.29633331400004,30.001348496000166],[111.29641723500015,30.00547409000012],[111.29546356300011,30.00892829900016],[111.29157257100007,30.012207031000003],[111.28871154900014,30.013860703000095],[111.2852935790001,30.01720237700016],[111.2845611570001,30.017370225000036],[111.28272247299998,30.017631532000053],[111.27850341800007,30.017705918000164],[111.27426147400008,30.017093659000068],[111.26976776100014,30.016323090000128],[111.2678070070001,30.019020082],[111.26297760100005,30.027578352999967],[111.25887298600016,30.033145904000154],[111.25653839100016,30.035701751000147],[111.25238037200012,30.039201738000084],[111.24817657500019,30.040866853000068],[111.2447128300002,30.043388366999977],[111.24978637700013,30.046066284000172],[111.25562286400015,30.047128677000046],[111.25959014900008,30.047300340000106],[111.26383209300019,30.047925949000106],[111.27337646500013,30.049392700000055],[111.27892303500005,30.049310684000034],[111.28630828900003,30.048742295000125],[111.29080200200013,30.04890442000016],[111.29476165800003,30.0486202240001],[111.30058288500004,30.048990249000042],[111.30750274700006,30.05095291100008],[111.31150818000009,30.053188323000143],[111.31289672800006,30.056833267000055],[111.3151321420001,30.06207847700011],[111.31577301,30.06711578300019],[111.31720733700013,30.073518753000084],[111.31835174600002,30.077167512000074],[111.32000732300015,30.080812455000114],[111.3216781610002,30.084457398000154],[111.32569122200016,30.08691978400014],[111.33261108400018,30.088880538000012],[111.33953094500009,30.091299057000015],[111.34645080500013,30.09325790300011],[111.34967040999999,30.095502853000024],[111.35263824500015,30.0984382630001],[111.35639190600013,30.10090446400011],[111.36228942900004,30.10448455900013],[111.3676071160001,30.106466294000086],[111.37084198000008,30.108711243000073],[111.37277984600018,30.113037110000167],[111.37471771200012,30.11691093400009],[111.37745666500018,30.121454239000176],[111.38239288400013,30.12624359100016],[111.3842391980001,30.126207352000108],[111.38873291100003,30.125896455000035],[111.39321899400005,30.126039505000165],[111.39771270699998,30.12572860699999],[111.40083313000014,30.12383651800002],[111.40467071500018,30.119180680000117],[111.40836334300013,30.118650436000113],[111.41442108199999,30.118310929000188],[111.4189224230002,30.118682862000128],[111.42257690400015,30.117010116000078],[111.42542266800007,30.114892960000077],[111.42723846500013,30.1134815210001],[111.43064117500012,30.112274170000095],[111.43382263100011,30.112670898000086],[111.43701171800006,30.11329841700001],[111.44310760400016,30.114326478000123],[111.44600677500011,30.114273071000017],[111.44814300500013,30.114461899000048],[111.45153808600008,30.113479614000028],[111.45465088000009,30.111127853000028],[111.45932769700005,30.108058929000155],[111.46478271500007,30.10474586400017],[111.469520569,30.103965760000108],[111.4768905640001,30.103134156000067],[111.47849273700007,30.10284996000019],[111.48314666800007,30.105333329000185],[111.48741150000018,30.106868744000163],[111.49249267600015,30.109079362000106],[111.49784088100007,30.112203598000125],[111.50155639600007,30.11283111600017],[111.50576019200008,30.111387252999975],[111.50993347300016,30.10879325900015],[111.51357269300019,30.105983734999995],[111.51692962600004,30.102716446000155],[111.52108001800008,30.099208832000155],[111.52348327600015,30.100086212999997],[111.53015899600001,30.10295677300002],[111.53658294700017,30.106063843000072],[111.5419464110002,30.10987281900009],[111.54707336300004,30.113685608000026],[111.55297851500012,30.117717742000025],[111.55888366700003,30.12105751100006],[111.56286621100003,30.122596741000052],[111.5652465820001,30.122556686],[111.57080841000004,30.122690200000026],[111.57507324300002,30.123996734000173],[111.57803344700017,30.126239776000094],[111.58026123100012,30.13079071000004],[111.58085632400008,30.135601045000104],[111.58022308400008,30.140193940000074],[111.57879638700008,30.14732933000016],[111.5780563350001,30.148950577999987],[111.57753753600008,30.150100709000014],[111.57846069400011,30.155361176000156],[111.57961273300009,30.159013749000167],[111.58072662300009,30.161975861000087],[111.58186340300017,30.165166855000166],[111.58035278300008,30.16840362500011],[111.57881164500009,30.170494080000143],[111.57704925500009,30.17419433600003],[111.57499694900014,30.177209855000054],[111.57559204200004,30.17972374000016],[111.57940673800005,30.184703828000067],[111.58083343500005,30.188579560000107],[111.58199310200013,30.192686082000076],[111.58524322500006,30.195842743000075],[111.58766937300004,30.198097229000044],[111.58775329700006,30.201303481000142],[111.58705139199998,30.205678941000144],[111.58557891800018,30.21051979100014],[111.58670806800018,30.21348190400016],[111.59047699000008,30.21616935800012],[111.59236145000006,30.217512131000095],[111.59774780300013,30.221319199000167],[111.60124969400006,30.223783492000056],[111.60423278900004,30.22671127399997],[111.60592651400015,30.231273651000098],[111.60553741500019,30.237241745000066],[111.60298919600012,30.24141502300006],[111.59961700500008,30.24445343100007],[111.59702301100003,30.246561050000143],[111.59017944300007,30.248283387000072],[111.58329773000008,30.248403549000045],[111.57614898600013,30.24829292300018],[111.57219696000016,30.24927711400017],[111.56665039100017,30.250057221000134],[111.56671142600015,30.252351761000057],[111.56839752200005,30.256679536000153],[111.57087707600004,30.26122665400015],[111.57441711400021,30.264837266000086],[111.57788085900019,30.2656974790001],[111.58162689200003,30.267694474000052],[111.58992004400001,30.270996094000054],[111.59636688300009,30.275014878000036],[111.60018157900004,30.27907753100016],[111.60323333700012,30.28387451300006],[111.60590362500011,30.28687477100016],[111.60856628500017,30.290086747000142],[111.611030578,30.29351997499998],[111.61329650900018,30.296056749000115],[111.61607360900013,30.300825120000017],[111.61797332800018,30.304689408000005],[111.61913299500009,30.307193756000117],[111.62133789100011,30.310827255999982],[111.62460327100013,30.314828873000064],[111.62827301099998,30.318185806000088],[111.63256835900012,30.320459367000183],[111.63662719700005,30.32274246200018],[111.64241027800006,30.32513809200015],[111.64636230600001,30.326677323000073],[111.65115356500007,30.328197480000146],[111.65795135400003,30.331371308000026],[111.66275787400019,30.333820343000067],[111.66680908199999,30.335893631000037],[111.67063140800008,30.338190078000025],[111.67440796000011,30.339862824000075],[111.67799377500006,30.342174530000193],[111.68257904000006,30.344848633000026],[111.68773651200014,30.34818840100013],[111.69393158000008,30.353225708000142],[111.69625091600011,30.354980469999983],[111.69937133700012,30.357530594000135],[111.7017288200002,30.359703064000144],[111.70638275100009,30.363216401000106],[111.70966339199998,30.365917205000134],[111.71341705300017,30.368143082000188],[111.71817779600013,30.370933533000024],[111.72248840300006,30.373199464000038],[111.72685241700015,30.37501144400005],[111.73059845000006,30.37632179299999],[111.73486328100006,30.37715911900017],[111.73779296800006,30.377798081000098],[111.74063873300008,30.378423691000023],[111.74427795399998,30.37841415500009],[111.74768066400014,30.378417968000175],[111.75132751400008,30.378408433000175],[111.75611114600014,30.37748718200004],[111.76039123400005,30.376384735000045],[111.76339721699998,30.37451934799998],[111.76551818899998,30.373161317000154],[111.7680969230002,30.370365143000072],[111.77066803100013,30.36733627400002],[111.77324676400008,30.364231111000034],[111.7751464850001,30.360536575000086],[111.77584075800007,30.35712432800011],[111.7766189570001,30.354755402000027],[111.77707672100013,30.35136032000014],[111.77776336599999,30.347740173000034],[111.7786865240002,30.344312668000047],[111.7794723510001,30.341947556000097],[111.78047943100013,30.33935737600018],[111.78191375800003,30.33611297600015],[111.78312683200005,30.33309173700019],[111.78510284500004,30.330444335000156],[111.78681182900004,30.327602387000013],[111.79074096600016,30.32362365800009],[111.79357147200005,30.320356370000127],[111.7963562020001,30.3166980740001],[111.79859161400009,30.314245223999993],[111.80059814500015,30.31201744200007],[111.80152893200012,30.310579298999986],[111.80304718000019,30.30825615000009],[111.80458831800013,30.305936814000006],[111.8053283700001,30.303859712000133],[111.80841064400005,30.30013275200014],[111.81163025000012,30.301029207000113],[111.81404113800016,30.303447723000033],[111.81642150900018,30.3041839600001],[111.81932830800008,30.30389022800017],[111.82057952900016,30.30157089200009],[111.82157897900005,30.29948616000007],[111.82144165000017,30.294904710000083],[111.82134246800013,30.291698457000106],[111.82232666100009,30.289154053000065],[111.82383728000015,30.286830902000133],[111.82594299300018,30.2860946670001],[111.83154296800018,30.28757858400019],[111.83925628700001,30.28878784300014],[111.84725189200014,30.290445328000093],[111.85228729300015,30.2907924650001],[111.85859680100015,30.289279939000043],[111.86515045100005,30.286842347000118],[111.87014007700009,30.28558731100003],[111.8767166130001,30.28452110300009],[111.88249969600014,30.282789230000045],[111.88696289000012,30.28177642899999],[111.89174652200018,30.282125473000118],[111.89526367200006,30.284341812000097],[111.89753723100011,30.290021896000045],[111.89849090500014,30.294815063000044],[111.898887634,30.29893302900007],[111.8995285040001,30.302583695000123],[111.89993286100008,30.30716323900015],[111.90032196100016,30.311050416000175],[111.90072631800012,30.315856934000127],[111.90218353300014,30.31972313000011],[111.90470886200012,30.32425117500003],[111.90779876700009,30.32991409300018],[111.90837860100011,30.33150482200006],[111.90815734800015,30.33334350600012],[111.90820312500011,30.33426094100014],[111.90827941900005,30.337009430000077],[111.90889740000011,30.339748383000085],[111.91011047500001,30.344762803000037],[111.91182708800005,30.348623277000055],[111.91398620600017,30.35017967200014],[111.91430664100011,30.35200882000015],[111.91732788100018,30.355148315000122],[111.92003631500006,30.357376099000078],[111.92413330200003,30.35687065100018],[111.926231385,30.355913162999972],[111.9314270010002,30.351913450999973],[111.93403625600018,30.350486757000056],[111.93821716200006,30.345624924000045],[111.9420166020002,30.339639664000064],[111.94571685800008,30.33265113900012],[111.94825744700006,30.327726365000164],[111.95319366400003,30.31934166000019],[111.96132660000006,30.309366227000165],[111.96959686200012,30.301078797000173],[111.97650146600012,30.2945976260001],[111.97831726100014,30.29341316200015],[111.98583221300004,30.28552627500011],[111.9925537110002,30.28097152700019],[112.00093078600014,30.277593613000136],[112.00617980900017,30.27588081300019],[112.01299285800019,30.27503395100007],[112.02390289200014,30.27502250800012],[112.03259277400002,30.276502610000197],[112.0397033700001,30.277744293000183],[112.0441970830002,30.28061676000004],[112.04718017500011,30.28307724000007],[112.04943847600009,30.287847519000138],[112.04833221400008,30.29566955600012],[112.0432968140002,30.301820756000158],[112.04181671200013,30.301795960000046],[112.03262329100016,30.303455353000118],[112.02713775600012,30.305458069000114],[112.01867675700032,30.312366485999974],[112.01126098700014,30.318557740000134],[112.00743866000016,30.32210922200017],[112.00060272300004,30.32965469300018],[111.99427032400003,30.336725235000078],[111.98816681000007,30.342868805000023],[111.98281097400007,30.34784507800009],[111.97873687800018,30.352094650000137],[111.9749908450001,30.3572521210001],[111.97197723400006,30.361467361000162],[111.97162628200016,30.365835191000087],[111.97299194400017,30.372898102000136],[111.97435760500008,30.380422592000116],[111.97461700500008,30.386829377000083],[111.9760437020001,30.395496368000128],[111.9770431510001,30.400276185000106],[111.97804260300018,30.40528869700006],[111.97865295400015,30.41329193200011],[111.9778289800002,30.419275285000026],[111.97602844100015,30.42689323500008],[111.97180175800008,30.43366813700004],[111.96659088100017,30.44230651900017],[111.9624786390001,30.4454116820001],[111.95697784400018,30.44792366000013],[111.9538879390002,30.449338914000183],[111.94889068700007,30.450405121000188],[111.94518280100004,30.45051956200018],[111.94405365000017,30.44872093200019],[111.9447174070001,30.445720672000103],[111.94696807900016,30.442443848000043],[111.9484786980002,30.440563203000124],[111.94656372100008,30.43901634300005],[111.94077300900005,30.44011116100006],[111.93295288000007,30.443328856999983],[111.925102235,30.44608116100017],[111.91811370800008,30.450189591000143],[111.9104080190001,30.456378936000196],[111.90838623100018,30.458961487000067],[111.90795898400006,30.46149444600013],[111.9085464470001,30.462850572000093],[111.91042327900016,30.463024140000073],[111.91356658900014,30.46224212600004],[111.91618347200006,30.461246492000047],[111.9193496700002,30.46092414900011],[111.92018127400009,30.46181488100012],[111.92002105700004,30.4643383020001],[111.91964721700003,30.468475343000197],[111.91998290999999,30.469842910000068],[111.9221801760001,30.47183990600013],[111.9246215820001,30.47314071699998],[111.92474365300018,30.475885391000077],[111.92163848800004,30.47804069600016],[111.91667938300016,30.480024337000035],[111.91306304800014,30.482196809000015],[111.91339874200003,30.48401641900011],[111.91457366899999,30.48673439100014],[111.91632080100015,30.49057769899997],[111.91779327500012,30.494201661000144],[111.91929626500013,30.498737336000033],[111.92166137600015,30.50439643900012],[111.92471313400006,30.507513047000035],[111.92852783300015,30.5099163050001],[111.93009185900003,30.508136749000133],[111.93296813900014,30.50647544900016],[111.93955993700007,30.504741670000158],[111.94457245000012,30.50349426400015],[111.94956970200002,30.50179290700015],[111.95407104500009,30.50124549900016],[111.9565124520002,30.503261566000045],[111.95953369100016,30.506641389000034],[111.96559143000019,30.51478195300018],[111.96755981400015,30.518640519000034],[111.96952056900012,30.522500992000175],[111.97255706800007,30.526798249000024],[111.97611999500009,30.530626298000072],[111.97939300600007,30.533542632000145],[111.98803710900008,30.538875579999967],[111.99926757800017,30.541631699000053],[112.00224304200015,30.543636323000158],[112.00552368100023,30.5470123290001],[112.00643157900004,30.550891877000087],[112.00520324600006,30.55412864700003],[112.0044937130001,30.557352066000195],[112.00221252300003,30.561525346000167],[111.9980316170001,30.564134598000066],[111.98995971700015,30.570026396999992],[111.98605346600016,30.57239914000013],[111.98137664700016,30.57662391600013],[111.97830200300012,30.580812455],[111.97599792500012,30.583839416999982],[111.97503662200006,30.58775711000004],[111.97514343200004,30.591196061000122],[111.97870635900006,30.595712663000086],[111.98798370400016,30.603784561000058],[111.99581146300011,30.608446121999975],[112.00639343200021,30.616029740000048],[112.01325225800008,30.62368965100012],[112.01599883900008,30.62684631400009],[112.01875305100009,30.630231858000116],[112.01918029800015,30.635957719000036],[112.01934051600007,30.641687393000158],[112.02026367200006,30.646255494000002],[112.025466918,30.651884080000176],[112.03379058800022,30.654239655000087],[112.04316711500007,30.657030106000153],[112.05651092500011,30.658594132000076],[112.06374359100005,30.660280228000094],[112.07097625800031,30.662424089000126],[112.07594299300013,30.668285371000138],[112.07804870700011,30.667554855000105],[112.08174896300022,30.666790009000064],[112.0843658450002,30.665699005000192],[112.08464050300017,30.665584565000135],[112.09137725900018,30.659709932000165],[112.0939483640002,30.65644454900007],[112.09694671700004,30.649961472000026],[112.09813690100009,30.644891740000165],[112.09908294700018,30.640514375000066],[112.0999908450002,30.637296677000105],[112.10051727200027,30.635438919000077],[112.10195159900002,30.635253906000113],[112.1026382440001,30.63516426100006],[112.10555267300026,30.634418487000175],[112.10916137700008,30.63090133700013],[112.11123657200005,30.629251480000164],[112.11142730600011,30.626495361000078],[112.11090087900016,30.623905182000104],[112.11049652000031,30.6219253540001],[112.10874939000018,30.616687776000163],[112.1056976320001,30.61216545100018],[112.10399627800018,30.608760834000126],[112.10494232200017,30.604381562000132],[112.10645294300002,30.601367949999997],[112.10907745300005,30.60005950900001],[112.10932922300015,30.599933625000062],[112.11192321700014,30.597583771000192],[112.11446380600012,30.59363555800007],[112.11884307800005,30.58872223000014],[112.12026977500011,30.58319282600007],[112.12384033200021,30.578069685999996],[112.1276931760001,30.573173524000083],[112.12863922000008,30.569480896000076],[112.13086700400004,30.563930511000134],[112.13102722200017,30.56048774700003],[112.12956237800006,30.555700303000034],[112.12829589900002,30.553806304000087],[112.12789917000009,30.553211212000065],[112.12722778400018,30.548410416000024],[112.12761688200021,30.54381561300011],[112.12854003800021,30.538749696000078],[112.12969970700033,30.536434173000032],[112.1302871700002,30.535270691000054],[112.13365173300008,30.53199005200014],[112.13597106900022,30.529647827000073],[112.13881683400018,30.527063371000114],[112.14328765900018,30.525363922000057],[112.14717102100019,30.524885178999963],[112.14778137200028,30.52481269800012],[112.14996337900004,30.52659797700011],[112.15109253000003,30.529096604000188],[112.15142059300003,30.530237197000133],[112.15168762200007,30.531150818000132],[112.15177154600008,30.533899307000127],[112.1502838140002,30.537601472000066],[112.15033721900011,30.53966522200011],[112.1522598270002,30.541458130000137],[112.15521240300006,30.542543411000167],[112.15897369400011,30.54383850200009],[112.16162109300012,30.543783187000088],[112.16368866000005,30.541904449000075],[112.16655731200002,30.540239334000034],[112.16912841700002,30.537202836000123],[112.17198181100002,30.534843446000135],[112.17401885900007,30.531822204000097],[112.1751327510002,30.528688431999964],[112.1757431020002,30.526968002000103],[112.17719268800022,30.52234840500006],[112.17517852800017,30.517345428000116],[112.17315673800022,30.51188469000016],[112.17198181100002,30.507781983000086],[112.17104339700006,30.50275421200018],[112.17037200800019,30.498409271000128],[112.16889190600011,30.49316597000018],[112.16799163900009,30.4897441870001],[112.1697387690001,30.486038209000068],[112.17201995800008,30.482322692000086],[112.17227172900004,30.48202514600013],[112.17561340400005,30.47811126700003],[112.1816406260001,30.47545814500006],[112.19091796800001,30.475032806000176],[112.2004470820001,30.474372864000088],[112.2042007450001,30.475433349000188],[112.2046890260001,30.47552108800005],[112.20767211900011,30.476047516000104],[112.20906829900014,30.478309632000048],[112.20913696200023,30.481063843000076],[112.20868682800005,30.483362198000126],[112.20744323800022,30.48614692600012],[112.2056884760002,30.489624024000022],[112.2015762330002,30.49430084300019],[112.20146942000031,30.494464874000183],[112.19904327400013,30.498252869000172],[112.20075988700012,30.502346038000155],[112.20324707100008,30.505731584000163],[112.2065124510001,30.5081844340001],[112.2092590330001,30.51133918700009],[112.21247100800008,30.51218414400006],[112.21595001100002,30.513025283000108],[112.21800994800003,30.510917664000093],[112.22009277300015,30.50926780700007],[112.22267150900018,30.50714683500013],[112.22580719100006,30.505245209000183],[112.23076629600018,30.502613068000073],[112.23549652200008,30.501136781000017],[112.23922729500009,30.501279831000147],[112.24590301500018,30.50251388600003],[112.25258636500018,30.50419807500003],[112.25739288300008,30.505010605000113],[112.26109313900008,30.504241944000174],[112.2668533320001,30.5018215180001],[112.26750946000004,30.497217178000028],[112.26924133300008,30.493051530000116],[112.27471161000007,30.489490510000167],[112.28259277400002,30.486791611000058],[112.28811645500002,30.48529434200009],[112.29257965200009,30.483589172000052],[112.29538726900036,30.480085372000023],[112.29718017500022,30.47775268500004],[112.2965621940001,30.47501373200015],[112.29727172900016,30.47224235500011],[112.29824829000007,30.46946907000006],[112.30001068000003,30.46622276300013],[112.30042266900011,30.462310792000043],[112.30023193300008,30.461906433000028],[112.29871368400018,30.458679199000187],[112.29866027900005,30.456842423000072],[112.2990264890002,30.451793671000132],[112.30069732700008,30.445562362000146],[112.3023223880001,30.44337463400018],[112.30503082300015,30.439729691000082],[112.30906677200005,30.432987212999993],[112.31360626200012,30.42554473900009],[112.31976318300019,30.418752671000163],[112.32303619400022,30.41514205900017],[112.32463836700015,30.413366318000044],[112.32985687200018,30.41072654700008],[112.33405304000007,30.408798217000026],[112.33975982600009,30.40476608300003],[112.34619903500004,30.407144547000144],[112.3502426140001,30.40911865200013],[112.3548507700001,30.41222572300012],[112.35999298100012,30.415319441999998],[112.36488342300004,30.41910743699998],[112.37518310500003,30.425754547000054],[112.38184356700003,30.426746368000124],[112.38770294200003,30.42730140600003],[112.39143371700006,30.42813301000007],[112.39436340400006,30.4282951350001],[112.39884948700023,30.427730561000093],[112.40627288700023,30.42733192500015],[112.41075134200014,30.42654037500006],[112.41309356700003,30.424877168000023],[112.41783904900012,30.424083710000048],[112.42075347800007,30.42401123000013],[112.42447662300003,30.424613953000176],[112.42591095000012,30.424678803000177],[112.42794036800001,30.424764632999995],[112.42848205500013,30.425813674000036],[112.42935180600011,30.427482605000197],[112.4307632450001,30.42997550900003],[112.43221283000003,30.433612824000193],[112.43332672200017,30.4356460570001],[112.43659973100011,30.43809509200014],[112.4392929070001,30.43917846800008],[112.44331359800015,30.440690994000136],[112.44831085200008,30.439426422000164],[112.45305633500004,30.43862533700002],[112.45783233600002,30.438287736000063],[112.46095275900007,30.436149598000103],[112.46382141100003,30.434932709000066],[112.46721649100016,30.43347740300004],[112.47112274100004,30.430862428000125],[112.47709655800008,30.427049637000092],[112.48387146100005,30.42321968000016],[112.49169921800001,30.419134141000086],[112.49638366700026,30.416267394000105],[112.50026702900004,30.413423538000192],[112.50330352900016,30.408990861000177],[112.51000213600003,30.40286636400009],[112.51753234800015,30.398101808000092],[112.52133941700026,30.397270204000165],[112.52227783300009,30.397068024000138],[112.520843506,30.393178940000045],[112.5170593260001,30.389791489000174],[112.51492309600008,30.388906480000063],[112.51143646300011,30.386665345000154],[112.50871276800012,30.3825778960001],[112.50758361700002,30.379840850000107],[112.50366210900029,30.371507644000193],[112.50431060800008,30.37052536100003],[112.5063629150003,30.367513657000075],[112.50759887800018,30.364053727000112],[112.50910186800002,30.360591888000158],[112.51267242500012,30.354576111000025],[112.51493835400026,30.349725724000052],[112.51640319800015,30.344202042000123],[112.51598358100013,30.338024140000186],[112.51344299400034,30.33142662100011],[112.51228332500023,30.327091218000078],[112.51110839700004,30.32275962799997],[112.50921630900018,30.32118988100007],[112.50862884600008,30.31867790200016],[112.50881958000025,30.315696717000094],[112.50901031400008,30.312486649000107],[112.51072692900004,30.30720710900005],[112.51013183600014,30.306396486000043],[112.5103988640002,30.30421638600012],[112.51110076900011,30.300310135000135],[112.51230621300022,30.295936585000106],[112.5166473390002,30.289216996000054],[112.52052307100007,30.28457069300009],[112.52332305900006,30.280397415000152],[112.5233078010001,30.279710770000065],[112.52380371200003,30.27832794300014],[112.5242538460001,30.277715684000043],[112.52586364800004,30.27554321300011]]]},"properties":{"GID_2":"CHN.13.6_1","GID_0":"CHN","COUNTRY":"China","GID_1":"CHN.13_1","NAME_1":"Hubei","NL_NAME_1":"湖北","NAME_2":"Jingzhou","VARNAME_2":"Jīngzhōu","NL_NAME_2":"荆州市","TYPE_2":"Dìjíshì","ENGTYPE_2":"Prefecture City","CC_2":"NA","HASC_2":"NA","id":"421000","name":"荆州市","NAME":"荆州市","adcode":"421000","SOURCE":"GADM v4.1","GADM_GID":"CHN.13.6_1"}},{"type":"Feature","geometry":{"bbox":[112.50366210900029,30.071731567000143,113.0263366700002,30.649055480000076],"type":"Polygon","coordinates":[[[112.52227783300009,30.397068024000138],[112.52503967300004,30.40043831000014],[112.5264663690001,30.403621674000078],[112.52716064400012,30.40842056400015],[112.52752685600001,30.411394119000022],[112.52604675200007,30.41486740100004],[112.52519989000007,30.416725158000133],[112.5238189700002,30.419740677000167],[112.52220916700014,30.424198151000038],[112.52139282200017,30.426452637000068],[112.52320098900009,30.433059693000132],[112.52622985800019,30.436199188000103],[112.52980041500007,30.440013885000155],[112.53439331100014,30.442195892000147],[112.53975677500023,30.444131852000112],[112.54453277600021,30.44401550200007],[112.54824829000017,30.444158554000182],[112.55303955000011,30.44449615500014],[112.55917358400029,30.44526863100009],[112.56336212100007,30.447126388000076],[112.56455993700001,30.447660446000047],[112.56754302900015,30.449420930000034],[112.57008361800013,30.453948975000113],[112.57124328500004,30.45713233900011],[112.571289062,30.457380296000114],[112.57187652500022,30.460327149000136],[112.57260131900011,30.46581649799998],[112.57362365700033,30.469997407000164],[112.5738296510001,30.47083282600011],[112.57504272500012,30.475160599000162],[112.57617950400015,30.477863313000114],[112.576766969,30.479246140000043],[112.57766723600014,30.482437135000055],[112.57778930700022,30.4858741760001],[112.57736206200013,30.48909759500009],[112.57668304500032,30.492326735999995],[112.57250213600003,30.49449157700019],[112.57053375200019,30.495933532000038],[112.5686111440001,30.497339248000173],[112.56477355900006,30.50156211900008],[112.56463623000002,30.50569343500013],[112.56478881800001,30.51004982100017],[112.56703186000006,30.513435365000134],[112.57154846200014,30.521354676000158],[112.57437133700023,30.52633285500002],[112.57874298100023,30.52966690100004],[112.58052826000005,30.52778816300003],[112.58386993400018,30.524496078000027],[112.58696746900023,30.521896362000067],[112.58711242600009,30.51822280900012],[112.5884780880001,30.511535646000087],[112.58994293100022,30.507829667000124],[112.59175872900016,30.50640869100016],[112.59818267800028,30.507625580000024],[112.60169219900003,30.509605408000027],[112.60655212400002,30.512010575000033],[112.60958862200006,30.515375138000138],[112.61224365200019,30.518621445000065],[112.61345672600021,30.520097732000067],[112.61488342300005,30.522584915999968],[112.61605835000012,30.525997161000138],[112.61512756400009,30.529918669999972],[112.61367034800016,30.533855439000035],[112.61112976100014,30.537357331000067],[112.6064910890002,30.54137229900005],[112.6026611320001,30.544294358000172],[112.60182952800005,30.544929506000134],[112.59928894000018,30.548429489999993],[112.59786224300001,30.553285600000155],[112.5993728630001,30.558521270000142],[112.60133361800001,30.561687469000166],[112.60491943300019,30.565498352000077],[112.6086730960002,30.566322326000034],[112.61170196600017,30.566045760000065],[112.61210632300015,30.566009521000183],[112.61482238700012,30.567548752999983],[112.6202163700001,30.570165634000087],[112.6200637830002,30.57315254300005],[112.61991119300001,30.575506211000118],[112.61971282900015,30.578668594000195],[112.61933136100015,30.58303451600011],[112.62000274700029,30.58714675900012],[112.62169647200005,30.590087892000152],[112.62364196800003,30.59256363000003],[112.6266937260001,30.59592628500019],[112.63176727400004,30.59805679300007],[112.63288879400022,30.59852790800005],[112.63616943300019,30.601198197000087],[112.63787841800026,30.604597092000006],[112.63903808700002,30.607318879000104],[112.63780212400002,30.6101036070001],[112.63619995100021,30.611845016000192],[112.63498687700019,30.613155365000182],[112.6321411140002,30.615520478000008],[112.6290283200002,30.617891312000097],[112.62811279300003,30.622043609000173],[112.63057708800012,30.624277114000165],[112.63301849500021,30.625589371000107],[112.6356124890001,30.623691559000125],[112.63787841800026,30.619966507000075],[112.64048004200004,30.618295669000076],[112.64160919200005,30.62033081100003],[112.64331054700007,30.62350082500012],[112.64375305300007,30.628307343000134],[112.64414978100001,30.632198335000172],[112.64777374400012,30.63715171700005],[112.65210723900009,30.639795304000188],[112.65653991700005,30.642539977000183],[112.65673828100012,30.642662048000034],[112.65946197400012,30.64443206800013],[112.66455841000028,30.64591026300013],[112.6682968130001,30.646503448000093],[112.67207336500007,30.64755821200015],[112.67579650900007,30.647920609000035],[112.6800613390002,30.648042680000117],[112.68541717500013,30.649055480000076],[112.6909408570001,30.647312164000024],[112.69464111300022,30.64675903300002],[112.69909667900028,30.644813539000154],[112.70513916000027,30.642822266000167],[112.71362304700017,30.64192009100003],[112.71337890600012,30.638689042000124],[112.70781707700007,30.634279250000137],[112.69975280700022,30.630552293000047],[112.69284057600021,30.628631593000136],[112.68842315600011,30.627906799000186],[112.68431091300012,30.626306534000037],[112.68074798600026,30.624155046000165],[112.67794799800004,30.62154579100019],[112.67756652800006,30.616275787000063],[112.67949676500007,30.610540390000093],[112.68000030600001,30.607421874000185],[112.68034362800006,30.604274749000073],[112.6804809570001,30.60059738200005],[112.68092346200001,30.59783554000012],[112.68100738600003,30.59467887900019],[112.68099975600012,30.592454910000072],[112.68071746800001,30.58939170900004],[112.68081665000011,30.58728218100009],[112.68097686700014,30.584524154000068],[112.68089294300012,30.581544876000123],[112.68077087500012,30.578334809000186],[112.6809463510001,30.576036453000086],[112.68087768500004,30.573745728000176],[112.68080902200019,30.571910858000084],[112.68073272800007,30.569616318000104],[112.68058013900033,30.566280366000115],[112.68109893800033,30.563335418000175],[112.68164825400015,30.560728074000114],[112.68238067600021,30.557937623000047],[112.68327331500006,30.554622650000116],[112.68547058000001,30.552761078000117],[112.68768310600012,30.55089569100005],[112.69033050500002,30.5496845240001],[112.69352722200017,30.549978257000188],[112.69609069800015,30.552028656000065],[112.69827270500014,30.55427551399998],[112.69992065500004,30.55628013500007],[112.70185852100019,30.558525085000156],[112.70407104400022,30.560993196000023],[112.70678710900029,30.562986374000104],[112.70870208700012,30.564317704000075],[112.71141815100009,30.566083909000156],[112.71414947400012,30.56807899500018],[112.71739959700017,30.56983184799998],[112.72093200700021,30.572034836000004],[112.72416687100021,30.573558807000097],[112.72738647400001,30.574623107000033],[112.73010253900009,30.575929641000133],[112.73281097400013,30.577465058000087],[112.73597717200005,30.57907104600008],[112.73872375500004,30.580764770000087],[112.74122619600007,30.58230590700015],[112.74411010800009,30.58347320700005],[112.74796295100032,30.584880828000113],[112.75036621100003,30.585506440000188],[112.75305175700021,30.586355209000146],[112.75493621800024,30.587223053000177],[112.75762176600006,30.587842942000066],[112.7605285650003,30.587642669999983],[112.76328277600021,30.58745193600004],[112.76583862400014,30.587274552000107],[112.7685318,30.58640098600011],[112.77120971800002,30.585359573000176],[112.77443695100021,30.583934784000178],[112.77706909200015,30.582382203000066],[112.78063201900011,30.58024978600008],[112.78325653000013,30.57869720500014],[112.78549194400011,30.577171326000098],[112.7874908460002,30.575319290000152],[112.78900146400008,30.57372093200007],[112.79054260400005,30.57230186600009],[112.7933273320001,30.568557740000074],[112.79508209200014,30.56552887100003],[112.79631805400004,30.562973024000026],[112.79678344600006,30.561124802000055],[112.79724121000004,30.55904960700002],[112.79743957500011,30.557207108000117],[112.79836273300009,30.553510666000136],[112.79878997800017,30.550516127999973],[112.79898071200012,30.54844474800001],[112.79891204800015,30.546613694000026],[112.79929351900013,30.54264450100015],[112.79997253300007,30.53934097400014],[112.8004379270002,30.537395478000118],[112.80085754400034,30.534170151000126],[112.80127716200002,30.53000259400017],[112.8020095830002,30.52720832800009],[112.80339050300007,30.52505874700012],[112.8057632450001,30.52283859300013],[112.80771636900022,30.520645142999967],[112.80993652300003,30.518949508000105],[112.81220245400004,30.51758003200013],[112.81877136200002,30.51288032600013],[112.8283767690001,30.506698609000125],[112.83557891900023,30.50122642499997],[112.84372711100013,30.495344162000094],[112.8501205450001,30.491811752000046],[112.85661316000005,30.491355896000186],[112.861610412,30.492031097000165],[112.86702728300008,30.49507522700014],[112.87140655500002,30.49886131200014],[112.87403106600004,30.502115250000088],[112.87606811600017,30.50488471900019],[112.87851715100021,30.50779342600003],[112.88037872300004,30.510747908999978],[112.8814163200002,30.513410569000033],[112.88246154800004,30.51607894900019],[112.88246154800004,30.518135070000028],[112.88198089600019,30.521423339000084],[112.88120269700006,30.523702621000044],[112.88043212900004,30.52598381100012],[112.87902832000032,30.529575349000083],[112.87748718300008,30.532529832000023],[112.87629699700005,30.534925461999993],[112.87506103400017,30.538351060000142],[112.87387847900015,30.54118728600014],[112.87316894600009,30.54350090100013],[112.87264251600004,30.546228409000037],[112.8717880260001,30.547660829000108],[112.8715515150003,30.549388885000102],[112.87098693800021,30.551826477000134],[112.87148284900013,30.55524635400002],[112.87155914300001,30.55754089400017],[112.87212371900024,30.559625627000116],[112.87358856300011,30.562074662000157],[112.87580108600014,30.56454277000006],[112.8774566640003,30.566333771000185],[112.88053894100017,30.569135665000033],[112.88375091600007,30.571210862000044],[112.8861999510001,30.572750092000035],[112.88786315900006,30.574314118000135],[112.89000701900022,30.575176238000036],[112.89351654100017,30.576686859000063],[112.89671325600023,30.576597215000106],[112.90062713700013,30.576452255000053],[112.90318298400018,30.57627105700016],[112.906303406,30.57570839000005],[112.90940856900022,30.575145722000002],[112.91304779000029,30.57386016900017],[112.9157028190001,30.57264518700015],[112.918380737,30.571598053000002],[112.92027282800018,30.570608139000168],[112.92249298200022,30.569078445000113],[112.92491912800006,30.567535400000054],[112.92807006800001,30.565256118000093],[112.93245697100008,30.561521531000096],[112.93559265100009,30.556844712000157],[112.93830871600017,30.552198411000177],[112.940429687,30.54742431700004],[112.94185638400006,30.543725967000114],[112.94355011100015,30.538637161000054],[112.94537353400005,30.53491020100006],[112.94706726100003,30.531879424000067],[112.95059967100008,30.529310226000124],[112.94576263500005,30.526649474000006],[112.94220733600014,30.522352218000094],[112.94000244200015,30.518949508000105],[112.93778991600004,30.515548706000114],[112.93842315600023,30.5091075900001],[112.93859863200021,30.50566291800015],[112.93904113700013,30.50221443200013],[112.94103241000005,30.49735641400014],[112.94229126000016,30.494579316000056],[112.9446182260001,30.492471695000006],[112.94799804700006,30.489881516000022],[112.95218658400017,30.487968443999986],[112.95424652000008,30.485862733000147],[112.95819091700002,30.48464202800011],[112.96237945600012,30.48273086600011],[112.96555328400018,30.48220825200019],[112.97048950100009,30.478904724000074],[112.97599792400003,30.476736068000037],[112.98496246400009,30.475416183000164],[112.9923934950001,30.475965499000157],[112.9933395390002,30.471588134000058],[112.99138641300021,30.468181610000105],[112.98600769100017,30.464611054000102],[112.98220825200008,30.461008073000134],[112.9792327880001,30.458312989000092],[112.97753143300031,30.454442978000092],[112.97664642400002,30.451246261000165],[112.97604370100032,30.447582244000102],[112.97592926100026,30.443685532000135],[112.97474670300016,30.43911743200016],[112.97354888900031,30.433629990000156],[112.97180175800008,30.427465439000173],[112.96917724700006,30.41833496100003],[112.96884918200021,30.41558647200009],[112.96846771100002,30.41100502000012],[112.96734619100017,30.408500673000106],[112.96563720600022,30.40416908200007],[112.96343994100005,30.400999069000076],[112.96070099000019,30.39714813300014],[112.95876312200005,30.393512726000154],[112.9563064570001,30.39103508000017],[112.9530181880001,30.386735916000074],[112.95188140900007,30.38354492100007],[112.95361328000013,30.37891960200011],[112.95458221500007,30.375457764000036],[112.95687866300023,30.37220382700019],[112.96069335900017,30.366161346000183],[112.9643020630001,30.362651825000114],[112.96736908000014,30.358463288000053],[112.97281646700014,30.35423278800016],[112.97646331800013,30.351636886000108],[112.9790267940001,30.34906387300009],[112.97924041800002,30.346763610000153],[112.9770736690001,30.344736100000038],[112.97354888900031,30.34159279000005],[112.97132873500016,30.33773040900013],[112.97042083800022,30.33315658500004],[112.97109985400027,30.328783035000185],[112.97257995600036,30.324623107999972],[112.97428131100003,30.318853379000192],[112.97657012900004,30.31536865300018],[112.97834014900013,30.31235122700008],[112.98226928800023,30.31089973400014],[112.98725128100023,30.309198380000055],[112.99120330900018,30.308664322000084],[112.99513244600007,30.30721282899998],[112.9969329830003,30.30511283800007],[113.00134277400002,30.302274705000176],[113.00525665300017,30.300365448000036],[113.00936889600018,30.295696259000128],[113.01136016900011,30.291067123000122],[113.01332092300004,30.28506088300014],[113.01476287800006,30.279523849000157],[113.0151596070001,30.274698258000114],[113.01689148000014,30.270072936000023],[113.0191421510001,30.265438079000145],[113.02115631000004,30.261499405000052],[113.02214813200021,30.25895309500004],[113.02129363900008,30.25667381300008],[113.01679229800004,30.25653266900014],[113.01110839900014,30.261232377000173],[113.00669098000003,30.264301301000046],[113.00347900400004,30.26275444100014],[113.00311279200015,30.258398057000136],[113.00316619900002,30.250595093000015],[113.0035171510001,30.24416160700008],[113.00360870300005,30.23727035600001],[113.00379180900006,30.234054566000058],[113.0033874500001,30.229013442000056],[113.00279998800022,30.22672844000016],[113.00322723500005,30.222818374000095],[113.00636291500007,30.2213821420001],[113.00953674300014,30.221551895000065],[113.01351165700021,30.22193527300016],[113.01640319800003,30.221649170000035],[113.01741027700018,30.219795228000066],[113.01864624000018,30.216558456000143],[113.01853180000012,30.21196746800007],[113.0179061880001,30.208307267000183],[113.01699829000007,30.203964233000196],[113.01586151200001,30.201000214000036],[113.0168304450001,30.19776916600017],[113.01941680900006,30.195657729000175],[113.02306366000028,30.193288803000147],[113.0263366700002,30.192813873000087],[113.02617645300018,30.192266465000106],[113.02541351200023,30.189657211],[113.0254592890002,30.18461036700006],[113.02578735400004,30.17978286800007],[113.02586364800015,30.175197600999983],[113.02249145500014,30.170713425000088],[113.01818847600032,30.169010163000166],[113.0146713260001,30.16728019700003],[113.01351928700012,30.165025711000002],[113.01334381100014,30.160673142000064],[113.01392364600008,30.155612945000144],[113.01383209200014,30.153556824000077],[113.01380157500034,30.15286445600003],[113.01339721700015,30.14966583200004],[113.01196289200004,30.146728516000167],[113.00591278100012,30.141408920000064],[113.00108337400013,30.13972282300006],[112.99173736600005,30.137716294000025],[112.98642730800022,30.13742065500003],[112.98008728100001,30.137384416000092],[112.97354125900006,30.13896179200009],[112.9667129520001,30.13985633900012],[112.96032714800015,30.139131546000105],[112.95369720400015,30.138645173000043],[112.94814300600012,30.13858413700018],[112.94373321500018,30.140552522000068],[112.9422531130001,30.143348693000064],[112.94190978900009,30.147720338000173],[112.94071197500011,30.15073585400012],[112.94138336200001,30.154155732000106],[112.94286346400008,30.157779694000112],[112.94242096000005,30.160087585000156],[112.93930816700015,30.16155624400011],[112.93511962900016,30.16259956500016],[112.93015289300013,30.163896560999998],[112.92413330100011,30.165456772000088],[112.9186096200001,30.166307449000048],[112.91255188100001,30.166950225999983],[112.90484619200004,30.166263581000123],[112.90009307900004,30.16617584300013],[112.89434814500021,30.16818237399997],[112.89095306400009,30.1691970820001],[112.88864135800009,30.17087364300016],[112.88581848100023,30.173021316000128],[112.88318634000007,30.173330308000118],[112.87892913800012,30.172769547000033],[112.87547302300004,30.172185899000052],[112.87367248400007,30.173614501000092],[112.87358856300011,30.177974701000096],[112.8735580440001,30.183706284000152],[112.87341308700002,30.186464311000183],[112.87162780800031,30.188352583999976],[112.86904907200028,30.19003486600008],[112.86437225300017,30.19200515800003],[112.86122131300021,30.19082832300012],[112.85944366500019,30.187152863000108],[112.85439300600001,30.185636520000177],[112.8503723150003,30.183643341000163],[112.8477020270002,30.18231773399998],[112.84471130400004,30.178695679000047],[112.84303283600015,30.174594880000143],[112.840820312,30.170961380000048],[112.83862304700006,30.167558670000066],[112.83512878300007,30.16486549399997],[112.83033752400002,30.16334533700007],[112.82454681500008,30.164365768000035],[112.81717681900011,30.16518592900013],[112.81166076600016,30.165971756000033],[112.80896759000008,30.163724900000144],[112.80706024300014,30.161233901000173],[112.80619812000009,30.15849304300002],[112.80478668100011,30.154844284000035],[112.8057327280003,30.14977836700018],[112.80773925700034,30.145841600000153],[112.80946350100022,30.140760422000024],[112.81150054900013,30.137510300000027],[112.81326293900008,30.133808136000138],[112.8133926390002,30.128526688000136],[112.81304168800023,30.125089645000056],[112.81163787800006,30.121440889000155],[112.80915832600012,30.117124557000068],[112.80747985800008,30.113250732999976],[112.80480194200004,30.11146354599998],[112.79952240000023,30.111555100000146],[112.79398346000005,30.11119461100003],[112.78711700400015,30.11154365500016],[112.78366851900034,30.110685350000097],[112.78230285700033,30.108640671000103],[112.78327941900011,30.105411530000026],[112.78479766900034,30.102630615000066],[112.78840637100018,30.09935569900017],[112.79283142100019,30.096752167000034],[112.7972793570001,30.09506607100013],[112.8019866950001,30.093379974000186],[112.8075103760001,30.092821121000043],[112.81272125300006,30.089975357000128],[112.81609344600008,30.087163925000027],[112.81862640500003,30.083215713000186],[112.82039642300003,30.07997131300016],[112.82137298600014,30.076967240000048],[112.8225936880001,30.07304573099998],[112.81572723400018,30.07293701100008],[112.80597686700003,30.072881699000106],[112.79939270100022,30.0732269290001],[112.78806305000012,30.07342338600006],[112.78040313600013,30.07309722899998],[112.77247619700017,30.072547913000054],[112.76664733900009,30.071731567000143],[112.75874328600014,30.071868896000073],[112.7513809210002,30.072910310000058],[112.73982238700023,30.07471656900003],[112.73565673900009,30.077543259000155],[112.73045349100005,30.080385208000052],[112.72445678700001,30.083242416000193],[112.71842956500006,30.08495140100007],[112.71132659900002,30.085760117000063],[112.70715332100008,30.087438583000164],[112.70503997700018,30.089096070000096],[112.70326232900017,30.090486526000063],[112.69908905100021,30.092851639000063],[112.69413757400004,30.095460892000062],[112.68728637800018,30.096033096000156],[112.68329620300017,30.094495774000112],[112.67868042000009,30.095197677000048],[112.6729278570001,30.099248886000108],[112.66793823300009,30.10323905900015],[112.66454315200008,30.104906082000127],[112.66007995600012,30.10566711500013],[112.6540069580002,30.105997085000073],[112.64955139200026,30.106758118000077],[112.64402771100004,30.10776901300011],[112.63858032300016,30.11175727800014],[112.63308715800008,30.113914491000003],[112.62734985400004,30.11676025400004],[112.6223678580003,30.118217468000182],[112.61657714900002,30.119001389000115],[112.60653686600017,30.118246079000134],[112.59808349500021,30.117923737000126],[112.5907135000001,30.11826896800017],[112.58493804900003,30.120197296000185],[112.57949066200001,30.12418556200015],[112.57848358200022,30.12649536100003],[112.57776641800001,30.13018226600019],[112.57836914100005,30.13338470400009],[112.58055877700019,30.137020111000087],[112.58460998600015,30.141317368000106],[112.58944702100007,30.145601273000068],[112.59245300400016,30.14945793200007],[112.59304809700006,30.15289116000008],[112.59313964900002,30.157020569000053],[112.59298706100003,30.16230011100009],[112.59097290000011,30.166234970000172],[112.58895111000015,30.17062759400017],[112.58718872000031,30.174327850000054],[112.58429717900003,30.174833298000124],[112.57982635500002,30.175823212000182],[112.57485961900011,30.178197861000115],[112.57177734300001,30.182378768999968],[112.56980133000003,30.188375473000175],[112.5699462890002,30.195030212000066],[112.56957244900002,30.20215034600011],[112.56976318300008,30.210411073000163],[112.56871032700008,30.22049522300017],[112.56643676700004,30.225582123999967],[112.56546020400003,30.228807450000033],[112.56400299100017,30.233644486000063],[112.56376648000003,30.23525238000002],[112.56301879900002,30.237096786000055],[112.56150817900016,30.24032974200003],[112.55918884300002,30.242891312000044],[112.55764770500025,30.24452018900013],[112.55557251100015,30.24638938900006],[112.55506134000007,30.247087479000076],[112.55145263700001,30.2505874630001],[112.5472793570002,30.25340843300012],[112.54258728000002,30.25669670200011],[112.53794860800008,30.261358261000108],[112.53486633300008,30.26530838000019],[112.53230285600011,30.268558503000065],[112.52586364800004,30.27554321300011],[112.5242538460001,30.277715684000043],[112.52380371200003,30.27832794300014],[112.5233078010001,30.279710770000065],[112.52332305900006,30.280397415000152],[112.52052307100007,30.28457069300009],[112.5166473390002,30.289216996000054],[112.51230621300022,30.295936585000106],[112.51110076900011,30.300310135000135],[112.5103988640002,30.30421638600012],[112.51013183600014,30.306396486000043],[112.51072692900004,30.30720710900005],[112.50901031400008,30.312486649000107],[112.50881958000025,30.315696717000094],[112.50862884600008,30.31867790200016],[112.50921630900018,30.32118988100007],[112.51110839700004,30.32275962799997],[112.51228332500023,30.327091218000078],[112.51344299400034,30.33142662100011],[112.51598358100013,30.338024140000186],[112.51640319800015,30.344202042000123],[112.51493835400026,30.349725724000052],[112.51267242500012,30.354576111000025],[112.50910186800002,30.360591888000158],[112.50759887800018,30.364053727000112],[112.5063629150003,30.367513657000075],[112.50431060800008,30.37052536100003],[112.50366210900029,30.371507644000193],[112.50758361700002,30.379840850000107],[112.50871276800012,30.3825778960001],[112.51143646300011,30.386665345000154],[112.51492309600008,30.388906480000063],[112.5170593260001,30.389791489000174],[112.520843506,30.393178940000045],[112.52227783300009,30.397068024000138]]]},"properties":{"GID_2":"CHN.13.7_1","GID_0":"CHN","COUNTRY":"China","GID_1":"CHN.13_1","NAME_1":"Hubei","NL_NAME_1":"湖北","NAME_2":"Qianjiang","VARNAME_2":"Qiánjiāng","NL_NAME_2":"潜江市","TYPE_2":"Dìjíshì","ENGTYPE_2":"Prefecture City","CC_2":"NA","HASC_2":"NA","id":"429005","name":"潜江市","NAME":"潜江市","adcode":"429005","SOURCE":"GADM v4.1","GADM_GID":"CHN.13.7_1"}},{"type":"Feature","geometry":{"bbox":[109.9402236950001,31.298624038000128,110.9728317270002,31.863586427000087],"type":"Polygon","coordinates":[[[110.16033935500013,31.30029106100017],[110.16089630100004,31.302122117000128],[110.1617202760001,31.304868698000064],[110.16175079300002,31.30808067400011],[110.1614990240001,31.30991554300016],[110.16126251300011,31.312440873000185],[110.16074371299999,31.31450462300006],[110.15997314500004,31.31703186100009],[110.15865326000016,31.31956291200015],[110.1584014890002,31.321626664000007],[110.15735626200012,31.32461547900016],[110.15657806300015,31.326911926000154],[110.15579986600011,31.32943916300013],[110.15502929800016,31.33219528200016],[110.1547775260001,31.334260941000082],[110.1539916990002,31.33609962499997],[110.15348815900008,31.338855744000057],[110.15244293200004,31.34115409900005],[110.15139770500015,31.34482955900006],[110.15061950700004,31.34689712500006],[110.14929962200017,31.349199296],[110.14852905300012,31.352413179000113],[110.14827728200015,31.354248047000056],[110.14721679700006,31.35585975800007],[110.14723968499999,31.357925415000185],[110.14566802899998,31.36114311300014],[110.14514923000013,31.363439560000188],[110.14437866200018,31.366422653000033],[110.14360046500019,31.369180680000056],[110.14334869300012,31.37101554800017],[110.14285278300014,31.374002458000177],[110.142059325,31.376296998000157],[110.14154815600011,31.378822326000034],[110.14076232899998,31.38088989300013],[110.14024353000013,31.382726669000018],[110.13973236100003,31.384796144000116],[110.13974762000015,31.386857988000035],[110.13977050800008,31.388692856000148],[110.13979339600002,31.391672134000093],[110.13926696700008,31.393508912000186],[110.13822174100011,31.39557838400015],[110.13583374100006,31.397653579000178],[110.13263702400013,31.39996910200017],[110.13024139400018,31.40090179400011],[110.12785339400013,31.40297508300011],[110.12597656200006,31.404136658000027],[110.12225341700014,31.405992507000004],[110.12011718700013,31.406694412000096],[110.11691284200015,31.407627106000177],[110.11264801000004,31.40994644200003],[110.110786438,31.412250518000125],[110.10839843800017,31.414096832000098],[110.10492706300005,31.415721893000185],[110.10199737600004,31.41642761300011],[110.09879303000014,31.416904451000164],[110.09664917000003,31.417375565000043],[110.09397125200013,31.417392731000067],[110.09075164800004,31.416719437000097],[110.087272643,31.41650962800009],[110.08379364000001,31.41653251600019],[110.08138275200002,31.41677284200017],[110.07923126100013,31.416555405000054],[110.07573700000013,31.416118622000052],[110.0709228520002,31.415227890000043],[110.06716156100015,31.41455841100003],[110.06501770000011,31.414569854000153],[110.06286621200007,31.41458129900013],[110.05886840700015,31.415292740000098],[110.0551223760001,31.415998459000154],[110.05299377400019,31.41692924500006],[110.05111694400019,31.418544770000043],[110.04766845699999,31.421085357000038],[110.04501342800019,31.422935486000085],[110.04208374000007,31.42501068100012],[110.04048156800019,31.42639350800005],[110.0383529660001,31.428470613],[110.03730010900011,31.43077087300009],[110.03623962400002,31.432382584000152],[110.03439331000004,31.43445205800015],[110.03305816700015,31.436521530000107],[110.03173828100017,31.438364029000073],[110.03067779600009,31.439973832000135],[110.02722167900004,31.442743302000107],[110.02455902200006,31.445278168000076],[110.018966675,31.44897651600019],[110.01468658400017,31.450603485000045],[110.01175689700017,31.452911378000127],[110.00882721000016,31.454072953000093],[110.00697326800002,31.455915451000124],[110.00482940700005,31.45730209400017],[110.00243377700009,31.45846176100014],[110.00083923300014,31.460533143000077],[109.99844360300011,31.461919785000074],[109.99632263100017,31.463993072000108],[109.99257659800008,31.467451097000147],[109.99153137200013,31.46906089800018],[109.99019622900005,31.47136116000007],[109.98914337200007,31.472970963000137],[109.987831116,31.475725175000147],[109.98677063100013,31.47756767300018],[109.9851837170001,31.479639053000145],[109.98251342700013,31.480567932000156],[109.98010253900014,31.481267929000065],[109.97769165100017,31.48127746500018],[109.97554016200002,31.480829239000006],[109.97232055699999,31.480386733000163],[109.96829986600011,31.480176926000127],[109.9642868050002,31.481344223000182],[109.96215057500018,31.48181152500013],[109.9594726570001,31.48205184900013],[109.95706176700014,31.48206520200006],[109.9533004750001,31.48139762800008],[109.95089721700003,31.482091903000025],[109.94821166900006,31.481874464999976],[109.94551849300018,31.479824067000152],[109.94312286300004,31.48143959000015],[109.94206237800013,31.48373413000013],[109.94046783400017,31.485580444000107],[109.9402236950001,31.48787307700019],[109.9421081530001,31.489696502000125],[109.94452667200011,31.49198150600006],[109.94615173300014,31.49357986400014],[109.94777679400005,31.49540328900008],[109.94994354300019,31.497228622000023],[109.95236206100009,31.4992809310001],[109.95532226500006,31.500415802000138],[109.95828247100002,31.502233505000163],[109.96070098900015,31.503368378000175],[109.9633865350001,31.50473213200007],[109.96662139900008,31.506092072000115],[109.96904754600018,31.507455826000182],[109.97091674800009,31.508365632000103],[109.97335052500013,31.509271622000142],[109.97604370100004,31.510631561000142],[109.97873687700013,31.513141633000146],[109.97810363800005,31.515855790000103],[109.98085784900007,31.51924324100014],[109.98410034100016,31.522207260000183],[109.9892272940001,31.526536941000188],[109.99595642100007,31.53063392700011],[109.99971771300007,31.530843735000023],[110.00641632100007,31.530122756000143],[110.01714324900013,31.528924942000177],[110.02304077100013,31.528663635000157],[110.02815246500012,31.530700683000077],[110.03218841500012,31.532970429000162],[110.03811645500014,31.535461426000097],[110.04351043700007,31.53956031800016],[110.05481720000006,31.545003891000132],[110.06073760999999,31.54680252000003],[110.06479644699999,31.551593780000132],[110.06057739200008,31.55895042500015],[110.05982971200001,31.565832139000065],[110.06522369499999,31.56878280800004],[110.07058715900007,31.56990051300005],[110.07868194600002,31.573980331000143],[110.08408355600005,31.577388764000148],[110.08812713600014,31.580806731000052],[110.09220886200018,31.58697128300014],[110.09546661400003,31.591077805000054],[110.09873199500015,31.596330643000048],[110.10252380300017,31.599748611000052],[110.10740661600016,31.605449676000035],[110.11255645800009,31.611835480000078],[110.11636352600016,31.61616897600004],[110.12014770600007,31.619585038000025],[110.12525177000015,31.62001419100011],[110.13060760600007,31.618608475000148],[110.1434707640002,31.615783692000093],[110.15203094500015,31.613210677000097],[110.16137695300017,31.608341217000092],[110.16590118500007,31.60350036700015],[110.17524719300008,31.598630906000043],[110.18698120100004,31.590532302000152],[110.19283294700011,31.58545494100008],[110.19711303700007,31.58359527700003],[110.20274353100018,31.58287048300008],[110.20892334100006,31.58374786400014],[110.21404266299999,31.586467744000117],[110.2194671630001,31.59215736300007],[110.22408294600001,31.596715927000105],[110.22518920800007,31.60037422300013],[110.22416687000003,31.60542297500007],[110.22152709900001,31.610940933000048],[110.21690368700013,31.61687850900017],[110.21504974300018,31.618276597000033],[110.21135711700003,31.62108421400012],[110.20713043200016,31.624124526000116],[110.20184326200001,31.627183914000113],[110.19548034600007,31.63094711299999],[110.18884277300003,31.63402366700018],[110.18692779500005,31.635234834000133],[110.18502807600015,31.638446807000037],[110.18559265000017,31.641424179000186],[110.18830108700018,31.643468857000073],[110.1966323850001,31.64410400500009],[110.20334625200002,31.645206451000153],[110.21193695000011,31.64514923100006],[110.22190093900002,31.64669227600007],[110.22727966400004,31.648031234000026],[110.23026275600012,31.649614335000024],[110.22840118400006,31.652149202000032],[110.22518920800007,31.653314591000083],[110.22012329100005,31.656557083000163],[110.21558380100015,31.658649444000165],[110.21159362800012,31.662801743000102],[110.211341857,31.66532325700018],[110.21112823400017,31.67105484000001],[110.2119979850001,31.677007676000187],[110.21423339800003,31.685932160000167],[110.21698760900011,31.692560196000045],[110.22107696500007,31.6982612600001],[110.22411346500013,31.70626449500014],[110.22686767700016,31.71357917800009],[110.22853088500005,31.718608856000056],[110.22940826400009,31.725479126000035],[110.22863769500022,31.728919984000186],[110.22843170200014,31.73488044800007],[110.23169708300021,31.73898506100011],[110.23603820900001,31.743082048000076],[110.24009704700013,31.74557685900004],[110.24442291200006,31.74783706800008],[110.25035095200008,31.749399186000172],[110.25655365000011,31.750507356000185],[110.26248168800015,31.75252914500004],[110.26682281400014,31.755249023000037],[110.27115631200007,31.759801864000057],[110.2733383170002,31.762306214000148],[110.27847290000005,31.76479339500014],[110.28222656300005,31.76453781100014],[110.28788757400008,31.765186311000154],[110.29380798400003,31.76560211300011],[110.30213928200016,31.765312195000096],[110.30966949400005,31.765489578000143],[110.3193664560002,31.76679420400006],[110.32826995900012,31.770166397000082],[110.33474731500014,31.771955491000142],[110.34097290100011,31.77534484900014],[110.3471832270002,31.77736282400019],[110.35148620600017,31.77801704500007],[110.35767364400016,31.778427124000128],[110.36656951800006,31.780424118000155],[110.37088775600017,31.781536102000192],[110.37735748400007,31.782632828000143],[110.37822723400006,31.789041519000083],[110.37909698500006,31.794307708000133],[110.38024139400011,31.79934120200005],[110.38273620600012,31.805738449000106],[110.38519287100007,31.808925628000114],[110.3892669670002,31.812332153000174],[110.39279937700007,31.815282821000043],[110.40010833700018,31.81935119700006],[110.40714263900009,31.821586609000065],[110.41280365000011,31.822687148000114],[110.41763305600006,31.82196235700008],[110.42487335300001,31.819610596000075],[110.43314361500006,31.814275741000188],[110.43686675999999,31.811494828000036],[110.44223785400015,31.810306550000124],[110.44790649400005,31.812322617000067],[110.45657348600021,31.816375732000154],[110.4609069820001,31.818859101000157],[110.46578979500009,31.822254180000133],[110.47335815500014,31.824945449000154],[110.4803466800001,31.825340272000066],[110.48873138500005,31.8280200960001],[110.49360656800013,31.830959321000197],[110.49822998000002,31.834356308000167],[110.49960327200017,31.835948944000112],[110.50099182200012,31.840061187000117],[110.50132751500007,31.845100403000174],[110.50356292800006,31.850809098000067],[110.5090026850001,31.855806350000194],[110.51225280700004,31.857152938000073],[110.51872253300013,31.858470917000094],[110.52356720000017,31.858196259000124],[110.53083038300008,31.85836410500013],[110.53887176500001,31.85600090100019],[110.545326232,31.855257034000036],[110.55151367200001,31.855201722000064],[110.55715179400006,31.85423469600016],[110.56170654200014,31.852590562000046],[110.56681060900013,31.852315904000022],[110.57164764300012,31.85181045500008],[110.57675171000011,31.85084915300007],[110.58265686100009,31.850334168000188],[110.58914184500003,31.85188293400012],[110.59427642800006,31.85389328000019],[110.60159301800007,31.856115342000184],[110.60723114000007,31.85606575000014],[110.61419677700007,31.85416412300009],[110.62307739300019,31.853624345000014],[110.62953949100017,31.854019166000114],[110.6341171260001,31.854433060000076],[110.63867950400015,31.853246690000162],[110.64404296800018,31.851589203000064],[110.647521973,31.85063743500018],[110.64968872000014,31.85176467800011],[110.6513595580002,31.855642320000126],[110.65331268200015,31.859518051000066],[110.6549530040001,31.861795426000132],[110.65928650000006,31.863586427000087],[110.66573333700012,31.862604141000133],[110.67347717199999,31.859092712000123],[110.67990112300015,31.856279372000078],[110.68768310500008,31.854368210000192],[110.69574737600004,31.854515077000034],[110.69892120400011,31.850589753000122],[110.70346069200019,31.848022460000095],[110.70614624000018,31.847768783000102],[110.71420288100018,31.846309662000124],[110.720672606,31.847620011000064],[110.72634124700016,31.84870720000003],[110.7328414910001,31.851388930999978],[110.74014282100012,31.852918625000083],[110.74619293200006,31.844604493000134],[110.75010681100014,31.837230682000158],[110.75673675600007,31.830287934000182],[110.76155853200004,31.829317094000142],[110.76818847800007,31.822832107000128],[110.77400970500003,31.817041398000132],[110.78090667600003,31.811010361000005],[110.79093933100017,31.798755646000078],[110.7970123290001,31.791585923000067],[110.80126190200008,31.788101197000064],[110.80605316200003,31.784612656000146],[110.81385040300012,31.78498458900015],[110.8205871580002,31.78605842700017],[110.82624054000001,31.785995484000182],[110.830253601,31.784803390000146],[110.83476257300003,31.78108787600019],[110.84188842900006,31.772987366000166],[110.8474121100001,31.76559448300003],[110.85453796400014,31.75703430200008],[110.8595504760001,31.751476289000152],[110.86430358900022,31.746379852000135],[110.8666534420002,31.74222946300017],[110.866882325,31.73970794700006],[110.86517334000014,31.734224320000123],[110.86399841300016,31.727819443000154],[110.86525726400015,31.72276306100014],[110.86730194200004,31.71678161600005],[110.86934661800007,31.710342408000145],[110.87222290000005,31.705266953000034],[110.87722778200009,31.699710846000134],[110.88224792500006,31.694379806000143],[110.88701629600013,31.690200805000128],[110.89147186200002,31.68396186800004],[110.89595031700009,31.67863845800008],[110.90099334800004,31.674682618000194],[110.90498352000014,31.672803879000075],[110.90950012200005,31.669771195000127],[110.91857910200008,31.666685105000056],[110.92694854700005,31.668880463000164],[110.93373108000016,31.672695160000046],[110.93939209000013,31.674232484000076],[110.9449768070001,31.671415329000126],[110.9511032110002,31.667675019000054],[110.9550704950002,31.664417266999976],[110.96013641500014,31.662296295000033],[110.9633331300002,31.660423279000096],[110.96811676100015,31.658302308000028],[110.97104644800015,31.65643119800012],[110.97261047400008,31.65366363500004],[110.9728317270002,31.65091133100003],[110.96842956600017,31.64523506300003],[110.96179962200017,31.634771347000083],[110.95652771100015,31.624750138000028],[110.95210266100014,31.617698670000095],[110.9446792600001,31.607700349000027],[110.93839263900016,31.60089874300019],[110.93641662600015,31.595880508000167],[110.93636322100008,31.592214586000072],[110.93788910000012,31.587383270000032],[110.940223694,31.582998276000126],[110.9444198610002,31.577449799000135],[110.94731140099998,31.573978424000074],[110.94159698600015,31.569232941000053],[110.93483734200005,31.566331863000187],[110.92915344300002,31.563421249000047],[110.92907714900014,31.559066773000044],[110.92874908400006,31.555629731000007],[110.9278564450002,31.550825119000024],[110.92671203600008,31.546489716000053],[110.92289734000013,31.542863846000106],[110.91834259100011,31.543144226000038],[110.91487884400016,31.544561385000126],[110.91191864000018,31.544366836000112],[110.90735626200018,31.543964387000134],[110.90384674,31.54285812300009],[110.90086364700005,31.541057586000193],[110.89676666300016,31.537210466000033],[110.89163208000014,31.53428840600003],[110.8883590690001,31.53134536800007],[110.88269043100007,31.528892518000134],[110.87486267100007,31.52576828000014],[110.87212371800018,31.522367478000092],[110.86640930300014,31.517847061000108],[110.86392974900014,31.513977052000083],[110.86092376800002,31.510572432999993],[110.85710907000009,31.50694847000011],[110.8546676630001,31.504911422000134],[110.85092163200007,31.505872727000163],[110.8474807730002,31.50843238800013],[110.84381103600003,31.513746261000055],[110.83560943700013,31.520484925000062],[110.8268737800002,31.52768516499998],[110.8231735220001,31.53070640600015],[110.81419372599998,31.539745332000166],[110.80442047100003,31.549020767000172],[110.80181121800007,31.55363273600011],[110.79786682100013,31.558719636000152],[110.79284668100007,31.563585282000076],[110.78833770700004,31.5670738230001],[110.78195190500014,31.57035064600007],[110.77928161500017,31.571523666000136],[110.77583313100013,31.57339668400005],[110.77233123700006,31.572971344000056],[110.76748657200005,31.571880340000174],[110.76450348000016,31.569850923000047],[110.76310730000012,31.567113877000054],[110.76278686500014,31.563905717000182],[110.76380157500006,31.55954170200016],[110.76403045600011,31.556787491000083],[110.76474761900005,31.551282883000116],[110.75990295399998,31.54949951200007],[110.75372314500005,31.549562455],[110.74942779600013,31.54960823199997],[110.74510955900018,31.54804801900013],[110.73699188300014,31.543548585000167],[110.73239898600019,31.54107665999999],[110.72831726200013,31.537908554000072],[110.72692871200019,31.534257890000163],[110.72817993100006,31.528512955999986],[110.7289199830002,31.52437973000013],[110.72886657800014,31.520484925000062],[110.72608184700005,31.514093400000093],[110.72308349700013,31.510229111000054],[110.71439361500018,31.502981187000046],[110.70649719200009,31.496185303000118],[110.7010421760001,31.489137650000092],[110.69506073100018,31.48369598300008],[110.69098663300002,31.480297089000036],[110.68530273400006,31.476688385000045],[110.68041992200017,31.472841262000145],[110.67635345400015,31.46944236800016],[110.66989135700004,31.467672348000068],[110.66319275000012,31.46751022400014],[110.66027069100005,31.469602585000136],[110.65447998000008,31.476766586000057],[110.64975738600015,31.484142304000155],[110.64736938400006,31.485773088000087],[110.642280578,31.48651123000002],[110.63636016800007,31.48496055700008],[110.63155365000011,31.485925674999972],[110.6256637570001,31.48644256700015],[110.62191009600014,31.486705779000033],[110.61602783200016,31.48767852700007],[110.61196899500015,31.485424042000144],[110.61110687200016,31.481765748000154],[110.61026001000005,31.477878571000137],[110.61100006200019,31.47351646400006],[110.60986328100017,31.46848487800014],[110.60765838600008,31.46437645000003],[110.60437011700009,31.45936775300009],[110.59860992400013,31.449792862000038],[110.5958023070001,31.440881729000182],[110.59004974300001,31.431535721000163],[110.5869979850001,31.423999786000024],[110.58374023500005,31.421049118000155],[110.58048248200004,31.41786956800013],[110.5772323600001,31.41514968900009],[110.57211303700007,31.412904739000112],[110.56861114600014,31.411792756000068],[110.56831359900013,31.40927314800013],[110.57118225100015,31.403747559000067],[110.57482147200011,31.395690919000117],[110.57315063600004,31.39089012200003],[110.57096099800009,31.387470246000024],[110.56526184100005,31.382022859000074],[110.56038665800021,31.37862587000012],[110.55686950800015,31.37545013400006],[110.55655670100009,31.372243881000088],[110.55869293100011,31.371768951000035],[110.562896728,31.366224289000115],[110.56688690200014,31.36389732400005],[110.57272338800004,31.359029769000074],[110.5764389050001,31.357162476000042],[110.58013916099998,31.353919982000146],[110.5827865600001,31.35206031800016],[110.58406066999999,31.347005845000186],[110.58294677700013,31.343347549000157],[110.57940673900015,31.3399429320001],[110.57398986800001,31.334949493000064],[110.56994628800015,31.333152771000073],[110.56376647900015,31.331377030000116],[110.55787658800017,31.33119964700012],[110.55255127000004,31.33308219999998],[110.54241943300008,31.335695268],[110.53682708700012,31.3387241370001],[110.53202056900017,31.338993073000093],[110.5261306750001,31.338819504000075],[110.52184295700005,31.338396072000027],[110.51407623300014,31.33892250200006],[110.50744628900009,31.343109131000176],[110.50240325800019,31.346132279000184],[110.49794006400003,31.353504180000073],[110.49482727100015,31.361785888000153],[110.49226379300012,31.37006187600014],[110.48885345600014,31.37604713400009],[110.48782348700007,31.378580093000153],[110.48568725500007,31.380203246000068],[110.48271179300008,31.377246857000163],[110.4772491450002,31.36881256200013],[110.47505187900009,31.364704131999986],[110.46907806400009,31.357648849000043],[110.45880127000015,31.349483489000193],[110.45394897500006,31.346775055000077],[110.44963836600016,31.344747544000082],[110.44534301700016,31.34317588800008],[110.44001007000021,31.345285415000088],[110.43681335500014,31.34645652699999],[110.43525695700015,31.351053238000137],[110.43583679200003,31.355173110999996],[110.43723297200012,31.358600616000047],[110.43781280400016,31.362724304000157],[110.43702697700002,31.365022660000083],[110.43598937900016,31.367324830000143],[110.43385314900013,31.367336273000095],[110.4293136610001,31.36806488000008],[110.422378541,31.370870591000145],[110.41784667900004,31.373199463000105],[110.40854644800015,31.378316880000114],[110.40376281800013,31.38087463500011],[110.39412689200009,31.38278579700011],[110.38825225900007,31.38374710200003],[110.38636016800012,31.382387160999997],[110.38317108100011,31.384246826000147],[110.37866211,31.388406752999966],[110.3757629390002,31.39186859200015],[110.36856842000009,31.395362854000094],[110.35868072599999,31.3977298750001],[110.34661865300001,31.396444322000033],[110.33670806900017,31.39697837900008],[110.33027649000014,31.397024154000068],[110.32333374000012,31.397762299000135],[110.31661987300004,31.396896363000057],[110.31279754600003,31.390502929000036],[110.30684661900017,31.385274886000104],[110.29711151100008,31.37617683500008],[110.29087829600007,31.3693447120001],[110.28383636400008,31.361598969000056],[110.27464294500015,31.353181840000047],[110.26788330100005,31.346122742000038],[110.25901031500007,31.34343338100018],[110.25122833300009,31.341426849000072],[110.24234771700021,31.3369007120001],[110.23480224600019,31.33190727300001],[110.22911071700008,31.32552719100011],[110.22234344500009,31.317087174000108],[110.21452331600005,31.311637878000113],[110.208869934,31.30800819300004],[110.20295715399999,31.305982590000045],[110.19838714500014,31.30486488300005],[110.1908874510001,31.302848816000107],[110.1833572380001,31.29945755000017],[110.17826843200004,31.29903221200016],[110.16998291100009,31.298624038000128],[110.165153503,31.298656465000082],[110.16033935500013,31.30029106100017]]]},"properties":{"GID_2":"CHN.13.8_1","GID_0":"CHN","COUNTRY":"China","GID_1":"CHN.13_1","NAME_1":"Hubei","NL_NAME_1":"湖北","NAME_2":"Shennongjia","VARNAME_2":"Shénnóngjià Línqū","NL_NAME_2":"神农架林区","TYPE_2":"Dìqu","ENGTYPE_2":"Prefecture","CC_2":"NA","HASC_2":"NA","id":"429021","name":"神农架林区","NAME":"神农架林区","adcode":"429021","SOURCE":"GADM v4.1","GADM_GID":"CHN.13.8_1"}},{"type":"Feature","geometry":{"bbox":[109.43367004300012,31.515855790000103,111.58009338300009,33.27754592900004],"type":"Polygon","coordinates":[[[109.89038085900012,31.529815674000133],[109.88688659600007,31.529142380000057],[109.88394165000011,31.529384614000037],[109.87992858900022,31.530317308000065],[109.87725067200006,31.530786515000102],[109.87377929700011,31.532403946000105],[109.87003326400009,31.534023284000114],[109.86682128800004,31.535415649000132],[109.86387634200008,31.536571503000005],[109.86200714199998,31.53818321200004],[109.86015319800009,31.540941238000183],[109.85749054000001,31.543703080000054],[109.85482025100015,31.54554748600009],[109.85295867800005,31.548076630000082],[109.84948730500014,31.55107116800008],[109.84763336100008,31.55336952300007],[109.84496307400019,31.55452728200004],[109.84308624300007,31.556367874000106],[109.84095764100017,31.55797958400007],[109.83908844100006,31.5593605040001],[109.83693695000012,31.56028747500011],[109.83426666200012,31.56144523600011],[109.83241272000004,31.562597275000087],[109.83000183000007,31.564439774000054],[109.82705688499999,31.56605529800015],[109.82411956700014,31.567441940000098],[109.82089996300004,31.568143845000183],[109.81714630000005,31.568386079000163],[109.81313324000001,31.56954765400008],[109.81070709300008,31.569553376000044],[109.80670166100015,31.570255279000094],[109.80267334000018,31.570039749000046],[109.79998779300013,31.5695915230001],[109.79702758700017,31.568454742000082],[109.79408264200009,31.56708908100012],[109.79138183500005,31.56549453800011],[109.78949737500005,31.56458473100008],[109.7868118290001,31.563676834000148],[109.78412628300009,31.56299781900003],[109.7803573610002,31.56140518200016],[109.77687072800012,31.56118774400011],[109.77445220999999,31.560052871000096],[109.77095794600007,31.558914184999992],[109.76880645700015,31.55869484000004],[109.76479339700012,31.55801773100006],[109.7623672480002,31.55779647800017],[109.75861358700018,31.55711936900019],[109.75566101100014,31.556671143000074],[109.75296783500005,31.55575943000002],[109.7502899170002,31.555541992000144],[109.74813842900016,31.55531883200018],[109.74491882300003,31.554410933999975],[109.742767335,31.553960801000134],[109.73980712900004,31.552595139000122],[109.73766326800006,31.55191230700012],[109.73471832299998,31.55215072600004],[109.73177337700002,31.553075792000186],[109.72962188600013,31.553312303000155],[109.72667694100006,31.55400848300019],[109.72373962300004,31.55562019400003],[109.72213745099998,31.55723381100006],[109.72054290800014,31.558839799000054],[109.71974182100001,31.561595916000105],[109.71949005100015,31.564804077000073],[109.71951294000019,31.568243027000054],[109.71952056800012,31.570535660000132],[109.72061157200011,31.573284149000074],[109.72088623000013,31.575117112000104],[109.72144317600004,31.57717704800001],[109.72332763600014,31.579696656000124],[109.72575378500005,31.58129310600009],[109.72789764300018,31.58266258300011],[109.7305908190001,31.584028245000123],[109.7330093380001,31.585395814000037],[109.73409271300011,31.586997986000082],[109.7357177740002,31.589744568000185],[109.73652649000013,31.591577531000045],[109.73787689300002,31.593406677000022],[109.7395019540001,31.595922470000122],[109.74059295600017,31.599128722000163],[109.74223327700008,31.6023311620001],[109.74304199300019,31.60485267600018],[109.74385833800018,31.60668373100009],[109.74548339900002,31.609201432000134],[109.74656677300015,31.612176896000104],[109.74819946200019,31.615152358000103],[109.74739837700002,31.616989137000136],[109.74741363500004,31.61951065000011],[109.74635315000017,31.621347428000036],[109.744758606,31.624332428000116],[109.74262237500011,31.62617111200018],[109.74047851500019,31.627096176000126],[109.73941040000017,31.628705978000145],[109.73889160100015,31.63122749400003],[109.73703002900015,31.635131837000017],[109.73597717200016,31.638801574000183],[109.73412323000008,31.642705917],[109.73413086000016,31.644998551000185],[109.73387145999999,31.647520065000094],[109.73388671900011,31.650726318000068],[109.73444366500019,31.65324783300008],[109.7344512950001,31.65531158500011],[109.73419952300009,31.65875244100005],[109.73420715400006,31.66058540400013],[109.73422241200007,31.663108825000112],[109.73449707000009,31.66493988100007],[109.73504638600008,31.667228698000027],[109.73561096200007,31.67089462300004],[109.73616027800001,31.673643112000153],[109.73618316600016,31.67708015500006],[109.73538970900012,31.680297850999978],[109.73406219400016,31.683048249000027],[109.73380279500009,31.684885026000188],[109.73327636700009,31.686719894000134],[109.73248291000004,31.68855667100013],[109.73007202200006,31.691085816000054],[109.73007965000016,31.6929187770001],[109.73063659600007,31.69589424200018],[109.73011016900011,31.697965621000098],[109.72931671200007,31.69979858400012],[109.7279815670002,31.701635361000115],[109.72637176400013,31.70301437300003],[109.72450256400003,31.70485115100013],[109.72102355900002,31.706468582000074],[109.7188797,31.708080293000137],[109.71647644000012,31.71037864800013],[109.71514129500002,31.71221542400002],[109.71299743700013,31.71314239500009],[109.71031188900014,31.71383476200009],[109.70816803100001,31.714298248999967],[109.7049407950002,31.714307785000074],[109.70279693700009,31.71477317900019],[109.70011138900009,31.71546936100009],[109.69716644300013,31.716394425000033],[109.69448089700019,31.717546464000062],[109.69233703700009,31.717781067000036],[109.68830871500018,31.718021393000186],[109.68589019700012,31.71802711600003],[109.68212890600017,31.71849441600017],[109.67836761500014,31.718965530000048],[109.67622375400009,31.71942710900015],[109.67353820800008,31.72035217300015],[109.67005920500009,31.72196579100006],[109.66710662900005,31.72311783000009],[109.66496276900011,31.723581314000057],[109.66226959300008,31.723590852000147],[109.66013336200012,31.72359466500018],[109.65689849900008,31.723831178000125],[109.65206909200009,31.724300385000163],[109.64965057400019,31.724306108000178],[109.64749908500005,31.724542619000093],[109.64454651000011,31.72500610300011],[109.64158630400016,31.725471497000054],[109.63944244300012,31.72478866600011],[109.63701629700012,31.72525215200011],[109.63406372100008,31.72434043900006],[109.63083648700001,31.723892211000134],[109.62841796900011,31.723207474000052],[109.6262664800002,31.722297669000174],[109.62303924500009,31.721157075000118],[109.62061309800015,31.720474243000126],[109.61765289200021,31.719106674000045],[109.61550140400016,31.718421937000134],[109.61254882800013,31.717741013000083],[109.60904693600008,31.71797752400005],[109.60502624500003,31.719133378000095],[109.60262298500015,31.719825745000094],[109.59993743900016,31.72166633700016],[109.59858703600008,31.723270416999984],[109.59564971900011,31.724651337000072],[109.59351348800006,31.725801468000103],[109.58949279800004,31.728101731000095],[109.58733367900004,31.728336334000005],[109.58464813300003,31.729488373000038],[109.58249664200014,31.730636597],[109.5766067510001,31.73316764800012],[109.57879638600019,31.73436927700016],[109.58203887800005,31.73757362500004],[109.5852737420002,31.741233826000094],[109.58851623400011,31.746957779000073],[109.59230041400019,31.75153350900013],[109.5936584480001,31.754510881000105],[109.59259796100002,31.759096146000104],[109.59046173000013,31.763452530000166],[109.58779907300016,31.771017074000042],[109.586746216,31.77537727400005],[109.58513641300011,31.779964446000182],[109.58515930200014,31.783859253000116],[109.58706665100016,31.791187287000124],[109.59220123200016,31.797822953000097],[109.5976028450001,31.802627563000105],[109.599761963,31.80606269900011],[109.60325622500011,31.80697059700009],[109.60703277700014,31.80764961300014],[109.60973358100011,31.80856132600019],[109.614837647,31.80900764500006],[109.62397766100008,31.80876350300008],[109.62908172500016,31.80691909900008],[109.6315231320001,31.809204101000148],[109.63342285100015,31.81332588200002],[109.63128662100013,31.821119309000153],[109.62889862100008,31.827085494000016],[109.62568664600019,31.833047866000072],[109.623291016,31.837635041000116],[109.62114715600012,31.84222412100019],[109.61768341100014,31.849103928000034],[109.61447906600011,31.855297089000032],[109.61154174800009,31.86217880300012],[109.6097030640002,31.871118545000115],[109.60542297400008,31.878688812000068],[109.60275268600009,31.883962632000134],[109.59899139500004,31.88786697500018],[109.59523010200013,31.890163422],[109.59066009500009,31.891319274000065],[109.58717346100008,31.892929077000133],[109.58286285400004,31.894767761000022],[109.58072662400002,31.897981644000144],[109.58020019500009,31.90279388400006],[109.58535003600014,31.912868499000073],[109.58727264400005,31.919969559000155],[109.5888900760001,31.923398972000143],[109.58970642000014,31.925691605000058],[109.59455871500006,31.926599502000105],[109.5983428950002,31.92750740000008],[109.60130310100016,31.92795944300008],[109.60561370800004,31.928640366000025],[109.61045837500006,31.929317475000175],[109.61585235500013,31.93091392500014],[109.61882782000004,31.934570313000105],[109.62315368700013,31.94005966300011],[109.62587738000013,31.94624138000006],[109.626708984,31.953342437999993],[109.62673187200018,31.95838355900014],[109.62648773100011,31.964570999000102],[109.62355041600017,31.97053527900016],[109.6208724980001,31.975351334000095],[109.61685180700005,31.97971344100017],[109.61309814400005,31.985446929999966],[109.60827636800008,31.992101669000196],[109.60452270400003,31.995088577000047],[109.6010589600001,31.997007369000187],[109.59660339300018,31.99999999900018],[109.58618164000018,32.01501464800003],[109.58279418900014,32.02762985200019],[109.5831069950001,32.03808975200002],[109.58618164000018,32.050086976000046],[109.59079742400019,32.05747223000009],[109.59571838400001,32.06516265800008],[109.60095214900008,32.0719299320001],[109.6061325070001,32.07812881500007],[109.61028289900008,32.08259964000007],[109.61305999700005,32.087486266999974],[109.61477661200003,32.09875488200004],[109.61752319300018,32.105018616000166],[109.61682128800011,32.10912323000014],[109.6125564580002,32.11450195200018],[109.60462951700003,32.12436294700012],[109.59858703600008,32.12717437800012],[109.59352111900006,32.13253021200006],[109.58778381300016,32.141532899000026],[109.58412933400001,32.152198791000046],[109.58303833000019,32.15950012300004],[109.58232879700017,32.163833619000116],[109.585617066,32.17652130100004],[109.590667725,32.18582534699999],[109.59649658300003,32.19583892900005],[109.59951019200008,32.201648713000054],[109.59899902300015,32.208049774000074],[109.59250640900012,32.21520233100006],[109.58793640200008,32.22171783400012],[109.58054351800018,32.224262238000165],[109.5745086680002,32.226383210000165],[109.56906128000008,32.22760391200006],[109.563453675,32.22584152200011],[109.55726623500004,32.224983215000066],[109.55264282300011,32.22599792500017],[109.54556274400007,32.22717285200014],[109.54460144100001,32.23104095600007],[109.5438385010001,32.23674774300002],[109.54042816100002,32.24100494500016],[109.5360107420002,32.250270844000056],[109.53365325900012,32.25547409100011],[109.52955627400013,32.263149263000116],[109.52378082300004,32.27260589600013],[109.51676941000011,32.27905273500005],[109.51365661600016,32.282398225000065],[109.50559234600013,32.28812789800014],[109.49732971100008,32.29178619500004],[109.49221801700008,32.2980537410001],[109.49041748000008,32.30258560300007],[109.49311828600008,32.309535981000124],[109.50567627000015,32.32685089100016],[109.50781250000011,32.33469772300015],[109.50823211700015,32.34456253000002],[109.50598144400016,32.35366058400018],[109.50071716300005,32.36359405500008],[109.49651336600017,32.37401199300018],[109.49542236400009,32.381084442000144],[109.49772644000012,32.390998841000055],[109.50126648000014,32.397514344000115],[109.50653076200012,32.401329040000064],[109.51438140800008,32.40155410800003],[109.52139282200007,32.402210236000144],[109.52468872100019,32.40803146400004],[109.52424621500018,32.41214370700004],[109.52259063700012,32.426990509999996],[109.52197265600006,32.43568039000013],[109.52613067600004,32.44014739900018],[109.53672027700021,32.44663238600003],[109.54254150500009,32.45710754400005],[109.54332733199999,32.47133636600017],[109.54789733800015,32.47948074300018],[109.55539703500011,32.48175430400005],[109.56075286800012,32.48350906400015],[109.56495666500008,32.486831665000125],[109.57118225200009,32.494110108000086],[109.57087707500017,32.50876236000005],[109.57344055300018,32.51272964500015],[109.5827102670001,32.51848602299998],[109.59587097100012,32.521827697000106],[109.61328888000003,32.52711868200009],[109.62496948200015,32.533855438000046],[109.63192749100006,32.54344177200011],[109.62851715100015,32.55434417800012],[109.62201690700005,32.56126785300006],[109.615180969,32.569786072000056],[109.6111297610002,32.583423615000186],[109.6144714350001,32.59542846800008],[109.62000274700017,32.59993362400013],[109.62696075300016,32.60241699300019],[109.65161132800006,32.603775024000186],[109.66840362500011,32.60491562000004],[109.67978668100012,32.604995728999995],[109.69251251200012,32.60602569700018],[109.7040176390002,32.61045837500012],[109.71076965300017,32.61132431000004],[109.71650695900007,32.61033248900014],[109.72165680000012,32.61046981800007],[109.72405243000009,32.60857009900019],[109.73172760000006,32.60248947200006],[109.74060821600017,32.59722519000002],[109.750000001,32.59266281100008],[109.76338195800014,32.59049606400015],[109.77458953799999,32.58826828000019],[109.79733276400009,32.582218171000136],[109.81207275500014,32.57962036200019],[109.82209014900015,32.580337524000186],[109.84455108700014,32.582057954000106],[109.85231018000002,32.58500671500008],[109.87640380900007,32.59432601900005],[109.89263153000007,32.59588241700004],[109.90569305400004,32.59506225600012],[109.91993713400018,32.591068269000175],[109.92823791600006,32.5864601130001],[109.93379974400018,32.58270263700007],[109.93988800100004,32.57919311500012],[109.9493789670002,32.57942581100019],[109.95604705900018,32.58256912300004],[109.96618652400008,32.579841615000134],[109.96988678000014,32.57443237400008],[109.98291778600009,32.55871582000003],[109.99070739800015,32.55294799800009],[110.00138092100019,32.550003052000136],[110.01254272400007,32.54912567100013],[110.02306365900007,32.55052947900009],[110.03748321500018,32.55728912400008],[110.04633331200012,32.56070709300019],[110.05721282900016,32.56761169500004],[110.06404876700014,32.574188233000086],[110.06987762500012,32.57844925000012],[110.07895660400004,32.58278656100009],[110.08287811200012,32.58746338000003],[110.08454895000017,32.59437561100009],[110.08350372400021,32.60168075600012],[110.07952880800013,32.60662460300017],[110.08006286500017,32.615116120000096],[110.08482360800019,32.61912155100015],[110.09723663300002,32.621017457000164],[110.10893249500003,32.62037658700007],[110.11875915600012,32.61877059900007],[110.1281433110002,32.6141777040001],[110.13347625800014,32.608345031000056],[110.1418914800001,32.600067138000156],[110.14855957000003,32.59518051200013],[110.15992736800007,32.59590149000013],[110.16575622600004,32.600616456000125],[110.16834259000018,32.604568481],[110.1714172360002,32.610366821000184],[110.1798095690001,32.61949157800012],[110.18728637700002,32.623100280000074],[110.19560241700015,32.62649536100008],[110.19983673000007,32.62979888900003],[110.20130157400013,32.63510131900017],[110.19848632700018,32.63801193300009],[110.18795776400009,32.64487838800005],[110.1826934820001,32.648422241000105],[110.1772537220001,32.657230377000076],[110.17372894200015,32.665397644000166],[110.1684265130001,32.66962814300018],[110.15915679900013,32.679496765000124],[110.15553283700018,32.682621002000076],[110.15190887400007,32.6852874760001],[110.14924621500012,32.692096710000044],[110.15061950700004,32.69992065500014],[110.15461730900006,32.71054840000011],[110.15709686300005,32.71793746900016],[110.15746307400008,32.724128724000025],[110.15936279300013,32.73265075800009],[110.15897369300012,32.75279998800016],[110.15588378800015,32.764640808000024],[110.15437317000004,32.76918792800001],[110.15160369800003,32.77072906500007],[110.1472473140002,32.770854951000054],[110.14055633499999,32.76749420100015],[110.13432312000003,32.76689148000008],[110.12989044200009,32.76953887900004],[110.12460327200013,32.77354049700017],[110.1222229010001,32.77967071600017],[110.12313842800006,32.784732819000055],[110.12568664600008,32.790058136000034],[110.12856292800001,32.79356384300013],[110.13407135100005,32.79987716600016],[110.13690948400017,32.804752350000115],[110.13488769400004,32.808372499000086],[110.1356124880001,32.81071090600017],[110.13382721000005,32.810691833000135],[110.13294220000017,32.81068039000013],[110.12848663400013,32.81063461300016],[110.12669372500017,32.811367035000046],[110.12402343800011,32.811340333000146],[110.12258148199999,32.81192398100013],[110.10323333800018,32.83067703199998],[110.07682037300009,32.84332656900011],[110.07539367600009,32.8439140320001],[110.04132080000016,32.85556793300009],[110.02232360900013,32.87265777600004],[110.02139282300004,32.874904632000096],[110.01775360100004,32.87506103600009],[110.01603698700012,32.87483978299997],[110.01246643000019,32.874797822000176],[110.01068115200007,32.87553024300007],[109.97664642400008,32.88415908800005],[109.97573852400012,32.884899140000186],[109.97218322800012,32.88485717800006],[109.95967864900013,32.885459901000104],[109.95522308300002,32.88540267899998],[109.95163726700021,32.88611602700007],[109.94896698000014,32.88608169500003],[109.93826294000019,32.886703492000095],[109.93379211400008,32.886650084999985],[109.93289184600019,32.88739013700013],[109.92149353000019,32.894569398000044],[109.9121398920002,32.900676727000075],[109.91210937500006,32.90218353300003],[109.90943908700012,32.90214920100004],[109.89869689900019,32.90351867700019],[109.8933563240002,32.90345382700019],[109.88800811800013,32.903385163000166],[109.88620758100012,32.90411377000015],[109.88175201500007,32.904056550000064],[109.87906646700009,32.904022216000044],[109.87905883900015,32.904773712000065],[109.86193847700008,32.91433715900007],[109.84529876700014,32.897567749000075],[109.81408691400009,32.886966705000084],[109.79920959500004,32.881912232000104],[109.7983322140002,32.88114547700019],[109.79566192600004,32.881111145000034],[109.79119873000008,32.88105392500006],[109.78032684300013,32.88993454100017],[109.78029632600004,32.89143753100018],[109.77851867700014,32.891414643000076],[109.7729721080001,32.90112304800016],[109.76123809800004,32.90848541300011],[109.75891876200014,32.90970611500006],[109.76220703100017,32.92611312900004],[109.76804351900006,32.93795013400006],[109.7682571420001,32.95422363300014],[109.77014923100006,32.96229171700014],[109.77435302700007,32.97385788100007],[109.77955627400007,32.98796844500015],[109.78231048500015,33.0022430410001],[109.78311157300016,33.01028442300003],[109.7834701540001,33.02289581399998],[109.7855606080002,33.04013442899998],[109.78893280100004,33.052593231],[109.79083252000015,33.060207367000146],[109.79007720900006,33.065914155000144],[109.78942871100008,33.06887435900012],[109.7863235480001,33.07177352900004],[109.78169250400009,33.07142257800018],[109.76294708300009,33.07643509000013],[109.75647735500019,33.081764222000004],[109.74680328400007,33.084949494000114],[109.74105072000003,33.08571243300014],[109.73605346700015,33.0881042470001],[109.73103332500011,33.090950013000054],[109.72104644700016,33.09503936700003],[109.71572876000005,33.09856414700016],[109.71016693200016,33.10139465300006],[109.703536987,33.103282928000056],[109.69915008600003,33.10385131800018],[109.69628906200012,33.107440947999976],[109.69312286400015,33.111709596000026],[109.68943023800017,33.11550903400018],[109.68303680400015,33.118545533000145],[109.67623901500019,33.117675781000116],[109.661247253,33.116813660000105],[109.65160369800014,33.11930084200003],[109.64095306400014,33.11947250400004],[109.63356781000016,33.11973190400016],[109.62835693400012,33.12004852400008],[109.62135315000006,33.117794038000056],[109.61493683000015,33.114181519000056],[109.60906982500012,33.110584259999996],[109.59980011000005,33.110332489000086],[109.59707641500006,33.11025619500015],[109.59259033200004,33.113113404000046],[109.58988952600004,33.119453431000125],[109.58734893700006,33.12167358500017],[109.58168029900014,33.11991500800002],[109.57687377900004,33.11725997900004],[109.57457733100006,33.11307144200009],[109.57132720900012,33.11229705799997],[109.5660171500001,33.11535644600019],[109.5596694950001,33.12411880500014],[109.55544281000005,33.12766647300003],[109.54857635500008,33.128391265000175],[109.54031372100013,33.13022232100013],[109.53088378900009,33.13408660900012],[109.52503204400006,33.13689804100005],[109.5172271730001,33.14057540800013],[109.50897979700017,33.14217376800019],[109.5018692020001,33.14243316799997],[109.49723815900018,33.14207458600015],[109.49118804900013,33.14304733400019],[109.48602294900019,33.142444611000144],[109.47046661500019,33.14223098800011],[109.46337127700019,33.14202880900018],[109.45314025800019,33.14517211900005],[109.4456787110002,33.1472511290001],[109.44117736800018,33.15032959000018],[109.43676757800017,33.15134811300016],[109.43367004300012,33.15377807700014],[109.4394378660001,33.159675598000035],[109.44815063400019,33.167026520000036],[109.45958709799999,33.17468643199999],[109.4669036860002,33.18314743100012],[109.47142028700006,33.193130493000126],[109.47680664000012,33.20198822100008],[109.48265075600011,33.20605087400003],[109.49318695000005,33.2090988170001],[109.50073242100007,33.21870803900004],[109.50211334300013,33.23226547200011],[109.50920105000012,33.23956680200007],[109.5210723890001,33.24356842000009],[109.53247833300003,33.24549484200014],[109.54483795200014,33.24423217800012],[109.55229186900004,33.24237823599998],[109.56336212100007,33.23901748600014],[109.5742416380001,33.23358917200005],[109.58278656100003,33.231765747000054],[109.59580993600014,33.23441314800016],[109.6019592290001,33.238021850000166],[109.60148620700005,33.25015258800005],[109.60111999500009,33.259536743000126],[109.60250091500018,33.26622009300013],[109.60431671200003,33.26878738400018],[109.60856628400012,33.27188491900006],[109.61141967700019,33.276088716000174],[109.61519622700001,33.27733612200018],[109.6313323980001,33.27754592900004],[109.63860321100015,33.273387909000064],[109.642837525,33.27006530800003],[109.64528656000005,33.26302719100011],[109.6448364260001,33.25362396300011],[109.64768218900014,33.25072097700007],[109.65425109900008,33.25043869100017],[109.66338348500005,33.25503921500013],[109.67092895600007,33.25775909400005],[109.68216705300006,33.257144928],[109.68795013400006,33.25615692200017],[109.69374847500012,33.24737167300009],[109.69637298600014,33.24308776900017],[109.69946289100011,33.24110794200004],[109.71279907300004,33.23527526800012],[109.72737121600005,33.23314285300012],[109.74503326400021,33.23589706500013],[109.7578201300002,33.23760604800003],[109.7674331660001,33.236709595000036],[109.78169250400009,33.235477448000154],[109.79369354300013,33.23624420100009],[109.80811309900008,33.23822021400002],[109.82295990000006,33.24341583200004],[109.83540344300015,33.24739456100019],[109.84026336599999,33.24889373900004],[109.84706878700007,33.249755859000174],[109.85452270400015,33.2478790290001],[109.85893249600014,33.24684906099998],[109.86979675200007,33.241165162000186],[109.88083648700018,33.23823547400008],[109.89240264900008,33.236232758000085],[109.90618133500004,33.23291015700005],[109.91168975800008,33.23167419500015],[109.9186172480002,33.228866578000066],[109.92414093100012,33.22740173400001],[109.92923736500006,33.222255706000055],[109.94506835900006,33.2153167730001],[109.9542617800002,33.21026992900016],[109.96312713600008,33.206821442000034],[109.96862792899998,33.205810548000045],[109.97812652600015,33.20741653500016],[109.98890686100015,33.2120285040001],[109.99401855600001,33.21444320700016],[110.00115966800007,33.21347427400019],[110.00700378400006,33.21040725800009],[110.01097869800014,33.20615005600007],[110.01277923500004,33.2013778700001],[110.02587890600006,33.193675994000046],[110.03518676700003,33.192981719000045],[110.04712676900016,33.19555664000001],[110.05818176200012,33.200172424000186],[110.07227325500016,33.203708649000134],[110.07826995900014,33.20430755700011],[110.08724975700011,33.2054367070001],[110.09761810300017,33.20590973000009],[110.10910797100013,33.20548629800004],[110.11598205600001,33.20427322300014],[110.12531280500014,33.203342437],[110.13744354200009,33.208202362000065],[110.15131378200005,33.21035766600006],[110.159759522,33.211009979000096],[110.16925048900009,33.20480728100006],[110.17407226500006,33.199420927999995],[110.17442321700014,33.19713592600016],[110.18261718800017,33.188617707000105],[110.19313812200005,33.18427276600005],[110.1992568980001,33.180744171000015],[110.2043914790001,33.17398452900011],[110.2131423960002,33.16501998900003],[110.21813964800015,33.162609101000044],[110.2272033700001,33.16098022500006],[110.23457336500019,33.16114425700016],[110.24519348100011,33.16206741300016],[110.25003814700005,33.16446685799997],[110.25920105000012,33.16833114600013],[110.26706695600006,33.17033767800007],[110.27304077100007,33.17138671900011],[110.2803726190001,33.172920227000134],[110.29566955600006,33.17279434300002],[110.30634307900004,33.17233657899999],[110.31289672800006,33.17225265500019],[110.32302856500002,33.17155456500012],[110.33287048400018,33.17107772800006],[110.34262084900018,33.17403411900011],[110.35018920800013,33.176715852000086],[110.35424041800013,33.178173065000124],[110.36183166600011,33.180168151000146],[110.37248230000012,33.18016433800011],[110.37905120800008,33.179843903000176],[110.38787078900015,33.17728424100011],[110.39449310400016,33.17490005400009],[110.40277862500011,33.17186736999997],[110.41233825799998,33.17206573400006],[110.42048645000006,33.17360687300015],[110.43319702100001,33.17799377400013],[110.43644714300018,33.17897796600016],[110.44621276800007,33.18146514900019],[110.45568084700017,33.18463897800012],[110.46370697000015,33.19052886900016],[110.46739959800016,33.19518661500007],[110.47353363000019,33.20035171500018],[110.4770202640002,33.20270919800015],[110.47902679500004,33.2087097160001],[110.50131988500016,33.22267150800013],[110.51109314000013,33.2251586920001],[110.51809692400019,33.228504181000005],[110.52263641400009,33.23225784400017],[110.52426910300005,33.242370606000065],[110.52355194200015,33.248542785000154],[110.52857971200012,33.25459671100015],[110.53588104200009,33.257492065000065],[110.54109191900005,33.25690841700009],[110.55886840900007,33.2567977920001],[110.56627655100016,33.25533676100008],[110.57264709500004,33.25248336700008],[110.5766830440001,33.24546051100003],[110.57971191400009,33.23429489200015],[110.57990265000007,33.22742843600008],[110.58486175500013,33.216068268000015],[110.58886718700006,33.20904540900011],[110.5896072390002,33.20241546600016],[110.5898132320001,33.195087433000026],[110.59145355100021,33.18503952000009],[110.59084320000005,33.17723846400014],[110.58910369900008,33.17056274400005],[110.59063720800003,33.164176942000154],[110.5960464490001,33.15649414200005],[110.60299682700014,33.15181732200017],[110.61131286700005,33.147624969000105],[110.61872100900013,33.14593124400005],[110.62767028800016,33.14839172400008],[110.63249206600011,33.15192032000016],[110.64026641800018,33.15710830800009],[110.64594268700006,33.15950393800006],[110.65231323300014,33.156188965000126],[110.65775299000018,33.14690017700019],[110.6603927610002,33.139617921000024],[110.66441345200008,33.13213729800003],[110.66610717700013,33.12987518400013],[110.67003631600005,33.12582397500017],[110.6812896730001,33.113437652000016],[110.68966674799998,33.106262207999976],[110.69721984900008,33.099071503000005],[110.70571899300006,33.09762191800007],[110.71462249799998,33.10145187500018],[110.71504974300007,33.10626983600008],[110.71325683600014,33.11219406100008],[110.71253967300004,33.11882400600018],[110.71668243400006,33.12760162300003],[110.72247314500004,33.13572692900016],[110.73104858500011,33.142066956000065],[110.74015808200005,33.14887619000018],[110.74772644100018,33.15198898300008],[110.76051330600006,33.15427780300007],[110.76952362000003,33.154441833000135],[110.77744293200016,33.1541252130001],[110.785926819,33.153125764000094],[110.79640197700007,33.149417878000065],[110.80570983900014,33.14843749900001],[110.81271362400008,33.152683258000025],[110.81532287600015,33.15753555300017],[110.81517028900004,33.16349029500009],[110.81355285600006,33.17399978700013],[110.81182861300016,33.176948548000155],[110.80975341800013,33.183555603000116],[110.81231689500004,33.19024276800019],[110.81568908600008,33.19763183700002],[110.81987762500017,33.20503616400009],[110.82660675000017,33.20904540900011],[110.83825683600003,33.21337127700008],[110.8499679570001,33.21517562900016],[110.86004638700018,33.216033937000134],[110.87650299100005,33.214023590000124],[110.88394165000011,33.21139907900016],[110.8916778570001,33.20786666900011],[110.89772033700018,33.20636367900005],[110.90807342500005,33.20814132700008],[110.91825103700019,33.21655654900019],[110.92517852700013,33.22399902300015],[110.93636322100008,33.23655319300008],[110.94464874200003,33.24493789600007],[110.95102691599999,33.252597810000054],[110.9550628670001,33.255641938],[110.96074676600006,33.25802612400008],[110.96893310500019,33.25861740200003],[110.97357177700013,33.259147644000166],[110.97766113300008,33.25967407200005],[110.99006652800007,33.24314880500009],[110.99434661800012,33.23520279000013],[110.99948883100006,33.22520446900006],[111.00404358000009,33.21749115000017],[111.01033020000013,33.21689987200011],[111.01666259800004,33.21493911800002],[111.03652191200007,33.20677948000009],[111.04563140900001,33.202339173000155],[111.05072021500007,33.19440078800011],[111.05201721300011,33.185256957000036],[111.04109191800002,33.17294693000014],[111.03147888300003,33.162719726000034],[111.03430175800008,33.15864181500001],[111.03974151500012,33.15987014800015],[111.04907989500009,33.16963577299999],[111.05605316200018,33.17569732700008],[111.06738281300011,33.18228912300015],[111.07499694700005,33.183547974000135],[111.08291626000006,33.183670044999985],[111.08814239500003,33.182147979000035],[111.0925903320001,33.178550719999976],[111.09542083700006,33.174011230000076],[111.10077667299998,33.166076661000034],[111.10575103800011,33.16340255800004],[111.11151123100018,33.162345886000026],[111.11537933400007,33.160110474000135],[111.1207427980001,33.15194320600012],[111.12638855000006,33.14286804300019],[111.13498687800006,33.1361236570001],[111.14550781300005,33.12940597500011],[111.15350341800018,33.125633240000134],[111.15904998800012,33.12136077800011],[111.16549682600004,33.11320877100019],[111.16890716500006,33.106155395000144],[111.17256927400013,33.10094451900011],[111.17923736600011,33.095314025000164],[111.18509674100007,33.08852767900015],[111.1879882820001,33.08078002900004],[111.18704986500018,33.07343673700012],[111.17649841300005,33.06893539400011],[111.17241668700018,33.06818771400009],[111.16345214900008,33.06668090800008],[111.15644836400014,33.0624580380001],[111.15213775700005,33.059871674000135],[111.14486694400006,33.054958344000056],[111.14196014500016,33.050792694000165],[111.14237213200005,33.04415512000003],[111.1470565790001,33.04147720400016],[111.15521240300006,33.042968750000114],[111.16441345200013,33.04699707100008],[111.17144775400004,33.04916382000005],[111.17743683000015,33.04947662400019],[111.20365905800014,33.047794343000135],[111.2186813350001,33.04663467400002],[111.22662353500016,33.04491043100012],[111.23239898800011,33.04270172200006],[111.23464965800014,33.03907012900004],[111.23555755600012,33.03450393800017],[111.23267364600008,33.02850723200015],[111.23471832200016,33.02189254700005],[111.24134063700018,33.017864228000064],[111.25298309300014,33.008403778000115],[111.25804138200004,33.00022888199999],[111.26368713400001,32.98976898200016],[111.26631927500011,32.98087310700015],[111.26782226500013,32.97379303000008],[111.26197814900013,32.9656982410001],[111.25607299699999,32.96149444700012],[111.253097535,32.9603080760001],[111.24730682400008,32.95773696800018],[111.23975372300015,32.94614792000016],[111.23744201699998,32.93901824900007],[111.23702240000017,32.93259811500019],[111.24046325600011,32.92371368400006],[111.24414825400004,32.9162063600001],[111.24432373100007,32.90750503700019],[111.24170684900008,32.90220260600012],[111.24067688100013,32.89875411900016],[111.24022674500021,32.89393615800003],[111.24057006800007,32.890506745000096],[111.24418640000016,32.88620376600011],[111.24909973100017,32.88604354900008],[111.25903320300017,32.89374160700004],[111.2616729740002,32.89766693100012],[111.26378631600005,32.90044784600008],[111.26754760700015,32.903476715000124],[111.27050018300021,32.90534973100017],[111.27429962100013,32.90631866400014],[111.27677917500012,32.90475082500018],[111.28008270200019,32.90296173100012],[111.28343963700019,32.89796829200009],[111.28486633400018,32.894550325000125],[111.28471374399999,32.888820649000024],[111.28397369400005,32.88491821300005],[111.28517913800016,32.87829208300019],[111.28402710000007,32.867057801000044],[111.28463745099998,32.864086152000084],[111.28768158100019,32.86138153100006],[111.29344177300015,32.85894012400013],[111.29670715400005,32.858524322000164],[111.30275726200006,32.855628968000076],[111.31043243400008,32.85275650100016],[111.31487274200015,32.847774505000075],[111.32173156700014,32.84489059499998],[111.32530212400007,32.843105317000095],[111.33348846500002,32.84183883700007],[111.35257720900006,32.83888626100003],[111.36078643900004,32.836242675000165],[111.36821746700008,32.831985472999975],[111.37394714300007,32.83068847700014],[111.37899017400014,32.823192596000126],[111.38214874300007,32.813613892000035],[111.386642456,32.80611419800016],[111.39322662400014,32.78718948400018],[111.3958129880001,32.77943420500003],[111.39943695000011,32.774211883000135],[111.40361785900006,32.76876831100003],[111.40971374400004,32.76243591400004],[111.41793823200004,32.758415223000156],[111.42447662300003,32.757579804000045],[111.43151092600004,32.75926971500019],[111.4379730230001,32.76347732500011],[111.44706726000005,32.77114486700003],[111.45079040600007,32.776000977000024],[111.45401764000007,32.77833175600006],[111.45835876400008,32.778610229000094],[111.46304321299999,32.77569198500004],[111.46528625600007,32.770679475000065],[111.46537017700018,32.76610183800011],[111.4592208860002,32.760074616000054],[111.45382690400015,32.757030488000055],[111.45197296200003,32.75471496700004],[111.44937133800005,32.74827194300008],[111.44673156700003,32.74365997400008],[111.44325256300016,32.74063873300014],[111.4386672980001,32.73851776099997],[111.4343338010001,32.738235475000074],[111.41771697900016,32.73963165300012],[111.41446685700016,32.738674163000155],[111.41649627700019,32.731830597],[111.421966553,32.730068207000045],[111.43015289200014,32.728336334000176],[111.43782806400014,32.72430801500002],[111.44577789400012,32.72005462600009],[111.45599365300008,32.71079254200009],[111.46508789100005,32.70265960800003],[111.47254943899998,32.69541931100002],[111.47942352300015,32.69069290200002],[111.48625946100015,32.68733978300014],[111.49310302700007,32.684902191000106],[111.49938201900005,32.68245697100008],[111.50514984100016,32.678401946000065],[111.5070877070001,32.67613601700003],[111.51241302400007,32.66612243600014],[111.52071380600012,32.65637207100008],[111.51892852700013,32.64948272600003],[111.52066803100018,32.64263153000013],[111.52179718100018,32.63943863000014],[111.52439880300011,32.63053894100017],[111.53021240300012,32.62350463900003],[111.53900909499998,32.61627960300018],[111.5469894420001,32.6095008850001],[111.55332946900006,32.60338974100017],[111.56044006400015,32.59980773900009],[111.56672668400017,32.59644317600015],[111.57189941400009,32.59581375100004],[111.5772705080002,32.59885406600017],[111.57949066200007,32.59343338000019],[111.58009338300009,32.58954620500015],[111.57942962700008,32.580150605000085],[111.57682037400008,32.57371139500003],[111.57286071700008,32.56679534900013],[111.56781005800009,32.560100555000076],[111.56114196800013,32.55292510900006],[111.54965972900015,32.541801453000176],[111.54161071700014,32.53667450000006],[111.53112792899998,32.5310554510001],[111.51875305099998,32.52472686800007],[111.51525879000015,32.523086548000094],[111.51016235399999,32.51958847200018],[111.50964355400009,32.51659011900017],[111.50990295400004,32.51049804800016],[111.51360321000017,32.50650405900018],[111.51783752400019,32.503608703000054],[111.50405120900018,32.495700837000186],[111.5010910040001,32.49452209500015],[111.4984436040001,32.49151229900019],[111.49095916700016,32.484783173000096],[111.48207092200005,32.48147201600017],[111.47534179700011,32.4788703910001],[111.47219848700007,32.47219085800015],[111.47559356600004,32.46376037599998],[111.47785186700014,32.45851898300003],[111.47959136900016,32.45167160200004],[111.47585296600005,32.44865036000016],[111.47238159100016,32.44540405300006],[111.46733093200015,32.43961715700016],[111.46066284200015,32.43381118700012],[111.453948975,32.43029403700007],[111.44422912600005,32.42880249000018],[111.43531036400015,32.42754364100006],[111.42915344300013,32.42403411900011],[111.41792297400019,32.41542053300009],[111.41092681900017,32.412353517000156],[111.4019927970001,32.41247177200006],[111.399223328,32.41632843100007],[111.38932800400016,32.42421722500018],[111.38166046200007,32.429153442000086],[111.37622070200013,32.43022918700001],[111.37246704100016,32.427661897000064],[111.37171173100018,32.425132751000035],[111.37503051700014,32.4212837230001],[111.37213897600009,32.41621017500006],[111.36927032400007,32.41044616700009],[111.36446380600012,32.406951904000096],[111.35720062299998,32.403877259000126],[111.34889984200004,32.39873123100017],[111.33841705300017,32.39447021400009],[111.33032226600017,32.39321899500004],[111.32360076900012,32.390838624000025],[111.3196029670001,32.38780975400005],[111.31376648000008,32.380634308000026],[111.3108520510001,32.37784576500013],[111.30912017800006,32.36912155099998],[111.30415344300008,32.36012268200017],[111.29799652200018,32.35591888500005],[111.29046630900018,32.35329818700012],[111.27940368600014,32.35200119100012],[111.26969909600007,32.350036622000175],[111.26029968300014,32.34646988000014],[111.24906921400003,32.339672089000146],[111.23922729500009,32.33083343500016],[111.2296295160001,32.323829651000096],[111.22685241800019,32.31371307400019],[111.22733306800018,32.30318832400013],[111.22186279400017,32.292804718000184],[111.21568298400007,32.29065704400011],[111.21219635100016,32.289234162000184],[111.21115112200012,32.28738784799998],[111.211517334,32.2821235670001],[111.2132720940001,32.27596664400005],[111.21851348900003,32.27054595900012],[111.22502899200009,32.26903533900003],[111.22911071900006,32.267719269000054],[111.23380279600008,32.26297760000017],[111.23416137800007,32.25817489700012],[111.23619842600004,32.25087356500012],[111.24481964200015,32.238632202000076],[111.24949645900011,32.233890534000125],[111.25177002000004,32.228424073000156],[111.25161743100011,32.222469329000035],[111.24867248499999,32.20708847100019],[111.24295806800012,32.19533157500018],[111.23641967900016,32.18447494600008],[111.2316970820001,32.17708206200018],[111.22598266700004,32.16600799600013],[111.21855163600009,32.159263612000075],[111.21333313000014,32.15071868900014],[111.20374298000019,32.143711091000114],[111.19387817300009,32.13761520300005],[111.18427276500006,32.13198089600007],[111.17787170500014,32.12822342000004],[111.1642532350001,32.121383666999975],[111.15000152700009,32.118652344000054],[111.1392211920001,32.117805482000165],[111.1300735480001,32.11652755699998],[111.1198272700002,32.11591339100016],[111.11506652700018,32.11103439500005],[111.10925293000015,32.105907440000124],[111.10073852600016,32.09982681200012],[111.0836486820001,32.09154891900005],[111.07605743400012,32.080501557000105],[111.07401275600006,32.066654205000134],[111.07095337000004,32.05453872700008],[111.06993103000019,32.04415512100019],[111.0726470950001,32.03825759900019],[111.08183288500004,32.03748321600011],[111.08984375,32.04150009200015],[111.09942626899999,32.04714202800011],[111.10286712600004,32.04971313400006],[111.10665130600017,32.04954147300015],[111.1118469240002,32.04572677699997],[111.11837005700016,32.04376602200006],[111.12348175100016,32.04430007999997],[111.12619781400008,32.04342651400004],[111.13086700500014,32.03914642400008],[111.13098907599999,32.03342437800001],[111.12892913900004,32.02858352600009],[111.12123870900018,32.02274322500011],[111.11158752400019,32.02008056800014],[111.10030365000006,32.0180778510001],[111.09229278500004,32.01474762000015],[111.08619689900019,32.00984573300019],[111.08759308000015,31.99999999900018],[111.08840942300009,31.996658325000112],[111.09020233200005,31.99182319600016],[111.0901184080002,31.987241746000166],[111.0894927990002,31.982440949000026],[111.08674621500018,31.980180741000083],[111.08352661200013,31.98114013800017],[111.0784683220001,31.98418235800017],[111.07511139000019,31.99178886400017],[111.07077026400015,31.99999999900018],[111.05906677300004,32.005302430000086],[111.05496978800005,32.00775909500004],[111.0492477410001,32.010871886000075],[111.04270172100007,32.01420593299997],[111.0358963020002,32.01730346700015],[111.0285568230002,32.01970672500005],[111.01992034900002,32.02071380700005],[111.0126495360002,32.02014160100015],[111.00221252400013,32.01676559500004],[110.99530792300004,32.01207733300009],[110.99194336000005,32.00584030300007],[110.99111938400011,31.99999999900018],[110.99085998500004,31.99765777700003],[110.99128723200016,31.99192237800003],[110.99227905300006,31.986873627000197],[110.99542999300019,31.98224830700008],[110.99886322000009,31.97808265700002],[111.00173950200008,31.973461151000095],[111.00379943800016,31.968168258000105],[111.00287628200016,31.96153450000014],[110.99846649100004,31.956777574000004],[110.99166870200008,31.952966689999986],[110.98487853900002,31.949609756000086],[110.97969818100007,31.946004867000173],[110.97750091600005,31.94374084500004],[110.9769134510002,31.9405403130001],[110.97923278700011,31.935012817000143],[110.98159790000011,31.931776047000028],[110.98233795200008,31.92810058500004],[110.98148346000005,31.924903870000154],[110.9803237910001,31.92102241600014],[110.97944641200007,31.91759681800005],[110.9794006350001,31.91438865700007],[110.98174286000005,31.909547806000038],[110.98645782500017,31.902614593000013],[110.99098205500002,31.899576188000083],[110.99575805700016,31.895624161],[110.9992065430002,31.892833710000165],[111.00472259400016,31.88520240800006],[111.00673675600018,31.877614975000146],[111.00933837800017,31.8725414270001],[111.01170349100016,31.86930656500016],[111.01461029000006,31.866287231000058],[111.01775360200008,31.861665727000116],[111.02140808100006,31.85520553700013],[111.02263641400015,31.849229812000146],[111.02085876500007,31.840084076000156],[111.016983031,31.834177017000172],[111.01313781800008,31.829639434000175],[111.01036071800019,31.82486343500011],[111.00705719100011,31.82146453799999],[111.00406646800002,31.819210053000063],[111.00055694600007,31.818334579000123],[110.9970779410001,31.819524764999983],[110.99359130800019,31.82002639800004],[110.98931121900017,31.82168388400004],[110.98529815600006,31.82264900100006],[110.983436584,31.823818206000055],[110.98239135800003,31.825662613000187],[110.98542022700008,31.82975006100014],[110.9887619010002,31.835668564000002],[110.99210357800018,31.842273713000054],[110.99461364800004,31.846826554000074],[110.99716186500012,31.85389900300004],[110.99481964,31.858283996000186],[110.990043641,31.862007141000166],[110.98603057800005,31.863889694000193],[110.98336792100008,31.86529731700006],[110.9812164300002,31.86578178499997],[110.97931671100008,31.86488914500001],[110.97712707600004,31.862852097000086],[110.97329711900011,31.858776092000028],[110.9705734260001,31.857202530000052],[110.96917724600007,31.854928971000163],[110.96729278499998,31.854034424000133],[110.96486663899998,31.85383415300015],[110.961402894,31.855707168000155],[110.958778381,31.859638214000146],[110.95565033000008,31.865400315000045],[110.9527206420002,31.86750221300008],[110.95007324300008,31.869823457000106],[110.94822692900004,31.872138978000123],[110.9426498410001,31.876329422000083],[110.93726348800004,31.876394272000088],[110.93079376200014,31.875553131000064],[110.92859649700011,31.873287202000085],[110.92318725600012,31.87151908900006],[110.91829681400014,31.869054794000192],[110.91317749000007,31.86865615900013],[110.90941619800009,31.869615555000113],[110.90621948300014,31.871259689000112],[110.90280151300016,31.875652313000103],[110.90014648400012,31.87866210900006],[110.89643859800009,31.881452562000106],[110.89108276400015,31.88288879400011],[110.88786315800002,31.88338661200009],[110.88516998200015,31.883646012000046],[110.8799667360002,31.878435135000135],[110.87744903499998,31.87296485900015],[110.87413024900019,31.867731094000078],[110.87110900800008,31.864097596000192],[110.86299133300014,31.861211776000115],[110.85431671100002,31.85787010200005],[110.84757232700014,31.856571198000037],[110.8416290290001,31.8554916380001],[110.83409881600011,31.855804443000125],[110.8249969470001,31.85842704800012],[110.81748199500004,31.85988426100016],[110.81078338600008,31.86156273000006],[110.80489349300012,31.86346054100011],[110.79682922500007,31.864234925000066],[110.79279327300009,31.863819123000155],[110.7838821410001,31.862539291000136],[110.77358245800013,31.85783767800001],[110.76867675800014,31.854679107000095],[110.76566314700011,31.85012817400002],[110.76181030400011,31.84535980300012],[110.76199340800014,31.839170456000033],[110.76215362500017,31.832750320000173],[110.76155853200004,31.829317094000142],[110.75673675600007,31.830287934000182],[110.75010681100014,31.837230682000158],[110.74619293200006,31.844604493000134],[110.74014282100012,31.852918625000083],[110.7328414910001,31.851388930999978],[110.72634124700016,31.84870720000003],[110.720672606,31.847620011000064],[110.71420288100018,31.846309662000124],[110.70614624000018,31.847768783000102],[110.70346069200019,31.848022460000095],[110.69892120400011,31.850589753000122],[110.69574737600004,31.854515077000034],[110.68768310500008,31.854368210000192],[110.67990112300015,31.856279372000078],[110.67347717199999,31.859092712000123],[110.66573333700012,31.862604141000133],[110.65928650000006,31.863586427000087],[110.6549530040001,31.861795426000132],[110.65331268200015,31.859518051000066],[110.6513595580002,31.855642320000126],[110.64968872000014,31.85176467800011],[110.647521973,31.85063743500018],[110.64404296800018,31.851589203000064],[110.63867950400015,31.853246690000162],[110.6341171260001,31.854433060000076],[110.62953949100017,31.854019166000114],[110.62307739300019,31.853624345000014],[110.61419677700007,31.85416412300009],[110.60723114000007,31.85606575000014],[110.60159301800007,31.856115342000184],[110.59427642800006,31.85389328000019],[110.58914184500003,31.85188293400012],[110.58265686100009,31.850334168000188],[110.57675171000011,31.85084915300007],[110.57164764300012,31.85181045500008],[110.56681060900013,31.852315904000022],[110.56170654200014,31.852590562000046],[110.55715179400006,31.85423469600016],[110.55151367200001,31.855201722000064],[110.545326232,31.855257034000036],[110.53887176500001,31.85600090100019],[110.53083038300008,31.85836410500013],[110.52356720000017,31.858196259000124],[110.51872253300013,31.858470917000094],[110.51225280700004,31.857152938000073],[110.5090026850001,31.855806350000194],[110.50356292800006,31.850809098000067],[110.50132751500007,31.845100403000174],[110.50099182200012,31.840061187000117],[110.49960327200017,31.835948944000112],[110.49822998000002,31.834356308000167],[110.49360656800013,31.830959321000197],[110.48873138500005,31.8280200960001],[110.4803466800001,31.825340272000066],[110.47335815500014,31.824945449000154],[110.46578979500009,31.822254180000133],[110.4609069820001,31.818859101000157],[110.45657348600021,31.816375732000154],[110.44790649400005,31.812322617000067],[110.44223785400015,31.810306550000124],[110.43686675999999,31.811494828000036],[110.43314361500006,31.814275741000188],[110.42487335300001,31.819610596000075],[110.41763305600006,31.82196235700008],[110.41280365000011,31.822687148000114],[110.40714263900009,31.821586609000065],[110.40010833700018,31.81935119700006],[110.39279937700007,31.815282821000043],[110.3892669670002,31.812332153000174],[110.38519287100007,31.808925628000114],[110.38273620600012,31.805738449000106],[110.38024139400011,31.79934120200005],[110.37909698500006,31.794307708000133],[110.37822723400006,31.789041519000083],[110.37735748400007,31.782632828000143],[110.37088775600017,31.781536102000192],[110.36656951800006,31.780424118000155],[110.35767364400016,31.778427124000128],[110.35148620600017,31.77801704500007],[110.3471832270002,31.77736282400019],[110.34097290100011,31.77534484900014],[110.33474731500014,31.771955491000142],[110.32826995900012,31.770166397000082],[110.3193664560002,31.76679420400006],[110.30966949400005,31.765489578000143],[110.30213928200016,31.765312195000096],[110.29380798400003,31.76560211300011],[110.28788757400008,31.765186311000154],[110.28222656300005,31.76453781100014],[110.27847290000005,31.76479339500014],[110.2733383170002,31.762306214000148],[110.27115631200007,31.759801864000057],[110.26682281400014,31.755249023000037],[110.26248168800015,31.75252914500004],[110.25655365000011,31.750507356000185],[110.25035095200008,31.749399186000172],[110.24442291200006,31.74783706800008],[110.24009704700013,31.74557685900004],[110.23603820900001,31.743082048000076],[110.23169708300021,31.73898506100011],[110.22843170200014,31.73488044800007],[110.22863769500022,31.728919984000186],[110.22940826400009,31.725479126000035],[110.22853088500005,31.718608856000056],[110.22686767700016,31.71357917800009],[110.22411346500013,31.70626449500014],[110.22107696500007,31.6982612600001],[110.21698760900011,31.692560196000045],[110.21423339800003,31.685932160000167],[110.2119979850001,31.677007676000187],[110.21112823400017,31.67105484000001],[110.211341857,31.66532325700018],[110.21159362800012,31.662801743000102],[110.21558380100015,31.658649444000165],[110.22012329100005,31.656557083000163],[110.22518920800007,31.653314591000083],[110.22840118400006,31.652149202000032],[110.23026275600012,31.649614335000024],[110.22727966400004,31.648031234000026],[110.22190093900002,31.64669227600007],[110.21193695000011,31.64514923100006],[110.20334625200002,31.645206451000153],[110.1966323850001,31.64410400500009],[110.18830108700018,31.643468857000073],[110.18559265000017,31.641424179000186],[110.18502807600015,31.638446807000037],[110.18692779500005,31.635234834000133],[110.18884277300003,31.63402366700018],[110.19548034600007,31.63094711299999],[110.20184326200001,31.627183914000113],[110.20713043200016,31.624124526000116],[110.21135711700003,31.62108421400012],[110.21504974300018,31.618276597000033],[110.21690368700013,31.61687850900017],[110.22152709900001,31.610940933000048],[110.22416687000003,31.60542297500007],[110.22518920800007,31.60037422300013],[110.22408294600001,31.596715927000105],[110.2194671630001,31.59215736300007],[110.21404266299999,31.586467744000117],[110.20892334100006,31.58374786400014],[110.20274353100018,31.58287048300008],[110.19711303700007,31.58359527700003],[110.19283294700011,31.58545494100008],[110.18698120100004,31.590532302000152],[110.17524719300008,31.598630906000043],[110.16590118500007,31.60350036700015],[110.16137695300017,31.608341217000092],[110.15203094500015,31.613210677000097],[110.1434707640002,31.615783692000093],[110.13060760600007,31.618608475000148],[110.12525177000015,31.62001419100011],[110.12014770600007,31.619585038000025],[110.11636352600016,31.61616897600004],[110.11255645800009,31.611835480000078],[110.10740661600016,31.605449676000035],[110.10252380300017,31.599748611000052],[110.09873199500015,31.596330643000048],[110.09546661400003,31.591077805000054],[110.09220886200018,31.58697128300014],[110.08812713600014,31.580806731000052],[110.08408355600005,31.577388764000148],[110.07868194600002,31.573980331000143],[110.07058715900007,31.56990051300005],[110.06522369499999,31.56878280800004],[110.05982971200001,31.565832139000065],[110.06057739200008,31.55895042500015],[110.06479644699999,31.551593780000132],[110.06073760999999,31.54680252000003],[110.05481720000006,31.545003891000132],[110.04351043700007,31.53956031800016],[110.03811645500014,31.535461426000097],[110.03218841500012,31.532970429000162],[110.02815246500012,31.530700683000077],[110.02304077100013,31.528663635000157],[110.01714324900013,31.528924942000177],[110.00641632100007,31.530122756000143],[109.99971771300007,31.530843735000023],[109.99595642100007,31.53063392700011],[109.9892272940001,31.526536941000188],[109.98410034100016,31.522207260000183],[109.98085784900007,31.51924324100014],[109.97810363800005,31.515855790000103],[109.9747467050002,31.517974854000105],[109.97261810300012,31.51890182500017],[109.97046661400015,31.51891326900005],[109.96698760900017,31.519157410000048],[109.9645690910001,31.51871109100017],[109.96080780000018,31.517810822000005],[109.95865631100008,31.51736259600006],[109.95571136500013,31.51737785400007],[109.9535675050002,31.517387390000177],[109.95115661700004,31.51808548000003],[109.94848632700008,31.518556594000074],[109.94554138200004,31.519258500000095],[109.9425964360001,31.520189286000175],[109.94072723400012,31.521114349000072],[109.9369812010001,31.522277831000054],[109.93403625500014,31.523437500000167],[109.93109893700012,31.524139404000152],[109.92814636200012,31.523920060000137],[109.92466735800004,31.52462577900019],[109.92118835500003,31.525327682000068],[109.91663360700011,31.525575638000134],[109.91368103100007,31.52558898900008],[109.90857696500018,31.52538490400019],[109.90644073400011,31.525619508000034],[109.9029464730001,31.525636673000122],[109.89952850300006,31.52809906100015],[109.89733886800019,31.52795219400014],[109.89333343500016,31.529802323000187],[109.89038085900012,31.529815674000133]]]},"properties":{"GID_2":"CHN.13.9_1","GID_0":"CHN","COUNTRY":"China","GID_1":"CHN.13_1","NAME_1":"Hubei","NL_NAME_1":"湖北","NAME_2":"Shiyan","VARNAME_2":"Shíyàn","NL_NAME_2":"十堰市","TYPE_2":"Dìjíshì","ENGTYPE_2":"Prefecture City","CC_2":"NA","HASC_2":"NA","id":"420300","name":"十堰市","NAME":"十堰市","adcode":"420300","SOURCE":"GADM v4.1","GADM_GID":"CHN.13.9_1"}},{"type":"Feature","geometry":{"bbox":[112.72358703600003,31.342121124000016,114.12282562300015,32.42992782600004],"type":"Polygon","coordinates":[[[113.73928833100001,32.08781814700012],[113.74160766500006,32.08304596100015],[113.74874114900001,32.07250976700004],[113.7572402950002,32.062210084000014],[113.7663650500001,32.05384445200008],[113.77281189000007,32.05219650300006],[113.78192138700001,32.04572296200013],[113.78295135500014,32.04159545900012],[113.78208160400004,32.03519058300009],[113.77759551900022,32.02982330400016],[113.773719787,32.02478027300009],[113.76882171500006,32.02000427200005],[113.7639007570001,32.012710572000174],[113.76064300500002,32.0095291130001],[113.75901031500008,32.007938386000035],[113.75708770800009,32.00428772000015],[113.75071716200023,31.99999999900018],[113.74989318800021,31.99633789000012],[113.75286102200016,31.99073982300013],[113.75643158000014,31.986265183000114],[113.75981140100009,31.98363113500011],[113.76458740200009,31.981870651999998],[113.77233886700014,31.980468749000128],[113.78066253700013,31.979736327000065],[113.78871154700016,31.978782655000035],[113.79666900500001,31.97599792500006],[113.80252075200008,31.974197388000167],[113.80637359700006,31.970170974000094],[113.80587768600003,31.965370179000164],[113.80593872000009,31.96078681900019],[113.80326843200011,31.95559883100009],[113.80033874500009,31.950649262000127],[113.79955291800002,31.94540596100018],[113.80011749200003,31.940111160000185],[113.80177307200006,31.935010911000177],[113.80536651500006,31.931453705000028],[113.81036376900022,31.928766251000066],[113.81582641500006,31.924457550000167],[113.82129669200003,31.92037773100003],[113.82518768400007,31.917266845000032],[113.8278884880001,31.91167068500005],[113.82908630400004,31.908649444000105],[113.8289108280003,31.904758454000046],[113.8270721450001,31.9000034340001],[113.8254699700002,31.894552231000148],[113.82633972100007,31.890167237000068],[113.82552337700008,31.88400459400009],[113.82599639900015,31.87733650200011],[113.82731628400018,31.870874406000098],[113.82996368500005,31.864133835000075],[113.83293151900035,31.858530045000013],[113.8367309570001,31.853359223000098],[113.8416366570001,31.849065781000153],[113.85147094800016,31.846212388000026],[113.85736083900031,31.845327377000103],[113.86546325600023,31.845972062000047],[113.8758163460001,31.848604202000047],[113.88292694200015,31.850887299000078],[113.8868484510001,31.853965759000065],[113.89105987600033,31.85749244700014],[113.89459991400031,31.864023210000088],[113.89584350500013,31.867420196999998],[113.89845275900018,31.87122917300007],[113.90107727000031,31.875728608000085],[113.90415954700018,31.877914429000043],[113.90915679900013,31.881185532000078],[113.9134674080002,31.881038665000062],[113.91993713400007,31.881277083999976],[113.92446136600017,31.879978179999966],[113.9277572630001,31.875736236000197],[113.9315567010001,31.87078857500018],[113.93917846800002,31.866861343000153],[113.94589996300022,31.86089706400003],[113.94854736400009,31.854385376000042],[113.94880676200013,31.8486442570001],[113.94611358600002,31.84300232000004],[113.9431533820001,31.837369919000025],[113.940429687,31.8312702180001],[113.94007110500002,31.82371521100015],[113.94164276100003,31.817241668000182],[113.94328308000013,31.812139510999998],[113.94217681900034,31.806215286000054],[113.94172668500005,31.802331924000047],[113.943977356,31.79881286700015],[113.94809722900015,31.794776917000153],[113.9513702390002,31.790077210000046],[113.95644378700001,31.783710479000035],[113.95916748000013,31.77880096399997],[113.96204376200001,31.771360398000013],[113.9667434700001,31.76294136100006],[113.97142791700014,31.759571076000153],[113.97586822500034,31.756893158000086],[113.98043823200021,31.756736755000023],[113.98568725500013,31.759765625000174],[113.99092865000011,31.76233673000019],[113.99556732300027,31.76355171199998],[114.00000000000011,31.763793946000135],[114.0043411260001,31.765874863000136],[114.00933837800005,31.76834106400014],[114.01113891500006,31.770011902000196],[114.01486206000004,31.77083015500011],[114.01808929300036,31.77094268800011],[114.02159118700001,31.77083778400015],[114.02590942400002,31.770532609000043],[114.03235626200001,31.77075767499997],[114.03743744000008,31.771394730000058],[114.04461669900002,31.773021697999983],[114.05184173500004,31.779464723000103],[114.05439758200009,31.78230667100007],[114.05671691800012,31.78445053100018],[114.05964660600023,31.785011292000092],[114.06260681200001,31.785114288000106],[114.0679397590003,31.7859878540001],[114.07142639200003,31.78633880700011],[114.07408905000011,31.786888123000036],[114.08360290600001,31.790428161000023],[114.09131622200016,31.79803276000013],[114.09336853100001,31.80016708300008],[114.0964965820001,31.802339554000184],[114.09990692200007,31.804061890000185],[114.10356140100009,31.80648040800014],[114.10647583000014,31.80750083900006],[114.11097717300004,31.809032441000173],[114.11441803000002,31.810293197000192],[114.11060333300031,31.801391602000084],[114.10694122400014,31.795162201000036],[114.10512542700008,31.790788651000188],[114.1033020010002,31.787099838000074],[114.10307312000032,31.7845783250001],[114.10338592500023,31.78183555600009],[114.10637664800015,31.779806136000044],[114.11067962700008,31.7793979650001],[114.11283111500006,31.779420853000033],[114.11421966500008,31.77646064700008],[114.11294555600023,31.77209091200007],[114.11032104500009,31.767709732000124],[114.10634613100002,31.764453889000148],[114.10315704400034,31.761896134000153],[114.0991897580002,31.758182525000112],[114.0960083020002,31.755397797000118],[114.09418487600011,31.75170898500005],[114.09476470900006,31.748739242999985],[114.09832763600025,31.74442482100011],[114.10240173400007,31.741495133000175],[114.10511779900014,31.739692689000037],[114.10785675000022,31.73605728100017],[114.10762786900011,31.733764649000193],[114.10311126700003,31.730503083000144],[114.09941101100014,31.72679519700017],[114.09703827000033,31.723789216000057],[114.0946731570001,31.720552445000184],[114.093109131,31.717559814000083],[114.09156036400009,31.713415145000113],[114.09107971100002,31.709743500000176],[114.09141540400014,31.70562362700008],[114.0944442760001,31.70061874300001],[114.09883880700022,31.69425392200003],[114.1032028190001,31.689950943000042],[114.10839080700009,31.684738159000066],[114.11217498700012,31.682949067000155],[114.11567688100001,31.682306290000156],[114.119194031,31.68028259300013],[114.12191772400024,31.67779350300009],[114.12282562300015,31.671157837000123],[114.12236022900005,31.66634178200019],[114.12056732300016,31.661052704000042],[114.11822509800004,31.65621185200007],[114.11640167300015,31.652294159000068],[114.1132507320001,31.648134231000085],[114.1116867070001,31.64513778800006],[114.10933685400005,31.64052772500008],[114.10806274400034,31.63661956900006],[114.10623931900022,31.63293075600006],[114.10440826300021,31.629930495999986],[114.10366058300019,31.626024247000032],[114.10317230300006,31.622812272000093],[114.1029739380001,31.61845588800003],[114.10330963200022,31.614105224000127],[114.10365295500003,31.609527587000002],[114.10452270600003,31.605182648000156],[114.10405731200001,31.60059547400005],[114.10301208500016,31.598751069000116],[114.09962463400007,31.592294692000106],[114.09305572600033,31.58374023400006],[114.08996582100019,31.57568168600011],[114.08606719900001,31.567615508000074],[114.08478546100002,31.563705445000153],[114.08272552500011,31.558410644000162],[114.08199310300006,31.554046632000052],[114.08203125000011,31.55152893200011],[114.08319091900012,31.545812607000073],[114.08563995400016,31.54377937400017],[114.08888244600018,31.542211533000057],[114.09156799400012,31.541786194999982],[114.09504699700017,31.54228591900016],[114.09934234600018,31.541875839000166],[114.10257721000016,31.540311814000123],[114.10422515900018,31.537809372000027],[114.10321044900002,31.53412818900017],[114.10113525500014,31.52998352000003],[114.09686279200002,31.528787614000183],[114.09368133500016,31.526687623000043],[114.09132385200007,31.523220063000053],[114.08977508500004,31.519079209000097],[114.08739471400021,31.517444610000098],[114.08393859900013,31.515342713000166],[114.08100891100003,31.514392853999993],[114.07727050900019,31.513202668000133],[114.07489013700001,31.51133918800014],[114.07387542700008,31.507661819000077],[114.0744476320001,31.50537681600008],[114.07584381200013,31.501955034000105],[114.07479858300007,31.500339508000025],[114.07163238500016,31.497322082000153],[114.06790924000018,31.49521446300008],[114.0641937260001,31.492879868000106],[114.06073760900017,31.491464615000158],[114.05781555200008,31.489593507000052],[114.05598449700005,31.48705101000013],[114.0554809580002,31.485212327000117],[114.05447387800018,31.481075288000056],[114.05590057300003,31.475593566000157],[114.05915832500011,31.4728832240001],[114.06296539300013,31.469490051999973],[114.0646057130001,31.46698951800005],[114.06544494700029,31.46493530400005],[114.0647048950002,31.460800170000084],[114.06369781500018,31.45712280300018],[114.06348419300004,31.45345115600003],[114.06140899600007,31.449304581000032],[114.05906677300015,31.44514846900006],[114.0575103760001,31.44169426000019],[114.05567932200006,31.439380646000078],[114.05197143600003,31.43658828800011],[114.04906463700001,31.434028626000103],[114.04451751700003,31.433975221000026],[114.0399093630001,31.437356949000044],[114.03585052500034,31.440055848000156],[114.03289031900022,31.440710069000033],[114.02913665800008,31.44089317300006],[114.02539825300005,31.440387726000097],[114.02220153800033,31.439203263000024],[114.01953887900004,31.438253404000076],[114.01719665600012,31.434099197000137],[114.01297760100022,31.43014907900016],[114.00928497300004,31.426666261000147],[114.00637817400013,31.424568177000083],[114.00000000000011,31.42134284900004],[113.99337005700022,31.420677184999988],[113.98834991500019,31.42241668700007],[113.98312378000004,31.425537110000054],[113.97754669100016,31.42705917400002],[113.9713134760002,31.424468995000037],[113.96740722600009,31.420209886000183],[113.96587371900011,31.414743424000108],[113.96601104800004,31.411064147000104],[113.96560668900008,31.40740776100006],[113.96362304600018,31.40401649500012],[113.95865631100003,31.400243759999967],[113.95372772200017,31.396930695000037],[113.94374084400023,31.394205094000025],[113.93485260000034,31.392370224000107],[113.92519378700013,31.391241073000003],[113.91771698000002,31.39166259800015],[113.92025756900023,31.395500182999967],[113.92276000900017,31.398189544000044],[113.92793273900008,31.400810242000144],[113.93607330300017,31.404043198000128],[113.93904876700003,31.4048824300001],[113.94560241700015,31.40884590100006],[113.9465103140002,31.411802292000115],[113.94658660800008,31.4138660430001],[113.94259643600003,31.414657593000015],[113.9327926640001,31.416748046000066],[113.92693328900009,31.41758728000008],[113.92357635500002,31.418882371],[113.92170715400016,31.42093467700016],[113.91889953500015,31.424676895000175],[113.916427612,31.430479050000034],[113.91545867900005,31.433256150000147],[113.91316223100024,31.436300277000047],[113.91052246000004,31.437284471000112],[113.90553283700014,31.43970680200005],[113.90226745600023,31.438415527000075],[113.89820098800021,31.436910629000067],[113.8957366950001,31.43513870300018],[113.89456176700025,31.432186127000136],[113.89280700700021,31.428098678000083],[113.89108276400009,31.424472808000072],[113.88876342800006,31.419483184000057],[113.88729095400004,31.415849686000172],[113.88385009800015,31.416854859000125],[113.88114166300011,31.415775300000067],[113.8766632080002,31.417497636000117],[113.87346649100027,31.418264390000104],[113.87069702200006,31.42292213500014],[113.86926269500009,31.427780151000096],[113.86831665000011,31.431247711000143],[113.86856842000009,31.43835449300019],[113.86572265600024,31.441179276000014],[113.86266327000021,31.44515991200006],[113.86115264900002,31.44817733900004],[113.85729980400015,31.452634811999985],[113.85095977700007,31.45486068700006],[113.8463363650003,31.452913285000022],[113.84224700900018,31.45071983300011],[113.83756256100004,31.446708680000143],[113.83506774900002,31.444244385000047],[113.83020019600008,31.44276046800013],[113.8274765010002,31.441453934000037],[113.82314300600001,31.43972587500014],[113.81672668500018,31.439884185000096],[113.811187743,31.442085266000053],[113.80750274800005,31.44355583200019],[113.8015213020002,31.440950395000186],[113.796951293,31.440376281000113],[113.79213714500008,31.44026756300019],[113.78819274800016,31.44219970600011],[113.78370666500007,31.444147110000078],[113.78269958500027,31.446006775000058],[113.7790832510002,31.449768066000104],[113.77465057300003,31.453090669000176],[113.76885986400009,31.455753326000096],[113.76431274400011,31.455865859000088],[113.75904846200012,31.45829010000006],[113.75610351700004,31.45813369800004],[113.74973297100007,31.45943641600019],[113.74310302800006,31.46143531800004],[113.73838806200001,31.464300157000025],[113.73415374800005,31.465551376000064],[113.72989654600019,31.466573716000084],[113.72511291500007,31.467378616000076],[113.72244262700008,31.467441559000065],[113.71643066500008,31.46368789800005],[113.71233367800005,31.461263657000128],[113.70794677800006,31.458156585999976],[113.70382690500014,31.45527267400013],[113.69667816200024,31.449247361000122],[113.693412781,31.447261811000146],[113.69084930400004,31.442964554000127],[113.68801116900033,31.43798446599999],[113.68572998100024,31.433679581999964],[113.68427276600005,31.430273057000136],[113.68176269600019,31.427118302000114],[113.67929077200006,31.42511367800017],[113.67521667400001,31.423374176000152],[113.67121124400002,31.423469544000056],[113.6674270640001,31.422185898000066],[113.66522216800013,31.420400620000127],[113.66351318300019,31.417001725000034],[113.6617965700002,31.414056778000145],[113.6598663320002,31.412267686000117],[113.65846252400002,31.410007478000125],[113.65466308600003,31.40826225300009],[113.65109252900015,31.405363083000164],[113.6475067130001,31.40246582200018],[113.64412689200014,31.397268296000163],[113.6387176510001,31.395101547000024],[113.62959289600019,31.39393806500004],[113.62666320900018,31.39423751900017],[113.62377929600018,31.39613914500012],[113.6196212760001,31.39967727600003],[113.61650085500003,31.402507781000164],[113.61495971800002,31.403604508000058],[113.61401367100018,31.404762269000006],[113.61125946000004,31.408090593000054],[113.60843658500005,31.41027259800006],[113.60674285800032,31.413324356000146],[113.60550689700005,31.415210724000076],[113.60401916500007,31.41733741800016],[113.60146331800013,31.419509888000164],[113.59810638300007,31.421710969000117],[113.59426117000021,31.424850463000155],[113.59088897700009,31.426826478000123],[113.58982086200012,31.426868438000042],[113.5879135130001,31.42626190200013],[113.58412170500014,31.425729752000162],[113.58006286500017,31.424978257000078],[113.57537078800021,31.422651290000033],[113.56857299900003,31.41628074700003],[113.56350707900015,31.41235733000008],[113.55869293100022,31.407739639000166],[113.55507659900013,31.405654906000056],[113.54884338400018,31.40424537700005],[113.54210662900005,31.40383338900006],[113.53740692100007,31.402677536999985],[113.5338134760002,31.399675369000136],[113.53021240200019,31.397209168000074],[113.52481842100019,31.39674377400013],[113.52036285500014,31.39853286800019],[113.51381683300008,31.401321411000087],[113.5086288450002,31.404283524000107],[113.50353240900006,31.408851624000082],[113.49761199900013,31.413219453000067],[113.49529266300023,31.414920808000034],[113.49217987000031,31.416652679000098],[113.47853088500017,31.426609040000073],[113.47830200200008,31.427305221000044],[113.47544098000003,31.428800583000168],[113.4729080190001,31.431423188000164],[113.46958160300005,31.43431091399998],[113.46589660600011,31.435659410000024],[113.4590606700001,31.432960511000086],[113.4479522700002,31.43031883200007],[113.43765258700023,31.42765426700015],[113.42794036900013,31.42634773300006],[113.4212036140002,31.425403593999988],[113.41388702300027,31.423791886000057],[113.40849304300002,31.42281150800011],[113.40310669000007,31.422285080000112],[113.39739227300004,31.420396805000113],[113.3937988270003,31.41775131300005],[113.39045715300006,31.415098191000087],[113.38633728000013,31.412471771000188],[113.3812408460002,31.412397385000073],[113.37377929600007,31.41354179300009],[113.37169647100029,31.414978028000178],[113.36521911500029,31.420219421000123],[113.36077117900015,31.422874451000098],[113.35714721700015,31.426195144000133],[113.3518905630001,31.428417205000073],[113.34648132200005,31.427434922000035],[113.34134674100007,31.426668167999992],[113.33426666200002,31.42390060399998],[113.32991027800017,31.42219352600017],[113.32710266100025,31.41906547500008],[113.32688140900007,31.41379928599997],[113.3284301760001,31.40595626800013],[113.32998657200005,31.39834022600007],[113.33191681000005,31.39323806700003],[113.33376312300015,31.38607215900009],[113.33429718100012,31.37963676500016],[113.33609008800022,31.371093749000124],[113.33442688000014,31.363344193000046],[113.32996368300019,31.35889244000003],[113.32440948500005,31.354469300000115],[113.31537628200022,31.34992218000013],[113.31156158400006,31.348201752000076],[113.30960845900017,31.346426011000176],[113.30148315400015,31.344142914000148],[113.29505157500012,31.342729568000095],[113.29228973300019,31.342121124000016],[113.28276062100008,31.34492683500008],[113.27495575000012,31.34803962700011],[113.27406311100003,31.348396301000097],[113.26439666800002,31.35441017200003],[113.25734710800009,31.358974456000052],[113.2485809320001,31.360607148000156],[113.24375915600012,31.3607482920001],[113.2374801640002,31.357721330000118],[113.23449707000009,31.35688972600002],[113.22991943300019,31.36298751900017],[113.22614288300032,31.368833543000164],[113.22055053600025,31.376333237000043],[113.21690368700001,31.37895965500013],[113.21156311000004,31.385997773000156],[113.20773315500014,31.390693665000185],[113.2007827750001,31.39754295400019],[113.1944580080002,31.400480271000106],[113.1873168940001,31.40297889800019],[113.18209075900018,31.406110763000015],[113.1725921640002,31.40982246400011],[113.16757202100007,31.41180038400017],[113.16047668400017,31.415443420000148],[113.15363311800002,31.41816139200012],[113.15046691900011,31.419858932000064],[113.1500778190001,31.42330741900002],[113.15101623500016,31.426723481000067],[113.15258026100003,31.432411195000103],[113.1489715570001,31.435953141000084],[113.14079284600007,31.43939781200009],[113.13054656900022,31.437854767000033],[113.1237335200001,31.435064317000066],[113.11715698100011,31.431579591000062],[113.11210632200005,31.432638168000153],[113.10735321000027,31.434377670000174],[113.10270690900018,31.438867570000067],[113.09676361100014,31.444538116000103],[113.09068298300008,31.446542740000098],[113.08589935400018,31.447824477000157],[113.07922363300008,31.448698043000153],[113.07412719700017,31.448610306000095],[113.06683349600019,31.446979523000042],[113.06194305400004,31.445512772000146],[113.05806732200017,31.442407608000053],[113.05505371100014,31.44065666200015],[113.04933166500007,31.43852233900003],[113.04357147300004,31.441892624000108],[113.03990936400021,31.44428825400007],[113.035209656,31.44762611300007],[113.03130340600012,31.45048713700004],[113.02597808900009,31.451551437000152],[113.02033996700004,31.451475143000035],[113.01596832200016,31.449304581000032],[113.01316070600001,31.44594383200007],[113.01038360500002,31.443496704000097],[113.00330352800006,31.440479277999998],[112.99868011500007,31.438999176000156],[112.99189758400018,31.436891555000102],[112.98947906600006,31.43672752500004],[112.98648071300022,31.435432434000063],[112.98224639900002,31.436925889000065],[112.97643280000013,31.438917160000077],[112.97000885100033,31.446430207000105],[112.96257019000006,31.455345154999975],[112.95723724300001,31.46305656400006],[112.95369720400015,31.468887329000154],[112.95007324200014,31.471963883000114],[112.94615173300008,31.474824905000048],[112.93865203900009,31.475252152000163],[112.93167877200017,31.475210190000045],[112.92598724300001,31.47375869800004],[112.91922759900014,31.472105027000115],[112.91143035900018,31.47162628200016],[112.90583038400018,31.472463607000066],[112.90103912400004,31.473506928000177],[112.89772033600002,31.47795295700007],[112.89659118600002,31.48371505700004],[112.89646911700004,31.487617492000084],[112.89639282200017,31.49266433800005],[112.89687347400003,31.498382569000057],[112.89813995300005,31.503622055000108],[112.89859771700026,31.508657455000044],[112.89753723200022,31.516252519000147],[112.89630890000001,31.519264222000004],[112.89266967700007,31.529451370000004],[112.8883590700002,31.536214829000187],[112.88509368900009,31.54203224200001],[112.8815536510001,31.548091888000105],[112.87718963600003,31.553480148000062],[112.87281799400023,31.558639527000025],[112.86596679800016,31.562259675000064],[112.86170196600006,31.562829971000156],[112.8520736700001,31.563768388000085],[112.84564971900022,31.564397812000156],[112.8422012320001,31.565406800000122],[112.839897156,31.568674088000083],[112.83740234400022,31.57355690100007],[112.83412170400015,31.579372406000118],[112.83242034900002,31.58423042400011],[112.82678985500002,31.59171486000014],[112.82050323500005,31.596004486000144],[112.81227874700005,31.598743438999975],[112.80718231100026,31.598875046000163],[112.7994384760002,31.600219726000034],[112.79087066700015,31.60089874300019],[112.78495025700022,31.60059547400005],[112.77670288000003,31.60241127100005],[112.77232360800008,31.60756683300013],[112.76844024600008,31.611793518000184],[112.7658004770001,31.613004685000135],[112.762130737,31.615621567000122],[112.75839996300022,31.616407394000188],[112.75247192500001,31.615869522000082],[112.74973297100007,31.614332200000096],[112.74642181400009,31.611896515000065],[112.74379730300006,31.61356735200008],[112.74008178700001,31.61480712900004],[112.73641204700027,31.61742591900003],[112.73191070600024,31.61914253300012],[112.72825622500011,31.622215271000133],[112.72575378500005,31.627092361999985],[112.72483825700012,31.63170242400008],[112.72398376500007,31.637683869000174],[112.7259674080002,31.640844345000176],[112.72717285200008,31.64448356700001],[112.72815704300012,31.649501799999996],[112.72769927900003,31.651802063000165],[112.72709655800021,31.657550812000007],[112.72598266600005,31.663772584000018],[112.7242431640002,31.66794204700017],[112.72358703600003,31.672315597000193],[112.7242889390003,31.676652908000108],[112.72470855700021,31.680999756000062],[112.724662781,31.686960220000117],[112.72487640400016,31.69337463400007],[112.72585296700004,31.69793701200012],[112.72767639100027,31.703851700000087],[112.7317962640002,31.706497193000075],[112.73703002900004,31.709802628000087],[112.74006652800006,31.71202087500001],[112.74256134000007,31.714250564000057],[112.74459076000028,31.718324662000157],[112.74578857400013,31.721733093000182],[112.74598693800033,31.727230072000168],[112.7445220950002,31.731393815000164],[112.74334716700014,31.736009599000116],[112.74165344300002,31.74132537800006],[112.74128723100024,31.746377945000063],[112.74326324600008,31.74884986800004],[112.74546813900031,31.750171662000128],[112.75006103500004,31.750743867000157],[112.75433349700006,31.74971771400004],[112.76419830400006,31.747631073000147],[112.76786804100004,31.745014191000166],[112.77578735300006,31.740915299000164],[112.77951812700019,31.73990440400007],[112.78446197600022,31.74275779800007],[112.78627777100007,31.748441696000153],[112.78936767600021,31.75202941900011],[112.7935028080002,31.75444984500018],[112.79863739000018,31.75546264800005],[112.80346679700017,31.75533485400013],[112.80857849100016,31.755203248000097],[112.81237793000003,31.75602340700016],[112.81832122800007,31.75678634700006],[112.82298278900022,31.758958817000064],[112.82525634800027,31.762567520999998],[112.82808685300006,31.76639175500009],[112.83247375400003,31.775907516000018],[112.83677673300019,31.783132554000076],[112.84053039600019,31.79014015300004],[112.84512329100016,31.79781532300018],[112.8485565200001,31.803459167000145],[112.8521728520002,31.80657577599999],[112.85600280800021,31.80807685800005],[112.8625030510002,31.809509278000064],[112.86995697000009,31.807483673000092],[112.87390899800006,31.805086136000057],[112.8775634770002,31.80178260800011],[112.87989807100007,31.799655914000144],[112.88530731200014,31.800657273000127],[112.88863372800017,31.802864074000016],[112.89256286700027,31.80711746300017],[112.89571380700022,31.812307359000044],[112.89752960200008,31.817760467000028],[112.90115356400008,31.8211040490001],[112.90666198700012,31.824625016000027],[112.9105911260001,31.82887649600008],[112.91394042900004,31.831996917000087],[112.91567230200019,31.835161210000134],[112.91934204200004,31.839649200000057],[112.92623901500008,31.84405136200013],[112.92945861800013,31.84373474200004],[112.93321227900026,31.84340667700019],[112.93589782700008,31.843101502000025],[112.93881988500004,31.842109681000125],[112.94143676700003,31.84043312200009],[112.94477844100015,31.835987091000163],[112.9468765270002,31.834556579000093],[112.94927215700022,31.83380508400001],[112.9527130130001,31.83233642500011],[112.95484924300013,31.831817628000064],[112.95780181900022,31.83151245200003],[112.9608306880001,31.833265304000122],[112.96415710400015,31.83615684400007],[112.9683609010001,31.840169907000075],[112.97062683000001,31.84331703200013],[112.97267913800022,31.847616196000047],[112.97200012200017,31.850845337000123],[112.97026825000023,31.855018615999995],[112.96800231900022,31.85897827100018],[112.96463012700008,31.862506867000093],[112.96212005600012,31.867160797000054],[112.96069335900017,31.872243880000095],[112.95847320500013,31.877346039000084],[112.95597839300012,31.88268470700018],[112.9553527840002,31.88728714000007],[112.95496368400006,31.891424179000126],[112.95641326900022,31.894136429000017],[112.9586792,31.89705658000014],[112.9606475820002,31.89929771500005],[112.96365356500007,31.90013122700009],[112.96662140000012,31.900512695000035],[112.97176361100003,31.901058198000158],[112.97416687100008,31.900537491000136],[112.97798156700026,31.90180587800017],[112.98209381200024,31.903301238000097],[112.98378753700001,31.90554809600019],[112.98548889100005,31.90779685900003],[112.9877624510001,31.91094207800012],[112.98980712900017,31.915243150000148],[112.99154663000026,31.918403625999986],[112.9916915890001,31.922069550000113],[112.99214935300029,31.92687034700003],[112.99284362800006,31.930976868000073],[112.99358367800005,31.936231614000178],[112.99404907200017,31.941259384000148],[112.99414062400012,31.94355392400013],[112.99665832500011,31.946004867000173],[112.99929046600005,31.94432830800008],[113.00138092100008,31.942665100000113],[113.00251769900001,31.944240571000194],[113.00318145800009,31.947431564000173],[113.00328064000018,31.949953079000128],[113.00562286500009,31.954702377000164],[113.00759124700005,31.95694160400006],[113.01051330600001,31.955715179000155],[113.01452636700014,31.95537567100013],[113.01689910800008,31.95370674200012],[113.02204132100019,31.954254151000043],[113.02503967200005,31.955089570000155],[113.0280838020002,31.957067490000043],[113.02902984700006,31.960710526000184],[113.02760315,31.96556282100011],[113.02558136000005,31.9690589920001],[113.02082061700003,31.971479416000196],[113.01445770400005,31.974176407000133],[113.01074981700026,31.975883484000065],[113.00459289600008,31.976966858000026],[112.99788665700021,31.97783660800019],[112.99114227400004,31.97779083300003],[112.98583984300012,31.97999954200009],[112.98592376700014,31.9820594790001],[112.98589325000023,31.98824691800019],[112.9859085080001,31.995811462999995],[112.98490142900016,31.99999999900018],[112.98523712200006,32.009323121000136],[112.98623657200005,32.02376556500013],[112.98438262900004,32.03620529100016],[112.98412323000014,32.05223083400017],[112.98870849700018,32.059097291000114],[113.00003814800016,32.067562103000114],[113.00570678600002,32.07259368900003],[113.01759338300019,32.08769607600004],[113.02731323100012,32.09753418000014],[113.03568267800006,32.10737228300013],[113.04351806600005,32.117439270000034],[113.04244995100021,32.12820053200011],[113.03489685100033,32.134387969000045],[113.02301025400016,32.144111634000126],[113.01872253400006,32.15134048600015],[113.01903533900031,32.16102981500012],[113.01962280300006,32.17390441800018],[113.02218627900004,32.18402099700012],[113.02590179500021,32.193374633000076],[113.02986145000034,32.20074081399997],[113.03034210300007,32.208663940000065],[113.02996063300009,32.21734237600015],[113.02958679300014,32.2262001040001],[113.02960968100001,32.237186431000055],[113.02745056200001,32.24542999300019],[113.02259826700003,32.256423950000055],[113.01882934600008,32.268562317000146],[113.02153778100025,32.27450943000008],[113.02558899000019,32.27679824800009],[113.03424072300004,32.278392792000034],[113.0461273200001,32.27792358500005],[113.04965210000023,32.27883911100014],[113.06154632500012,32.28317642100018],[113.06994628900009,32.29049682700014],[113.07834625300018,32.30124664300013],[113.08294677800006,32.30742263800016],[113.08586883500016,32.315502166000044],[113.08481597800005,32.32403183100013],[113.07375335700011,32.33309173500015],[113.0613632190001,32.3399581920001],[113.0581817630001,32.345771789000025],[113.0559158320001,32.356098176000046],[113.05490112400003,32.36331558200004],[113.06373596300011,32.36873626800019],[113.0767593380001,32.371349335000104],[113.09900665300006,32.369449616000054],[113.10633087100018,32.371726990000184],[113.11200714000006,32.375381470000036],[113.11553955000011,32.37858200200003],[113.11553192200006,32.381294251000156],[113.12364196800013,32.37876510600006],[113.13420105000034,32.37989044300019],[113.14096832200005,32.38262939400005],[113.14585113600003,32.38834381200019],[113.1466827400003,32.39543914900008],[113.14887237500022,32.40459823600003],[113.15458679200003,32.416721344000166],[113.15648651200001,32.421070100000065],[113.16516876100013,32.42563247700019],[113.1713867200001,32.42699432300009],[113.18303680300005,32.42903518600008],[113.19360351600017,32.42992782600004],[113.20010376000027,32.429912567000144],[113.2063293450002,32.429672241000105],[113.21119690000012,32.42851638900004],[113.21605682300014,32.42483901999998],[113.21822357200006,32.42117309499997],[113.23114776500017,32.403053284000066],[113.23870849700029,32.39845275800013],[113.24844360300006,32.39339065600012],[113.25411224400023,32.39062881400008],[113.25978088400007,32.38786697400013],[113.26706695600001,32.38395309400016],[113.26978302000009,32.3821144100001],[113.27570343000002,32.37660217400014],[113.28082275300017,32.36857605000006],[113.28888702300003,32.35893249600008],[113.29994964700018,32.34997177100007],[113.31156921400009,32.34856414800004],[113.31996154700005,32.34899520800019],[113.32617187500036,32.34691238500005],[113.32832336400008,32.343929291000165],[113.32260894800015,32.337081910000165],[113.31556701600016,32.33366775500019],[113.31284332300015,32.329326629000036],[113.31632995700011,32.32221603300019],[113.32415008600015,32.31715393100001],[113.32765197700007,32.315082551000046],[113.33383941700004,32.308422088999976],[113.34165191600017,32.302673340000126],[113.34838867200017,32.29738235500014],[113.35756683400018,32.296203614000035],[113.36380004900013,32.29732894900019],[113.37245178200021,32.298671722000165],[113.38137817500001,32.29864120600013],[113.3878479010001,32.295181274000186],[113.39644622800006,32.28484344400016],[113.39993286200001,32.28094100900012],[113.4080200190001,32.27632904000018],[113.41719818100012,32.27514648500011],[113.42993164000006,32.279445649000024],[113.43480682400002,32.28331756600005],[113.44486236500006,32.29129028400013],[113.46437072700007,32.2989921570001],[113.47901153500015,32.30602645900001],[113.48715209900024,32.310569763000046],[113.50045776500019,32.31852340699999],[113.51348877000022,32.32479476900005],[113.53769683800022,32.3364105230001],[113.54827118000003,32.33396911600016],[113.55912017900005,32.34280777000015],[113.57417297400002,32.34178543000013],[113.5868072510001,32.351345063000174],[113.6001205450001,32.3518562320001],[113.58985900900018,32.36708831800007],[113.61984252900015,32.36052703800005],[113.62489318800033,32.38526535],[113.64959716800013,32.415664672000105],[113.65926361100014,32.411724090000064],[113.66036224300012,32.41997909600008],[113.66040039000029,32.42148208700013],[113.69593048200022,32.42308044500004],[113.70282745300005,32.41542434800016],[113.72623443700002,32.41690063500016],[113.73139190600011,32.408821106000175],[113.7353668200002,32.40055084200014],[113.73883819500008,32.39411544700016],[113.7425689700001,32.38836670000012],[113.7449569700002,32.383769990000076],[113.74411773700012,32.38011550900018],[113.7399978640002,32.37372970700005],[113.73782348500015,32.371913910000046],[113.7350692760001,32.36689376900006],[113.73773193300008,32.36229705900008],[113.74231720100022,32.360893250000174],[113.75048065100009,32.36587524400005],[113.7556762690001,32.37179183900014],[113.75866699200003,32.37360382100013],[113.76325988700012,32.37265777700003],[113.76432800200018,32.371047974000135],[113.7656478890002,32.36760330200008],[113.76615905800008,32.36439514199998],[113.76477813800011,32.36142730800009],[113.76040649400024,32.35779190000005],[113.75660705500003,32.355758667000146],[113.75219726600005,32.348232270000096],[113.75054168600002,32.343204499000024],[113.75044250400003,32.33290100100015],[113.75363922100007,32.327613831000065],[113.75659179700018,32.32507324200009],[113.76168060300006,32.32022857700008],[113.76512145900017,32.31219482400013],[113.76509094300013,32.30875778200016],[113.76261138900009,32.303966523000106],[113.75878906300011,32.30033111500006],[113.74874878000003,32.296276093000074],[113.74167633100012,32.29105377299999],[113.74053955000011,32.285339355000076],[113.74075317500012,32.279384613000104],[113.73876953200022,32.26955032300003],[113.73491668700001,32.26247787400007],[113.73480987600011,32.250343323000095],[113.73851776000015,32.24207687300003],[113.7419815070001,32.236557007000044],[113.74407959100017,32.22967529400006],[113.74481201200012,32.22165679900013],[113.74587249700016,32.21890258700017],[113.74854278500015,32.214763641000054],[113.75308990500014,32.21083831900012],[113.75684356700003,32.207836151000095],[113.77033996600005,32.207286835000104],[113.77438354600008,32.20657348700007],[113.7778778070001,32.204944609999984],[113.7781066900003,32.20082092200005],[113.77749633700034,32.193954468000186],[113.77308654800004,32.184371949000024],[113.76547241300011,32.17892837599999],[113.76216888400006,32.17139434800015],[113.76052093600026,32.1684303290001],[113.760025025,32.15864181600017],[113.7613525400002,32.14981460700011],[113.76488494800003,32.13393020700016],[113.76223754900013,32.128635407000104],[113.75429534900002,32.12422180300018],[113.74591064400022,32.12554550200019],[113.73574829100005,32.12862777700019],[113.72988891600005,32.12862777700019],[113.72715759300003,32.125988008000036],[113.72737121500006,32.122455597000055],[113.73445129400011,32.099327088000166],[113.73531341500029,32.097278595000034],[113.73928833100001,32.08781814700012]]]},"properties":{"GID_2":"CHN.13.10_1","GID_0":"CHN","COUNTRY":"China","GID_1":"CHN.13_1","NAME_1":"Hubei","NL_NAME_1":"湖北","NAME_2":"Suizhou Shi","VARNAME_2":"Suízhōu","NL_NAME_2":"随州市","TYPE_2":"Dìjíshì","ENGTYPE_2":"Prefecture City","CC_2":"NA","HASC_2":"NA","id":"NA","name":"随州市","NAME":"随州市","adcode":null,"SOURCE":"GADM v4.1","GADM_GID":"CHN.13.10_1"}},{"type":"Feature","geometry":{"bbox":[112.58734130900008,30.378015518999973,113.47007751400031,30.906131743999993],"type":"Polygon","coordinates":[[[112.80310821500018,30.8319644930001],[112.80349731400008,30.83004760800003],[112.80493927100008,30.826780320000015],[112.80711364800015,30.822118759999967],[112.8106918330002,30.819238662000092],[112.81507873600003,30.816328048000116],[112.81865692100007,30.81344795300009],[112.82042694100028,30.81132125900018],[112.82028961300011,30.80857277000007],[112.81986236500006,30.805374144999977],[112.81976318300008,30.803314209000067],[112.82044220000023,30.80099678000011],[112.82158660900018,30.797286988000113],[112.82253265300005,30.794731141000113],[112.82318878100023,30.791954041],[112.82389831500008,30.79009437600007],[112.82462310800008,30.788463593000074],[112.82537078800033,30.78751754800004],[112.82660675100021,30.785867691000192],[112.8280715950001,30.783063889000008],[112.82898712300016,30.780050277999976],[112.82955932700008,30.77544021700004],[112.82937622100019,30.771776199999977],[112.82898712300016,30.769266128000144],[112.82721710200019,30.765892030000032],[112.8255233760002,30.763887406000098],[112.82286071800013,30.7584781650001],[112.82280731300023,30.757333756000154],[112.82453918400006,30.754747390000034],[112.82679748500016,30.751916885000075],[112.82846832300004,30.748184205000143],[112.82908630500003,30.74449348500008],[112.82813263000003,30.741315841000073],[112.8279113770003,30.73696517899998],[112.82861328000003,30.734874726000154],[112.83020782500012,30.734819411999982],[112.83286285400027,30.734722137000063],[112.83445739700016,30.73466491700009],[112.83817291300011,30.734531403000062],[112.84211731000005,30.73370170600009],[112.84472656300022,30.732692719000173],[112.84597015400016,30.730810166000083],[112.84631347700008,30.726900100000076],[112.84689331000015,30.722520828000086],[112.84806823700012,30.719493866000107],[112.84961700400004,30.71852111800007],[112.85066986100003,30.718252182000015],[112.85434722900004,30.717435837000096],[112.85874176000016,30.714750291000087],[112.8636322010002,30.711362840000053],[112.86873626800002,30.70704841700001],[112.87256622300004,30.703929901000095],[112.87435913100012,30.703519822000032],[112.88269806000005,30.709043503000093],[112.88643646200012,30.717996598000017],[112.89021301200012,30.71999168400009],[112.89497375500014,30.71921730000014],[112.9007720940001,30.717964171999995],[112.90445709200003,30.716976165000066],[112.91005706700003,30.717565538000088],[112.9157028190001,30.71998405400018],[112.9181671140002,30.723384857999974],[112.91986846900024,30.727483750000033],[112.92104339600019,30.731592178000145],[112.92218017500034,30.735015870000097],[112.92494201700003,30.739093781000065],[112.93087768500006,30.742887497000083],[112.93605804500021,30.74806976300005],[112.9414520260002,30.751182556000117],[112.94789123500016,30.75381660400012],[112.95435333200021,30.7569122320001],[112.96212768600003,30.760208131000073],[112.96806335500014,30.76331138600006],[112.97292328000015,30.76666069100014],[112.97676086500019,30.77117920000018],[112.97979736200011,30.775709152000164],[112.9839096070001,30.78045272900016],[112.9863967890002,30.784309388000167],[112.98967743000014,30.78768920900012],[112.99452972500023,30.79035186800007],[113.00015258800033,30.792081832000175],[113.0046997070001,30.793371200000138],[113.00787353500016,30.79239463900006],[113.00968933000001,30.790979386000114],[113.01171875000023,30.78750038200019],[113.01378631500017,30.785625457000037],[113.01820373500004,30.78141212500015],[113.02424621500018,30.778999329000158],[113.02899932800005,30.777992249000135],[113.03459930500003,30.778572082000096],[113.04022216800001,30.78030014000007],[113.04556274400011,30.781343461000123],[113.05168914800004,30.781915666000145],[113.05700683500004,30.782499313000017],[113.06179046700026,30.78217887800008],[113.06662750300006,30.78415107800004],[113.06990051200012,30.78730011000016],[113.07164764400011,30.793001175000146],[113.07285308800033,30.79803085300011],[113.07170104900013,30.804935455000138],[113.06897735600012,30.812562942000174],[113.06912994300001,30.817838669000142],[113.07034301800013,30.823320389],[113.07253265300005,30.825803757000127],[113.07626342800006,30.826190948000143],[113.08049011300011,30.825187683000134],[113.08468628000014,30.823501587000067],[113.08804321200023,30.81930351300019],[113.09092712400013,30.81832885700004],[113.09779357900004,30.816358567000066],[113.10414123600026,30.815315246000182],[113.11180114800005,30.81378746100012],[113.11786651700004,30.81205940300015],[113.12309265200031,30.80874443100015],[113.12490844700005,30.807100296000105],[113.13202667300015,30.80512428300011],[113.1375885010001,30.80455589400009],[113.1418762200002,30.805845262000165],[113.14967346200001,30.80890083300011],[113.15235138000003,30.80976677100017],[113.15695190400004,30.81265640400011],[113.1604537970003,30.8141937260001],[113.16606140100009,30.815456390000126],[113.17381286600028,30.816675187000158],[113.18261718800011,30.818563461000057],[113.1864166260001,30.821010590000128],[113.19161987300004,30.826414108000108],[113.19580078100012,30.8334426880001],[113.20680999700016,30.846757889000177],[113.209602356,30.851289749000163],[113.21349334800004,30.856948852000073],[113.21707153300008,30.861694337000017],[113.22147369400011,30.866651536000116],[113.22564697200006,30.873451233000083],[113.22846221900022,30.878673555000145],[113.23203277700021,30.882728577000137],[113.23660278300021,30.88423919800016],[113.24384307800017,30.886156083000007],[113.25081634500009,30.888765335000073],[113.2572937010001,30.89138221800016],[113.26133728000002,30.893823625000095],[113.26441955700012,30.899036407000096],[113.2682037340003,30.90079689100014],[113.27440643200009,30.90410804700019],[113.28137969900001,30.906024934000072],[113.28723907400001,30.906131743999993],[113.29223632800017,30.904190063000048],[113.29981994600018,30.899900437000042],[113.30505371100003,30.896575929000107],[113.3094863890002,30.893955231000177],[113.3179168710002,30.89125251700017],[113.32563018800022,30.891086579000103],[113.32888031000005,30.893083573000183],[113.33219146700014,30.898452759000126],[113.33342742800016,30.889696120999986],[113.33566284300014,30.88573074300018],[113.33740234400011,30.882694245000096],[113.33914947600022,30.879661561000034],[113.34176635600022,30.87866020200005],[113.34470367400002,30.878576278000025],[113.34868621800003,30.87845420900015],[113.35205078100034,30.8758335120001],[113.35565185500002,30.872739792000115],[113.35896301200025,30.868741989000174],[113.36119079600019,30.864772796000125],[113.3634796140002,30.86218071000002],[113.36622619700017,30.857967377000023],[113.36910247700007,30.85650253299997],[113.37088775600012,30.85461425800014],[113.37432861200023,30.85404968300009],[113.37748718300021,30.85303878799999],[113.37962341300022,30.85297393800016],[113.3853225700002,30.849128723000035],[113.3926010130001,30.844776154000098],[113.39790344200003,30.837732316000082],[113.40171814000018,30.833486557000075],[113.40540313800024,30.825805665000132],[113.40979766900011,30.81649208100009],[113.4106903080002,30.812335969000117],[113.41208648600002,30.80770492700009],[113.41374206600005,30.80260658300017],[113.41734314000018,30.799743653000064],[113.4212036140002,30.796184540000183],[113.42211914100017,30.792942047000054],[113.42429351800001,30.787601472000063],[113.42401886000005,30.781185150999985],[113.42376708900008,30.775455475000058],[113.42426300000022,30.768100737999987],[113.42439270000011,30.764881135000167],[113.42600250300018,30.75886726300013],[113.42653656100026,30.752656936999987],[113.42640686000027,30.749677658000167],[113.42715454000017,30.745695114000114],[113.42727661100002,30.745063782000102],[113.42872619600018,30.741577148000143],[113.42984771600004,30.736494065000098],[113.43180847100018,30.73253631700004],[113.43222808800022,30.729770660000042],[113.432258606,30.724262237000005],[113.43180084300013,30.71968650700012],[113.4292221070001,30.715406419000033],[113.42397308300008,30.710750581000127],[113.42141723600027,30.707155228000094],[113.42180633500004,30.703931809000096],[113.42574310400005,30.70243644699997],[113.43023681700005,30.701839448000044],[113.43369293100011,30.70150375300011],[113.44230651800012,30.697795869000064],[113.44074249200003,30.692106247000027],[113.43789672800006,30.68783760000008],[113.43340301500018,30.682010652000088],[113.43012237600021,30.67385292000011],[113.42994689900003,30.669956207000038],[113.42981720000023,30.666746139000164],[113.43203735400004,30.662548065000067],[113.43723297200007,30.659406662000148],[113.44262695300006,30.655340195000008],[113.44722747800006,30.650611878000067],[113.45123291100015,30.64474868800005],[113.45375823900021,30.641687393000158],[113.45506286500029,30.63476371800004],[113.45490264800014,30.630868913000143],[113.45391082800006,30.626541138000054],[113.45104980500025,30.621812821000102],[113.44872283800021,30.61706543100007],[113.44666290200007,30.612310410000195],[113.44541168300009,30.60798835800011],[113.44545745800019,30.602710724000076],[113.44600677600022,30.596958161000092],[113.44647979800004,30.589370728000176],[113.44595336900011,30.582963943000042],[113.44436645400003,30.577276229000176],[113.44199371300022,30.57138252300013],[113.4410171520002,30.567283631000123],[113.43934631400009,30.559074401000146],[113.43697357200006,30.553182602000163],[113.43512725800008,30.547504426000046],[113.43549346800035,30.54313468900006],[113.43683624300002,30.537584304000067],[113.43903350900007,30.532697678000094],[113.44249725400005,30.52685546900011],[113.44522094700005,30.522180557000183],[113.4458236700001,30.517345428000116],[113.44686889600007,30.510887146000073],[113.4463882440001,30.505853652000155],[113.44644927900015,30.501035691000027],[113.44722747800006,30.494356156000098],[113.45081329400011,30.49103355500006],[113.45465087900016,30.48769950900004],[113.4591064450002,30.48641586400015],[113.46382141100003,30.484893800000183],[113.46768188400017,30.482019425000093],[113.46941375800009,30.47875213700013],[113.47007751400031,30.475976945000184],[113.4693832390002,30.472099304999972],[113.46894073500016,30.467981338000072],[113.46869659400011,30.462255479000135],[113.46734619100005,30.455640794000033],[113.46584320000011,30.451099396000192],[113.46508026200001,30.445846558000024],[113.46248626800002,30.441337586000035],[113.46160888700012,30.43907165500019],[113.45942688000002,30.431795120000057],[113.45948791500018,30.426746368000124],[113.45928192100018,30.4219341270001],[113.45980835000012,30.41549301100008],[113.45848083500016,30.409336090000007],[113.4590606700001,30.404272080000055],[113.4610366830002,30.400770188000028],[113.46298980700021,30.39680862500012],[113.46508026200001,30.39333152700016],[113.4632720950001,30.39124488900018],[113.46118927000009,30.38649940500011],[113.4591064450002,30.381753922000144],[113.45712280200007,30.378837585000156],[113.4544296260002,30.378015518999973],[113.45036316000005,30.38159370400018],[113.44802856500007,30.38281822200008],[113.44677734400011,30.384696960000102],[113.44248962400013,30.38920021100012],[113.43786621200002,30.39233780000012],[113.43238067700008,30.394128799000047],[113.42555999800005,30.39573669500004],[113.41844177200005,30.39666557300018],[113.41219329900014,30.39916992300005],[113.4078063960003,30.401840211000035],[113.40397644100005,30.40517997700016],[113.40016174300013,30.408519745999968],[113.39388275100009,30.410337449],[113.38761138900009,30.412382127000058],[113.37999725300006,30.41424179200004],[113.3727417,30.417697906000175],[113.36598968600003,30.42090415900014],[113.3590087890002,30.42480468700012],[113.35117340200031,30.427360534000115],[113.34535980200019,30.428010940000096],[113.3387069700002,30.427772523000048],[113.3341369640001,30.42631912300004],[113.32823944000006,30.42490959200018],[113.32290649500021,30.42439651500013],[113.316818237,30.424598695000157],[113.31159973200033,30.426376343000133],[113.30426025400004,30.42845153800016],[113.29666137700008,30.430534363000106],[113.29138183500004,30.430938722000064],[113.2816085820001,30.43194770900016],[113.26783752400002,30.432397843000103],[113.25884246800001,30.43292045699997],[113.25035095200019,30.43296623200013],[113.24053192200006,30.43282890300003],[113.23148345900006,30.43220138600009],[113.22318267900016,30.430408477000185],[113.21827697700019,30.427583695000013],[113.21206665100021,30.425031662000155],[113.2059173580001,30.424083710000048],[113.202507018,30.42488098300004],[113.19953918400006,30.42956352200014],[113.19660949700005,30.4353904730001],[113.1912994380001,30.44129371700018],[113.18617248500004,30.445356370000184],[113.17907714800015,30.44803428800003],[113.17408752400013,30.44803619300012],[113.1702194200002,30.444490432000126],[113.16631317200006,30.44002914500004],[113.16493225000022,30.438924789000115],[113.16000366200012,30.435184478000167],[113.15644836500019,30.433002471000005],[113.15373993000003,30.431713105000085],[113.15087127600009,30.43272209300011],[113.1499710090002,30.436420441000053],[113.1482772820001,30.440143586000147],[113.14440155000023,30.4425601960001],[113.13941955700022,30.443864822000027],[113.13863372800029,30.444118499000126],[113.13430023200023,30.448152543000162],[113.13336181600005,30.45093536400009],[113.13288116500007,30.45828819300016],[113.12911224400011,30.462995529000068],[113.1241226200001,30.464298248000148],[113.11892700200008,30.4667549130001],[113.11694335900017,30.46980095000015],[113.11849975600012,30.47525405800013],[113.12133026200001,30.479293823000035],[113.12180328400007,30.48409462000012],[113.11824798500015,30.48787307700019],[113.11408233700024,30.489610671000097],[113.10794067400002,30.488885880000055],[113.10254669200015,30.486764908000115],[113.09728241000016,30.481653213000186],[113.09208679200015,30.478376389000115],[113.08534240800009,30.475605012000074],[113.08078765900007,30.474599838000188],[113.07758331200023,30.47401237500003],[113.07283782900004,30.47484779400014],[113.06758880600012,30.476158143000077],[113.06427764800014,30.47946929900013],[113.06474304200003,30.484045028000086],[113.06601715000012,30.489049912000155],[113.06861877400013,30.494014740000072],[113.0693588260001,30.49880790700007],[113.07038116400008,30.50404930000008],[113.07106780900017,30.507698059000063],[113.07282257100007,30.51154136600019],[113.0728988650003,30.513372422000145],[113.07135009700006,30.5143375400001],[113.07000732400002,30.514150619000134],[113.06886291600006,30.514486314000123],[113.06672668500016,30.514545442000042],[113.06375884900024,30.51494407600018],[113.06053161500006,30.514324189000153],[113.05657959000018,30.51299667400013],[113.05390167200005,30.51238250800014],[113.05078887900004,30.51177215700017],[113.04744720500014,30.512012481000173],[113.04493713400018,30.512706756000167],[113.0424728390001,30.51374053900014],[113.03885650700022,30.515201568000183],[113.03621673600003,30.516590118000124],[113.03354644800004,30.51763916000004],[113.03170013400006,30.51897239700014],[113.02999877900004,30.519777297000132],[113.02778625600001,30.5214805600001],[113.02577209400022,30.523164749000102],[113.02352905400006,30.52452468899998],[113.02056121700014,30.526626588000113],[113.01792907700008,30.528011322999983],[113.0151062020002,30.529584884000084],[113.01264953600014,30.53078842100013],[113.01097869800014,30.531936647000066],[113.00929260200007,30.532913208000142],[113.00646209700005,30.534315109000037],[113.00318145800009,30.535234451000065],[112.99968719400022,30.53599739200007],[112.9953689570001,30.536308289000093],[112.99051666200012,30.53590583800013],[112.9850387580002,30.533794404000048],[112.97885131800003,30.53115463300003],[112.97309112500011,30.528825761000068],[112.96843719500033,30.527784347000082],[112.9649963380001,30.527002336000127],[112.96083831900023,30.525678633999977],[112.95659637500012,30.525524139000083],[112.95332336400008,30.526809692000146],[112.95059967100008,30.529310226000124],[112.94706726100003,30.531879424000067],[112.94537353400005,30.53491020100006],[112.94355011100015,30.538637161000054],[112.94185638400006,30.543725967000114],[112.940429687,30.54742431700004],[112.93830871600017,30.552198411000177],[112.93559265100009,30.556844712000157],[112.93245697100008,30.561521531000096],[112.92807006800001,30.565256118000093],[112.92491912800006,30.567535400000054],[112.92249298200022,30.569078445000113],[112.92027282800018,30.570608139000168],[112.918380737,30.571598053000002],[112.9157028190001,30.57264518700015],[112.91304779000029,30.57386016900017],[112.90940856900022,30.575145722000002],[112.906303406,30.57570839000005],[112.90318298400018,30.57627105700016],[112.90062713700013,30.576452255000053],[112.89671325600023,30.576597215000106],[112.89351654100017,30.576686859000063],[112.89000701900022,30.575176238000036],[112.88786315900006,30.574314118000135],[112.8861999510001,30.572750092000035],[112.88375091600007,30.571210862000044],[112.88053894100017,30.569135665000033],[112.8774566640003,30.566333771000185],[112.87580108600014,30.56454277000006],[112.87358856300011,30.562074662000157],[112.87212371900024,30.559625627000116],[112.87155914300001,30.55754089400017],[112.87148284900013,30.55524635400002],[112.87098693800021,30.551826477000134],[112.8715515150003,30.549388885000102],[112.8717880260001,30.547660829000108],[112.87264251600004,30.546228409000037],[112.87316894600009,30.54350090100013],[112.87387847900015,30.54118728600014],[112.87506103400017,30.538351060000142],[112.87629699700005,30.534925461999993],[112.87748718300008,30.532529832000023],[112.87902832000032,30.529575349000083],[112.88043212900004,30.52598381100012],[112.88120269700006,30.523702621000044],[112.88198089600019,30.521423339000084],[112.88246154800004,30.518135070000028],[112.88246154800004,30.51607894900019],[112.8814163200002,30.513410569000033],[112.88037872300004,30.510747908999978],[112.87851715100021,30.50779342600003],[112.87606811600017,30.50488471900019],[112.87403106600004,30.502115250000088],[112.87140655500002,30.49886131200014],[112.86702728300008,30.49507522700014],[112.861610412,30.492031097000165],[112.85661316000005,30.491355896000186],[112.8501205450001,30.491811752000046],[112.84372711100013,30.495344162000094],[112.83557891900023,30.50122642499997],[112.8283767690001,30.506698609000125],[112.81877136200002,30.51288032600013],[112.81220245400004,30.51758003200013],[112.80993652300003,30.518949508000105],[112.80771636900022,30.520645142999967],[112.8057632450001,30.52283859300013],[112.80339050300007,30.52505874700012],[112.8020095830002,30.52720832800009],[112.80127716200002,30.53000259400017],[112.80085754400034,30.534170151000126],[112.8004379270002,30.537395478000118],[112.79997253300007,30.53934097400014],[112.79929351900013,30.54264450100015],[112.79891204800015,30.546613694000026],[112.79898071200012,30.54844474800001],[112.79878997800017,30.550516127999973],[112.79836273300009,30.553510666000136],[112.79743957500011,30.557207108000117],[112.79724121000004,30.55904960700002],[112.79678344600006,30.561124802000055],[112.79631805400004,30.562973024000026],[112.79508209200014,30.56552887100003],[112.7933273320001,30.568557740000074],[112.79054260400005,30.57230186600009],[112.78900146400008,30.57372093200007],[112.7874908460002,30.575319290000152],[112.78549194400011,30.577171326000098],[112.78325653000013,30.57869720500014],[112.78063201900011,30.58024978600008],[112.77706909200015,30.582382203000066],[112.77443695100021,30.583934784000178],[112.77120971800002,30.585359573000176],[112.7685318,30.58640098600011],[112.76583862400014,30.587274552000107],[112.76328277600021,30.58745193600004],[112.7605285650003,30.587642669999983],[112.75762176600006,30.587842942000066],[112.75493621800024,30.587223053000177],[112.75305175700021,30.586355209000146],[112.75036621100003,30.585506440000188],[112.74796295100032,30.584880828000113],[112.74411010800009,30.58347320700005],[112.74122619600007,30.58230590700015],[112.73872375500004,30.580764770000087],[112.73597717200005,30.57907104600008],[112.73281097400013,30.577465058000087],[112.73010253900009,30.575929641000133],[112.72738647400001,30.574623107000033],[112.72416687100021,30.573558807000097],[112.72093200700021,30.572034836000004],[112.71739959700017,30.56983184799998],[112.71414947400012,30.56807899500018],[112.71141815100009,30.566083909000156],[112.70870208700012,30.564317704000075],[112.70678710900029,30.562986374000104],[112.70407104400022,30.560993196000023],[112.70185852100019,30.558525085000156],[112.69992065500004,30.55628013500007],[112.69827270500014,30.55427551399998],[112.69609069800015,30.552028656000065],[112.69352722200017,30.549978257000188],[112.69033050500002,30.5496845240001],[112.68768310600012,30.55089569100005],[112.68547058000001,30.552761078000117],[112.68327331500006,30.554622650000116],[112.68238067600021,30.557937623000047],[112.68164825400015,30.560728074000114],[112.68109893800033,30.563335418000175],[112.68058013900033,30.566280366000115],[112.68073272800007,30.569616318000104],[112.68080902200019,30.571910858000084],[112.68087768500004,30.573745728000176],[112.6809463510001,30.576036453000086],[112.68077087500012,30.578334809000186],[112.68089294300012,30.581544876000123],[112.68097686700014,30.584524154000068],[112.68081665000011,30.58728218100009],[112.68071746800001,30.58939170900004],[112.68099975600012,30.592454910000072],[112.68100738600003,30.59467887900019],[112.68092346200001,30.59783554000012],[112.6804809570001,30.60059738200005],[112.68034362800006,30.604274749000073],[112.68000030600001,30.607421874000185],[112.67949676500007,30.610540390000093],[112.67756652800006,30.616275787000063],[112.67794799800004,30.62154579100019],[112.68074798600026,30.624155046000165],[112.68431091300012,30.626306534000037],[112.68842315600011,30.627906799000186],[112.69284057600021,30.628631593000136],[112.69975280700022,30.630552293000047],[112.70781707700007,30.634279250000137],[112.71337890600012,30.638689042000124],[112.71362304700017,30.64192009100003],[112.71401977500011,30.64322280900018],[112.71421814000007,30.64536285400004],[112.71444702100007,30.647932051999987],[112.7128829950002,30.65256309500012],[112.70963287300003,30.656930924000108],[112.70751190300008,30.659185410000138],[112.70250701900022,30.66168594400006],[112.69669342100019,30.66338157600006],[112.6902465820001,30.663822174000074],[112.68417358400018,30.662731171000136],[112.67845916700014,30.66032219000005],[112.67292022700019,30.65703964200003],[112.66735076900011,30.653327943000136],[112.662368775,30.650653840000135],[112.65793609700006,30.64864158600011],[112.65741729800004,30.648405075000145],[112.65287017800006,30.647640229000103],[112.64832305900018,30.646875383000065],[112.64427185000011,30.646289825000114],[112.6397171010001,30.645523072000174],[112.63614654600008,30.644691468000133],[112.63284301700025,30.64383888300017],[112.6290817250001,30.64366531500019],[112.62477874800015,30.64288139299998],[112.61901855400015,30.642627716000046],[112.61511993400018,30.6435394290001],[112.61302948100013,30.645191194000063],[112.6114501940001,30.647020340000044],[112.60841369700006,30.649168015000043],[112.60592651300021,30.652135849000107],[112.60225677600023,30.6556167600001],[112.59976959200014,30.65837478700013],[112.59655761600015,30.661390305000054],[112.59105682400013,30.66630935600017],[112.58902740600001,30.669111252000167],[112.5878067010002,30.672353744000077],[112.58734130900008,30.67795944200009],[112.58985138000003,30.683607102000167],[112.59304809700006,30.688564301000103],[112.59719085600011,30.693023683000092],[112.59979248000025,30.699739457000135],[112.60936737100019,30.701707840000044],[112.62256622300015,30.705856324000084],[112.63276672300005,30.7115879050001],[112.63527679500021,30.713537217000127],[112.6372985830002,30.715969086000143],[112.6403579710002,30.718122482000126],[112.64441680900006,30.723670959000113],[112.64830017100007,30.73037529100009],[112.65283966100014,30.734983444000076],[112.65434265200008,30.737668992000067],[112.66879272400001,30.747562409000185],[112.67384338300019,30.751688004000016],[112.67907714800005,30.754659653000147],[112.68222045800007,30.757957458000078],[112.69934082000009,30.767723083000135],[112.7066116330002,30.77335166900008],[112.71993255500014,30.781915666000145],[112.73695373500016,30.790077210000053],[112.74771881200013,30.796003341000016],[112.7524871830002,30.79990959200001],[112.75636291500007,30.80202484100016],[112.76895141700004,30.811763764000148],[112.77346801800003,30.815681458000086],[112.78058624200014,30.82314872800009],[112.79002380400016,30.828905105000047],[112.79765319900002,30.831531526000052],[112.80194091800013,30.832019806000122],[112.80310821500018,30.8319644930001]]]},"properties":{"GID_2":"CHN.13.11_1","GID_0":"CHN","COUNTRY":"China","GID_1":"CHN.13_1","NAME_1":"Hubei","NL_NAME_1":"湖北","NAME_2":"Tianmen","VARNAME_2":"Tiānmén","NL_NAME_2":"天门市","TYPE_2":"Dìjíshì","ENGTYPE_2":"Prefecture City","CC_2":"NA","HASC_2":"NA","id":"429006","name":"天门市","NAME":"天门市","adcode":"429006","SOURCE":"GADM v4.1","GADM_GID":"CHN.13.11_1"}},{"type":"Feature","geometry":{"bbox":[113.69685363800022,29.985942840000007,115.07062530400003,31.36400032200004],"type":"Polygon","coordinates":[[[114.56293487500034,30.49972152700019],[114.5728225700002,30.495500565000157],[114.57894897500023,30.488870621000164],[114.5809478760001,30.479345322000086],[114.57481384300002,30.45099258400006],[114.57483673200022,30.44076347400011],[114.57582092300004,30.42062187300007],[114.58026123100001,30.41341209500001],[114.57727050800031,30.405866624],[114.58705902200006,30.33786583000006],[114.5852127080002,30.308101653000165],[114.57728576700003,30.29089546200004],[114.56256103400005,30.27596855200005],[114.550498962,30.259885789000123],[114.54249572700007,30.25306510900015],[114.53747558600014,30.24469757200012],[114.53474426300022,30.22538757300015],[114.52744293100022,30.207689285000015],[114.50556945900018,30.186765670000113],[114.49947357300005,30.168647766000106],[114.49556732200006,30.129491806000093],[114.4966506960002,30.119621276000146],[114.51882171700015,30.09724998500019],[114.52945709300025,30.080778121000098],[114.53590393000015,30.06556892300006],[114.53277587900004,30.056512834000106],[114.53633880600023,30.038225174000107],[114.5333480830003,30.034696579000073],[114.53206634500009,30.03537941100012],[114.5294494630001,30.03460693500011],[114.52875518800022,30.032289506000158],[114.52938079900002,30.02964401200012],[114.5219955440001,30.012889862000122],[114.51969909600018,29.994655610000052],[114.51799011300022,29.99317932100007],[114.51390838700001,29.98983573900017],[114.51108551000016,29.987909317000117],[114.5069351200001,29.985942840000007],[114.49868011600006,29.98751068100017],[114.48685455400005,29.99240303000005],[114.48073578000003,29.993354797000162],[114.47334289600008,29.993341446000045],[114.4669723500001,29.994052887000006],[114.46367645300029,29.9945755010001],[114.45585632400014,30.00046157800011],[114.44877624500009,30.003145218000157],[114.44618225100021,30.004386901000085],[114.44532775800008,30.004724502000045],[114.42962646500007,30.01715087900016],[114.41992950500003,30.02140235900003],[114.39864349300001,30.02577781600013],[114.39630126900022,30.026552200000086],[114.39526367200006,30.02703094500015],[114.39012908900008,30.02961540300015],[114.38479614200014,30.030815125000117],[114.38307189900002,30.030929565000175],[114.37841796800001,30.03247070300012],[114.3560562130001,30.034450530000072],[114.30125427200005,30.0263118740001],[114.27008819600007,30.017908097000088],[114.26046752900015,30.013437271000047],[114.25482177700019,30.005239486000054],[114.24585723900009,30.000558854000186],[114.24325561500007,29.998048782000183],[114.24225616500019,29.997570037000063],[114.23892211900024,29.995391845000142],[114.23580169700006,29.994367599000157],[114.23266601600005,29.993570327000104],[114.22949981700003,29.993463517000126],[114.2265319830002,29.9947376240001],[114.22437286400009,29.99581146200012],[114.21675872800006,30.000593186000174],[114.21104431200024,30.004299165000134],[114.20700073300009,30.005996704000154],[114.20385742100007,30.007787705000116],[114.20320892300003,30.008157730000107],[114.20348358100023,30.00901794400005],[114.20621490400003,30.017440796000074],[114.20568847600009,30.023384094000168],[114.20495605500003,30.027717590000066],[114.2031707760002,30.03224563700013],[114.20004272400001,30.036956787000065],[114.19696807800017,30.040748595000082],[114.1947937010001,30.042051316000144],[114.19231414700016,30.044260025000025],[114.18955230800009,30.046918869000084],[114.18787383900008,30.048923493000018],[114.18641662600022,30.05185508800003],[114.18614959800016,30.052579880000163],[114.18550872800006,30.05434799200009],[114.1855392450002,30.054479599000047],[114.18638610900007,30.058277131000185],[114.18652343800035,30.061035156000003],[114.18851470900017,30.06385994100009],[114.19074249300013,30.067148210000088],[114.19246673700013,30.069957734000013],[114.19392395000035,30.072763443000103],[114.19480895900017,30.076465607000163],[114.19524383500004,30.078544616000162],[114.19592285100009,30.081089019999983],[114.19602203400007,30.08476448000016],[114.1953353890002,30.088182449999977],[114.19335937600022,30.090866089000087],[114.19063568100012,30.092607498000007],[114.18796539300001,30.09320259100014],[114.1783676140002,30.094936372000173],[114.17558288600003,30.098049165000077],[114.1707839960003,30.09880256600013],[114.16776275700033,30.101217271000166],[114.16423034600018,30.103393556000185],[114.16332244900013,30.10588455200008],[114.1575851450001,30.10981369100017],[114.15393829400023,30.114278793000153],[114.1532135000001,30.115499496000155],[114.15193176300022,30.11764526400009],[114.14888000500014,30.12075042700002],[114.14547729500009,30.125680923000118],[114.14453125100022,30.129087447000078],[114.1440887450002,30.132974624000095],[114.14495086800002,30.137132644000076],[114.14557647700019,30.1391448980001],[114.14610290500002,30.14084243800005],[114.146202087,30.14451789800006],[114.14577484100005,30.147945404000154],[114.14323425300017,30.15152549800007],[114.14016723600014,30.154859543000157],[114.13545990000023,30.158803940000098],[114.13438415500013,30.159704209000093],[114.12884521500008,30.165018081000085],[114.12523651100014,30.170349121000132],[114.12429809500009,30.171741486000144],[114.12169647300016,30.176469803000092],[114.11936187700007,30.181205749000075],[114.1173629750001,30.18434333900018],[114.11479187000009,30.188386918000162],[114.11333465600012,30.191316606000104],[114.11155700800009,30.19538116400014],[114.10983276500019,30.198303223000043],[114.10783386100002,30.20144653300008],[114.10530853300008,30.204568864000066],[114.10258484000008,30.20607757500011],[114.09959411500019,30.20780944900002],[114.09564972000021,30.20721054100005],[114.09147644000006,30.205915452000117],[114.08786010800031,30.203952790000073],[114.0846481320001,30.204757691000115],[114.08056640600012,30.207138062000183],[114.07803344700005,30.210258483000192],[114.0742187510001,30.212648392999995],[114.07099151700004,30.213682174000045],[114.06699371300022,30.21422767700011],[114.06248474100016,30.21429443500017],[114.05655670100009,30.210874557000185],[114.05321502700019,30.20869064300013],[114.04853820800008,30.206918717000068],[114.04557800400006,30.20795822100007],[114.0422973630001,30.210136412999987],[114.04110717700007,30.212846757000076],[114.04047393700012,30.21512031600002],[114.03982543900008,30.217618943000048],[114.0394668580002,30.22037315500006],[114.03940582200005,30.220817566000107],[114.03660583600004,30.224157334000044],[114.03437805200008,30.226375581000188],[114.03245544400022,30.227909088000164],[114.02994537400002,30.230573655000057],[114.02821350000022,30.232093811000087],[114.0271835320001,30.23299789400005],[114.0249023450001,30.236360549000153],[114.02343749900001,30.239288331000125],[114.02251434300001,30.24201011600019],[114.02129364100007,30.245407105000144],[114.01954650900018,30.248786926000097],[114.01750183100023,30.252840041000127],[114.01517486600017,30.25711822400018],[114.0149536140002,30.257644654000046],[114.01367950400005,30.260734559000184],[114.01168823300009,30.26364517200005],[114.00914764400011,30.266994477000143],[114.00634765600012,30.27010536300014],[114.00000000000011,30.273965836000063],[113.99472045800007,30.277500152000133],[113.9905929570001,30.28087043700003],[113.98692321800013,30.283983231000146],[113.98271179300014,30.28670883300009],[113.97898101800025,30.289178849000166],[113.97461700400015,30.29278564499998],[113.96987152100019,30.295118332000186],[113.9660491950001,30.296726228000185],[113.95944976800001,30.29812622100008],[113.9520416260001,30.29893875099998],[113.94554901100014,30.29941940400005],[113.94156646700014,30.29932785000011],[113.93551635700011,30.29874992500004],[113.93093109100016,30.297813416000054],[113.9246673580003,30.295282365000162],[113.91819763200021,30.292795181000088],[113.91327667200005,30.290519714000027],[113.91132354800004,30.28852272100005],[113.90804290700032,30.28634262100019],[113.9058380130001,30.284582139000182],[113.90387725900007,30.282583237000154],[113.90247345000023,30.28056717000004],[113.90049743600014,30.27811050500009],[113.89878082300015,30.275417328999993],[113.89736175600001,30.273399352000126],[113.89592742900015,30.271154404000182],[113.89475250100008,30.268671036000054],[113.89302063000004,30.26574897800003],[113.8914184570001,30.26217079100019],[113.88929748600003,30.25865173400007],[113.88800811800024,30.255937576000008],[113.88670349100006,30.253005981],[113.88545990100023,30.250719072000095],[113.88419342100019,30.24822044500019],[113.88287353500004,30.245075224999994],[113.88194274900013,30.241029740000045],[113.88020324700007,30.236398698000016],[113.87866211000005,30.231319428000063],[113.87503051700004,30.227706909000005],[113.87011718700012,30.223764419000137],[113.86820984000009,30.222181320000175],[113.86644745000012,30.219722747000052],[113.86434936400008,30.216417312000033],[113.86280059900014,30.213230133000025],[113.86155700600013,30.20937156700012],[113.86165618800021,30.20592689500006],[113.8587265010002,30.205566406000173],[113.85582733200022,30.205667496000164],[113.85208129900013,30.20487785400002],[113.84729004000008,30.204351426000187],[113.84187316800023,30.201782226000034],[113.8358001710002,30.196481705000167],[113.8321533200002,30.19178771999998],[113.82714843800011,30.18690872200006],[113.82666015600023,30.186649322000104],[113.82227325500025,30.184320450000143],[113.82185363800012,30.18447113000019],[113.82018280000023,30.18507766800008],[113.81810760500002,30.186067582000135],[113.81530761600004,30.188455582000188],[113.81371307400013,30.19401931699997],[113.81251525800019,30.197853089000088],[113.81140136800002,30.201440810000065],[113.81079864500009,30.2043819430001],[113.80988311700003,30.20883560200014],[113.80774688700001,30.214185715000042],[113.80354309000029,30.220525742000117],[113.79824066100002,30.226213455999982],[113.79148864700005,30.22919464100005],[113.78742981000005,30.233232498000064],[113.7843551630001,30.234283447000053],[113.78221893300008,30.23501586900011],[113.77710723900009,30.23931884800004],[113.77416229300002,30.244234085000077],[113.77417755100021,30.250431061000146],[113.7768478390002,30.25676536500004],[113.78002166800013,30.262395859000147],[113.78020477300026,30.26293373200014],[113.78156280500002,30.266933442000155],[113.7835006710003,30.274671554000008],[113.78457641600005,30.281059266000113],[113.78273010200007,30.286861420000037],[113.77694702100018,30.287973405000116],[113.77031707800006,30.287965774999975],[113.76328277600021,30.290496826000094],[113.75878143200009,30.29064560000012],[113.7565460200002,30.29351997499998],[113.75602722100018,30.294181824000134],[113.75434112600021,30.29790878300003],[113.75392150900007,30.3061866760001],[113.75417327900004,30.311637879000045],[113.75422668400017,30.312828065000076],[113.75408935500002,30.321554184000092],[113.75357055600023,30.32753944400008],[113.75192260800009,30.332183839000034],[113.74864959700005,30.335964204000106],[113.74394226200026,30.33749961800009],[113.74208068900032,30.338106156000038],[113.7384567250001,30.339288711999988],[113.73547363300008,30.343517303],[113.7353668200002,30.347421646000043],[113.73587799100017,30.352682115000164],[113.73800659100004,30.358577728000117],[113.7382507330002,30.359157563000053],[113.73979187000022,30.362880707000045],[113.73976898100024,30.368158340000036],[113.73780059900002,30.37166404700008],[113.73207092300004,30.373920440000177],[113.72577667300015,30.375507354000035],[113.71885681100025,30.375278473000037],[113.71135711700003,30.379428863000044],[113.70570373500017,30.383285524000026],[113.70044708300009,30.39057350300004],[113.69880676200012,30.39521789500009],[113.69825744600018,30.396263122000168],[113.69685363800022,30.39895248499999],[113.70014953700003,30.40159606900011],[113.7014465330002,30.402675630000147],[113.70704650800019,30.407337188000046],[113.71103668200011,30.41340065000009],[113.71231842000009,30.418405532000122],[113.71231079200015,30.424142837999966],[113.71199798500017,30.42897415200008],[113.71552276500006,30.430465699000077],[113.72141265900018,30.431646347000083],[113.72701263400018,30.432149888000087],[113.73172760000034,30.430845260000126],[113.73623657300016,30.430694580000136],[113.74083709700007,30.43157768200018],[113.7413330070001,30.431669236000122],[113.74616241400008,30.433120729000052],[113.75251007100007,30.43841362000018],[113.75308990500014,30.43894386400018],[113.75998687600031,30.445278169000172],[113.76612091100003,30.451499940000073],[113.7765884390002,30.459867477000103],[113.78488922100007,30.467163087000134],[113.78963470500014,30.471408843000066],[113.79660034200015,30.479391097000075],[113.79817199800016,30.481533050000113],[113.80284118700003,30.487901688000193],[113.81330871500018,30.496038437000095],[113.82227325500025,30.506061554000098],[113.82730865600024,30.511629105000054],[113.82996368500005,30.517274857000185],[113.83180999700005,30.52271843000005],[113.83379364000018,30.525409699000022],[113.83954620400004,30.52934265100004],[113.84359741200012,30.530580521000104],[113.84641265900007,30.53392791800007],[113.85025787400014,30.536550523000074],[113.85266113400007,30.536928178000156],[113.85576629700006,30.535213471000137],[113.85881805500014,30.532127381000066],[113.86189269900012,30.52972793600003],[113.86657714800003,30.52750205900014],[113.87156677200007,30.5264148710001],[113.87320709200004,30.533014297000083],[113.87433624200003,30.540088654000158],[113.87486267200006,30.545579911000065],[113.87558746300012,30.5496845240001],[113.87637329000017,30.55493354700019],[113.87904358000014,30.561037063000185],[113.88114166300011,30.56624603200015],[113.88478851400009,30.570251465000187],[113.88893127400024,30.573551179000162],[113.89372253300007,30.573617935000186],[113.89842224100016,30.57242584200003],[113.89969635000011,30.572101594000063],[113.90001678500006,30.57202148500005],[113.90585327100018,30.57159233000016],[113.90962982100018,30.57283973600016],[113.91474914600019,30.574270248000065],[113.91999053900021,30.57764053400001],[113.92500305100009,30.582866669000172],[113.92949676400008,30.58821678200007],[113.93209838900009,30.592487335000044],[113.93386077900004,30.596097946000043],[113.93547058200011,30.602006913000025],[113.93359374900001,30.60712242200009],[113.93199157600009,30.612684251000076],[113.93109130900007,30.61615753100006],[113.93128967300015,30.620281219000052],[113.93316650400027,30.626411439000098],[113.93679809600019,30.629959107000165],[113.93984222400002,30.632377624000185],[113.94138336100002,30.636915206000086],[113.93697357200017,30.639131545000055],[113.93096923800022,30.63978386000014],[113.93059539800005,30.64006805400004],[113.92709350700012,30.642755510000143],[113.92352294900002,30.645641327000078],[113.92362213200033,30.647703172000092],[113.92519378700013,30.652458192000044],[113.92828369200004,30.655557632000182],[113.93225860600013,30.660453797000173],[113.93560028000002,30.66330909800007],[113.93708038200009,30.666236878000003],[113.93990325900018,30.669343948000066],[113.94053649900002,30.670234680000082],[113.94275665300017,30.673362732000047],[113.94379425000011,30.676496505999978],[113.95111084000018,30.690565110000197],[113.94077301000027,30.694877625],[113.94027710000012,30.695301057000048],[113.93837738000013,30.696466447000034],[113.93682098500005,30.697444915000176],[113.93395233100023,30.698236465000093],[113.93183898900008,30.698545456000033],[113.928123475,30.69868469300007],[113.92529297000021,30.698791503000056],[113.91967010400003,30.699922561000168],[113.91866302400001,30.700874328000165],[113.91694641100003,30.70392036400011],[113.91352844300002,30.709783553000193],[113.91158294700017,30.713293075000134],[113.90991210900006,30.717029573000048],[113.90148925700021,30.713674546000163],[113.89862060500002,30.712968827000168],[113.89745330800021,30.712678909000143],[113.89367675800031,30.71190071200016],[113.8919067380001,30.71357154800017],[113.89092254700006,30.715215683000057],[113.8892288200002,30.71848869400009],[113.88941955600001,30.72215080300009],[113.88897705100021,30.724006652000128],[113.88976287800017,30.728790284000127],[113.88983154300001,30.730163575000176],[113.89466858000014,30.731132508000147],[113.89781189000018,30.729011537000073],[113.89826965300007,30.72870254500009],[113.90081024200003,30.726314545000037],[113.90583038300008,30.72566795300014],[113.90965271000005,30.727361679000126],[113.91216278000002,30.729560852000137],[113.91356659000007,30.731342316000053],[113.91397094700005,30.733848571000067],[113.91414642300016,30.737285614000147],[113.91513824400022,30.740917207000162],[113.915733337,30.74731826700008],[113.91771698000002,30.754814148000037],[113.91817474400011,30.756286622],[113.91996002200005,30.762067796000167],[113.92150879000008,30.76447105400007],[113.92469024700017,30.7673721320001],[113.93128967300015,30.771732331000184],[113.93544769300013,30.775260926000048],[113.93932342500011,30.778339386000027],[113.9466171270001,30.78038024900019],[113.95163726900012,30.77951812800018],[113.95716857900015,30.778179168000065],[113.96434021000016,30.77769851800008],[113.9710311880001,30.778385163000166],[113.97891998300008,30.78178215000014],[113.98223114000007,30.784189225000034],[113.9879684440001,30.78720283600012],[113.99346923900009,30.790679932000042],[113.99697113100012,30.7914752960001],[113.99960327200017,30.790607453000177],[114.00000000000011,30.790477752000186],[114.00843811100015,30.78931808500005],[114.01275634800004,30.78809356800008],[114.01813507000031,30.786909105000063],[114.0221710200001,30.78613662800018],[114.02779388500007,30.785419465000075],[114.03314971900033,30.78492355400016],[114.03823852500022,30.78418541000019],[114.04411316000005,30.783933640000154],[114.04570007200005,30.783901214000142],[114.05237579300001,30.783767700000116],[114.05561065600011,30.782962800000124],[114.06283569300001,30.782304764000177],[114.06764984100016,30.781784056999978],[114.07164001500007,30.78192520100015],[114.07566070600012,30.78137779300016],[114.08019256600005,30.781309127000156],[114.08500671400009,30.780788423000043],[114.09064483600002,30.77983856300017],[114.09497070300006,30.778385163000166],[114.09655761800002,30.77796745300003],[114.09955596800012,30.77717018099997],[114.10490417400013,30.775110244000185],[114.10569763100011,30.772630691000078],[114.11049652100019,30.770589828000087],[114.11342620800008,30.769910813000138],[114.11713409400024,30.772676468000043],[114.12113189700017,30.771545410000105],[114.13122558500004,30.774333953000166],[114.1382827750001,30.773479463000175],[114.1495895380001,30.772111894000087],[114.16043853800034,30.76823043900015],[114.16291046200001,30.767347336],[114.16843414300013,30.763246536000164],[114.16799926800013,30.771289825000167],[114.16858673100012,30.775896073000073],[114.16886901900023,30.781181336000145],[114.1694030760001,30.783262254000196],[114.16999816900022,30.78558159000005],[114.17039489800004,30.788578033000082],[114.17049408000014,30.79224968000005],[114.17059326200001,30.795923232000064],[114.17173767100007,30.79986000100013],[114.17369079700006,30.803827285000068],[114.17482757500011,30.806449890000124],[114.17561340200007,30.808252335000134],[114.17733764600007,30.81129455500013],[114.17948150600012,30.816871644000173],[114.17956543000004,30.822227477000183],[114.17573547300026,30.824655533000165],[114.1680450450001,30.82953071700013],[114.16609954900002,30.834310531000025],[114.16649627700019,30.842332840000036],[114.1653900150003,30.84460258600012],[114.16294097800005,30.863113403000057],[114.15774536200014,30.886621474999966],[114.1576843270001,30.88982391500008],[114.16159820500015,30.89468193000016],[114.15969085600011,30.897405625000037],[114.16045379700006,30.89947319000009],[114.1585311890002,30.90265464800007],[114.14939880400016,30.907112122000115],[114.15243530300006,30.916305543000075],[114.14990997300004,30.92382812600016],[114.15486908000014,30.929840087999995],[114.16004181000005,30.93860626300011],[114.15295410100009,30.947898866000116],[114.1547241210003,30.95364570600009],[114.16024017400014,30.95806312500008],[114.16153717000009,30.960367203000146],[114.1696624760001,30.968252182000185],[114.17064666700003,30.97045326300014],[114.1732559190001,30.97631073000008],[114.17469787700009,30.985712051000178],[114.1743850700002,30.988225938000088],[114.17300415000011,30.98940277100019],[114.16355896000005,30.99747085600012],[114.16137695300006,31.000417710000026],[114.1583251950002,31.00747680800004],[114.15827179000007,31.010450362000032],[114.15119171100002,31.018825532000054],[114.14978790200018,31.022928237000144],[114.14970398000004,31.02773475700013],[114.15152740600001,31.03027534600011],[114.15813446100005,31.03402137700016],[114.15996551400008,31.036104202000104],[114.16458892800006,31.04646110500005],[114.16719055200019,31.050157548000076],[114.17086792000009,31.05340957800019],[114.17488098100011,31.055469514000098],[114.17589569100005,31.055988311000135],[114.18350982700008,31.063182831000177],[114.18378448500016,31.07315063500016],[114.18383789000018,31.075086594000027],[114.17704009900001,31.098344803000145],[114.17559814400022,31.108163834000152],[114.17536163300008,31.10977935900019],[114.17660522400001,31.111684799000102],[114.17954254100016,31.11617469900017],[114.18162536600005,31.117393494000165],[114.18662262000021,31.119171142000027],[114.19033813500005,31.11975669900005],[114.1950454700001,31.12198257400007],[114.19972229000018,31.124891282000075],[114.20252990800009,31.127740861000007],[114.20511627200005,31.12966537599999],[114.20867919900002,31.13345336900017],[114.21359252900015,31.137060164999983],[114.21709442100018,31.14222526500015],[114.22140503000003,31.14741706800009],[114.22976684500009,31.157333375000178],[114.23255920300006,31.16063881000002],[114.23428344700005,31.163909913000055],[114.23574066200013,31.167167663000097],[114.23735809300013,31.172727584000146],[114.23877716000004,31.17667198100014],[114.23995971700003,31.180152894000116],[114.2396926880001,31.185874940000133],[114.24028778000013,31.19048118600006],[114.2401275630001,31.193916322000064],[114.23834228400007,31.197982788000104],[114.23601532000009,31.20203399700017],[114.2326736460002,31.204900742000124],[114.22808837900016,31.205892563000024],[114.22377777100019,31.206434251000076],[114.21950530900017,31.20628738400012],[114.21770477200016,31.206140519000144],[114.21471405000011,31.205898286000096],[114.20938110400016,31.20548629899997],[114.20584869400011,31.206739425000137],[114.20249939000007,31.209838868000134],[114.19883728000013,31.21384239300005],[114.19430542000009,31.219190598000125],[114.18975830000011,31.224996567999995],[114.18759918100011,31.22727584800015],[114.18385314900013,31.231216430000018],[114.18068695000011,31.23615264900019],[114.17886352500011,31.240905761000135],[114.17750549300001,31.247051239000086],[114.17568206800001,31.251806259000034],[114.17595672600022,31.25731849800002],[114.175498962,31.261428833000025],[114.17564392100019,31.26184272699999],[114.17716217000009,31.266073228000042],[114.1815872200001,31.268747331000043],[114.18556213300008,31.269569397000172],[114.18794250500002,31.270111085000053],[114.19188690200019,31.271623611000166],[114.19264984100006,31.272188187000154],[114.19448089600007,31.273544311000084],[114.19541168200021,31.276557922000105],[114.19501495400004,31.2792930600001],[114.19425964300001,31.28408432000009],[114.19382476800013,31.28774070800012],[114.1938705450001,31.290182113000014],[114.19390106200002,31.29187011700009],[114.19506835900006,31.29557991100006],[114.19708252000021,31.298400880000145],[114.1999130260001,31.300788880000027],[114.20278167800018,31.30249023500005],[114.20622253400006,31.303295134999985],[114.20992279000018,31.304340363000165],[114.21240997400014,31.304853440000045],[114.21257781900022,31.30488777200009],[114.21599578900009,31.30614852900004],[114.2183074950002,31.308294296000042],[114.22007751500007,31.31064605699999],[114.22160339400011,31.31230545000005],[114.22303771900022,31.316019058000048],[114.22362518200009,31.318416596000194],[114.22394561700004,31.31971931400011],[114.2271270760001,31.326248170000156],[114.22957611100014,31.33114624000007],[114.2318038950001,31.33511924800013],[114.23403167700019,31.33909416200004],[114.23764800900005,31.34196662900013],[114.24070739700028,31.34380912800009],[114.24208068900009,31.34464264000013],[114.24571228000002,31.34728241100015],[114.25088500900006,31.351356507000048],[114.25595092700019,31.35175514299999],[114.25985717700007,31.354181289000053],[114.26560974200004,31.356092454000137],[114.26830291800013,31.356985093000052],[114.27452087400002,31.36155128500019],[114.27923584000007,31.36400032200004],[114.28356933600014,31.363000870000125],[114.29021454000019,31.358177186000148],[114.29700470000012,31.3501472480001],[114.30051422200006,31.343616486000144],[114.30532074000007,31.336921693000136],[114.3056564330002,31.336450576000175],[114.31182861300033,31.33023452700019],[114.3135757450001,31.327083587000065],[114.31745147600009,31.32423019300006],[114.32316589400023,31.322126389000065],[114.32718658500005,31.322029115000195],[114.3308715820001,31.322044373000043],[114.3349533090002,31.32205772400016],[114.33997344900025,31.323600769000056],[114.34764099100016,31.32568740900018],[114.35272979700007,31.325624466000022],[114.3583908070002,31.324895859000094],[114.36659240700021,31.321037293000188],[114.3684387200001,31.320421220000128],[114.37474060100011,31.318321229000162],[114.37882232700008,31.316850662000096],[114.38506317200006,31.31499290500011],[114.3901824940001,31.31423950200008],[114.3963546760001,31.313983918000023],[114.40171051000004,31.31392860500017],[114.4119491570001,31.312427520000025],[114.42245483400029,31.310932160000164],[114.42568206800001,31.310487747000025],[114.43188476600017,31.30963325400012],[114.42861938500005,31.304714204000103],[114.42591857900027,31.299123764000118],[114.42524719200003,31.29812240700011],[114.4221496570002,31.293497086000116],[114.4177856450001,31.28923034800005],[114.41318512000021,31.28426361100009],[114.41043853800011,31.27981948900009],[114.40849304200003,31.275398255000027],[114.40705108700001,31.271684646000153],[114.40563964900002,31.26727867200009],[114.40449524000007,31.262886048000098],[114.40282440200019,31.25824737600016],[114.40114593500016,31.253835677000097],[114.4005661010001,31.248771667000142],[114.40052032400001,31.247081756],[114.39897155800008,31.244939805000175],[114.39682769800015,31.23546218900009],[114.40280914300013,31.22733497600007],[114.43972015300005,31.20468139600013],[114.44618225100021,31.19674491900008],[114.44445037700007,31.176935196000162],[114.45003509600008,31.168743135000113],[114.46746063300009,31.155250550000062],[114.47747802700007,31.15138626100014],[114.49550628700013,31.139328004000163],[114.50557708700012,31.13559341400003],[114.51432037400025,31.129009248000102],[114.51976013100013,31.120782852000104],[114.52197265700022,31.101055145000036],[114.51545715400016,31.0829906460001],[114.49652862500011,31.049621583000036],[114.49401855500014,31.030151368000134],[114.49855804500021,31.021587372000113],[114.50666809000006,31.014795303000085],[114.54248809900002,30.99032592899999],[114.56172943000001,30.980987549000076],[114.56394195600012,30.980169296000152],[114.5660934450002,30.978664398000152],[114.5688705450001,30.976228714000058],[114.57239532500012,30.974735261000035],[114.57622528000002,30.972560882000156],[114.57923126300011,30.970823288000076],[114.58355712800017,30.969583511999986],[114.58403015100032,30.969404220999994],[114.586349487,30.96483421400018],[114.58635711700015,30.954597473000035],[114.59012603800011,30.94575691300008],[114.609092712,30.93173217800006],[114.62020874100006,30.930622101000157],[114.6303405760002,30.934167863000084],[114.63636779800026,30.937616349000113],[114.6424713140001,30.93838882500006],[114.6477661140001,30.939241410000193],[114.65278625500015,30.94031334000005],[114.65752410900008,30.941835404000074],[114.66201019200004,30.943119050000064],[114.66752624500019,30.945123673000072],[114.6681976320001,30.945577622000087],[114.67021179100004,30.945123673000072],[114.6926803590003,30.94523620600006],[114.6936874390001,30.94454956100003],[114.69559478800011,30.943456650000087],[114.69802093400016,30.94284439200004],[114.7022476200001,30.943891526000183],[114.70079040400014,30.946825028000095],[114.6982650760001,30.94996261500006],[114.69706726000027,30.953134537000153],[114.69505310000012,30.956741333000142],[114.69496154800015,30.95903205800005],[114.69506835900017,30.96293449300009],[114.69546508700013,30.966157914000068],[114.69616699200004,30.968700409000064],[114.69736480600021,30.971946716000165],[114.69912719600018,30.974523544000192],[114.70191955500002,30.978046417000083],[114.70641327000008,30.979099273000145],[114.70809936400019,30.97974205100007],[114.710350037,30.980594636000145],[114.71434020900006,30.98094558700018],[114.71598053100014,30.981185913000157],[114.71831512500034,30.981527329000134],[114.72177887000032,30.981630326000076],[114.72545623700024,30.983118057000127],[114.72938537600031,30.98484039200008],[114.73280334400033,30.9860935210001],[114.7351379390002,30.987766267000158],[114.73696899400021,30.98873901500019],[114.74014282300004,30.98929214600003],[114.74334716800001,30.989387513000167],[114.74969482300003,30.990726471000134],[114.75531005900017,30.99043846199999],[114.75759887600007,30.986606598000037],[114.7588043200002,30.983203888000048],[114.7600250250001,30.979343415000127],[114.76042175300019,30.976144790000035],[114.76107788100023,30.972953797000063],[114.7609176640002,30.970424652000133],[114.76075744700007,30.96767044000018],[114.76140594500022,30.96493721000013],[114.76306915300019,30.96338272200012],[114.76549530100033,30.962766648000127],[114.76996612600033,30.9642772680001],[114.77146911600016,30.966615678000096],[114.77166748000002,30.968456269000114],[114.77339172400026,30.971944809999968],[114.77712249800004,30.978708267000115],[114.7787017820001,30.985862732000104],[114.77953338600003,30.99184990000009],[114.77989196800003,30.996217728000147],[114.78056335500003,30.99944686900011],[114.78202056800014,31.00292968700012],[114.78352355900006,31.003694535000193],[114.7846908580001,31.003330231000067],[114.79941558800023,30.989393235000133],[114.79969787600011,30.987863541000028],[114.79985046400009,30.98419570900012],[114.79891967700009,30.980730057000073],[114.79801941000018,30.97657585200017],[114.79763794000019,30.972669602000114],[114.79835510300006,30.96810150300007],[114.79957580600012,30.96423912200015],[114.80155944800015,30.961318970000093],[114.80385589600007,30.959640504000106],[114.80494690000013,30.957574845000185],[114.80796813900008,30.95639610400008],[114.8084335330002,30.956020356000067],[114.81283569400034,30.95270919900014],[114.81823730500027,30.951034546000017],[114.8227996840002,30.95025253400019],[114.82678222600019,30.95082855300012],[114.82900238000003,30.951652527000082],[114.84728240900007,30.94707107500011],[114.85172271700024,30.949312210000187],[114.85485839900002,30.948902131000068],[114.85914611700002,30.948337553999977],[114.86486816500008,30.95217514100017],[114.86842346200002,30.95663452299999],[114.87144470300018,30.96130752700014],[114.87319946300022,30.964113236000173],[114.87378692600022,30.969633102000046],[114.87441253700001,30.97400856000002],[114.87430572500011,30.97675514300016],[114.87311553900018,30.97993087700001],[114.87037658600015,30.981683732000196],[114.86657714800005,30.98340797500015],[114.86254119900013,30.984209060000072],[114.85959625300019,30.984582900000078],[114.85578155500001,30.986534119000172],[114.85354614200001,30.988325120000127],[114.85277557400026,30.992120743000047],[114.86062622100006,30.99908828700006],[114.86806488000002,31.00225448600014],[114.87303924600019,31.00240135200005],[114.87412261900023,31.00231170600006],[114.88117217900015,31.000228883000148],[114.89040374700028,30.99472236700018],[114.90039062500011,30.995574950000105],[114.90827178900008,30.998306275000065],[114.90869903600013,30.997930528000158],[114.90985107300004,30.995666504000045],[114.91205596900035,30.99389839200012],[114.91475677500034,30.993059160000147],[114.9173202510002,30.99565505900006],[114.91747284000007,30.99864196900012],[114.91832733200012,31.000345231000153],[114.93260192900006,31.002645494000145],[114.94477081200012,30.99611282300009],[114.9470291130002,30.993297576000145],[114.9497756960002,30.99131202800015],[114.9524993890002,30.98978424100017],[114.95546722300003,30.98895073000017],[114.96022796600006,30.990003586000057],[114.96413421700005,30.992637635000165],[114.96751403800022,30.99479675399999],[114.96958160400006,30.99669075000003],[114.97057342600021,30.99855232200008],[114.97075653200012,31.000850677000074],[114.97116851900013,31.00407409600007],[114.97129058900009,31.007745742999983],[114.97009277300016,31.011150360000048],[114.96813201900012,31.01361656300008],[114.96748352100006,31.016580582000135],[114.96609497100009,31.019208908000167],[114.97079467900016,31.019565581999984],[114.98055267300015,30.992477417000035],[114.98159027200008,30.986089706000087],[114.98119354300003,30.986013412000148],[114.97888946600027,30.983425141000172],[114.97788238600025,30.981792450000174],[114.97770691000017,30.979494094000074],[114.97834777800006,30.976531983000033],[114.98110962000011,30.97408676100002],[114.98387145900028,30.971643449000165],[114.98394775500003,30.97158432100008],[114.98525238100002,30.963537216000137],[114.98850250300018,30.960336686000176],[114.98860168500018,30.95939636200018],[114.99082946800002,30.956937790000154],[114.99207305900018,30.956821442000088],[114.99281311100013,30.95608711200009],[115.00005340500003,30.938301086000024],[115.00527954200017,30.929992677000143],[115.01271057100007,30.92450714200004],[115.02223205600002,30.921819687000152],[115.02311706600005,30.920930862000034],[115.02591705400005,30.917566300000036],[115.02919769300001,30.915363312000185],[115.03295898400008,30.91455268900018],[115.03591156000017,30.913948060000163],[115.0396652210003,30.913366318000158],[115.04238128600002,30.912063599000078],[115.0461502070001,30.911022185999972],[115.04942321800003,30.90905189600005],[115.05324554500021,30.906635284999997],[115.05577087300026,30.903266907000045],[115.05824279900013,30.901271821000137],[115.06124878000027,30.899290086000065],[115.06448364200004,30.898233414],[115.06758117700008,30.897005081000092],[115.0676879890001,30.89690017700013],[115.07062530400003,30.893913269000052],[115.06043243400006,30.877195358000165],[115.05286407500012,30.87015914900019],[115.0509796140001,30.86852645900007],[115.04884338400007,30.86753082300015],[115.04520416300011,30.86491012499999],[115.04264831600028,30.862085342000174],[115.04252624500009,30.861955644000087],[115.02616119300014,30.852989196000184],[115.02140045200008,30.85296249499999],[115.0208587650002,30.85345268300006],[115.0162124640002,30.856531142000104],[115.01211547800018,30.859167098000114],[115.00832367000011,30.860895157000186],[115.00450897100008,30.863080979000188],[115.00128936800003,30.863679886999993],[114.99736022900026,30.861961364000024],[114.9961929320001,30.860410691000027],[114.99578857500012,30.860565186000144],[114.98634338500005,30.85696411200007],[114.98287963800021,30.83781242500004],[114.98408508400007,30.827945710000165],[114.98040008600003,30.81906318700004],[114.96293640100009,30.807170869000174],[114.95275116100005,30.803756714000034],[114.95203399700006,30.801252365000042],[114.95145416300022,30.80126762500004],[114.94886016800022,30.799358368000075],[114.9492645270001,30.79570388900015],[114.94995117200006,30.79182434000001],[114.95116424600008,30.78796005200002],[114.95205688600004,30.785463334000045],[114.95207977200006,30.784761429000127],[114.95213317900006,30.783401490000184],[114.9487533560001,30.781238556000062],[114.94529724100005,30.781141282000192],[114.94485473600014,30.781333924000137],[114.9398803700001,30.78350830100004],[114.93838501000005,30.787822723000147],[114.93582916300022,30.792106628000116],[114.93408203100012,30.79595565900018],[114.93156433100012,30.799093246000155],[114.92681884800017,30.797811508000166],[114.92347717400004,30.794733049000115],[114.92255401600005,30.793882369000073],[114.91991424500007,30.79527282700019],[114.90223693900009,30.782850265000093],[114.89543151800002,30.786077501000136],[114.89309692300003,30.78858184800015],[114.89006805400017,30.79101562500017],[114.88781738300021,30.794162750000055],[114.88610077000033,30.797321320000094],[114.88415527400015,30.799329757000123],[114.8808136,30.803131105000034],[114.8773345940001,30.80348777900008],[114.87364959700017,30.802463531000058],[114.87077331500018,30.80100441000019],[114.86794280900027,30.798627854000188],[114.86512756300012,30.795564653000156],[114.86338806100002,30.79253387600011],[114.86329650900008,30.787942886000057],[114.86351013200012,30.787073135000128],[114.85406494100005,30.76602935900013],[114.8487854010001,30.757734300000095],[114.82888793900008,30.73602104300005],[114.82494354200014,30.734300614000066],[114.81868743900021,30.73113441400011],[114.81322479300013,30.727991104000072],[114.80860137900004,30.723724366],[114.80447387700008,30.72039222799998],[114.80033111600007,30.717517853000118],[114.79199981800001,30.70626258800013],[114.79591369600017,30.699548721000156],[114.79558563100012,30.697906494000108],[114.79758453500028,30.688335418000065],[114.80218505800019,30.683200837000076],[114.80017852900016,30.676803590000187],[114.80210113600003,30.671092987999998],[114.80696105900006,30.66472053600017],[114.82021331800001,30.66734886200004],[114.82255554200003,30.667314530000002],[114.83031463600003,30.66720390300003],[114.83522033600025,30.657007218000043],[114.83547973600001,30.65648079000016],[114.83818054200005,30.643875122000054],[114.8317718520002,30.636045456000094],[114.82392120400006,30.63005065900012],[114.813941956,30.626110077000195],[114.80326843300021,30.628562927000132],[114.79185485900018,30.62757301300007],[114.77833557000007,30.62172508200001],[114.7712020880001,30.618640900000116],[114.7605285640002,30.617183686000146],[114.74160766700003,30.60749054000019],[114.71140289400012,30.596698762000013],[114.67248535200008,30.5795497900001],[114.63503265300005,30.559410095000036],[114.62402343700002,30.557752609000033],[114.604804994,30.561946868000064],[114.59066772400001,30.54680061300013],[114.57071685900007,30.534513473000118],[114.5608520510001,30.50855636600011],[114.56293487500034,30.49972152700019]]]},"properties":{"GID_2":"CHN.13.12_1","GID_0":"CHN","COUNTRY":"China","GID_1":"CHN.13_1","NAME_1":"Hubei","NL_NAME_1":"湖北","NAME_2":"Wuhan","VARNAME_2":"Wǔhàn","NL_NAME_2":"武汉市","TYPE_2":"Dìjíshì","ENGTYPE_2":"Prefecture City","CC_2":"NA","HASC_2":"NA","id":"420100","name":"武汉市","NAME":"武汉市","adcode":"420100","SOURCE":"GADM v4.1","GADM_GID":"CHN.13.12_1"}},{"type":"Feature","geometry":{"bbox":[110.76155853200004,31.23527527000016,113.11553955000011,32.63743209900008],"type":"Polygon","coordinates":[[[111.9456176760001,31.416170121000107],[111.94432067800005,31.407945633000168],[111.94307708700012,31.402004243000082],[111.9418869010002,31.39744567900004],[111.94125366200012,31.393560410000187],[111.93846893400013,31.38994407700017],[111.93621826100014,31.386089325000114],[111.93533325200019,31.382898330000103],[111.93575286900018,31.378763198999994],[111.93653869600008,31.368658065000037],[111.93283844000018,31.36070632999997],[111.93168640100015,31.357746124000187],[111.93129730300012,31.353170394000127],[111.93092346300013,31.34950828500007],[111.93002319300001,31.345857620999993],[111.92754363900002,31.342926027000093],[111.92372894300007,31.34093666100017],[111.91779327500012,31.338985442000137],[111.9136581410001,31.33493995700013],[111.91615295300011,31.32801056000011],[111.91864013700001,31.32131576600006],[111.92117309600008,31.315994262000117],[111.92397308400012,31.310438157000196],[111.92578888000008,31.308565139000113],[111.92991638300009,31.302755357000134],[111.932502747,31.29926490800006],[111.93534851000004,31.29599952800004],[111.93765258800005,31.292058946000168],[111.9383163440001,31.287229539000176],[111.9378967290001,31.28196525500016],[111.93617248600016,31.277183533000084],[111.9344635010001,31.27354621800015],[111.93360900900007,31.271499635],[111.93108368000014,31.267192840999996],[111.92830658000021,31.263807297000028],[111.92611694300012,31.26178550700007],[111.92369842400012,31.261375428000175],[111.91871643100012,31.265138627000052],[111.91420745900007,31.26660156300011],[111.91100311200006,31.266893387000096],[111.90614318900003,31.264921189000177],[111.90046691800012,31.26319694600005],[111.89423370300017,31.259878158000106],[111.89061737100008,31.255361556000143],[111.88672637900004,31.249931336000092],[111.88258361800018,31.244735718000072],[111.88009643600009,31.242263795000103],[111.878700256,31.23976516800019],[111.87416076800014,31.239854812000143],[111.87100219700017,31.241973876000145],[111.86759948800011,31.244562150000093],[111.865196228,31.24506568900011],[111.86248779300018,31.2435112010001],[111.85894012500012,31.240827560000184],[111.85726928600013,31.238565444000074],[111.85195922800011,31.24062156800016],[111.85034179700011,31.240182877000052],[111.84764862000014,31.238613128999987],[111.84602355900006,31.237487793000124],[111.84467315600013,31.23658943200019],[111.84278869500008,31.235925675000033],[111.83956909200009,31.23527527000016],[111.8358383170002,31.235549928000125],[111.8318481450001,31.236743926000145],[111.82893371600011,31.23814964200011],[111.82472991900016,31.24255180300008],[111.82108306800012,31.247402191000162],[111.81635284400011,31.25203704800003],[111.8105163580002,31.255310059000067],[111.80412292599999,31.25606918400007],[111.79879760699998,31.25727844300019],[111.79617309600019,31.259830475000115],[111.79292297400002,31.26035881000007],[111.79293060400016,31.261047363000102],[111.79213714700012,31.262201309000037],[111.79136657800007,31.264041900000166],[111.79006958000019,31.265888214000142],[111.78875732400019,31.26773452800018],[111.78748321600006,31.270269395000188],[111.78540039100017,31.27395820700008],[111.78304290800003,31.276500702000195],[111.78119659400005,31.278585434000036],[111.77745819100005,31.278627396000104],[111.77580261200013,31.275442124000165],[111.77333831800019,31.272033692000093],[111.77065277000021,31.271150589000115],[111.76933288600003,31.272310258000065],[111.7664566040001,31.276464462000032],[111.76389312800006,31.282445908000057],[111.76261138800011,31.285894394000085],[111.76048278799999,31.286378860000013],[111.75591278200005,31.285284043000104],[111.75277710000012,31.285179138000046],[111.74918365399998,31.28561782900005],[111.74701690700006,31.287868499000073],[111.74423217700001,31.292058946000168],[111.7418899540001,31.295211793000192],[111.73928833000014,31.29852104100007],[111.73665618900009,31.301296234000066],[111.73430633500016,31.30453109800004],[111.73400116000005,31.307050706000155],[111.73377227700018,31.309343338000133],[111.73459625300018,31.31093788300018],[111.7386627210002,31.313867570000184],[111.74243927000009,31.316114426000123],[111.74488830500013,31.318605422000132],[111.74574279800004,31.32157135100016],[111.74658203200005,31.32385444600015],[111.74794006300004,31.325210572000056],[111.75169372600006,31.326084138000052],[111.7517395010002,31.328834534000066],[111.74881744400005,31.33001136900003],[111.74401092400012,31.33052253800014],[111.73973846400008,31.330570219999974],[111.73840332100002,31.331041337000162],[111.73657226600017,31.333356858000176],[111.73660278400018,31.33495712300015],[111.73905181900005,31.33790588400012],[111.7420272830002,31.33993339600005],[111.74503326400014,31.343561172000193],[111.74696350000016,31.34674453800011],[111.744361878,31.351583480000105],[111.74144744900019,31.3534488680001],[111.74012756400015,31.354608537000047],[111.7388305660001,31.356681824000074],[111.73779296800006,31.358753204000042],[111.73892974800015,31.362863541000024],[111.74169921800018,31.368556976000097],[111.74133300800003,31.37080192600007],[111.73519134600008,31.37264251700003],[111.7287216180002,31.369546891000027],[111.72221374500003,31.366453172000153],[111.714653016,31.364067078000065],[111.70580291800013,31.363534928000096],[111.70124054000014,31.36315727200008],[111.69641113300014,31.362781525000173],[111.69077301000004,31.36196517900015],[111.68482208300014,31.359777451000127],[111.678337097,31.357828140000034],[111.6737670900002,31.35699081400003],[111.66680145300018,31.356653213000072],[111.66037750300012,31.3567657480001],[111.65611267000014,31.357526779000068],[111.6513366690001,31.359445571000034],[111.64737701400014,31.362031937000154],[111.64182281500007,31.364419937000036],[111.633636475,31.36937522900007],[111.62306976400015,31.37528610300006],[111.61930847100008,31.374893190000197],[111.61737060500013,31.372175217000063],[111.61432647700013,31.368099214000097],[111.61179351800007,31.363100052000163],[111.60659790000005,31.358600616000047],[111.60056305000006,31.352514266000018],[111.59504699600001,31.346416473000094],[111.59120941100004,31.34235572800009],[111.58605194000006,31.339460374000172],[111.58091735900007,31.33771324200018],[111.57631683400018,31.335268021000104],[111.56791687000003,31.331050873000038],[111.5643463130001,31.327440261000106],[111.5578536980002,31.32411193800016],[111.54949188200004,31.32172775300012],[111.54353332500006,31.31861686800005],[111.53620910700016,31.31484031800005],[111.5307922360002,31.31217765800017],[111.52294921800018,31.308637620000184],[111.51322174199998,31.30443763800014],[111.50652313300009,31.30431747500006],[111.49610900800002,31.305173875000033],[111.48625183100006,31.307165146000045],[111.4742202770002,31.30804634200012],[111.46166229300013,31.308706283000102],[111.45471954300018,31.309503556000042],[111.446983338,31.310771943000134],[111.43978881800018,31.31203269900016],[111.4323577880001,31.314899446000144],[111.42923736600005,31.31953048800011],[111.42743682899999,31.32276916500013],[111.42762756400009,31.33079147300009],[111.42910003700013,31.336959840000194],[111.42978668200004,31.343826294000053],[111.42974853500016,31.353912354000045],[111.4275131230001,31.361513138000138],[111.4260101330001,31.366580963000164],[111.4189224230002,31.373109818000046],[111.41200256400009,31.37482261700012],[111.40315246700015,31.374271393000132],[111.39910888700008,31.37318802000016],[111.39341735800014,31.370063781000173],[111.38504791300016,31.36721229500017],[111.37506866500013,31.36392593300019],[111.36831665000005,31.361734391000027],[111.36077880900012,31.35932541000011],[111.35163116500013,31.357402802000028],[111.34494018600014,31.35773086600017],[111.33904266300004,31.35690307699997],[111.33100128100013,31.357021332000105],[111.32810211200012,31.35912895100012],[111.32438659600002,31.361017227000044],[111.3201828010001,31.364059449000028],[111.31703186100015,31.367317200000063],[111.31284332200005,31.371961595000187],[111.30841064500004,31.377531051000005],[111.30316162100007,31.38265037600002],[111.29654693600014,31.38710212700005],[111.28988647400007,31.388805389000083],[111.28378295800007,31.391185761000088],[111.27742767300015,31.394716264000067],[111.27242279100011,31.398685455000138],[111.26986694400013,31.404680253000155],[111.26544952400019,31.41139221200012],[111.26422119100006,31.416912079000046],[111.26116180300006,31.42429351700008],[111.26554870600006,31.429273605000045],[111.27043914800004,31.43241310200017],[111.2748336790001,31.437162400000034],[111.2743530260002,31.440378189000114],[111.27147674600008,31.44408989000016],[111.26596069300012,31.449211120000033],[111.26123809900014,31.45386314500013],[111.25116729700001,31.459966659000084],[111.24535370000012,31.463262558000057],[111.24030304000019,31.46562385600004],[111.23097229100006,31.46827888600012],[111.2256469720001,31.470415116000144],[111.21679687400007,31.470079423000186],[111.2108688360002,31.46855735899999],[111.20675659100004,31.464487076000125],[111.20449066200001,31.457874298000092],[111.20308685400006,31.454912187000048],[111.20272064200014,31.44987487800006],[111.20101165700004,31.444858551000095],[111.19937133800012,31.44327354400013],[111.19613647400018,31.442630769000118],[111.19058990400009,31.446376802000035],[111.18611145100016,31.45010757400013],[111.18266296500013,31.45152854900005],[111.17783355600011,31.451364518000048],[111.17462921100008,31.452554704000136],[111.17041778600009,31.456510544000025],[111.16397857700014,31.456136704000183],[111.16014862000003,31.45206451400009],[111.1568527230001,31.447753906000116],[111.1514434820001,31.44530677900002],[111.14497375399998,31.443559647000086],[111.13533783000014,31.444147110000078],[111.12837219300013,31.444240570000037],[111.1211166380001,31.443420411000087],[111.11618805000018,31.437982559000144],[111.11340331900004,31.432287217000184],[111.10768127400013,31.427322389000036],[111.09445953400001,31.42267990100015],[111.08698272600009,31.423467636000055],[111.0789718630001,31.425403593999988],[111.07234191999999,31.429157257000156],[111.06758117700019,31.432426453000115],[111.06305694500014,31.434320450000087],[111.05885315,31.438730240999973],[111.05330658000008,31.44338226400004],[111.051246644,31.447996140000047],[111.04976654000012,31.45466232300015],[111.04868316700009,31.467973709000034],[111.04547882100019,31.48382949900008],[111.04456329300012,31.492095947000166],[111.04627990700004,31.498031617000155],[111.04820251400002,31.500757218000164],[111.05197906600006,31.501857757000153],[111.05602264300006,31.502719879999972],[111.05927276500002,31.504283905000197],[111.06091308700019,31.50632667600019],[111.06150817800017,31.50929641800002],[111.059700013,31.513217926000152],[111.0571289070001,31.51921081500012],[111.0543136600001,31.525894165000125],[111.04934692300014,31.533748626000147],[111.04538726700008,31.53701019400017],[111.04091644300019,31.541650772000086],[111.04074096700003,31.546699523000086],[111.04273986800013,31.553546906000122],[111.04337310800014,31.55858230700011],[111.04189300600007,31.56570625400002],[111.03872680699999,31.569181442000172],[111.03259277300015,31.570177078000143],[111.02321624800015,31.571672440000043],[111.0125122070001,31.573410035000165],[111.00182342600012,31.575374604000107],[110.99028015200014,31.57551765600004],[110.98576355000017,31.57786750800011],[110.97911071900012,31.581384658000157],[110.97344207800012,31.579393386999982],[110.96720886100019,31.57602882500015],[110.96185302800012,31.576553345000036],[110.94731140099998,31.573978424000074],[110.9444198610002,31.577449799000135],[110.940223694,31.582998276000126],[110.93788910000012,31.587383270000032],[110.93636322100008,31.592214586000072],[110.93641662600015,31.595880508000167],[110.93839263900016,31.60089874300019],[110.9446792600001,31.607700349000027],[110.95210266100014,31.617698670000095],[110.95652771100015,31.624750138000028],[110.96179962200017,31.634771347000083],[110.96842956600017,31.64523506300003],[110.9728317270002,31.65091133100003],[110.97261047400008,31.65366363500004],[110.97104644800015,31.65643119800012],[110.96811676100015,31.658302308000028],[110.9633331300002,31.660423279000096],[110.96013641500014,31.662296295000033],[110.9550704950002,31.664417266999976],[110.9511032110002,31.667675019000054],[110.9449768070001,31.671415329000126],[110.93939209000013,31.674232484000076],[110.93373108000016,31.672695160000046],[110.92694854700005,31.668880463000164],[110.91857910200008,31.666685105000056],[110.90950012200005,31.669771195000127],[110.90498352000014,31.672803879000075],[110.90099334800004,31.674682618000194],[110.89595031700009,31.67863845800008],[110.89147186200002,31.68396186800004],[110.88701629600013,31.690200805000128],[110.88224792500006,31.694379806000143],[110.87722778200009,31.699710846000134],[110.87222290000005,31.705266953000034],[110.86934661800007,31.710342408000145],[110.86730194200004,31.71678161600005],[110.86525726400015,31.72276306100014],[110.86399841300016,31.727819443000154],[110.86517334000014,31.734224320000123],[110.866882325,31.73970794700006],[110.8666534420002,31.74222946300017],[110.86430358900022,31.746379852000135],[110.8595504760001,31.751476289000152],[110.85453796400014,31.75703430200008],[110.8474121100001,31.76559448300003],[110.84188842900006,31.772987366000166],[110.83476257300003,31.78108787600019],[110.830253601,31.784803390000146],[110.82624054000001,31.785995484000182],[110.8205871580002,31.78605842700017],[110.81385040300012,31.78498458900015],[110.80605316200003,31.784612656000146],[110.80126190200008,31.788101197000064],[110.7970123290001,31.791585923000067],[110.79093933100017,31.798755646000078],[110.78090667600003,31.811010361000005],[110.77400970500003,31.817041398000132],[110.76818847800007,31.822832107000128],[110.76155853200004,31.829317094000142],[110.76215362500017,31.832750320000173],[110.76199340800014,31.839170456000033],[110.76181030400011,31.84535980300012],[110.76566314700011,31.85012817400002],[110.76867675800014,31.854679107000095],[110.77358245800013,31.85783767800001],[110.7838821410001,31.862539291000136],[110.79279327300009,31.863819123000155],[110.79682922500007,31.864234925000066],[110.80489349300012,31.86346054100011],[110.81078338600008,31.86156273000006],[110.81748199500004,31.85988426100016],[110.8249969470001,31.85842704800012],[110.83409881600011,31.855804443000125],[110.8416290290001,31.8554916380001],[110.84757232700014,31.856571198000037],[110.85431671100002,31.85787010200005],[110.86299133300014,31.861211776000115],[110.87110900800008,31.864097596000192],[110.87413024900019,31.867731094000078],[110.87744903499998,31.87296485900015],[110.8799667360002,31.878435135000135],[110.88516998200015,31.883646012000046],[110.88786315800002,31.88338661200009],[110.89108276400015,31.88288879400011],[110.89643859800009,31.881452562000106],[110.90014648400012,31.87866210900006],[110.90280151300016,31.875652313000103],[110.90621948300014,31.871259689000112],[110.90941619800009,31.869615555000113],[110.91317749000007,31.86865615900013],[110.91829681400014,31.869054794000192],[110.92318725600012,31.87151908900006],[110.92859649700011,31.873287202000085],[110.93079376200014,31.875553131000064],[110.93726348800004,31.876394272000088],[110.9426498410001,31.876329422000083],[110.94822692900004,31.872138978000123],[110.95007324300008,31.869823457000106],[110.9527206420002,31.86750221300008],[110.95565033000008,31.865400315000045],[110.958778381,31.859638214000146],[110.961402894,31.855707168000155],[110.96486663899998,31.85383415300015],[110.96729278499998,31.854034424000133],[110.96917724600007,31.854928971000163],[110.9705734260001,31.857202530000052],[110.97329711900011,31.858776092000028],[110.97712707600004,31.862852097000086],[110.97931671100008,31.86488914500001],[110.9812164300002,31.86578178499997],[110.98336792100008,31.86529731700006],[110.98603057800005,31.863889694000193],[110.990043641,31.862007141000166],[110.99481964,31.858283996000186],[110.99716186500012,31.85389900300004],[110.99461364800004,31.846826554000074],[110.99210357800018,31.842273713000054],[110.9887619010002,31.835668564000002],[110.98542022700008,31.82975006100014],[110.98239135800003,31.825662613000187],[110.983436584,31.823818206000055],[110.98529815600006,31.82264900100006],[110.98931121900017,31.82168388400004],[110.99359130800019,31.82002639800004],[110.9970779410001,31.819524764999983],[111.00055694600007,31.818334579000123],[111.00406646800002,31.819210053000063],[111.00705719100011,31.82146453799999],[111.01036071800019,31.82486343500011],[111.01313781800008,31.829639434000175],[111.016983031,31.834177017000172],[111.02085876500007,31.840084076000156],[111.02263641400015,31.849229812000146],[111.02140808100006,31.85520553700013],[111.01775360200008,31.861665727000116],[111.01461029000006,31.866287231000058],[111.01170349100016,31.86930656500016],[111.00933837800017,31.8725414270001],[111.00673675600018,31.877614975000146],[111.00472259400016,31.88520240800006],[110.9992065430002,31.892833710000165],[110.99575805700016,31.895624161],[110.99098205500002,31.899576188000083],[110.98645782500017,31.902614593000013],[110.98174286000005,31.909547806000038],[110.9794006350001,31.91438865700007],[110.97944641200007,31.91759681800005],[110.9803237910001,31.92102241600014],[110.98148346000005,31.924903870000154],[110.98233795200008,31.92810058500004],[110.98159790000011,31.931776047000028],[110.97923278700011,31.935012817000143],[110.9769134510002,31.9405403130001],[110.97750091600005,31.94374084500004],[110.97969818100007,31.946004867000173],[110.98487853900002,31.949609756000086],[110.99166870200008,31.952966689999986],[110.99846649100004,31.956777574000004],[111.00287628200016,31.96153450000014],[111.00379943800016,31.968168258000105],[111.00173950200008,31.973461151000095],[110.99886322000009,31.97808265700002],[110.99542999300019,31.98224830700008],[110.99227905300006,31.986873627000197],[110.99128723200016,31.99192237800003],[110.99085998500004,31.99765777700003],[110.99111938400011,31.99999999900018],[110.99194336000005,32.00584030300007],[110.99530792300004,32.01207733300009],[111.00221252400013,32.01676559500004],[111.0126495360002,32.02014160100015],[111.01992034900002,32.02071380700005],[111.0285568230002,32.01970672500005],[111.0358963020002,32.01730346700015],[111.04270172100007,32.01420593299997],[111.0492477410001,32.010871886000075],[111.05496978800005,32.00775909500004],[111.05906677300004,32.005302430000086],[111.07077026400015,31.99999999900018],[111.07511139000019,31.99178886400017],[111.0784683220001,31.98418235800017],[111.08352661200013,31.98114013800017],[111.08674621500018,31.980180741000083],[111.0894927990002,31.982440949000026],[111.0901184080002,31.987241746000166],[111.09020233200005,31.99182319600016],[111.08840942300009,31.996658325000112],[111.08759308000015,31.99999999900018],[111.08619689900019,32.00984573300019],[111.09229278500004,32.01474762000015],[111.10030365000006,32.0180778510001],[111.11158752400019,32.02008056800014],[111.12123870900018,32.02274322500011],[111.12892913900004,32.02858352600009],[111.13098907599999,32.03342437800001],[111.13086700500014,32.03914642400008],[111.12619781400008,32.04342651400004],[111.12348175100016,32.04430007999997],[111.11837005700016,32.04376602200006],[111.1118469240002,32.04572677699997],[111.10665130600017,32.04954147300015],[111.10286712600004,32.04971313400006],[111.09942626899999,32.04714202800011],[111.08984375,32.04150009200015],[111.08183288500004,32.03748321600011],[111.0726470950001,32.03825759900019],[111.06993103000019,32.04415512100019],[111.07095337000004,32.05453872700008],[111.07401275600006,32.066654205000134],[111.07605743400012,32.080501557000105],[111.0836486820001,32.09154891900005],[111.10073852600016,32.09982681200012],[111.10925293000015,32.105907440000124],[111.11506652700018,32.11103439500005],[111.1198272700002,32.11591339100016],[111.1300735480001,32.11652755699998],[111.1392211920001,32.117805482000165],[111.15000152700009,32.118652344000054],[111.1642532350001,32.121383666999975],[111.17787170500014,32.12822342000004],[111.18427276500006,32.13198089600007],[111.19387817300009,32.13761520300005],[111.20374298000019,32.143711091000114],[111.21333313000014,32.15071868900014],[111.21855163600009,32.159263612000075],[111.22598266700004,32.16600799600013],[111.2316970820001,32.17708206200018],[111.23641967900016,32.18447494600008],[111.24295806800012,32.19533157500018],[111.24867248499999,32.20708847100019],[111.25161743100011,32.222469329000035],[111.25177002000004,32.228424073000156],[111.24949645900011,32.233890534000125],[111.24481964200015,32.238632202000076],[111.23619842600004,32.25087356500012],[111.23416137800007,32.25817489700012],[111.23380279600008,32.26297760000017],[111.22911071900006,32.267719269000054],[111.22502899200009,32.26903533900003],[111.21851348900003,32.27054595900012],[111.2132720940001,32.27596664400005],[111.211517334,32.2821235670001],[111.21115112200012,32.28738784799998],[111.21219635100016,32.289234162000184],[111.21568298400007,32.29065704400011],[111.22186279400017,32.292804718000184],[111.22733306800018,32.30318832400013],[111.22685241800019,32.31371307400019],[111.2296295160001,32.323829651000096],[111.23922729500009,32.33083343500016],[111.24906921400003,32.339672089000146],[111.26029968300014,32.34646988000014],[111.26969909600007,32.350036622000175],[111.27940368600014,32.35200119100012],[111.29046630900018,32.35329818700012],[111.29799652200018,32.35591888500005],[111.30415344300008,32.36012268200017],[111.30912017800006,32.36912155099998],[111.3108520510001,32.37784576500013],[111.31376648000008,32.380634308000026],[111.3196029670001,32.38780975400005],[111.32360076900012,32.390838624000025],[111.33032226600017,32.39321899500004],[111.33841705300017,32.39447021400009],[111.34889984200004,32.39873123100017],[111.35720062299998,32.403877259000126],[111.36446380600012,32.406951904000096],[111.36927032400007,32.41044616700009],[111.37213897600009,32.41621017500006],[111.37503051700014,32.4212837230001],[111.37171173100018,32.425132751000035],[111.37246704100016,32.427661897000064],[111.37622070200013,32.43022918700001],[111.38166046200007,32.429153442000086],[111.38932800400016,32.42421722500018],[111.399223328,32.41632843100007],[111.4019927970001,32.41247177200006],[111.41092681900017,32.412353517000156],[111.41792297400019,32.41542053300009],[111.42915344300013,32.42403411900011],[111.43531036400015,32.42754364100006],[111.44422912600005,32.42880249000018],[111.453948975,32.43029403700007],[111.46066284200015,32.43381118700012],[111.46733093200015,32.43961715700016],[111.47238159100016,32.44540405300006],[111.47585296600005,32.44865036000016],[111.47959136900016,32.45167160200004],[111.47785186700014,32.45851898300003],[111.47559356600004,32.46376037599998],[111.47219848700007,32.47219085800015],[111.47534179700011,32.4788703910001],[111.48207092200005,32.48147201600017],[111.49095916700016,32.484783173000096],[111.4984436040001,32.49151229900019],[111.5010910040001,32.49452209500015],[111.50405120900018,32.495700837000186],[111.51783752400019,32.503608703000054],[111.51360321000017,32.50650405900018],[111.50990295400004,32.51049804800016],[111.50964355400009,32.51659011900017],[111.51016235399999,32.51958847200018],[111.51525879000015,32.523086548000094],[111.51875305099998,32.52472686800007],[111.53112792899998,32.5310554510001],[111.54161071700014,32.53667450000006],[111.54965972900015,32.541801453000176],[111.56114196800013,32.55292510900006],[111.56781005800009,32.560100555000076],[111.57286071700008,32.56679534900013],[111.57682037400008,32.57371139500003],[111.57942962700008,32.580150605000085],[111.58009338300009,32.58954620500015],[111.57949066200007,32.59343338000019],[111.5772705080002,32.59885406600017],[111.58397674500003,32.60350799700001],[111.59124755800008,32.607482910000044],[111.59795379700013,32.61259460500008],[111.6046066290001,32.62045669600019],[111.61260986400015,32.629932405000034],[111.6217727660001,32.633926392000035],[111.62822723400001,32.63743209900008],[111.63503265500009,32.63704681400009],[111.63757324200009,32.63020324800016],[111.63501739400016,32.61964035000017],[111.63591766400003,32.61392593500011],[111.64060974100005,32.608482360000096],[111.64924621600011,32.611091613999974],[111.65270233100011,32.61685562200012],[111.65779113900004,32.62126159600018],[111.66428375300006,32.62247467100008],[111.66919708300014,32.62068939200009],[111.68772888200004,32.61492919900019],[111.69838714600013,32.60908508300014],[111.7076263420002,32.60872268600008],[111.71526336700015,32.60651016200018],[111.72540283200004,32.59859848100007],[111.73335266200002,32.5929527290001],[111.74140167200005,32.57975006100003],[111.75153350900018,32.57229232900005],[111.76083374000007,32.56734466500012],[111.76953125000011,32.56513595600006],[111.77909851100009,32.559505462000175],[111.78376007200006,32.555656434000184],[111.79718780600012,32.54524993900003],[111.80699157800002,32.5414505010001],[111.8135375970001,32.53853225700004],[111.81980896100015,32.536071777000025],[111.8368911740002,32.53554153400012],[111.84770202600009,32.538158417000034],[111.856163025,32.53411483800005],[111.85810852100008,32.53001022300015],[111.86253357000015,32.52294921900017],[111.86641693000013,32.51473999000012],[111.87544250500002,32.50863647400013],[111.8841629040001,32.505508422000105],[111.89280700700004,32.50650024400011],[111.90957641500006,32.51007843100018],[111.91982269300019,32.514286041000105],[111.92655944800003,32.517547608000086],[111.93575286900018,32.51922989000019],[111.94658660900006,32.519317627000085],[111.95150756700008,32.516380311000034],[111.9572982790001,32.50795364400011],[111.9609069830001,32.49974060200003],[111.9686584480001,32.48583603000009],[111.98014831500012,32.47516250700011],[111.9908294670002,32.46494293100005],[111.99465179400016,32.46199417100013],[111.99683380100015,32.4608688350001],[111.99983978200005,32.45837402300009],[112.00496673500015,32.45955657900009],[112.01439666700003,32.463752748000104],[112.02221679800004,32.46816253700018],[112.02950286900011,32.47096252600011],[112.03922271700003,32.47378540099999],[112.04625701900011,32.474525453000126],[112.05275726400009,32.47434234700007],[112.05603790300006,32.47184753500005],[112.06014251800013,32.467758178000054],[112.06104278500004,32.45906066800018],[112.06082153200032,32.454021454000156],[112.06278228700012,32.4478530880001],[112.06822967400012,32.44445800900013],[112.07502746500006,32.44198989800009],[112.0780181880001,32.44017791800013],[112.0843429570001,32.431293487000175],[112.09201049800004,32.42150116000005],[112.09938049400023,32.41559600900001],[112.10373687800006,32.41310882500011],[112.12197876000005,32.401782989000026],[112.13205719000007,32.39475250200019],[112.14240265000001,32.387950898000156],[112.14919281000005,32.385936737000065],[112.15135955700009,32.385261535000154],[112.15730285600011,32.386219025000116],[112.1732330320001,32.39021301200012],[112.1862030020002,32.393272400000114],[112.19863128700001,32.39495086699998],[112.20864105200008,32.396156311000084],[112.21324920700022,32.394809722000105],[112.21704101500006,32.39460373000014],[112.22392273000003,32.393791199000134],[112.22914886500018,32.38080978400012],[112.24320983900009,32.36717605500013],[112.27071380500024,32.357185364000145],[112.30491638300009,32.33213806100008],[112.31788635300018,32.32830810600001],[112.32383728000002,32.333599090999996],[112.32514190800032,32.33955764799998],[112.32643890400016,32.348266601000034],[112.33154296800024,32.35447693000003],[112.33905029200002,32.3627548230001],[112.3457794200001,32.36737060600018],[112.35386657700019,32.37061691399998],[112.36251831000004,32.37317657600005],[112.37252044600007,32.374824523000086],[112.38115692100007,32.37623977700008],[112.39280700600023,32.37446212900011],[112.40012359600009,32.37334823700013],[112.40908813400017,32.36857986500013],[112.41425323400018,32.36379241900016],[112.41914367800007,32.361297607000154],[112.4280929570001,32.357215881000116],[112.43106842100008,32.356307983000136],[112.43756866400008,32.3549652100001],[112.44380188100013,32.36012649500003],[112.44348907400024,32.36188888500004],[112.47561645400015,32.38042068500016],[112.49067688000015,32.37878417900015],[112.49337768600014,32.38252258400007],[112.4883041390002,32.38729858500011],[112.50090789700018,32.39320373500004],[112.50502014200015,32.39357757700003],[112.51103210400004,32.391517640000075],[112.51895904500032,32.38712310700015],[112.5200424190001,32.38652420100016],[112.52591705400005,32.38685989500004],[112.53263092100019,32.39171218900009],[112.53598785300028,32.395725250000055],[112.53887939400033,32.40161132800017],[112.54367065500003,32.40436172500006],[112.5512924200001,32.40150833100006],[112.55787658600013,32.39813613800004],[112.56175994800005,32.394340515000124],[112.56990051200023,32.392410278],[112.57972717300015,32.39178085300006],[112.59442138600014,32.389572144],[112.60632324200003,32.389411927000026],[112.61450195200018,32.38514709500009],[112.6247634880001,32.382289886000024],[112.63333892800017,32.376308441000106],[112.63976287800006,32.37077331600017],[112.64598846500007,32.36947250500009],[112.66545105000023,32.37041091900011],[112.67029571400019,32.370326995000084],[112.67681121900023,32.367130280000026],[112.6838684080002,32.3608627320001],[112.69435119600007,32.35788345400016],[112.70530700700021,32.35984420900013],[112.71779632500011,32.36175918600003],[112.72492980900006,32.363105774000076],[112.734451293,32.36091613899998],[112.74519348100011,32.35069275000012],[112.75140381000017,32.34856033300014],[112.75750732300027,32.34767532400019],[112.76566314800016,32.35078811700009],[112.77185821600006,32.35632324200003],[112.77884674100005,32.36320114100005],[112.78732299800015,32.36873245300012],[112.79812622100008,32.37446975700004],[112.81462860000023,32.379985810000164],[112.82978057800017,32.38389206000005],[112.84573364300002,32.393066406000116],[112.85492706300022,32.398109437000016],[112.86467743000004,32.40017700100003],[112.87036132900005,32.399032593000015],[112.87280273400017,32.39491653500016],[112.87145233200022,32.38185882600004],[112.87335205100011,32.37705230800009],[112.88308715800008,32.3791198720001],[112.88984680200019,32.38507843100007],[112.89660644600008,32.39103317300004],[112.90608978300008,32.39309692400019],[112.91771698000014,32.39241409300007],[112.92178344600006,32.39172744799998],[112.94235229500032,32.39057922400002],[112.94830322400003,32.3908119200001],[112.95452880800019,32.38760376000005],[112.95993804900002,32.37958908100012],[112.96399688700012,32.37340545700005],[112.97129821900012,32.37203216500012],[112.98211669800003,32.37454605000005],[112.98592376700014,32.3804969790001],[112.98510742100007,32.38919830400016],[112.98268127500012,32.40179443400018],[112.98538970900006,32.41278457700014],[112.99134826600005,32.41759109500009],[112.99974823000014,32.42124938900008],[113.00759887700019,32.423534393000125],[113.01165771500007,32.42444992100002],[113.01653289800015,32.426048279000156],[113.02005004800003,32.42696380600012],[113.02356720000024,32.42718887400008],[113.03060913100012,32.42374801600016],[113.03981018200034,32.418476104000035],[113.04737853900008,32.412055970000154],[113.05413818300008,32.405868530000134],[113.06091308600004,32.404029847000174],[113.06848144500022,32.402191163000055],[113.08255004900002,32.40126037700014],[113.09175109800003,32.400791168000126],[113.09554290800008,32.40055465700004],[113.10311126800013,32.394134521000126],[113.10635376000005,32.39092636100008],[113.1103973390002,32.38427734400017],[113.11553192200006,32.381294251000156],[113.11553955000011,32.37858200200003],[113.11200714000006,32.375381470000036],[113.10633087100018,32.371726990000184],[113.09900665300006,32.369449616000054],[113.0767593380001,32.371349335000104],[113.06373596300011,32.36873626800019],[113.05490112400003,32.36331558200004],[113.0559158320001,32.356098176000046],[113.0581817630001,32.345771789000025],[113.0613632190001,32.3399581920001],[113.07375335700011,32.33309173500015],[113.08481597800005,32.32403183100013],[113.08586883500016,32.315502166000044],[113.08294677800006,32.30742263800016],[113.07834625300018,32.30124664300013],[113.06994628900009,32.29049682700014],[113.06154632500012,32.28317642100018],[113.04965210000023,32.27883911100014],[113.0461273200001,32.27792358500005],[113.03424072300004,32.278392792000034],[113.02558899000019,32.27679824800009],[113.02153778100025,32.27450943000008],[113.01882934600008,32.268562317000146],[113.02259826700003,32.256423950000055],[113.02745056200001,32.24542999300019],[113.02960968100001,32.237186431000055],[113.02958679300014,32.2262001040001],[113.02996063300009,32.21734237600015],[113.03034210300007,32.208663940000065],[113.02986145000034,32.20074081399997],[113.02590179500021,32.193374633000076],[113.02218627900004,32.18402099700012],[113.01962280300006,32.17390441800018],[113.01903533900031,32.16102981500012],[113.01872253400006,32.15134048600015],[113.02301025400016,32.144111634000126],[113.03489685100033,32.134387969000045],[113.04244995100021,32.12820053200011],[113.04351806600005,32.117439270000034],[113.03568267800006,32.10737228300013],[113.02731323100012,32.09753418000014],[113.01759338300019,32.08769607600004],[113.00570678600002,32.07259368900003],[113.00003814800016,32.067562103000114],[112.98870849700018,32.059097291000114],[112.98412323000014,32.05223083400017],[112.98438262900004,32.03620529100016],[112.98623657200005,32.02376556500013],[112.98523712200006,32.009323121000136],[112.98490142900016,31.99999999900018],[112.9859085080001,31.995811462999995],[112.98589325000023,31.98824691800019],[112.98592376700014,31.9820594790001],[112.98583984300012,31.97999954200009],[112.99114227400004,31.97779083300003],[112.99788665700021,31.97783660800019],[113.00459289600008,31.976966858000026],[113.01074981700026,31.975883484000065],[113.01445770400005,31.974176407000133],[113.02082061700003,31.971479416000196],[113.02558136000005,31.9690589920001],[113.02760315,31.96556282100011],[113.02902984700006,31.960710526000184],[113.0280838020002,31.957067490000043],[113.02503967200005,31.955089570000155],[113.02204132100019,31.954254151000043],[113.01689910800008,31.95370674200012],[113.01452636700014,31.95537567100013],[113.01051330600001,31.955715179000155],[113.00759124700005,31.95694160400006],[113.00562286500009,31.954702377000164],[113.00328064000018,31.949953079000128],[113.00318145800009,31.947431564000173],[113.00251769900001,31.944240571000194],[113.00138092100008,31.942665100000113],[112.99929046600005,31.94432830800008],[112.99665832500011,31.946004867000173],[112.99414062400012,31.94355392400013],[112.99404907200017,31.941259384000148],[112.99358367800005,31.936231614000178],[112.99284362800006,31.930976868000073],[112.99214935300029,31.92687034700003],[112.9916915890001,31.922069550000113],[112.99154663000026,31.918403625999986],[112.98980712900017,31.915243150000148],[112.9877624510001,31.91094207800012],[112.98548889100005,31.90779685900003],[112.98378753700001,31.90554809600019],[112.98209381200024,31.903301238000097],[112.97798156700026,31.90180587800017],[112.97416687100008,31.900537491000136],[112.97176361100003,31.901058198000158],[112.96662140000012,31.900512695000035],[112.96365356500007,31.90013122700009],[112.9606475820002,31.89929771500005],[112.9586792,31.89705658000014],[112.95641326900022,31.894136429000017],[112.95496368400006,31.891424179000126],[112.9553527840002,31.88728714000007],[112.95597839300012,31.88268470700018],[112.95847320500013,31.877346039000084],[112.96069335900017,31.872243880000095],[112.96212005600012,31.867160797000054],[112.96463012700008,31.862506867000093],[112.96800231900022,31.85897827100018],[112.97026825000023,31.855018615999995],[112.97200012200017,31.850845337000123],[112.97267913800022,31.847616196000047],[112.97062683000001,31.84331703200013],[112.9683609010001,31.840169907000075],[112.96415710400015,31.83615684400007],[112.9608306880001,31.833265304000122],[112.95780181900022,31.83151245200003],[112.95484924300013,31.831817628000064],[112.9527130130001,31.83233642500011],[112.94927215700022,31.83380508400001],[112.9468765270002,31.834556579000093],[112.94477844100015,31.835987091000163],[112.94143676700003,31.84043312200009],[112.93881988500004,31.842109681000125],[112.93589782700008,31.843101502000025],[112.93321227900026,31.84340667700019],[112.92945861800013,31.84373474200004],[112.92623901500008,31.84405136200013],[112.91934204200004,31.839649200000057],[112.91567230200019,31.835161210000134],[112.91394042900004,31.831996917000087],[112.9105911260001,31.82887649600008],[112.90666198700012,31.824625016000027],[112.90115356400008,31.8211040490001],[112.89752960200008,31.817760467000028],[112.89571380700022,31.812307359000044],[112.89256286700027,31.80711746300017],[112.88863372800017,31.802864074000016],[112.88530731200014,31.800657273000127],[112.87989807100007,31.799655914000144],[112.8775634770002,31.80178260800011],[112.87390899800006,31.805086136000057],[112.86995697000009,31.807483673000092],[112.8625030510002,31.809509278000064],[112.85600280800021,31.80807685800005],[112.8521728520002,31.80657577599999],[112.8485565200001,31.803459167000145],[112.84512329100016,31.79781532300018],[112.84053039600019,31.79014015300004],[112.83677673300019,31.783132554000076],[112.83247375400003,31.775907516000018],[112.82808685300006,31.76639175500009],[112.82525634800027,31.762567520999998],[112.82298278900022,31.758958817000064],[112.81832122800007,31.75678634700006],[112.81237793000003,31.75602340700016],[112.80857849100016,31.755203248000097],[112.80346679700017,31.75533485400013],[112.79863739000018,31.75546264800005],[112.7935028080002,31.75444984500018],[112.78936767600021,31.75202941900011],[112.78627777100007,31.748441696000153],[112.78446197600022,31.74275779800007],[112.77951812700019,31.73990440400007],[112.77578735300006,31.740915299000164],[112.76786804100004,31.745014191000166],[112.76419830400006,31.747631073000147],[112.75433349700006,31.74971771400004],[112.75006103500004,31.750743867000157],[112.74546813900031,31.750171662000128],[112.74326324600008,31.74884986800004],[112.74128723100024,31.746377945000063],[112.74165344300002,31.74132537800006],[112.74334716700014,31.736009599000116],[112.7445220950002,31.731393815000164],[112.74598693800033,31.727230072000168],[112.74578857400013,31.721733093000182],[112.74459076000028,31.718324662000157],[112.74256134000007,31.714250564000057],[112.74006652800006,31.71202087500001],[112.73703002900004,31.709802628000087],[112.7317962640002,31.706497193000075],[112.72767639100027,31.703851700000087],[112.72585296700004,31.69793701200012],[112.72487640400016,31.69337463400007],[112.724662781,31.686960220000117],[112.72470855700021,31.680999756000062],[112.7242889390003,31.676652908000108],[112.72358703600003,31.672315597000193],[112.7242431640002,31.66794204700017],[112.72598266600005,31.663772584000018],[112.72709655800021,31.657550812000007],[112.72769927900003,31.651802063000165],[112.72815704300012,31.649501799999996],[112.72717285200008,31.64448356700001],[112.7259674080002,31.640844345000176],[112.72398376500007,31.637683869000174],[112.72483825700012,31.63170242400008],[112.72575378500005,31.627092361999985],[112.72825622500011,31.622215271000133],[112.73191070600024,31.61914253300012],[112.73641204700027,31.61742591900003],[112.74008178700001,31.61480712900004],[112.74379730300006,31.61356735200008],[112.74642181400009,31.611896515000065],[112.74623870800008,31.60685539200017],[112.74387359700017,31.600494384000175],[112.74340820300006,31.595235825000035],[112.74239349300012,31.589069366000107],[112.74105835000023,31.581998825000085],[112.73950195200007,31.576072692000135],[112.73985290600012,31.570791244000134],[112.74054718100012,31.567792894000036],[112.73848724400011,31.56303024300007],[112.73677825900006,31.559865952000163],[112.73458099400023,31.558542253000155],[112.73001861500006,31.55865669300005],[112.7244033820001,31.559030533000055],[112.7193069460003,31.559387207000043],[112.71338653600003,31.558849335000158],[112.70934295600011,31.558263780000118],[112.70552063000002,31.55652427600006],[112.70226287900005,31.555456161000052],[112.698913575,31.551643372000175],[112.69744873100001,31.548473359000123],[112.69680023100011,31.54527854900016],[112.69876861600005,31.540185928000028],[112.70163726800024,31.53781890900001],[112.70571899400011,31.531757355000142],[112.70848083600004,31.526411057000075],[112.70948028500004,31.524324417000116],[112.71227264400022,31.51966667100004],[112.71376037600021,31.516418457000043],[112.71584320100033,31.514532090000163],[112.71839904800017,31.511030197000085],[112.71935272300027,31.50733757100005],[112.71882629300025,31.500471114000106],[112.71785736000027,31.49591064500015],[112.71613311700003,31.492284774999977],[112.71465301500007,31.488422395000153],[112.71389770500014,31.48247909600019],[112.71164703400018,31.4797859200001],[112.70996856800002,31.477535247000166],[112.70755005000012,31.477365494000026],[112.70358276400009,31.478614808000028],[112.69568634100006,31.483167648000123],[112.69152832100008,31.486940385000082],[112.68943786600005,31.48859977799998],[112.68685150200008,31.491182327000104],[112.68245696900021,31.495880127000135],[112.67581176800002,31.49764823900006],[112.67262268100001,31.498647691000148],[112.66864013700003,31.499664307000046],[112.66277313200021,31.500497818000152],[112.65750885000034,31.503606796000042],[112.65408325200008,31.5050697320001],[112.65042114300002,31.508140564000147],[112.64698791500018,31.509599687000165],[112.64375305300007,31.50922393899998],[112.6399765010002,31.50885582000018],[112.63694000300018,31.506179809000177],[112.63472747800017,31.504171372000034],[112.63121795600023,31.503568649000158],[112.62802124100006,31.504106522000143],[112.62407684300001,31.506725312000125],[112.6189270020002,31.51281166000013],[112.61556243900009,31.51633453500017],[112.60801696800002,31.523166658000147],[112.59898376500007,31.533248902000025],[112.59468078600025,31.54114723300006],[112.59134674000006,31.545814514000146],[112.58659362700018,31.54799461400006],[112.58397674700007,31.549892425000166],[112.58054351800013,31.551349641000115],[112.57685089100005,31.553504944000167],[112.5715637200002,31.555463791000133],[112.56761932300003,31.55808067400005],[112.56397247400002,31.561378479000155],[112.56108093200021,31.563283920000174],[112.55734252900004,31.563829423000072],[112.5536270140002,31.565065384000153],[112.54181671100014,31.565118791000035],[112.53125762900004,31.562389373000144],[112.52718353300008,31.560882568000068],[112.52232360800008,31.560081482000047],[112.51593780600001,31.561836242000084],[112.50953674300001,31.56290435700009],[112.50631713800033,31.562980651000032],[112.50196075400015,31.561250687000044],[112.49810791000004,31.558361054000162],[112.494529725,31.55569267200019],[112.49178314200005,31.55346489000004],[112.48876953100012,31.551931381000088],[112.48483276300021,31.546522140000096],[112.48150634800004,31.543388368000134],[112.47815704300012,31.539342880999982],[112.47538757300015,31.536653520000133],[112.47107696600006,31.536069870000176],[112.46244049100005,31.53466415400004],[112.45263672000023,31.530307770000032],[112.44201660200008,31.525737763000162],[112.43653869600018,31.522193909000066],[112.43321991000005,31.51906204300008],[112.42902374300003,31.51342582600012],[112.4229736320001,31.509208679000153],[112.41777801600006,31.50611877400019],[112.4129028330002,31.504625321000166],[112.40724945000011,31.50406646800002],[112.40032196100003,31.505601882000068],[112.39444732600009,31.50642395100016],[112.38327026400009,31.509199143000103],[112.37876892100019,31.510906220000034],[112.36981201100002,31.516153336000002],[112.35917663500004,31.519145967000096],[112.3541030880001,31.519718171000193],[112.3511428840003,31.51932525699999],[112.34760284500011,31.517801284000143],[112.34327697800018,31.516752241999995],[112.33843231300011,31.516401291000193],[112.33319091800001,31.520187378000006],[112.32610321000027,31.524927140000155],[112.31952667200005,31.529661179000072],[112.31314849800003,31.53141021700003],[112.3072509770002,31.531539918000192],[112.30323791400008,31.531858445000125],[112.29313659600007,31.535058975000084],[112.28822326600029,31.540672303000065],[112.28192138700012,31.54516792400011],[112.27744293300009,31.547786714000097],[112.27426147400024,31.549232484000186],[112.27072906600017,31.547933577999974],[112.26717376700026,31.5457153320001],[112.26230621300022,31.54467773500016],[112.25666046100014,31.54411315900018],[112.25126647900004,31.54331207200005],[112.24369811900033,31.541412353000165],[112.23854065,31.539461136000114],[112.23444366500007,31.537027359999964],[112.23137664900014,31.53342628600012],[112.22940826400009,31.5304889680001],[112.22692108100023,31.52802086000014],[112.22448730400004,31.527612686000115],[112.21993255600012,31.52748298700016],[112.21304321300022,31.53015327500009],[112.20720672600021,31.532798767000145],[112.20189666800013,31.534748078000064],[112.19838714600019,31.533672333000137],[112.19560241800004,31.530525208000082],[112.1941528320001,31.526887894000026],[112.1918869010002,31.52303886400006],[112.18937683100012,31.51965141300019],[112.1855163580002,31.516296386000135],[112.18486022900004,31.512182236000058],[112.18414306600005,31.506006241000026],[112.18585205100021,31.500469209000187],[112.18697357100007,31.49311256400017],[112.18625641000017,31.487163543000126],[112.18602752700008,31.47960281400009],[112.18524932800017,31.47159385600014],[112.1807327260002,31.472606659000007],[112.17575073300021,31.476837159000127],[112.16567993100023,31.480720521000084],[112.1552429190001,31.481399536000026],[112.14900970500003,31.479236604000167],[112.14465332000009,31.476806640000174],[112.1416168210003,31.474346160000156],[112.13777923600014,31.471220016000135],[112.13449859700006,31.46922493000011],[112.13146209700017,31.466075897000053],[112.11773681700015,31.464529038000023],[112.1139678950001,31.4639167790001],[112.10399627800018,31.462057114000118],[112.09343719500009,31.45883750900009],[112.09040832600023,31.45592117400014],[112.08439636200012,31.45191764900011],[112.07428741500007,31.445474625000088],[112.07050323600004,31.443946838000045],[112.06450653000002,31.44085884100008],[112.05827331500006,31.43823433000006],[112.0515975950002,31.43928718500007],[112.04476928700014,31.444240570000037],[112.04025268600003,31.4454784400001],[112.0364608760002,31.444177629000023],[112.03027343800035,31.443155289000178],[112.02673339700027,31.441392898000117],[112.01654052700019,31.44136619700015],[112.01284027100007,31.443277359000152],[112.00174713100023,31.448999405000055],[111.99643707300015,31.451168061000033],[111.9908294670002,31.451509475000083],[111.98574829200015,31.4520683290001],[111.98166656500018,31.449855805000027],[111.97572326700015,31.448137284000037],[111.97003936800013,31.446416856000152],[111.96489715500019,31.444452287000047],[111.95839691200013,31.44251823400015],[111.9545822140002,31.43984031800011],[111.95005035400004,31.43098831100014],[111.94683075000006,31.421190262000096],[111.9456176760001,31.416170121000107]]]},"properties":{"GID_2":"CHN.13.13_1","GID_0":"CHN","COUNTRY":"China","GID_1":"CHN.13_1","NAME_1":"Hubei","NL_NAME_1":"湖北","NAME_2":"Xiangfan","VARNAME_2":"Xiāngfán","NL_NAME_2":"襄樊市","TYPE_2":"Dìjíshì","ENGTYPE_2":"Prefecture City","CC_2":"NA","HASC_2":"NA","id":"420600","name":"襄樊市","NAME":"襄樊市","adcode":"420600","SOURCE":"GADM v4.1","GADM_GID":"CHN.13.13_1"}},{"type":"Feature","geometry":{"bbox":[113.54369354300013,29.035282135000045,114.96050262400001,30.29941940400005],"type":"Polygon","coordinates":[[[113.7232437140001,29.397932053000147],[113.72590637200007,29.398759842000175],[113.72863006700015,29.40096473800003],[113.73036193800033,29.404350281000063],[113.73285675000034,29.407478333000086],[113.734657287,29.412235261000035],[113.73428344700017,29.415693283000167],[113.73425293000003,29.420740127000105],[113.73370361200011,29.426038743000106],[113.73417663700003,29.43084144600005],[113.735351562,29.433557510000075],[113.73708343500006,29.436943054000043],[113.73988342200016,29.44098091100011],[113.74157714900004,29.44367981000005],[113.74302673400018,29.44661140400012],[113.74504089300014,29.450445176000073],[113.7449035640002,29.45297432000007],[113.74478149400022,29.456190109000143],[113.74310302800006,29.459692002000057],[113.74112701500007,29.462741853000068],[113.73737335200008,29.46699524000019],[113.73410797100007,29.470321655000188],[113.7328796390002,29.47219657800014],[113.72852325400004,29.47463798500007],[113.72545623800012,29.476806642000042],[113.72001648000003,29.478595733000187],[113.71485137900017,29.48234939600019],[113.71398925800008,29.482416151999985],[113.70855712900004,29.484031678000065],[113.70288086000005,29.4858875270001],[113.69936370800008,29.488565445000116],[113.6959228520001,29.492616653000145],[113.6929931640002,29.49641418500011],[113.69127655100033,29.50314140300003],[113.68885040300017,29.506689072000032],[113.6853637690001,29.50982475400008],[113.68128967300004,29.51229477000004],[113.67637634300014,29.51365661600005],[113.67118072500011,29.514804840000068],[113.66591644300014,29.514804840000068],[113.65930938600013,29.514173508000052],[113.65189361600005,29.51312255900001],[113.64552307200017,29.512023927000083],[113.64050293000014,29.511781693000103],[113.63417053300009,29.51136970600004],[113.63081359800015,29.512432099000083],[113.6285934440001,29.5148239130001],[113.62641143700012,29.518127441000047],[113.62571716200011,29.519992828000113],[113.62510681100002,29.52300262400013],[113.62600708000014,29.5247974400001],[113.6276702880001,29.526329040000178],[113.63149261500007,29.52868652300009],[113.63551330600012,29.530118942000062],[113.64086914000008,29.531721115000042],[113.64597320600012,29.53356170600017],[113.65203857500023,29.536251068000123],[113.6636428840002,29.539056779000187],[113.6684799190001,29.541456224000004],[113.67031097400002,29.545114517999995],[113.67176055900008,29.54734420700004],[113.67263794000019,29.548912048000147],[113.67456817600032,29.550432205000106],[113.67746734700019,29.550535202000162],[113.68112945600001,29.550146103000028],[113.68430328500017,29.550464631000125],[113.68599700900018,29.552455902000137],[113.68695831400021,29.555397034000123],[113.6880874640002,29.55672073400018],[113.69078826900011,29.557979583000186],[113.6947708130001,29.558494567000142],[113.69847869900013,29.55901527400016],[113.70165252800007,29.559337617000097],[113.70336151000005,29.56155204800007],[113.7040481570001,29.56427764800003],[113.70422363300008,29.567253113000103],[113.70490265000001,29.56974792500012],[113.70629119800003,29.57105827300018],[113.70845794700017,29.57210922300004],[113.71169281100026,29.573347093000166],[113.71542358300007,29.574100494000046],[113.71911621100003,29.57462310800014],[113.72206878700013,29.575410843000043],[113.72501373300008,29.576198579000046],[113.72902679500011,29.577398300000084],[113.73174285800019,29.578884125000176],[113.73204803500016,29.57955741900014],[113.7326507580002,29.58090782200003],[113.73326873700024,29.582487106000144],[113.73370361200011,29.58522033700007],[113.73361969100017,29.588432312000183],[113.73327636700014,29.59166145400019],[113.73243713300019,29.595138549000183],[113.72897338800021,29.598957063000118],[113.72566223100023,29.60071182300004],[113.72231292800018,29.602008819000048],[113.71952057000021,29.60373497000012],[113.7178726200001,29.607017518000138],[113.71517181400009,29.61034774700005],[113.71106719900001,29.61213684100011],[113.70736694300012,29.61206627000007],[113.70287323000004,29.61157798700009],[113.6996765130001,29.611028671000096],[113.69818878300009,29.612474442000064],[113.6968765260001,29.61711692900008],[113.69640350400005,29.622411727000102],[113.69734954900014,29.62512588500016],[113.6985931390002,29.628509521000183],[113.69956970300018,29.63167762900008],[113.69732666000004,29.633838652999998],[113.69246673500004,29.636344910000165],[113.68779754600018,29.63746833800008],[113.68158722000021,29.63934516800009],[113.6768569960002,29.63955116300019],[113.6713104260001,29.639108657000126],[113.6659622200001,29.637735368000108],[113.66371154700005,29.639667511000027],[113.6649093630001,29.64213943400017],[113.66819000200019,29.644290925000117],[113.66963958800022,29.64651870700004],[113.66951751700014,29.64904785300007],[113.66887664700005,29.651599884999996],[113.66725158600002,29.65533638000017],[113.66591644300014,29.659524919000095],[113.66507720900006,29.663232803000085],[113.66407012900028,29.668548584000177],[113.66301727200027,29.67318534900005],[113.66148376500018,29.678297043000043],[113.65957641600016,29.68182182400011],[113.65699005200008,29.682621003000065],[113.65381622400004,29.682529449000132],[113.65039062500011,29.682449341000055],[113.6463775630001,29.681249619000088],[113.64444732700008,29.679956436000115],[113.64328765800019,29.677942277000174],[113.64173126200001,29.67387962400005],[113.6402893070001,29.671651840000095],[113.63784027000008,29.670379640000192],[113.63464355500003,29.66960144100017],[113.63066863900008,29.669315338000047],[113.62700653000002,29.669704438000057],[113.62232971100002,29.670824051000068],[113.61842346300011,29.671453476000178],[113.61472320700011,29.671382904000044],[113.60916900600012,29.67093658400006],[113.6059799200001,29.670383453000053],[113.6022491450002,29.6696243290001],[113.60069274900003,29.669923783],[113.59892272900015,29.67137718200013],[113.59767913800023,29.672576905000145],[113.59494781500007,29.671842576000074],[113.5905838010001,29.67631912300016],[113.58321380500013,29.67632865900009],[113.5763168340003,29.67563438400009],[113.56920623900021,29.67563247600009],[113.55888366800014,29.674129486000087],[113.55462646600006,29.67334747400008],[113.55019378600002,29.674179078000122],[113.54682922300003,29.675664903000044],[113.54483795200008,29.678480149000105],[113.54369354300013,29.682418824000134],[113.54390716600017,29.68745994500006],[113.5445327750001,29.69570350700019],[113.54509735200021,29.703027725000087],[113.54588317900027,29.70874023500005],[113.54618835500014,29.71584510800005],[113.54699707100008,29.72247314400005],[113.54660034200003,29.725469589000113],[113.54711151100014,29.73119163500013],[113.547828675,29.735528946000105],[113.54862213200012,29.741697312000156],[113.54947662400002,29.74924469000007],[113.55020904600019,29.754041673000184],[113.55094146800002,29.75883674700009],[113.55126953100012,29.766399384000124],[113.55135345500014,29.768232345000172],[113.55133819600019,29.774200440000076],[113.55103302000032,29.779258729000166],[113.55209350700022,29.78542137100004],[113.55304717900027,29.7892913820001],[113.55317688000002,29.792499542000144],[113.55341339100005,29.79754257100006],[113.5570220950002,29.801784515000183],[113.55715942400025,29.804994583000056],[113.55676269600008,29.807992936000065],[113.55592346200012,29.81283760100007],[113.55629730200019,29.81580925000003],[113.55618286100002,29.81902503999999],[113.55840301500007,29.821477890000097],[113.56086731000005,29.82369422900007],[113.56546783400006,29.826301574000073],[113.57158660800009,29.827480317000152],[113.57398223800021,29.8340587620001],[113.57122039800015,29.837360382000043],[113.56950378500017,29.840398789000005],[113.56781005800008,29.843896866000193],[113.5658111570001,29.846483230000107],[113.56513977100019,29.84926033000005],[113.56706237800006,29.851032258000092],[113.57216644300001,29.85293579200004],[113.5770187380001,29.85530471800013],[113.58348083500005,29.85830879100007],[113.59044647200005,29.86113166800016],[113.59677886900022,29.864797593000162],[113.60365295300016,29.869804382000044],[113.60904693600003,29.875961304000047],[113.61170196500007,29.881948471000104],[113.61459350600012,29.887594223000008],[113.61773681600027,29.893228529999988],[113.62109375000023,29.89725112900004],[113.62383270300006,29.899686813000134],[113.6268997200001,29.903486253000093],[113.63043212800017,29.90566825800005],[113.63546752900015,29.908882141000163],[113.64150237900014,29.91127204800006],[113.64710998500016,29.913860322000176],[113.6520767220003,29.91478347800017],[113.65294647300004,29.915374755000183],[113.65749359100005,29.914787293000078],[113.6621780400003,29.915870666000107],[113.6648025510001,29.917118072000104],[113.6674270640001,29.918363571000047],[113.6705093380001,29.919937134000122],[113.67437744200004,29.921085358000084],[113.67951202300003,29.922494889000063],[113.68300628600002,29.924036026000127],[113.68668365400003,29.925739288000045],[113.69081115700021,29.92705154500015],[113.69419097800017,29.92751121600008],[113.69712066600005,29.927644730000114],[113.69954681400009,29.927089692000038],[113.70162200900029,29.926927567000174],[113.70488738900008,29.92631149300019],[113.70897674600019,29.92562484800015],[113.71427917400013,29.924482345000005],[113.7183303840003,29.9234390260001],[113.72441864000007,29.92187118500016],[113.73058319100006,29.921024323000097],[113.73680877700008,29.92089843700012],[113.74487304800016,29.92243576100014],[113.75418853700013,29.923879624000165],[113.75879669300002,29.92424011300005],[113.76260375900006,29.924665451000067],[113.76714324900013,29.924306869000073],[113.77179718000002,29.925027848000127],[113.77681732200006,29.925352098000136],[113.78185272300004,29.925678253000058],[113.78639984100005,29.92531967100001],[113.7906036380001,29.925712585000046],[113.79596710200019,29.925289154999977],[113.80100250300018,29.925613403000174],[113.8064804070001,29.926265716000042],[113.81215667800018,29.92872047500003],[113.81580352700018,29.93128585800014],[113.81770324800004,29.932598115000076],[113.8193588260001,29.934148788000186],[113.82232666000016,29.938428878000142],[113.82568359500021,29.94251442000012],[113.82948303300009,29.9469280240001],[113.8327407830002,29.95029640200011],[113.83553314100016,29.952976227000022],[113.83789062400001,29.95568847700008],[113.84165954600019,29.959318162000102],[113.84345245500003,29.961048126000094],[113.84587097100018,29.96468353300008],[113.847038268,29.967168808000054],[113.84824371400009,29.970340729000043],[113.85075378400018,29.974977493000036],[113.85327148500005,29.979129791000048],[113.85623931900011,29.983608245000028],[113.85974121100014,29.989133834000086],[113.8617019650002,29.991878510000163],[113.86456298900009,29.99527931200015],[113.86708068900022,29.999431609000112],[113.86981964100016,30.00241851900012],[113.87148284900013,30.003967284000115],[113.87432098400006,30.00822639400008],[113.87599945000035,30.010236740000156],[113.87896728400007,30.013351441000054],[113.88179016100014,30.016391754000157],[113.88539886500007,30.019004821000067],[113.88860321100003,30.0216503150001],[113.89386749200014,30.024133682000187],[113.89785003600014,30.026351928000054],[113.90097808800012,30.028278351000157],[113.90402221600027,30.02948570300003],[113.90838623000002,30.031312943000106],[113.91401672400002,30.03339958300006],[113.91921997000009,30.035160066000174],[113.9231033320001,30.03630256700012],[113.92684936500007,30.036359787000038],[113.92903137200005,30.037273407000157],[113.93319702200017,30.037298203000034],[113.93742370600012,30.037687302000165],[113.94140625000011,30.03990554800004],[113.94573211700005,30.041372299000162],[113.94967651300021,30.043230057000077],[113.95578002900005,30.045642852000125],[113.95980835000034,30.048219680000162],[113.96587371900011,30.050270081000065],[113.97286224400023,30.053331375000084],[113.97956848100011,30.05750846800009],[113.98834228400017,30.061515808000024],[113.99476623500004,30.063169481000163],[114.00000000000011,30.06418991100003],[114.00730133000015,30.06626129100016],[114.01195526100014,30.068595887000072],[114.0171356210003,30.070730210000193],[114.02182769800015,30.07198143100004],[114.02834320100021,30.07404899600016],[114.0338134770002,30.075754166000024],[114.04058838000003,30.077928543000045],[114.04579925400003,30.079725266000136],[114.05386352500022,30.082300187000097],[114.06424713100012,30.08657264700014],[114.07017517100019,30.089765549000166],[114.0753173820001,30.092929840000068],[114.0801773080001,30.096544265000034],[114.08346557700008,30.09964180000009],[114.08541870100021,30.1031532290001],[114.08682250900017,30.107103347000137],[114.08748626700003,30.10988044700002],[114.08816528400018,30.112426759000016],[114.08744812100008,30.116302491000056],[114.08625793500005,30.11924171599998],[114.084266662,30.12215233000012],[114.08090209900024,30.126153947000038],[114.0771179190001,30.128538132000187],[114.07280731200012,30.13112449700009],[114.06846618600002,30.133392334000007],[114.06390380800008,30.13536071900012],[114.05952453700003,30.137313843000072],[114.05385589700006,30.13920974700005],[114.0485916130001,30.14139556900011],[114.04459381000004,30.14347648600005],[114.04101562500011,30.144403458000166],[114.03660583600004,30.146038056000066],[114.03262329200004,30.148279191000142],[114.02867889400022,30.15083122300007],[114.02441406200012,30.157188415999997],[114.01944732700008,30.16137123200008],[114.01514434800015,30.164590836000173],[114.01119232200017,30.167814255000167],[114.00756836000016,30.171958924000027],[114.00000000000011,30.17983627300009],[113.99726867700019,30.18254661500003],[113.99550628700001,30.184852600000113],[113.99233245900018,30.187715530000045],[113.98916626000005,30.190790176000064],[113.98618316600005,30.193199159000187],[113.98351287800006,30.195041658000093],[113.97779846300023,30.198860169000117],[113.97284698600004,30.201646805000113],[113.96662902900005,30.20410156200012],[113.95957183900009,30.20575142000018],[113.954101562,30.205976487000104],[113.94909668000015,30.205947876000096],[113.94447326600005,30.205221177000112],[113.94181060900007,30.205083848000186],[113.93969726500018,30.2043170930001],[113.936882018,30.20367622499998],[113.93271637000021,30.202058792000003],[113.93007659900002,30.200754166000085],[113.92742157000009,30.19923210200011],[113.92529297000021,30.197887421000132],[113.9229202260002,30.196777343999997],[113.92076110800008,30.19521331800013],[113.91735839800003,30.19375229000019],[113.91425323500005,30.1927013400001],[113.91163635200019,30.19161033700016],[113.90853118900009,30.190559388000167],[113.90535736100003,30.188861848000048],[113.90294647300004,30.187322616000017],[113.90057373100001,30.185995102000163],[113.89697265500013,30.184982299000126],[113.89462280300019,30.18408584700018],[113.89154052800018,30.183248520000124],[113.88873290900005,30.182605743000124],[113.88568878200022,30.182201386000145],[113.8826522820001,30.18178939900008],[113.87991333100013,30.181793212000116],[113.87700653000002,30.18267440800003],[113.87333679300002,30.183401107000183],[113.8700332630001,30.185182571000155],[113.86707305900006,30.18780326900009],[113.86535644600009,30.190542222000143],[113.86430358900009,30.1941299450001],[113.86338806200014,30.197376252000026],[113.86226654100017,30.20200347900015],[113.86165618800021,30.20592689500006],[113.86155700600013,30.20937156700012],[113.86280059900014,30.213230133000025],[113.86434936400008,30.216417312000033],[113.86644745000012,30.219722747000052],[113.86820984000009,30.222181320000175],[113.87011718700012,30.223764419000137],[113.87503051700004,30.227706909000005],[113.87866211000005,30.231319428000063],[113.88020324700007,30.236398698000016],[113.88194274900013,30.241029740000045],[113.88287353500004,30.245075224999994],[113.88419342100019,30.24822044500019],[113.88545990100023,30.250719072000095],[113.88670349100006,30.253005981],[113.88800811800024,30.255937576000008],[113.88929748600003,30.25865173400007],[113.8914184570001,30.26217079100019],[113.89302063000004,30.26574897800003],[113.89475250100008,30.268671036000054],[113.89592742900015,30.271154404000182],[113.89736175600001,30.273399352000126],[113.89878082300015,30.275417328999993],[113.90049743600014,30.27811050500009],[113.90247345000023,30.28056717000004],[113.90387725900007,30.282583237000154],[113.9058380130001,30.284582139000182],[113.90804290700032,30.28634262100019],[113.91132354800004,30.28852272100005],[113.91327667200005,30.290519714000027],[113.91819763200021,30.292795181000088],[113.9246673580003,30.295282365000162],[113.93093109100016,30.297813416000054],[113.93551635700011,30.29874992500004],[113.94156646700014,30.29932785000011],[113.94554901100014,30.29941940400005],[113.9520416260001,30.29893875099998],[113.95944976800001,30.29812622100008],[113.9660491950001,30.296726228000185],[113.96987152100019,30.295118332000186],[113.97461700400015,30.29278564499998],[113.97898101800025,30.289178849000166],[113.98271179300014,30.28670883300009],[113.98692321800013,30.283983231000146],[113.9905929570001,30.28087043700003],[113.99472045800007,30.277500152000133],[114.00000000000011,30.273965836000063],[114.00634765600012,30.27010536300014],[114.00914764400011,30.266994477000143],[114.01168823300009,30.26364517200005],[114.01367950400005,30.260734559000184],[114.0149536140002,30.257644654000046],[114.01517486600017,30.25711822400018],[114.01750183100023,30.252840041000127],[114.01954650900018,30.248786926000097],[114.02129364100007,30.245407105000144],[114.02251434300001,30.24201011600019],[114.02343749900001,30.239288331000125],[114.0249023450001,30.236360549000153],[114.0271835320001,30.23299789400005],[114.02821350000022,30.232093811000087],[114.02994537400002,30.230573655000057],[114.03245544400022,30.227909088000164],[114.03437805200008,30.226375581000188],[114.03660583600004,30.224157334000044],[114.03940582200005,30.220817566000107],[114.0394668580002,30.22037315500006],[114.03982543900008,30.217618943000048],[114.04047393700012,30.21512031600002],[114.04110717700007,30.212846757000076],[114.0422973630001,30.210136412999987],[114.04557800400006,30.20795822100007],[114.04853820800008,30.206918717000068],[114.05321502700019,30.20869064300013],[114.05655670100009,30.210874557000185],[114.06248474100016,30.21429443500017],[114.06699371300022,30.21422767700011],[114.07099151700004,30.213682174000045],[114.0742187510001,30.212648392999995],[114.07803344700005,30.210258483000192],[114.08056640600012,30.207138062000183],[114.0846481320001,30.204757691000115],[114.08786010800031,30.203952790000073],[114.09147644000006,30.205915452000117],[114.09564972000021,30.20721054100005],[114.09959411500019,30.20780944900002],[114.10258484000008,30.20607757500011],[114.10530853300008,30.204568864000066],[114.10783386100002,30.20144653300008],[114.10983276500019,30.198303223000043],[114.11155700800009,30.19538116400014],[114.11333465600012,30.191316606000104],[114.11479187000009,30.188386918000162],[114.1173629750001,30.18434333900018],[114.11936187700007,30.181205749000075],[114.12169647300016,30.176469803000092],[114.12429809500009,30.171741486000144],[114.12523651100014,30.170349121000132],[114.12884521500008,30.165018081000085],[114.13438415500013,30.159704209000093],[114.13545990000023,30.158803940000098],[114.14016723600014,30.154859543000157],[114.14323425300017,30.15152549800007],[114.14577484100005,30.147945404000154],[114.146202087,30.14451789800006],[114.14610290500002,30.14084243800005],[114.14557647700019,30.1391448980001],[114.14495086800002,30.137132644000076],[114.1440887450002,30.132974624000095],[114.14453125100022,30.129087447000078],[114.14547729500009,30.125680923000118],[114.14888000500014,30.12075042700002],[114.15193176300022,30.11764526400009],[114.1532135000001,30.115499496000155],[114.15393829400023,30.114278793000153],[114.1575851450001,30.10981369100017],[114.16332244900013,30.10588455200008],[114.16423034600018,30.103393556000185],[114.16776275700033,30.101217271000166],[114.1707839960003,30.09880256600013],[114.17558288600003,30.098049165000077],[114.1783676140002,30.094936372000173],[114.18796539300001,30.09320259100014],[114.19063568100012,30.092607498000007],[114.19335937600022,30.090866089000087],[114.1953353890002,30.088182449999977],[114.19602203400007,30.08476448000016],[114.19592285100009,30.081089019999983],[114.19524383500004,30.078544616000162],[114.19480895900017,30.076465607000163],[114.19392395000035,30.072763443000103],[114.19246673700013,30.069957734000013],[114.19074249300013,30.067148210000088],[114.18851470900017,30.06385994100009],[114.18652343800035,30.061035156000003],[114.18638610900007,30.058277131000185],[114.1855392450002,30.054479599000047],[114.18550872800006,30.05434799200009],[114.18614959800016,30.052579880000163],[114.18641662600022,30.05185508800003],[114.18787383900008,30.048923493000018],[114.18955230800009,30.046918869000084],[114.19231414700016,30.044260025000025],[114.1947937010001,30.042051316000144],[114.19696807800017,30.040748595000082],[114.20004272400001,30.036956787000065],[114.2031707760002,30.03224563700013],[114.20495605500003,30.027717590000066],[114.20568847600009,30.023384094000168],[114.20621490400003,30.017440796000074],[114.20348358100023,30.00901794400005],[114.20320892300003,30.008157730000107],[114.20385742100007,30.007787705000116],[114.20700073300009,30.005996704000154],[114.21104431200024,30.004299165000134],[114.21675872800006,30.000593186000174],[114.22437286400009,29.99581146200012],[114.2265319830002,29.9947376240001],[114.22949981700003,29.993463517000126],[114.23266601600005,29.993570327000104],[114.23580169700006,29.994367599000157],[114.23892211900024,29.995391845000142],[114.24225616500019,29.997570037000063],[114.24325561500007,29.998048782000183],[114.24585723900009,30.000558854000186],[114.25482177700019,30.005239486000054],[114.26046752900015,30.013437271000047],[114.27008819600007,30.017908097000088],[114.30125427200005,30.0263118740001],[114.3560562130001,30.034450530000072],[114.37841796800001,30.03247070300012],[114.38307189900002,30.030929565000175],[114.38479614200014,30.030815125000117],[114.39012908900008,30.02961540300015],[114.39526367200006,30.02703094500015],[114.39630126900022,30.026552200000086],[114.39864349300001,30.02577781600013],[114.41992950500003,30.02140235900003],[114.42962646500007,30.01715087900016],[114.44532775800008,30.004724502000045],[114.44618225100021,30.004386901000085],[114.44877624500009,30.003145218000157],[114.45585632400014,30.00046157800011],[114.46367645300029,29.9945755010001],[114.4669723500001,29.994052887000006],[114.47334289600008,29.993341446000045],[114.48073578000003,29.993354797000162],[114.48685455400005,29.99240303000005],[114.49868011600006,29.98751068100017],[114.5069351200001,29.985942840000007],[114.51200866800014,29.983037949000106],[114.51674652000008,29.98001480199997],[114.51732635500002,29.979644775],[114.52106475700009,29.975782394000078],[114.52401733300007,29.97121811000011],[114.52564239400022,29.969034195000123],[114.52723693900009,29.96689033400014],[114.53308105500003,29.963268280000133],[114.53372192300003,29.962968826000004],[114.53785705600012,29.961017609000123],[114.54156494100005,29.959445953000113],[114.54344177300004,29.956937790000154],[114.54294586200001,29.953723907000096],[114.53980255100022,29.95140266400011],[114.53839874200014,29.949157716000002],[114.53720855600011,29.947254182000105],[114.53697204500031,29.944499970000095],[114.53936767500012,29.943147659000036],[114.54384613000002,29.943639755000053],[114.54727172800017,29.943899155000057],[114.55202484100006,29.943479537000144],[114.55732727100019,29.94123268200013],[114.56237030000011,29.938293457000043],[114.56555938700023,29.936716080000167],[114.57031250000011,29.935836792000092],[114.57400512800018,29.935867310000106],[114.57798004200004,29.934524535000094],[114.58458709700005,29.93320274299998],[114.58988189700005,29.931640625000053],[114.5951843260001,29.92892837500017],[114.59864807000018,29.926208496000132],[114.6028900140002,29.924179078000062],[114.60607147300004,29.92259979400012],[114.61055755600013,29.92240333500013],[114.61397552600009,29.923349381000097],[114.61569976900022,29.923679352000136],[114.61898040800008,29.924306869000073],[114.62557220400004,29.924818040000165],[114.6297988900002,29.92416191200005],[114.63404083300021,29.92167282100007],[114.63644409100029,29.918481826000114],[114.64150238100012,29.914163589000168],[114.6465301510001,29.912826538000107],[114.65155029200002,29.91126060500011],[114.65657043400029,29.91061210700008],[114.6615905770001,29.9099617010001],[114.66741180500003,29.908170700000145],[114.67295837500012,29.907297133999975],[114.67813110300018,29.905542374000106],[114.67825317300014,29.905500413000084],[114.68354797400023,29.903247834000183],[114.68990325900006,29.90008544900007],[114.69677734400011,29.898988725000095],[114.70480346700003,29.89972114700015],[114.7049407960002,29.899734497000168],[114.71153259300014,29.90069961500006],[114.71733093200022,29.90074157700019],[114.72261047400002,29.900091172000092],[114.72438049200014,29.89407539500019],[114.72153472900015,29.888092042000093],[114.72077179000017,29.88441848700018],[114.7202835080001,29.880058288000104],[114.71952819700005,29.876613617000086],[114.71903991700016,29.87271118100017],[114.71331024100017,29.86441612200008],[114.7104949960002,29.85568428100015],[114.7102890020002,29.849031448999998],[114.71530914200002,29.847465516000057],[114.72115325800007,29.84291839500014],[114.72672271700003,29.838832856000067],[114.73072051900023,29.833358765000185],[114.73234558000013,29.82878494300007],[114.73160553000002,29.82304763900004],[114.72981262200017,29.817533493000155],[114.72801208500016,29.81247520400001],[114.72542572100018,29.807643890000122],[114.72364044200003,29.800979615000017],[114.72341918900008,29.796163559000146],[114.72243499800004,29.788129807000193],[114.7214431770002,29.78147316100007],[114.72202300900005,29.776203156000008],[114.72311401300021,29.772085191000087],[114.72473144600019,29.76750946100003],[114.72661590700011,29.76339912400005],[114.73062133700023,29.757005692000064],[114.73513031100002,29.753139496000074],[114.73883819700006,29.750642776000067],[114.74388122600033,29.74609565800006],[114.7478332510002,29.7454338070001],[114.75180816700015,29.74271011400009],[114.75658416800015,29.73815727300007],[114.76083374000007,29.733600617000146],[114.76560974100006,29.729736329000158],[114.77009582400002,29.727701188000083],[114.77590942400002,29.725677491000056],[114.78275299000019,29.725494385000047],[114.78852081300035,29.727827072000025],[114.79323577900006,29.730379104000182],[114.79690551800003,29.732238769000105],[114.80110931500006,29.733411789000172],[114.80583953900009,29.734361648000174],[114.81242370500011,29.734403610000072],[114.81954193100023,29.732387543000186],[114.8266601570001,29.730825425000035],[114.83035278300007,29.730623245000007],[114.834037781,29.72995948900018],[114.83668518000013,29.72836876000008],[114.83854675200018,29.72562980700002],[114.83884429800003,29.72150421100008],[114.83781433000011,29.718517303000056],[114.83626556500029,29.715068817000034],[114.83471679700006,29.711389542000123],[114.83238220300018,29.706787109000118],[114.8329238880001,29.70426941000005],[114.83374023400019,29.70129585400008],[114.83718109000019,29.699022292000052],[114.8432312010001,29.69883155800011],[114.8490066520002,29.700473785000153],[114.85295104900013,29.700956345000122],[114.85690307700008,29.700750351000124],[114.86006927500023,29.699625015000098],[114.86245727500012,29.69642829800017],[114.86644744900002,29.690721513000085],[114.87096405100033,29.68501472600013],[114.87441253700001,29.681138992000115],[114.87760162400004,29.67725944500018],[114.88235473700014,29.674537660000116],[114.88919067500012,29.675724030000026],[114.89391326900022,29.676897050000093],[114.89759826600003,29.676460267000152],[114.89947509700016,29.672115326000096],[114.90002441500019,29.668451310000133],[114.90085601900023,29.66272544900005],[114.90114593500006,29.658826829000077],[114.90173339800005,29.650806428000184],[114.90414428800023,29.644401550000115],[114.9044418340002,29.639358521000023],[114.90421295100009,29.634542466000084],[114.90240478400005,29.63040351900003],[114.90058898900031,29.627180100000032],[114.8987731940001,29.62350463900015],[114.8967056270002,29.619136811000036],[114.89541625900007,29.615459442000144],[114.89518737800007,29.610643388000085],[114.89546966600017,29.60812377999997],[114.8968124390001,29.604690552000136],[114.89734649700006,29.60263061500012],[114.89710998600015,29.59919166700018],[114.89951324400023,29.59461975199997],[114.9019012450002,29.59096336400017],[114.9074325570001,29.58961868300003],[114.91216278100012,29.589876174999976],[114.915321349,29.589437485000136],[114.91796875100022,29.586927414000172],[114.92035675000012,29.583734512000152],[114.92326354900003,29.580768586000033],[114.9245986940001,29.578023910000127],[114.9267272940002,29.574365616000136],[114.93070983800021,29.568201064999982],[114.93391418500005,29.56133842500009],[114.9376220700003,29.556774139000083],[114.94080352800029,29.55266571100015],[114.94451141400008,29.548326493000108],[114.94901275600013,29.549184799000106],[114.9460296630001,29.544738770000038],[114.9434814460002,29.542600632000184],[114.94174957300015,29.53957176300014],[114.94104766800024,29.53725433400018],[114.93984985400004,29.534238816000084],[114.93914794900003,29.531923294000133],[114.93948364200001,29.530099868999972],[114.94187927200016,29.529249192000062],[114.94452667300004,29.52886962900016],[114.9487533560001,29.52830314700003],[114.95296478300008,29.528196335000075],[114.9566345210002,29.52830314700003],[114.96039581400011,29.526344300000005],[114.96050262400001,29.523366929000137],[114.95980834900023,29.52082443200004],[114.95911407400014,29.518512726000044],[114.95771789600006,29.513652801000035],[114.95421600400005,29.508966446000162],[114.95120239300002,29.505205155000056],[114.94889831500006,29.503534317000174],[114.94426727300026,29.500879287000085],[114.9395217890002,29.501197815000126],[114.93763733000003,29.502519607000064],[114.93522644000018,29.503597260000163],[114.93173980600035,29.505561829000104],[114.92904663000014,29.507089616000087],[114.92446136500008,29.510164260000124],[114.92256927400024,29.5117149350001],[114.92144775400006,29.513517380000106],[114.92111206100003,29.515344620000125],[114.92051696800011,29.51716041500015],[114.92044830200007,29.518993378000058],[114.9206390380001,29.520835876999968],[114.92056274500011,29.52289772100005],[114.91782379200004,29.52579879800004],[114.91521453900022,29.52526474000007],[114.91320037800006,29.522907257000156],[114.91169738700012,29.521030427000085],[114.90862274300014,29.518875123000104],[114.9062728880001,29.5185794840001],[114.90313720600021,29.51802825900001],[114.90126037600021,29.518890381000116],[114.9009246820001,29.520944595000117],[114.90079498300008,29.524152756000095],[114.90071106000006,29.526445388000074],[114.90006256200002,29.52963638300002],[114.89946746900013,29.531454087000157],[114.89703369200002,29.53321647700011],[114.89340973000004,29.53173255999997],[114.89216613700012,29.529863358000053],[114.8917236330001,29.527782440000184],[114.89079284700017,29.524545669000133],[114.89009857200017,29.52200508200019],[114.88863372900005,29.51920700100004],[114.88741302400001,29.516647338999974],[114.88568878100011,29.513616562000152],[114.88470459000007,29.51198196500013],[114.88298034600008,29.508947373000073],[114.88023376500007,29.505197525000142],[114.876724243,29.500736236000026],[114.87346649100006,29.49651146000008],[114.87075805600013,29.49184417700019],[114.8676986700001,29.489456177000136],[114.86518859800005,29.486402512000154],[114.86371612600011,29.483608246000074],[114.86407470800008,29.481096268000044],[114.86443329000008,29.478584290000015],[114.86614990300008,29.47496223500008],[114.86842346200002,29.4706726070001],[114.86990356400008,29.466358185000164],[114.87245941100004,29.46138763400006],[114.87361145000013,29.458671570000035],[114.87473297200017,29.456867218000124],[114.87638092000009,29.455081939000085],[114.87775421100014,29.45351410000012],[114.87886047300003,29.45194244400011],[114.88049316500008,29.450614929000157],[114.8831481940001,29.449775695000028],[114.88658905000023,29.44918632500008],[114.89001464800013,29.448829651000043],[114.89317321900013,29.448694229000065],[114.89682006800012,29.449489594000056],[114.90020751900022,29.45027923600003],[114.9041366580001,29.45062256000017],[114.90697479300002,29.45185279800018],[114.90980529800002,29.45354080200002],[114.91181945800007,29.45566558900009],[114.91307067900026,29.45730781600014],[114.91274261400008,29.45913314900008],[114.9121322630001,29.461408615000096],[114.90970611600015,29.462942124000055],[114.90783691400009,29.463806153000064],[114.90492248500003,29.464406968000105],[114.9022598270002,29.465246200000085],[114.89979553200008,29.467929841000174],[114.89837646500007,29.470638275000113],[114.8982772830002,29.473157883],[114.9002838140002,29.475740432000123],[114.90670013500005,29.479827881000176],[114.90844726500018,29.482173921000143],[114.91382598900007,29.48577117900004],[114.91822052000032,29.48773384100008],[114.92344665500013,29.488573075000033],[114.92761230500003,29.4896144870001],[114.93077850400006,29.4892444620001],[114.93324279700005,29.486566544000024],[114.93467712400003,29.48339653100004],[114.93556976300009,29.480669023000132],[114.93673706000027,29.477722167000028],[114.93800354000007,29.47202491800016],[114.93774414000029,29.46490669200006],[114.9373168950002,29.462371826000094],[114.93633270200007,29.4605083460001],[114.93563079800005,29.45819473199998],[114.93411255000001,29.456773757999994],[114.9325866710002,29.455354691000142],[114.93013000600001,29.453626633000113],[114.92967224200017,29.452535629000124],[114.90699768200012,29.440670014000037],[114.90500640900007,29.437189103000037],[114.90392303500016,29.429832458000018],[114.90511322100019,29.425281525000173],[114.90315246600007,29.42088317900004],[114.89207458500017,29.405960082000153],[114.88818359300012,29.398475646000126],[114.88567352300005,29.397783279000123],[114.88127136100002,29.396045685000043],[114.87706756700017,29.396152497000177],[114.87411499100007,29.397899627000125],[114.87001800600012,29.40190696700006],[114.86838531500031,29.40346527000014],[114.86595916700014,29.4049987790001],[114.86354827800007,29.406303406000124],[114.86065673800012,29.406448365000134],[114.85565185600002,29.406757354000035],[114.84938812200028,29.40588188100014],[114.84423065300018,29.40343666100017],[114.83874511600006,29.402582169000144],[114.83277893100014,29.400800704999995],[114.82653045600011,29.399465560000124],[114.82270813000004,29.39636802700005],[114.8198471080001,29.395595551000095],[114.81781005800019,29.394159317000113],[114.81398773100024,29.391061784000044],[114.80990600500003,29.387956619000082],[114.80683136000006,29.38602829000013],[114.80345916800013,29.385009765000174],[114.80007171600018,29.38444709900017],[114.79690551800003,29.384813309000094],[114.79261779700006,29.38697624200006],[114.78681945800021,29.387491227000112],[114.78231811500017,29.388500214000036],[114.77941894600019,29.388872146000097],[114.77604675300029,29.387851716],[114.77241516100003,29.386594772000137],[114.76956939700005,29.38559150700013],[114.76676178000002,29.383670807000048],[114.76369476400009,29.38151359600016],[114.76172637900002,29.37824249300013],[114.76020050000024,29.376819611000034],[114.75818634100006,29.374694824000134],[114.75673675600002,29.37166786200015],[114.75524902300005,29.369329453000034],[114.75217437700009,29.367397308000136],[114.7480163570001,29.36635398900006],[114.74589538500028,29.36697960000004],[114.74291229300003,29.369411469000056],[114.74044799800015,29.371856689000083],[114.73899841200011,29.37525367800004],[114.73809814500008,29.37820816100015],[114.7379684440001,29.381416322000117],[114.73787689200003,29.38370513900003],[114.73749542200005,29.38667678800016],[114.73555755600012,29.389141084000133],[114.73360443200023,29.39206314100005],[114.73061370900005,29.39472580000017],[114.7276382450001,29.396926881000127],[114.72444152800006,29.397975923000047],[114.71914672900004,29.399190902000154],[114.71385955900007,29.39994430500002],[114.70966339200017,29.39981269900016],[114.70520782400001,29.399675370000068],[114.70209503300022,29.398662568000134],[114.69744873000002,29.396684647000146],[114.6917343150002,29.395130157000153],[114.68807983400006,29.394561768000134],[114.68387603700013,29.39465904200017],[114.67881011900022,29.396564484000066],[114.67345428500005,29.39915084800003],[114.66821289000006,29.398986817000036],[114.66355133100014,29.397239686000145],[114.65571594200014,29.396301269000052],[114.65106201100004,29.39455413799999],[114.6427764880001,29.391540529000164],[114.63346099900002,29.388267518000138],[114.62984466500005,29.386774063000132],[114.62518310600001,29.385253907000106],[114.62128448600016,29.384214401000065],[114.61687469400034,29.382926940000065],[114.61354065000012,29.380985259000056],[114.61099243100011,29.37907219000016],[114.60845184200012,29.377157212000157],[114.60515594500019,29.37429618800019],[114.60313415500003,29.37240028400004],[114.60164642300002,29.370288848000087],[114.59962463400018,29.368387222000134],[114.59632873600016,29.365531922000176],[114.59329223700001,29.362682342000085],[114.59050750700032,29.3603000650001],[114.58773803700001,29.357461929000067],[114.58466339000006,29.355525971000134],[114.58078765800019,29.354026794000163],[114.57533264200003,29.35270500200005],[114.57116699200014,29.35188484300011],[114.56623840400005,29.3505821220001],[114.55945587100007,29.349445344000173],[114.55168914700016,29.346902847000027],[114.54735565200019,29.343782426000022],[114.54303741400008,29.340431214000034],[114.53708648800011,29.338407517000007],[114.52960968000002,29.335184098000067],[114.52239227200005,29.33196830700018],[114.5134124760001,29.3270912160001],[114.50977325300016,29.3262844090001],[114.50637817400002,29.325944900000138],[114.5019226080001,29.325799943000106],[114.49897766200002,29.32731056200015],[114.49602508600015,29.328819275],[114.49306488000002,29.330558776000146],[114.48852539000008,29.332475663000025],[114.48481750400003,29.333272934000036],[114.4788742070001,29.33101463300011],[114.47471618600002,29.329961776000122],[114.47055816600027,29.32913780200016],[114.46768188600015,29.32881546000016],[114.46375274700007,29.32868576100015],[114.45925903400007,29.329454422000083],[114.45399475200009,29.329740525000037],[114.44920349200015,29.331420899000133],[114.44576263400008,29.331993103000062],[114.4417572010002,29.3336982730001],[114.4384460460002,29.337488174000097],[114.43466949400022,29.33988761900008],[114.43019103900008,29.340200425000038],[114.4257278450001,29.340280534000044],[114.41809845000013,29.34071922300018],[114.41181182800005,29.340509415000042],[114.4044189460003,29.341411590000178],[114.39704132100019,29.34208488400009],[114.3908004760001,29.34072876000016],[114.38613891700015,29.33942985500005],[114.38230133000013,29.337005616000113],[114.3743286140002,29.33329773000008],[114.37203979400022,29.331615447999983],[114.3684387200001,29.32988739000018],[114.36403655900017,29.328594209000077],[114.36014556900022,29.32754707300012],[114.35494232300016,29.326450349000137],[114.34915924200027,29.32671928400009],[114.34387970000012,29.327455521000164],[114.33959198100013,29.329380036000146],[114.33496093700012,29.333351135000157],[114.33167266800012,29.33645248500011],[114.3286132820001,29.34047889600009],[114.3255004880001,29.345651626000173],[114.32263183600003,29.351058960000106],[114.3195114130001,29.356458665000048],[114.31649780400005,29.359340668000186],[114.3105697640002,29.362810135000128],[114.30606079000017,29.363803863999973],[114.30045318700024,29.365907670000183],[114.29228973400006,29.366548538000075],[114.2878417960003,29.36616516200013],[114.27161407500012,29.35919189500004],[114.26799011300011,29.357919693000103],[114.262336731,29.355203629000133],[114.25877380400004,29.352783203000058],[114.25397491400021,29.34848976200016],[114.25108337400003,29.34265518300015],[114.25092315600011,29.3403568280001],[114.25137329200004,29.336240768000096],[114.25225830100032,29.333978654000138],[114.25372314500021,29.330587388000026],[114.25548553500005,29.32652092000018],[114.2566452020003,29.324033738000082],[114.25753021300011,29.32176971400003],[114.25736999600008,29.31947135899998],[114.25666809000006,29.31761360200005],[114.25418090900007,29.314544678000118],[114.2514114390001,29.311925888000136],[114.24944305400004,29.30887794500012],[114.24905395600001,29.30587768500004],[114.24890136700003,29.303350448999993],[114.2487564090003,29.300821305000166],[114.24944305400004,29.297172547000063],[114.24956512500012,29.294427870999986],[114.24873352100019,29.289579391000135],[114.24708557100007,29.285392762000185],[114.24622345100033,29.28123474200004],[114.2456283580002,29.2768554700001],[114.24551391500006,29.273637772000146],[114.24539184700006,29.270420075000118],[114.24475860500013,29.266960144000052],[114.2443695070001,29.263963700000147],[114.24536895800009,29.259180069000024],[114.2485351570001,29.252864838000164],[114.25000000000011,29.24947357200006],[114.24906158400006,29.246921540000127],[114.24790954500008,29.243436814000123],[114.24566650500026,29.240837097000057],[114.24340820400005,29.238464356000065],[114.2389984130001,29.23739624100006],[114.23212432800005,29.238763809999966],[114.22740173400007,29.238828660000024],[114.22193145800009,29.237951279000185],[114.21957397500012,29.237869263000164],[114.2157135010001,29.236362457000155],[114.21366882300003,29.23514175500009],[114.21085357600009,29.233669281000065],[114.20648956400032,29.231449127000076],[114.20161438000004,29.229215622000083],[114.19799804600007,29.227945328000146],[114.19255065900018,29.226608277000086],[114.18918609600007,29.225801468000043],[114.18345642000008,29.224912643000156],[114.17826080400005,29.223815919000174],[114.17230224700006,29.222230912000043],[114.16372680700022,29.22055244400008],[114.15591430700022,29.219360351000088],[114.1504592890001,29.218252181000086],[114.14421081600005,29.21734428399998],[114.13450622600021,29.21746063200004],[114.12770080500013,29.217220308000037],[114.1188049320001,29.216905593000035],[114.10938262900004,29.216571808000026],[114.10416412400002,29.215927125000064],[114.09846496700015,29.214578629000076],[114.09326171800001,29.21370506300008],[114.0829772940001,29.214942932999975],[114.07408142200018,29.21462440600004],[114.0690994260001,29.214675904000046],[114.06111144900001,29.211635589000082],[114.05964660600023,29.209289551000154],[114.05896759100006,29.20697212300007],[114.05812072700019,29.20258140700003],[114.05734253000003,29.19681930700006],[114.05603790400006,29.191036225999998],[114.05432891900034,29.188447952000104],[114.0497741700002,29.184843063000127],[114.04753875800009,29.18223953300003],[114.04296112100019,29.179323197000148],[114.03859710700021,29.17732620300012],[114.03420257600033,29.176023483000165],[114.03219604400022,29.174116135000077],[114.02997589000006,29.171054840000185],[114.02889251700003,29.166194917000155],[114.02877044600007,29.163209915000095],[114.02841186500007,29.1597557070001],[114.02909088100012,29.15633964500006],[114.02376556400009,29.152704240000105],[114.01817321700003,29.149061204000137],[114.01480102600033,29.14824867300013],[114.01090240400003,29.147651673000095],[114.0051345830002,29.14766883900012],[114.00000000000011,29.147806167999992],[113.99613189700005,29.141775132000134],[113.99124908500005,29.138273239000057],[113.9892807010001,29.135362625000084],[113.98574066200001,29.13250541800005],[113.98297882100019,29.129617691000135],[113.9789962760001,29.12287330700019],[113.9763793940001,29.11746025100012],[113.97380066000005,29.11273002600018],[113.97097015300005,29.108242036000092],[113.96794128300031,29.105136871000127],[113.96221923800022,29.106025695000145],[113.95667266800012,29.10484313899997],[113.9542236330001,29.103096008000136],[113.95020294200005,29.101171495000134],[113.94824218800011,29.098485947000142],[113.94645690900006,29.09395980900013],[113.94599151700015,29.08961486800007],[113.94608306900011,29.085939408000062],[113.94671630900007,29.082704544000077],[113.9475708010001,29.078542709000093],[113.9470596320001,29.07328224300005],[113.9465179440001,29.067333222000173],[113.94228363100012,29.06059646600016],[113.9415817260001,29.05694961500012],[113.94056701600016,29.051935194999995],[113.94013214000006,29.048280716000082],[113.93537139900002,29.047300338000127],[113.93171691800023,29.047428131000114],[113.92617034900002,29.0464744570001],[113.91739654500009,29.0435714730001],[113.91088867200017,29.038749695000092],[113.90505218400006,29.03711700600007],[113.90003204400034,29.036144258000096],[113.89187622100008,29.035282135000045],[113.88665008600015,29.035465241000114],[113.88168334900001,29.035409928000092],[113.87418365500014,29.037506104000162],[113.87158966100004,29.038053512000143],[113.86785888600002,29.042316437000125],[113.86911773700001,29.0468616500001],[113.87117767400002,29.051837921000125],[113.87216186500018,29.05616569600005],[113.87315368700001,29.06049156100011],[113.87358856200001,29.064378738000126],[113.87374877900004,29.067815782000082],[113.87256622400014,29.070842744000117],[113.86945343100024,29.07117843700007],[113.86522674500009,29.070634842000114],[113.86065673800012,29.067810059000067],[113.8557434080002,29.063390732000073],[113.85323333800011,29.06003570500002],[113.84795379600007,29.05929947000016],[113.84361267000008,29.061515809000127],[113.83931732100007,29.06533432000015],[113.8361129760001,29.069345474000045],[113.83424377400013,29.074232102000053],[113.83252716000004,29.077043534000154],[113.83113861000005,29.080993652000135],[113.83006286700015,29.085849762000123],[113.82919311400019,29.089780808000114],[113.82834625200007,29.094400405000158],[113.82698059100007,29.09880828899998],[113.82422637900004,29.101886749000187],[113.82013702500012,29.10386467100005],[113.81707000600011,29.105575561000023],[113.81134796100014,29.106460572000177],[113.80529022200005,29.105747224000083],[113.79872131400009,29.105283737000036],[113.79181671000015,29.103454589000023],[113.78337097200017,29.10190582200005],[113.7732772820001,29.098804474000133],[113.76661682200017,29.096277238000088],[113.76307678100011,29.09341621400017],[113.76029205300006,29.08960723800016],[113.75800323600015,29.08532333500017],[113.75463867300004,29.08038902300012],[113.7509231570001,29.07317161500015],[113.747047425,29.06871032600003],[113.74484252900004,29.066261292000096],[113.73793029800004,29.063970566000076],[113.73423004200015,29.063177109000094],[113.72991943500006,29.06630516100006],[113.72801208500016,29.07049942000009],[113.72635650600023,29.07445526100014],[113.72550201500007,29.078847886000062],[113.72485351500006,29.087591171000042],[113.72485351500006,29.093557358000115],[113.7248382570001,29.099063874000077],[113.7238006580003,29.105295181000084],[113.71954345600011,29.10956955100011],[113.7129898070001,29.10956001300019],[113.70894622700007,29.106941223000035],[113.7043075570001,29.10273552000012],[113.69959259100006,29.096925736000117],[113.69438171400009,29.091592789000003],[113.69084167400001,29.088497161000024],[113.68499756000017,29.08662605300015],[113.6811218260001,29.087902070000098],[113.68108367900004,29.09295463500007],[113.68132782000009,29.09845161500016],[113.68364715600012,29.103425980000054],[113.68493652400002,29.108888626000127],[113.68418121400009,29.115570069000057],[113.68258666900023,29.120903015000067],[113.67893219000007,29.12722015300017],[113.67504882800017,29.134233474000045],[113.67034912100007,29.14058494699998],[113.66586303800023,29.14578247000009],[113.66024017200004,29.148952484000173],[113.6556015020001,29.150714874000187],[113.65139007500022,29.156362534000095],[113.64913940400004,29.15872764700009],[113.64914703500006,29.16492653000012],[113.65004730200008,29.167648315000125],[113.6531829840002,29.17328262400014],[113.65648651100003,29.176845551000156],[113.66349792500036,29.181203843000162],[113.66864013600015,29.184934617000067],[113.6751327520002,29.18931007500009],[113.68267059300024,29.193880082000135],[113.68566894600009,29.196535111000173],[113.6884994510001,29.20126152000017],[113.69046783400017,29.204177857000158],[113.69197082400001,29.208488464000027],[113.69355011000005,29.214630127000078],[113.69464111400009,29.22148132300009],[113.6922683710002,29.227064134000045],[113.69113922000008,29.23123550400004],[113.68895721500007,29.235210418000122],[113.68464660600023,29.238565445000177],[113.68049621600005,29.239850998000065],[113.67371368400018,29.240535736000027],[113.66873169000007,29.240470887000125],[113.66158294700017,29.238870620000114],[113.6544418330003,29.237728119000167],[113.64810180600023,29.236560822000172],[113.64208984400011,29.2369918820001],[113.63829803400017,29.24032592800012],[113.63820648200021,29.244461059000002],[113.63603210500014,29.24843406800005],[113.6335525520001,29.251729965000155],[113.63104248100012,29.254335404000184],[113.62635040200007,29.25494766300011],[113.62106323200021,29.253974915000125],[113.61528778100023,29.253934861000175],[113.60791778500004,29.253484727000053],[113.6024322510001,29.253892899000046],[113.59960937600022,29.255363465000077],[113.59664154000029,29.25959014800009],[113.59710693400007,29.26416778500004],[113.6000137330002,29.270725250000055],[113.60143280100033,29.27320480400005],[113.60716247500011,29.278295517000117],[113.61103057900004,29.28275871400001],[113.61466217100019,29.28769111700001],[113.61753082300004,29.293333054000126],[113.620117187,29.298526765000023],[113.620117187,29.304723740000043],[113.62290954500008,29.308305741000023],[113.6256637570001,29.317163468000103],[113.62732696500018,29.319404601000144],[113.63121032700019,29.32409668100007],[113.63478851200023,29.327880860999983],[113.63883972200017,29.33050155600006],[113.64264679000007,29.333589553000028],[113.64909362700008,29.336820602000103],[113.65395355300006,29.339645387000132],[113.6567077640001,29.342763901000072],[113.65872955400005,29.346830369000088],[113.65924072300004,29.35255050700016],[113.65769195500013,29.35902786300016],[113.65693664500031,29.36593627900015],[113.6556015020001,29.37125968900006],[113.65585327200017,29.376989365000043],[113.65735626200001,29.381301879000148],[113.66037750300006,29.384183884000155],[113.66522979800004,29.387008666999975],[113.67191314700017,29.38976860100007],[113.6803817760001,29.391096115000156],[113.6901931760001,29.393295288000104],[113.69761657600009,29.394887924999974],[113.70263671900022,29.395633698000154],[113.70873260500014,29.39657974200009],[113.71425628600002,29.396854400000112],[113.72107696500007,29.396625519000054],[113.7232437140001,29.397932053000147]]]},"properties":{"GID_2":"CHN.13.14_1","GID_0":"CHN","COUNTRY":"China","GID_1":"CHN.13_1","NAME_1":"Hubei","NL_NAME_1":"湖北","NAME_2":"Xianning","VARNAME_2":"Xiánníng","NL_NAME_2":"咸宁市","TYPE_2":"Dìjíshì","ENGTYPE_2":"Prefecture City","CC_2":"NA","HASC_2":"NA","id":"421200","name":"咸宁市","NAME":"咸宁市","adcode":"421200","SOURCE":"GADM v4.1","GADM_GID":"CHN.13.14_1"}},{"type":"Feature","geometry":{"bbox":[112.93778991600004,30.071317673000184,113.82579040500015,30.536308289000093],"type":"Polygon","coordinates":[[[113.82227325500025,30.184320450000143],[113.82579040500015,30.16799545300006],[113.82388305800009,30.15132331900014],[113.82319641100025,30.151145936000095],[113.81860351500006,30.149019241000076],[113.81420135400003,30.14573860200017],[113.80893707300015,30.141117096000073],[113.80480956900021,30.137828827000188],[113.79913330100021,30.13528442500018],[113.79432678300009,30.134542465000095],[113.78665924100018,30.13459396300004],[113.78089141800002,30.135721208000174],[113.77558136000006,30.135229110000125],[113.77278137300016,30.133607864000112],[113.77149200500003,30.132856369000027],[113.77034759400011,30.131063462000103],[113.76657867500012,30.129823683999973],[113.76116180400005,30.127269745000152],[113.75714874300002,30.126268387000096],[113.75404358000026,30.12775993300005],[113.7499694820001,30.130887986000115],[113.74510192900004,30.134046555000058],[113.73912811400021,30.136327744000084],[113.73341369600007,30.138372422000145],[113.73097991900022,30.137313843000072],[113.72866058300019,30.133268356000087],[113.72631835900017,30.128765107000046],[113.72506714000008,30.124910354000065],[113.72176361000015,30.122049332000135],[113.71929168700001,30.120302201000072],[113.71240234400011,30.12009239300011],[113.70896148800011,30.119985580999977],[113.7072830190001,30.117984772000113],[113.70574951200012,30.113908768000158],[113.70493316600005,30.107976913000076],[113.7040481570001,30.100667953000027],[113.70288848800021,30.098642350000034],[113.69831848100034,30.09720039300015],[113.69329071100003,30.097154618000047],[113.68565368600002,30.097658157000016],[113.68035125700021,30.09738922200006],[113.67630767800006,30.09592628600018],[113.67407226500006,30.093484879000073],[113.67154693700002,30.090362550000062],[113.66767120300017,30.08683586200016],[113.66520691000005,30.085084915000152],[113.66150665400016,30.08521652200011],[113.65680694600019,30.086532593000186],[113.65158081100004,30.08763504000018],[113.64528655900006,30.088779451000107],[113.63923645000011,30.08945274500002],[113.63027954100005,30.09000015300001],[113.6234283450002,30.09047126800004],[113.61490631000004,30.089168549000135],[113.60793304400023,30.087120056000003],[113.59882354700005,30.08445930600016],[113.58857727100019,30.080463409000178],[113.58374023500016,30.078798293000094],[113.57517242400013,30.076576234000186],[113.56493377600009,30.07785224900016],[113.55438995400004,30.07868003800019],[113.55095672600011,30.078800201000096],[113.54427337600009,30.077198028000108],[113.54238128700013,30.076345442999976],[113.5385971070001,30.074644089000117],[113.53163909900002,30.07282066300002],[113.52657318100023,30.07184982299998],[113.52205658000003,30.071317673000184],[113.5197067270002,30.072088241000188],[113.51701355000034,30.076311112000095],[113.51573944100005,30.077501297000087],[113.51531982400002,30.079807281000058],[113.51425170900018,30.085121155000085],[113.51365661600005,30.089500427000075],[113.51178741600017,30.09461021400017],[113.50984191900022,30.098119736000115],[113.50653839200015,30.100986481000064],[113.50190734800015,30.103670121000107],[113.49623107900004,30.106618882000078],[113.49134063800011,30.109539030999994],[113.4853973390002,30.11249351500004],[113.47991943300008,30.11979675400011],[113.47944641000015,30.126462936999985],[113.47810363700013,30.131553650000118],[113.47638702400013,30.134824753000142],[113.4733734130001,30.137908935999974],[113.47059631300021,30.140985490000162],[113.46990966800013,30.143075943000042],[113.46761322100008,30.14498901500002],[113.46353912300015,30.14833831900006],[113.45815277000008,30.151962281000063],[113.45274353100024,30.15489959700011],[113.4470825190001,30.158533097000145],[113.43932342500011,30.162239076000105],[113.43097686700014,30.16504478500019],[113.4224624630001,30.169464112000185],[113.41420745800008,30.17410087600012],[113.4079971320001,30.177291871000076],[113.39977264400011,30.182157517000178],[113.39333343500016,30.186044693999975],[113.3887176510002,30.18940925600003],[113.38462066700015,30.192298889000085],[113.38259887700019,30.194433212000032],[113.37870025700022,30.195938110000043],[113.3755569450002,30.19604492200017],[113.37315368700013,30.196126939000123],[113.36992645300006,30.19508552500008],[113.36624908400017,30.195669175000088],[113.36147308400007,30.19536972100019],[113.35456085300007,30.194683076000103],[113.34635925400005,30.19472694300009],[113.3408432010001,30.195596696000052],[113.33762359700017,30.194557190000182],[113.33672332700007,30.19229507400007],[113.33466339100005,30.187774658000137],[113.33422088500004,30.183891298000166],[113.33184814400012,30.17823791500001],[113.3292770380001,30.174192428000087],[113.32541656500007,30.1706523900001],[113.32044983000004,30.166227340000034],[113.31494903500004,30.161594391000165],[113.30876159700006,30.15927696200015],[113.29943084700005,30.157180786000087],[113.29247283900008,30.155912399000044],[113.28560638500005,30.15614128200008],[113.27787017700007,30.154788971000187],[113.26991271900022,30.15436172400007],[113.26303863500004,30.15435600400014],[113.25620269700005,30.15503883300005],[113.25092315700022,30.155439377000167],[113.24352264500021,30.155452728000114],[113.2379684450002,30.155633926000178],[113.19967651300021,30.1573276530001],[113.19246673500015,30.155725480000115],[113.18440246500006,30.15277481200008],[113.17846679700017,30.15021133500011],[113.17311859100016,30.14877891500009],[113.16985321000004,30.146589280000004],[113.16692352300004,30.145994187000102],[113.16265869100016,30.145442963000107],[113.15814972000021,30.145128251000187],[113.15258026100003,30.144847871000085],[113.14571380700033,30.14506340100019],[113.14096832200005,30.145446779000114],[113.1341934200001,30.14772415300007],[113.12979126100005,30.149927139000052],[113.12496948200021,30.15120697100008],[113.11884307800005,30.15371513400004],[113.1121673580002,30.152320861000078],[113.104133606,30.149820329000136],[113.09694671700015,30.14889907800017],[113.09295654200014,30.14833641100006],[113.08740234400011,30.14828109700011],[113.08635711800002,30.148544312000126],[113.08376312200028,30.149772644000166],[113.08068084700005,30.151933670000062],[113.07656097400003,30.154584885000133],[113.07351684600019,30.15766143900015],[113.06952667200007,30.163293838000186],[113.06561279300001,30.17052268900011],[113.0629272450002,30.1758804320001],[113.05786895800009,30.181312562000127],[113.05352020200019,30.184888840000095],[113.04863739000007,30.18824958700009],[113.04628753800034,30.189010620000094],[113.04131317200017,30.190311431000172],[113.03632354800015,30.19115448100007],[113.03131866400008,30.191768647000117],[113.0263366700002,30.192813873000087],[113.02306366000028,30.193288803000147],[113.01941680900006,30.195657729000175],[113.0168304450001,30.19776916600017],[113.01586151200001,30.201000214000036],[113.01699829000007,30.203964233000196],[113.0179061880001,30.208307267000183],[113.01853180000012,30.21196746800007],[113.01864624000018,30.216558456000143],[113.01741027700018,30.219795228000066],[113.01640319800003,30.221649170000035],[113.01351165700021,30.22193527300016],[113.00953674300014,30.221551895000065],[113.00636291500007,30.2213821420001],[113.00322723500005,30.222818374000095],[113.00279998800022,30.22672844000016],[113.0033874500001,30.229013442000056],[113.00379180900006,30.234054566000058],[113.00360870300005,30.23727035600001],[113.0035171510001,30.24416160700008],[113.00316619900002,30.250595093000015],[113.00311279200015,30.258398057000136],[113.00347900400004,30.26275444100014],[113.00669098000003,30.264301301000046],[113.01110839900014,30.261232377000173],[113.01679229800004,30.25653266900014],[113.02129363900008,30.25667381300008],[113.02214813200021,30.25895309500004],[113.02115631000004,30.261499405000052],[113.0191421510001,30.265438079000145],[113.01689148000014,30.270072936000023],[113.0151596070001,30.274698258000114],[113.01476287800006,30.279523849000157],[113.01332092300004,30.28506088300014],[113.01136016900011,30.291067123000122],[113.00936889600018,30.295696259000128],[113.00525665300017,30.300365448000036],[113.00134277400002,30.302274705000176],[112.9969329830003,30.30511283800007],[112.99513244600007,30.30721282899998],[112.99120330900018,30.308664322000084],[112.98725128100023,30.309198380000055],[112.98226928800023,30.31089973400014],[112.97834014900013,30.31235122700008],[112.97657012900004,30.31536865300018],[112.97428131100003,30.318853379000192],[112.97257995600036,30.324623107999972],[112.97109985400027,30.328783035000185],[112.97042083800022,30.33315658500004],[112.97132873500016,30.33773040900013],[112.97354888900031,30.34159279000005],[112.9770736690001,30.344736100000038],[112.97924041800002,30.346763610000153],[112.9790267940001,30.34906387300009],[112.97646331800013,30.351636886000108],[112.97281646700014,30.35423278800016],[112.96736908000014,30.358463288000053],[112.9643020630001,30.362651825000114],[112.96069335900017,30.366161346000183],[112.95687866300023,30.37220382700019],[112.95458221500007,30.375457764000036],[112.95361328000013,30.37891960200011],[112.95188140900007,30.38354492100007],[112.9530181880001,30.386735916000074],[112.9563064570001,30.39103508000017],[112.95876312200005,30.393512726000154],[112.96070099000019,30.39714813300014],[112.96343994100005,30.400999069000076],[112.96563720600022,30.40416908200007],[112.96734619100017,30.408500673000106],[112.96846771100002,30.41100502000012],[112.96884918200021,30.41558647200009],[112.96917724700006,30.41833496100003],[112.97180175800008,30.427465439000173],[112.97354888900031,30.433629990000156],[112.97474670300016,30.43911743200016],[112.97592926100026,30.443685532000135],[112.97604370100032,30.447582244000102],[112.97664642400002,30.451246261000165],[112.97753143300031,30.454442978000092],[112.9792327880001,30.458312989000092],[112.98220825200008,30.461008073000134],[112.98600769100017,30.464611054000102],[112.99138641300021,30.468181610000105],[112.9933395390002,30.471588134000058],[112.9923934950001,30.475965499000157],[112.98496246400009,30.475416183000164],[112.97599792400003,30.476736068000037],[112.97048950100009,30.478904724000074],[112.96555328400018,30.48220825200019],[112.96237945600012,30.48273086600011],[112.95819091700002,30.48464202800011],[112.95424652000008,30.485862733000147],[112.95218658400017,30.487968443999986],[112.94799804700006,30.489881516000022],[112.9446182260001,30.492471695000006],[112.94229126000016,30.494579316000056],[112.94103241000005,30.49735641400014],[112.93904113700013,30.50221443200013],[112.93859863200021,30.50566291800015],[112.93842315600023,30.5091075900001],[112.93778991600004,30.515548706000114],[112.94000244200015,30.518949508000105],[112.94220733600014,30.522352218000094],[112.94576263500005,30.526649474000006],[112.95059967100008,30.529310226000124],[112.95332336400008,30.526809692000146],[112.95659637500012,30.525524139000083],[112.96083831900023,30.525678633999977],[112.9649963380001,30.527002336000127],[112.96843719500033,30.527784347000082],[112.97309112500011,30.528825761000068],[112.97885131800003,30.53115463300003],[112.9850387580002,30.533794404000048],[112.99051666200012,30.53590583800013],[112.9953689570001,30.536308289000093],[112.99968719400022,30.53599739200007],[113.00318145800009,30.535234451000065],[113.00646209700005,30.534315109000037],[113.00929260200007,30.532913208000142],[113.01097869800014,30.531936647000066],[113.01264953600014,30.53078842100013],[113.0151062020002,30.529584884000084],[113.01792907700008,30.528011322999983],[113.02056121700014,30.526626588000113],[113.02352905400006,30.52452468899998],[113.02577209400022,30.523164749000102],[113.02778625600001,30.5214805600001],[113.02999877900004,30.519777297000132],[113.03170013400006,30.51897239700014],[113.03354644800004,30.51763916000004],[113.03621673600003,30.516590118000124],[113.03885650700022,30.515201568000183],[113.0424728390001,30.51374053900014],[113.04493713400018,30.512706756000167],[113.04744720500014,30.512012481000173],[113.05078887900004,30.51177215700017],[113.05390167200005,30.51238250800014],[113.05657959000018,30.51299667400013],[113.06053161500006,30.514324189000153],[113.06375884900024,30.51494407600018],[113.06672668500016,30.514545442000042],[113.06886291600006,30.514486314000123],[113.07000732400002,30.514150619000134],[113.07135009700006,30.5143375400001],[113.0728988650003,30.513372422000145],[113.07282257100007,30.51154136600019],[113.07106780900017,30.507698059000063],[113.07038116400008,30.50404930000008],[113.0693588260001,30.49880790700007],[113.06861877400013,30.494014740000072],[113.06601715000012,30.489049912000155],[113.06474304200003,30.484045028000086],[113.06427764800014,30.47946929900013],[113.06758880600012,30.476158143000077],[113.07283782900004,30.47484779400014],[113.07758331200023,30.47401237500003],[113.08078765900007,30.474599838000188],[113.08534240800009,30.475605012000074],[113.09208679200015,30.478376389000115],[113.09728241000016,30.481653213000186],[113.10254669200015,30.486764908000115],[113.10794067400002,30.488885880000055],[113.11408233700024,30.489610671000097],[113.11824798500015,30.48787307700019],[113.12180328400007,30.48409462000012],[113.12133026200001,30.479293823000035],[113.11849975600012,30.47525405800013],[113.11694335900017,30.46980095000015],[113.11892700200008,30.4667549130001],[113.1241226200001,30.464298248000148],[113.12911224400011,30.462995529000068],[113.13288116500007,30.45828819300016],[113.13336181600005,30.45093536400009],[113.13430023200023,30.448152543000162],[113.13863372800029,30.444118499000126],[113.13941955700022,30.443864822000027],[113.14440155000023,30.4425601960001],[113.1482772820001,30.440143586000147],[113.1499710090002,30.436420441000053],[113.15087127600009,30.43272209300011],[113.15373993000003,30.431713105000085],[113.15644836500019,30.433002471000005],[113.16000366200012,30.435184478000167],[113.16493225000022,30.438924789000115],[113.16631317200006,30.44002914500004],[113.1702194200002,30.444490432000126],[113.17408752400013,30.44803619300012],[113.17907714800015,30.44803428800003],[113.18617248500004,30.445356370000184],[113.1912994380001,30.44129371700018],[113.19660949700005,30.4353904730001],[113.19953918400006,30.42956352200014],[113.202507018,30.42488098300004],[113.2059173580001,30.424083710000048],[113.21206665100021,30.425031662000155],[113.21827697700019,30.427583695000013],[113.22318267900016,30.430408477000185],[113.23148345900006,30.43220138600009],[113.24053192200006,30.43282890300003],[113.25035095200019,30.43296623200013],[113.25884246800001,30.43292045699997],[113.26783752400002,30.432397843000103],[113.2816085820001,30.43194770900016],[113.29138183500004,30.430938722000064],[113.29666137700008,30.430534363000106],[113.30426025400004,30.42845153800016],[113.31159973200033,30.426376343000133],[113.316818237,30.424598695000157],[113.32290649500021,30.42439651500013],[113.32823944000006,30.42490959200018],[113.3341369640001,30.42631912300004],[113.3387069700002,30.427772523000048],[113.34535980200019,30.428010940000096],[113.35117340200031,30.427360534000115],[113.3590087890002,30.42480468700012],[113.36598968600003,30.42090415900014],[113.3727417,30.417697906000175],[113.37999725300006,30.41424179200004],[113.38761138900009,30.412382127000058],[113.39388275100009,30.410337449],[113.40016174300013,30.408519745999968],[113.40397644100005,30.40517997700016],[113.4078063960003,30.401840211000035],[113.41219329900014,30.39916992300005],[113.41844177200005,30.39666557300018],[113.42555999800005,30.39573669500004],[113.43238067700008,30.394128799000047],[113.43786621200002,30.39233780000012],[113.44248962400013,30.38920021100012],[113.44677734400011,30.384696960000102],[113.44802856500007,30.38281822200008],[113.45036316000005,30.38159370400018],[113.4544296260002,30.378015518999973],[113.45712280200007,30.378837585000156],[113.4591064450002,30.381753922000144],[113.46118927000009,30.38649940500011],[113.4632720950001,30.39124488900018],[113.46508026200001,30.39333152700016],[113.46790313700012,30.393838883000058],[113.47102356000005,30.392356874000086],[113.47535705600002,30.388996124000187],[113.48049926700014,30.385379792000094],[113.48409271300011,30.382736206000057],[113.48869323600013,30.379135132000158],[113.4935226450001,30.380346298000177],[113.49461364800004,30.380996703999983],[113.49633789200027,30.383918763000107],[113.49690246600005,30.39031982400013],[113.49717712400025,30.396276475000093],[113.49907684300001,30.402862549000076],[113.50095367300003,30.40852928200007],[113.51155090200007,30.419635772000106],[113.51914215100021,30.423040389000164],[113.52423095700021,30.42401123000013],[113.53146362300004,30.425367356000038],[113.53633117600022,30.427494050000174],[113.53935241700015,30.429683685000047],[113.54064178500006,30.43445205700004],[113.54163360700022,30.438318253000034],[113.5414962780003,30.441303253000118],[113.54161071800002,30.4491004950001],[113.54312133900021,30.45294761600013],[113.5467681880001,30.457178116000076],[113.55090332100019,30.46024322500011],[113.55529022200017,30.463302613000106],[113.56036377000021,30.469547271000067],[113.56268310600001,30.47359657300007],[113.56604766800012,30.477378845000036],[113.56893920900018,30.482322692000086],[113.57283782900015,30.486087799000135],[113.57798004200004,30.488199235000025],[113.5846481320001,30.48888206500004],[113.59208679100016,30.48885345500014],[113.59985351500006,30.490415574000167],[113.60545349200004,30.49090766900014],[113.60973358100023,30.491445542000125],[113.61414337200017,30.4947280880001],[113.63192749000007,30.46837616100015],[113.62906646700003,30.46466446000005],[113.62481689500032,30.456375121000125],[113.62436676100003,30.452032090000042],[113.62336730900029,30.44770240700001],[113.62239074600006,30.44337463400018],[113.62140655500004,30.439277650000125],[113.62132263100023,30.436985015000005],[113.62087249700028,30.433097840000187],[113.61992645300018,30.429687500999993],[113.6166229260001,30.426811218000122],[113.61464691100014,30.42435073800016],[113.61855316100002,30.422620774000166],[113.63069152800017,30.42107772900016],[113.63919830400005,30.42126083300019],[113.64634704600019,30.421028137000118],[113.65183258100012,30.419013978000184],[113.65731811500007,30.416997911000067],[113.66084289500009,30.412523269000015],[113.66378021300011,30.407150269000113],[113.66832733100011,30.401954651000093],[113.67191314700017,30.398853303000184],[113.67495727500011,30.39599990900013],[113.67990875200007,30.394001008000036],[113.68492126400008,30.393377304000126],[113.68977355900017,30.395053863000047],[113.69384002700019,30.396986008000116],[113.69685363800022,30.39895248499999],[113.69825744600018,30.396263122000168],[113.69880676200012,30.39521789500009],[113.70044708300009,30.39057350300004],[113.70570373500017,30.383285524000026],[113.71135711700003,30.379428863000044],[113.71885681100025,30.375278473000037],[113.72577667300015,30.375507354000035],[113.73207092300004,30.373920440000177],[113.73780059900002,30.37166404700008],[113.73976898100024,30.368158340000036],[113.73979187000022,30.362880707000045],[113.7382507330002,30.359157563000053],[113.73800659100004,30.358577728000117],[113.73587799100017,30.352682115000164],[113.7353668200002,30.347421646000043],[113.73547363300008,30.343517303],[113.7384567250001,30.339288711999988],[113.74208068900032,30.338106156000038],[113.74394226200026,30.33749961800009],[113.74864959700005,30.335964204000106],[113.75192260800009,30.332183839000034],[113.75357055600023,30.32753944400008],[113.75408935500002,30.321554184000092],[113.75422668400017,30.312828065000076],[113.75417327900004,30.311637879000045],[113.75392150900007,30.3061866760001],[113.75434112600021,30.29790878300003],[113.75602722100018,30.294181824000134],[113.7565460200002,30.29351997499998],[113.75878143200009,30.29064560000012],[113.76328277600021,30.290496826000094],[113.77031707800006,30.287965774999975],[113.77694702100018,30.287973405000116],[113.78273010200007,30.286861420000037],[113.78457641600005,30.281059266000113],[113.7835006710003,30.274671554000008],[113.78156280500002,30.266933442000155],[113.78020477300026,30.26293373200014],[113.78002166800013,30.262395859000147],[113.7768478390002,30.25676536500004],[113.77417755100021,30.250431061000146],[113.77416229300002,30.244234085000077],[113.77710723900009,30.23931884800004],[113.78221893300008,30.23501586900011],[113.7843551630001,30.234283447000053],[113.78742981000005,30.233232498000064],[113.79148864700005,30.22919464100005],[113.79824066100002,30.226213455999982],[113.80354309000029,30.220525742000117],[113.80774688700001,30.214185715000042],[113.80988311700003,30.20883560200014],[113.81079864500009,30.2043819430001],[113.81140136800002,30.201440810000065],[113.81251525800019,30.197853089000088],[113.81371307400013,30.19401931699997],[113.81530761600004,30.188455582000188],[113.81810760500002,30.186067582000135],[113.82018280000023,30.18507766800008],[113.82185363800012,30.18447113000019],[113.82227325500025,30.184320450000143]]]},"properties":{"GID_2":"CHN.13.15_1","GID_0":"CHN","COUNTRY":"China","GID_1":"CHN.13_1","NAME_1":"Hubei","NL_NAME_1":"湖北","NAME_2":"Xiantao","VARNAME_2":"Xiāntáo","NL_NAME_2":"仙桃市","TYPE_2":"Dìjíshì","ENGTYPE_2":"Prefecture City","CC_2":"NA","HASC_2":"NA","id":"429004","name":"仙桃市","NAME":"仙桃市","adcode":"429004","SOURCE":"GADM v4.1","GADM_GID":"CHN.13.15_1"}},{"type":"Feature","geometry":{"bbox":[113.30960845900017,30.379135132000158,114.58222198500027,31.85491180500014],"type":"Polygon","coordinates":[[[113.4590606700001,30.404272080000055],[113.45848083500016,30.409336090000007],[113.45980835000012,30.41549301100008],[113.45928192100018,30.4219341270001],[113.45948791500018,30.426746368000124],[113.45942688000002,30.431795120000057],[113.46160888700012,30.43907165500019],[113.46248626800002,30.441337586000035],[113.46508026200001,30.445846558000024],[113.46584320000011,30.451099396000192],[113.46734619100005,30.455640794000033],[113.46869659400011,30.462255479000135],[113.46894073500016,30.467981338000072],[113.4693832390002,30.472099304999972],[113.47007751400031,30.475976945000184],[113.46941375800009,30.47875213700013],[113.46768188400017,30.482019425000093],[113.46382141100003,30.484893800000183],[113.4591064450002,30.48641586400015],[113.45465087900016,30.48769950900004],[113.45081329400011,30.49103355500006],[113.44722747800006,30.494356156000098],[113.44644927900015,30.501035691000027],[113.4463882440001,30.505853652000155],[113.44686889600007,30.510887146000073],[113.4458236700001,30.517345428000116],[113.44522094700005,30.522180557000183],[113.44249725400005,30.52685546900011],[113.43903350900007,30.532697678000094],[113.43683624300002,30.537584304000067],[113.43549346800035,30.54313468900006],[113.43512725800008,30.547504426000046],[113.43697357200006,30.553182602000163],[113.43934631400009,30.559074401000146],[113.4410171520002,30.567283631000123],[113.44199371300022,30.57138252300013],[113.44436645400003,30.577276229000176],[113.44595336900011,30.582963943000042],[113.44647979800004,30.589370728000176],[113.44600677600022,30.596958161000092],[113.44545745800019,30.602710724000076],[113.44541168300009,30.60798835800011],[113.44666290200007,30.612310410000195],[113.44872283800021,30.61706543100007],[113.45104980500025,30.621812821000102],[113.45391082800006,30.626541138000054],[113.45490264800014,30.630868913000143],[113.45506286500029,30.63476371800004],[113.45375823900021,30.641687393000158],[113.45123291100015,30.64474868800005],[113.44722747800006,30.650611878000067],[113.44262695300006,30.655340195000008],[113.43723297200007,30.659406662000148],[113.43203735400004,30.662548065000067],[113.42981720000023,30.666746139000164],[113.42994689900003,30.669956207000038],[113.43012237600021,30.67385292000011],[113.43340301500018,30.682010652000088],[113.43789672800006,30.68783760000008],[113.44074249200003,30.692106247000027],[113.44230651800012,30.697795869000064],[113.43369293100011,30.70150375300011],[113.43023681700005,30.701839448000044],[113.42574310400005,30.70243644699997],[113.42180633500004,30.703931809000096],[113.42141723600027,30.707155228000094],[113.42397308300008,30.710750581000127],[113.4292221070001,30.715406419000033],[113.43180084300013,30.71968650700012],[113.432258606,30.724262237000005],[113.43222808800022,30.729770660000042],[113.43180847100018,30.73253631700004],[113.42984771600004,30.736494065000098],[113.42872619600018,30.741577148000143],[113.42727661100002,30.745063782000102],[113.42715454000017,30.745695114000114],[113.42640686000027,30.749677658000167],[113.42653656100026,30.752656936999987],[113.42600250300018,30.75886726300013],[113.42439270000011,30.764881135000167],[113.42426300000022,30.768100737999987],[113.42376708900008,30.775455475000058],[113.42401886000005,30.781185150999985],[113.42429351800001,30.787601472000063],[113.42211914100017,30.792942047000054],[113.4212036140002,30.796184540000183],[113.41734314000018,30.799743653000064],[113.41374206600005,30.80260658300017],[113.41208648600002,30.80770492700009],[113.4106903080002,30.812335969000117],[113.40979766900011,30.81649208100009],[113.40540313800024,30.825805665000132],[113.40171814000018,30.833486557000075],[113.39790344200003,30.837732316000082],[113.3926010130001,30.844776154000098],[113.3853225700002,30.849128723000035],[113.37962341300022,30.85297393800016],[113.37748718300021,30.85303878799999],[113.37432861200023,30.85404968300009],[113.37088775600012,30.85461425800014],[113.36910247700007,30.85650253299997],[113.36622619700017,30.857967377000023],[113.3634796140002,30.86218071000002],[113.36119079600019,30.864772796000125],[113.35896301200025,30.868741989000174],[113.35565185500002,30.872739792000115],[113.35205078100034,30.8758335120001],[113.34868621800003,30.87845420900015],[113.34470367400002,30.878576278000025],[113.34176635600022,30.87866020200005],[113.33914947600022,30.879661561000034],[113.33740234400011,30.882694245000096],[113.33566284300014,30.88573074300018],[113.33342742800016,30.889696120999986],[113.33219146700014,30.898452759000126],[113.32991027800017,30.901275634000005],[113.32852935800008,30.906591416000026],[113.3279190070001,30.9111976640001],[113.32955169600031,30.918258667000032],[113.33039855900029,30.925804138000046],[113.33223724400011,30.931715013000147],[113.33569335900017,30.93780517600004],[113.3385009760002,30.941162110000107],[113.34147644000006,30.942218780000193],[113.34470367400002,30.942581177000022],[113.34735870300005,30.94250106800007],[113.35162353600026,30.94237327700006],[113.35592651500008,30.94339180000003],[113.35903167800006,30.94719696100003],[113.3620910640002,30.95031547700012],[113.36472320500013,30.95574188300003],[113.36567687900015,30.95961189300016],[113.3674469,30.96345901500013],[113.37165832500034,30.968376160000105],[113.37554168700012,30.97193145700004],[113.37996673600004,30.975925447000122],[113.38303375200019,30.978584289000025],[113.38497924900014,30.980590821000135],[113.38588714600019,30.983316421000037],[113.38606262200017,30.98744201700015],[113.38652801600006,30.992013931000084],[113.3888473500001,30.996532440000067],[113.39114380000012,31.00013160599997],[113.39385223400019,31.00119781600011],[113.39956665000011,31.004003524999977],[113.40181732200006,31.006689071000157],[113.40544128500028,31.010021210000048],[113.41092681900011,31.013521194000138],[113.41636657700008,31.015880584000115],[113.42265319900014,31.019130707000155],[113.42410278400007,31.02206993200008],[113.430282594,31.02921867400005],[113.43746185300006,31.034732818000123],[113.4407577520002,31.03692436300003],[113.44737243700013,31.0417709350001],[113.45294952400013,31.047330856000148],[113.45610046400009,31.052280427000145],[113.45703125000023,31.05523490900015],[113.45995330700009,31.06110763600015],[113.46127319400011,31.06680488600011],[113.4631118770002,31.072481156000098],[113.46259307800028,31.078920365000048],[113.46202850400017,31.084669113000185],[113.46180725100021,31.092018127000188],[113.46176910400015,31.097299577000175],[113.46180725100021,31.104406357000073],[113.4629135130001,31.11125564600019],[113.46824646000016,31.11751556400014],[113.47328948900008,31.12286376999998],[113.48026275600034,31.129299164000084],[113.48194122200016,31.13131141600013],[113.4831085200001,31.133569717000057],[113.48384094100004,31.138134003000005],[113.4820327760001,31.139566422000147],[113.48078918500016,31.141670226000144],[113.47846221900011,31.14357566800004],[113.47989654600008,31.146055222000026],[113.48246002200005,31.149417877000186],[113.4844512950001,31.152336121000076],[113.48538208100001,31.155290604000186],[113.4856033320001,31.160333633000107],[113.48594665500002,31.16834831300008],[113.48584747300015,31.172250749000053],[113.48549652100007,31.176618576000067],[113.48544311600017,31.181440354000017],[113.48545837400002,31.188089371000103],[113.48464202900004,31.19385147100013],[113.48403930600023,31.198457717000053],[113.48435211200012,31.20578765800013],[113.4844512950001,31.214271546000077],[113.48317718500016,31.222110748000148],[113.48132324300025,31.228359223000155],[113.47586822500011,31.23243141200004],[113.4729080190001,31.232065202000115],[113.46630096400008,31.233873367000058],[113.4609832750001,31.23449707100013],[113.45564270000023,31.234889984000063],[113.45131683400007,31.234106065000105],[113.4459228520002,31.232896806000156],[113.44172668500016,31.235088349000023],[113.43858337300014,31.236560822000115],[113.43630981400008,31.239614486000164],[113.43437194800015,31.24448966900002],[113.43300628700003,31.250265122000144],[113.4313812260001,31.25581932000017],[113.42875671500008,31.263469696000072],[113.42587280200019,31.270900727000022],[113.42240905800008,31.277656556000068],[113.41957092200005,31.28026771600014],[113.41635894700016,31.286558151000012],[113.41069793600013,31.292005538000183],[113.40574645900017,31.29513931300005],[113.39826965400016,31.295595169000084],[113.39137268100012,31.29695320200011],[113.38522338800033,31.297367097000176],[113.3779068,31.295524598000046],[113.37248992900004,31.293853760000164],[113.36769866900012,31.294456483000033],[113.36328888000003,31.297800065000104],[113.36077880900007,31.301776886000088],[113.35941314800016,31.30755043100004],[113.3522033700001,31.31418800300014],[113.34835052500011,31.318433762000158],[113.34261322100019,31.321819305000076],[113.33363342300005,31.32483863900012],[113.32779693600003,31.326618195000098],[113.32008361800013,31.33395576400017],[113.3131408700001,31.341045379000093],[113.30960845900017,31.346426011000176],[113.31156158400006,31.348201752000076],[113.31537628200022,31.34992218000013],[113.32440948500005,31.354469300000115],[113.32996368300019,31.35889244000003],[113.33442688000014,31.363344193000046],[113.33609008800022,31.371093749000124],[113.33429718100012,31.37963676500016],[113.33376312300015,31.38607215900009],[113.33191681000005,31.39323806700003],[113.32998657200005,31.39834022600007],[113.3284301760001,31.40595626800013],[113.32688140900007,31.41379928599997],[113.32710266100025,31.41906547500008],[113.32991027800017,31.42219352600017],[113.33426666200002,31.42390060399998],[113.34134674100007,31.426668167999992],[113.34648132200005,31.427434922000035],[113.3518905630001,31.428417205000073],[113.35714721700015,31.426195144000133],[113.36077117900015,31.422874451000098],[113.36521911500029,31.420219421000123],[113.37169647100029,31.414978028000178],[113.37377929600007,31.41354179300009],[113.3812408460002,31.412397385000073],[113.38633728000013,31.412471771000188],[113.39045715300006,31.415098191000087],[113.3937988270003,31.41775131300005],[113.39739227300004,31.420396805000113],[113.40310669000007,31.422285080000112],[113.40849304300002,31.42281150800011],[113.41388702300027,31.423791886000057],[113.4212036140002,31.425403593999988],[113.42794036900013,31.42634773300006],[113.43765258700023,31.42765426700015],[113.4479522700002,31.43031883200007],[113.4590606700001,31.432960511000086],[113.46589660600011,31.435659410000024],[113.46958160300005,31.43431091399998],[113.4729080190001,31.431423188000164],[113.47544098000003,31.428800583000168],[113.47830200200008,31.427305221000044],[113.47853088500017,31.426609040000073],[113.49217987000031,31.416652679000098],[113.49529266300023,31.414920808000034],[113.49761199900013,31.413219453000067],[113.50353240900006,31.408851624000082],[113.5086288450002,31.404283524000107],[113.51381683300008,31.401321411000087],[113.52036285500014,31.39853286800019],[113.52481842100019,31.39674377400013],[113.53021240200019,31.397209168000074],[113.5338134760002,31.399675369000136],[113.53740692100007,31.402677536999985],[113.54210662900005,31.40383338900006],[113.54884338400018,31.40424537700005],[113.55507659900013,31.405654906000056],[113.55869293100022,31.407739639000166],[113.56350707900015,31.41235733000008],[113.56857299900003,31.41628074700003],[113.57537078800021,31.422651290000033],[113.58006286500017,31.424978257000078],[113.58412170500014,31.425729752000162],[113.5879135130001,31.42626190200013],[113.58982086200012,31.426868438000042],[113.59088897700009,31.426826478000123],[113.59426117000021,31.424850463000155],[113.59810638300007,31.421710969000117],[113.60146331800013,31.419509888000164],[113.60401916500007,31.41733741800016],[113.60550689700005,31.415210724000076],[113.60674285800032,31.413324356000146],[113.60843658500005,31.41027259800006],[113.61125946000004,31.408090593000054],[113.61401367100018,31.404762269000006],[113.61495971800002,31.403604508000058],[113.61650085500003,31.402507781000164],[113.6196212760001,31.39967727600003],[113.62377929600018,31.39613914500012],[113.62666320900018,31.39423751900017],[113.62959289600019,31.39393806500004],[113.6387176510001,31.395101547000024],[113.64412689200014,31.397268296000163],[113.6475067130001,31.40246582200018],[113.65109252900015,31.405363083000164],[113.65466308600003,31.40826225300009],[113.65846252400002,31.410007478000125],[113.6598663320002,31.412267686000117],[113.6617965700002,31.414056778000145],[113.66351318300019,31.417001725000034],[113.66522216800013,31.420400620000127],[113.6674270640001,31.422185898000066],[113.67121124400002,31.423469544000056],[113.67521667400001,31.423374176000152],[113.67929077200006,31.42511367800017],[113.68176269600019,31.427118302000114],[113.68427276600005,31.430273057000136],[113.68572998100024,31.433679581999964],[113.68801116900033,31.43798446599999],[113.69084930400004,31.442964554000127],[113.693412781,31.447261811000146],[113.69667816200024,31.449247361000122],[113.70382690500014,31.45527267400013],[113.70794677800006,31.458156585999976],[113.71233367800005,31.461263657000128],[113.71643066500008,31.46368789800005],[113.72244262700008,31.467441559000065],[113.72511291500007,31.467378616000076],[113.72989654600019,31.466573716000084],[113.73415374800005,31.465551376000064],[113.73838806200001,31.464300157000025],[113.74310302800006,31.46143531800004],[113.74973297100007,31.45943641600019],[113.75610351700004,31.45813369800004],[113.75904846200012,31.45829010000006],[113.76431274400011,31.455865859000088],[113.76885986400009,31.455753326000096],[113.77465057300003,31.453090669000176],[113.7790832510002,31.449768066000104],[113.78269958500027,31.446006775000058],[113.78370666500007,31.444147110000078],[113.78819274800016,31.44219970600011],[113.79213714500008,31.44026756300019],[113.796951293,31.440376281000113],[113.8015213020002,31.440950395000186],[113.80750274800005,31.44355583200019],[113.811187743,31.442085266000053],[113.81672668500018,31.439884185000096],[113.82314300600001,31.43972587500014],[113.8274765010002,31.441453934000037],[113.83020019600008,31.44276046800013],[113.83506774900002,31.444244385000047],[113.83756256100004,31.446708680000143],[113.84224700900018,31.45071983300011],[113.8463363650003,31.452913285000022],[113.85095977700007,31.45486068700006],[113.85729980400015,31.452634811999985],[113.86115264900002,31.44817733900004],[113.86266327000021,31.44515991200006],[113.86572265600024,31.441179276000014],[113.86856842000009,31.43835449300019],[113.86831665000011,31.431247711000143],[113.86926269500009,31.427780151000096],[113.87069702200006,31.42292213500014],[113.87346649100027,31.418264390000104],[113.8766632080002,31.417497636000117],[113.88114166300011,31.415775300000067],[113.88385009800015,31.416854859000125],[113.88729095400004,31.415849686000172],[113.88876342800006,31.419483184000057],[113.89108276400009,31.424472808000072],[113.89280700700021,31.428098678000083],[113.89456176700025,31.432186127000136],[113.8957366950001,31.43513870300018],[113.89820098800021,31.436910629000067],[113.90226745600023,31.438415527000075],[113.90553283700014,31.43970680200005],[113.91052246000004,31.437284471000112],[113.91316223100024,31.436300277000047],[113.91545867900005,31.433256150000147],[113.916427612,31.430479050000034],[113.91889953500015,31.424676895000175],[113.92170715400016,31.42093467700016],[113.92357635500002,31.418882371],[113.92693328900009,31.41758728000008],[113.9327926640001,31.416748046000066],[113.94259643600003,31.414657593000015],[113.94658660800008,31.4138660430001],[113.9465103140002,31.411802292000115],[113.94560241700015,31.40884590100006],[113.93904876700003,31.4048824300001],[113.93607330300017,31.404043198000128],[113.92793273900008,31.400810242000144],[113.92276000900017,31.398189544000044],[113.92025756900023,31.395500182999967],[113.91771698000002,31.39166259800015],[113.92519378700013,31.391241073000003],[113.93485260000034,31.392370224000107],[113.94374084400023,31.394205094000025],[113.95372772200017,31.396930695000037],[113.95865631100003,31.400243759999967],[113.96362304600018,31.40401649500012],[113.96560668900008,31.40740776100006],[113.96601104800004,31.411064147000104],[113.96587371900011,31.414743424000108],[113.96740722600009,31.420209886000183],[113.9713134760002,31.424468995000037],[113.97754669100016,31.42705917400002],[113.98312378000004,31.425537110000054],[113.98834991500019,31.42241668700007],[113.99337005700022,31.420677184999988],[114.00000000000011,31.42134284900004],[114.00637817400013,31.424568177000083],[114.00928497300004,31.426666261000147],[114.01297760100022,31.43014907900016],[114.01719665600012,31.434099197000137],[114.01953887900004,31.438253404000076],[114.02220153800033,31.439203263000024],[114.02539825300005,31.440387726000097],[114.02913665800008,31.44089317300006],[114.03289031900022,31.440710069000033],[114.03585052500034,31.440055848000156],[114.0399093630001,31.437356949000044],[114.04451751700003,31.433975221000026],[114.04906463700001,31.434028626000103],[114.05197143600003,31.43658828800011],[114.05567932200006,31.439380646000078],[114.0575103760001,31.44169426000019],[114.05906677300015,31.44514846900006],[114.06140899600007,31.449304581000032],[114.06348419300004,31.45345115600003],[114.06369781500018,31.45712280300018],[114.0647048950002,31.460800170000084],[114.06544494700029,31.46493530400005],[114.0646057130001,31.46698951800005],[114.06296539300013,31.469490051999973],[114.05915832500011,31.4728832240001],[114.05590057300003,31.475593566000157],[114.05447387800018,31.481075288000056],[114.0554809580002,31.485212327000117],[114.05598449700005,31.48705101000013],[114.05781555200008,31.489593507000052],[114.06073760900017,31.491464615000158],[114.0641937260001,31.492879868000106],[114.06790924000018,31.49521446300008],[114.07163238500016,31.497322082000153],[114.07479858300007,31.500339508000025],[114.07584381200013,31.501955034000105],[114.0744476320001,31.50537681600008],[114.07387542700008,31.507661819000077],[114.07489013700001,31.51133918800014],[114.07727050900019,31.513202668000133],[114.08100891100003,31.514392853999993],[114.08393859900013,31.515342713000166],[114.08739471400021,31.517444610000098],[114.08977508500004,31.519079209000097],[114.09132385200007,31.523220063000053],[114.09368133500016,31.526687623000043],[114.09686279200002,31.528787614000183],[114.10113525500014,31.52998352000003],[114.10321044900002,31.53412818900017],[114.10422515900018,31.537809372000027],[114.10257721000016,31.540311814000123],[114.09934234600018,31.541875839000166],[114.09504699700017,31.54228591900016],[114.09156799400012,31.541786194999982],[114.08888244600018,31.542211533000057],[114.08563995400016,31.54377937400017],[114.08319091900012,31.545812607000073],[114.08203125000011,31.55152893200011],[114.08199310300006,31.554046632000052],[114.08272552500011,31.558410644000162],[114.08478546100002,31.563705445000153],[114.08606719900001,31.567615508000074],[114.08996582100019,31.57568168600011],[114.09305572600033,31.58374023400006],[114.09962463400007,31.592294692000106],[114.10301208500016,31.598751069000116],[114.10405731200001,31.60059547400005],[114.10452270600003,31.605182648000156],[114.10365295500003,31.609527587000002],[114.10330963200022,31.614105224000127],[114.1029739380001,31.61845588800003],[114.10317230300006,31.622812272000093],[114.10366058300019,31.626024247000032],[114.10440826300021,31.629930495999986],[114.10623931900022,31.63293075600006],[114.10806274400034,31.63661956900006],[114.10933685400005,31.64052772500008],[114.1116867070001,31.64513778800006],[114.1132507320001,31.648134231000085],[114.11640167300015,31.652294159000068],[114.11822509800004,31.65621185200007],[114.12056732300016,31.661052704000042],[114.12236022900005,31.66634178200019],[114.12282562300015,31.671157837000123],[114.12191772400024,31.67779350300009],[114.119194031,31.68028259300013],[114.11567688100001,31.682306290000156],[114.11217498700012,31.682949067000155],[114.10839080700009,31.684738159000066],[114.1032028190001,31.689950943000042],[114.09883880700022,31.69425392200003],[114.0944442760001,31.70061874300001],[114.09141540400014,31.70562362700008],[114.09107971100002,31.709743500000176],[114.09156036400009,31.713415145000113],[114.093109131,31.717559814000083],[114.0946731570001,31.720552445000184],[114.09703827000033,31.723789216000057],[114.09941101100014,31.72679519700017],[114.10311126700003,31.730503083000144],[114.10762786900011,31.733764649000193],[114.10785675000022,31.73605728100017],[114.10511779900014,31.739692689000037],[114.10240173400007,31.741495133000175],[114.09832763600025,31.74442482100011],[114.09476470900006,31.748739242999985],[114.09418487600011,31.75170898500005],[114.0960083020002,31.755397797000118],[114.0991897580002,31.758182525000112],[114.10315704400034,31.761896134000153],[114.10634613100002,31.764453889000148],[114.11032104500009,31.767709732000124],[114.11294555600023,31.77209091200007],[114.11421966500008,31.77646064700008],[114.11283111500006,31.779420853000033],[114.11067962700008,31.7793979650001],[114.10637664800015,31.779806136000044],[114.10338592500023,31.78183555600009],[114.10307312000032,31.7845783250001],[114.1033020010002,31.787099838000074],[114.10512542700008,31.790788651000188],[114.10694122400014,31.795162201000036],[114.11060333300031,31.801391602000084],[114.11441803000002,31.810293197000192],[114.11756134000007,31.817741394000166],[114.11742401100014,31.82644653400013],[114.11764526300033,31.83310127300013],[114.11937713700013,31.836370469000084],[114.11981201200012,31.838447571000188],[114.1210861200002,31.840099334000175],[114.1239395130001,31.842258453],[114.12604522700008,31.84324836700006],[114.1286926260002,31.844255448000123],[114.13165283200033,31.84435844400014],[114.13381958100013,31.843973160000075],[114.14253997800017,31.841751099000135],[114.14871215900007,31.84219360400004],[114.15760040300007,31.847768783000102],[114.16017150900018,31.850379943000178],[114.1630020140002,31.85322570900007],[114.16563415500025,31.854461670000152],[114.16805267300003,31.854543686000174],[114.17207336400008,31.85491180500014],[114.17532348600002,31.854562759000032],[114.18209838900009,31.853647232000075],[114.18894195600014,31.85112953300001],[114.19862365800022,31.84549713200005],[114.20524597100007,31.842052460000108],[114.20858001700003,31.83987236100012],[114.21082305900019,31.83788871800005],[114.21327209400022,31.837282182000138],[114.21572113100001,31.836675644000028],[114.21972656200012,31.837499619000088],[114.22611999400011,31.838859558000085],[114.22994232300006,31.837614060000078],[114.23411560100021,31.834777832000047],[114.23427581800001,31.83134079100012],[114.2337493890001,31.825134278000064],[114.23863220300018,31.818418503000146],[114.24116516100014,31.815984726000124],[114.2477340690001,31.807722092000176],[114.25173950200009,31.80258560099998],[114.254882812,31.798566818000094],[114.26062011800002,31.790731431000097],[114.26718902600032,31.782470703000115],[114.2703475960002,31.777990341000134],[114.27264404400013,31.7748584740001],[114.27470398000003,31.771028520000126],[114.27735138000003,31.766073228000092],[114.28048706100003,31.76205253700004],[114.28305053700012,31.758928300000097],[114.28810119600007,31.75428581300008],[114.29116058400007,31.752094270000043],[114.29954528700013,31.750997544000082],[114.30590057500012,31.753269195000033],[114.31066131600016,31.755031585000154],[114.3146057130001,31.756996155000028],[114.3186111450002,31.75758552500008],[114.3234481820001,31.757747650000113],[114.32801055900006,31.757896424000137],[114.33769989000018,31.75775718800003],[114.34697723400006,31.754852295000095],[114.35598754900013,31.75170898500005],[114.36064910800008,31.74979782200012],[114.36370086600017,31.747606277000045],[114.36643218900008,31.746776581000177],[114.37027740400003,31.744840623000186],[114.37520599300002,31.742937088000193],[114.38059234700006,31.742654800000082],[114.38701629600018,31.743322372000076],[114.39608001800013,31.745220185000164],[114.40040588300019,31.744676590000036],[114.40648651100004,31.74097251900008],[114.4108963020002,31.738365174000084],[114.41445922900016,31.736875534000095],[114.41907501300011,31.73587799000018],[114.42451477100008,31.734449386000108],[114.43046569900014,31.733722687000125],[114.4393692020002,31.73286437900015],[114.44715881400009,31.733110428000142],[114.45299530000023,31.73490524200014],[114.45638275100009,31.73730659500018],[114.46037292600012,31.738349914000086],[114.46517944300012,31.73919105500011],[114.46816253600014,31.738599778000147],[114.47168731600004,31.737794877000056],[114.47738647500012,31.736597061000058],[114.48921203700013,31.736749649000103],[114.49826049900025,31.7388687130001],[114.49981689400033,31.74648285000012],[114.50059509300002,31.75338363600014],[114.5011978140002,31.75798797600009],[114.50237274100016,31.761922836000053],[114.50381469700005,31.765863418000155],[114.5036926260002,31.76883888200013],[114.50494384700005,31.770940781000032],[114.50897216800001,31.77106857400003],[114.51374816900011,31.766407013000105],[114.51602935900019,31.763269424000104],[114.51897430400004,31.75740242100005],[114.5209426890001,31.749210358000024],[114.5232772830002,31.744930267000143],[114.52555084200003,31.742019653000053],[114.52853393500004,31.74142646800004],[114.53273010200007,31.743852616000087],[114.53927612300004,31.74795532300016],[114.54155731200001,31.751234055],[114.54287719700007,31.75815200900007],[114.54409027100007,31.761169433000134],[114.54830169600007,31.763364793000108],[114.5522689820001,31.764867783000113],[114.55651855400015,31.766143799000137],[114.56055450500003,31.766040801000145],[114.5672225950002,31.76739311200004],[114.57096099800015,31.767967224000135],[114.57756805500014,31.76450538700016],[114.57987213100023,31.76091003300019],[114.5803298950001,31.75634384200015],[114.57863617000032,31.751932145000072],[114.57614898600002,31.747272492000093],[114.57501983600025,31.742193220999983],[114.57415008500016,31.73735237200015],[114.57378387500023,31.73321533300003],[114.57380676300033,31.726341248000153],[114.57325744600007,31.72036361800008],[114.57266235300017,31.71530151400015],[114.57250976500018,31.712547302000132],[114.57372284000007,31.709375381000143],[114.57762909000019,31.706056595000177],[114.57984161400009,31.70452308600005],[114.5812530520003,31.702960968000124],[114.58222198500027,31.699092864000196],[114.57911682000032,31.696249008000052],[114.5764999400002,31.694562912000148],[114.57466888400019,31.69335937500017],[114.57312011700003,31.691934586000116],[114.57078552200005,31.69002723700015],[114.56904602100008,31.686534883000036],[114.56626129200015,31.68255233900004],[114.56453704900002,31.67883110000003],[114.56313323900008,31.67396926900005],[114.56218719400022,31.67096328800011],[114.56127166700003,31.66726684500003],[114.56054687500011,31.665409088000107],[114.55796051100003,31.66303825400001],[114.55535888700001,31.660892487000012],[114.55304718100024,31.65852737500012],[114.55150604300013,31.656877518000105],[114.55023193400007,31.655229569000085],[114.5492324820002,31.653366089000087],[114.5482864380001,31.650356293000133],[114.54699707000032,31.642982482000093],[114.54658508300008,31.639986039000064],[114.54465484500008,31.634883880000018],[114.54279327300003,31.62817573600012],[114.54162597600022,31.624013901000126],[114.54117584200003,31.621936798000096],[114.54058837900004,31.61687850900017],[114.54094696100003,31.614824295000062],[114.541091918,31.611391066999996],[114.54237365800009,31.60661506600019],[114.54595184300013,31.598245621000046],[114.54781341600005,31.592344284000152],[114.54850769100017,31.58869743400004],[114.55039978000013,31.582109452000115],[114.55176544100004,31.575273514000116],[114.55191803000002,31.571611405000056],[114.55285644500009,31.568431854000153],[114.55307006900023,31.563396453000166],[114.55160522400001,31.560138703000064],[114.54776001000006,31.555889131000185],[114.54296875100022,31.554826736000113],[114.53893280000011,31.555156707000155],[114.53379821900013,31.55591011000007],[114.52866363600003,31.55689430300004],[114.52405548000002,31.557897567999987],[114.5202941890001,31.558008195000184],[114.51654052800006,31.557889938000073],[114.514266969,31.55460739100016],[114.51445007300005,31.550258637000073],[114.51408386300011,31.546348572000117],[114.51366424600019,31.54358482400005],[114.51303863600005,31.53944015500008],[114.5112991320002,31.53617668200013],[114.51032257100019,31.53407859900017],[114.50881195100021,31.531738282000052],[114.50730133000002,31.529397965000154],[114.50502777100007,31.52611541800007],[114.5019226080001,31.52349662800009],[114.49960327200006,31.52135849000013],[114.49839019700018,31.518344879000097],[114.4976806640002,31.516025543000186],[114.49732208200032,31.511888504000126],[114.49799346900022,31.508928298000114],[114.49788665800031,31.50502776999997],[114.49831390400016,31.50137329100005],[114.49954223600002,31.497743607000135],[114.50158691400009,31.49391174400006],[114.50363922100018,31.489849091000053],[114.50485229500032,31.48667907800007],[114.50605773900008,31.483507157000073],[114.50695800900007,31.481243133000135],[114.5082473760001,31.4762382510001],[114.50921630900007,31.47237396300011],[114.50934600800008,31.469396591000194],[114.50816345300007,31.465694427000074],[114.50664520200007,31.46357727000014],[114.50322723400006,31.462095261000176],[114.49975585900017,31.461755753000144],[114.49597167900004,31.462553025000034],[114.4932098390002,31.46429824900002],[114.49072265600012,31.466056824000134],[114.48877716200013,31.46759986900003],[114.48633575500003,31.468206405000103],[114.48429870700022,31.465850830000136],[114.48361969000007,31.46284866400009],[114.48271179200015,31.45915031500004],[114.48128509600019,31.45497703500007],[114.48033905100033,31.45196533100011],[114.47836303600002,31.44800758300005],[114.47742462200017,31.444997787000037],[114.4761962900003,31.442436218000125],[114.4753265390002,31.437822341000185],[114.47544097900006,31.435075760000018],[114.47531127900004,31.431859969000133],[114.47572326700015,31.428661347000173],[114.47642517100019,31.424789428000167],[114.47690582300015,31.419761657000095],[114.47713470400015,31.414493561000143],[114.47620391800001,31.411254883000026],[114.4747009270003,31.40891265900007],[114.47235870300017,31.407234193000082],[114.46835327200006,31.40687561100009],[114.46376037700009,31.407875060000094],[114.46070098900009,31.41030120900018],[114.45873260400003,31.412530899000107],[114.45648193300008,31.414979936000183],[114.45503997800006,31.417228699000137],[114.45208740200019,31.417360307000024],[114.44841003500017,31.41563606400007],[114.44773101800003,31.41286277900002],[114.44868469300013,31.40945625400019],[114.44911956800013,31.405569077000163],[114.44983673200011,31.40146637000009],[114.44941711500019,31.398702621000098],[114.44896697900003,31.39685440100016],[114.44799041800013,31.394531249999996],[114.44651794400033,31.391502381000127],[114.44473266600005,31.38938140900018],[114.44264221200012,31.388168334000056],[114.43972015300005,31.387615204000156],[114.43732452300003,31.38730621400015],[114.43441772500023,31.386299134000126],[114.43134307800018,31.38321685700009],[114.42989349300001,31.379503251000134],[114.42897033700001,31.376262664000137],[114.42777252300004,31.3730144490001],[114.4273452760001,31.370479583000133],[114.42584991500009,31.367906570000116],[114.42382049500009,31.36532020599998],[114.42258453300009,31.36298751900017],[114.42227172800006,31.357934951999997],[114.42350006100003,31.354303360000078],[114.4268569950001,31.350973129000124],[114.43015289200002,31.34924507100015],[114.43323516900013,31.346134187000185],[114.43602752700019,31.343473435000078],[114.4380340570001,31.34032631000002],[114.43948364200025,31.33785247900005],[114.44041442800017,31.33490181100018],[114.44136810300017,31.33149528600012],[114.4417877200001,31.328067780000083],[114.4413986210002,31.32461547900016],[114.44049072200006,31.320917130000115],[114.43982696500018,31.317686081000033],[114.43753051800013,31.315090180000087],[114.43495941200001,31.31271553100015],[114.43188476600017,31.30963325400012],[114.42568206800001,31.310487747000025],[114.42245483400029,31.310932160000164],[114.4119491570001,31.312427520000025],[114.40171051000004,31.31392860500017],[114.3963546760001,31.313983918000023],[114.3901824940001,31.31423950200008],[114.38506317200006,31.31499290500011],[114.37882232700008,31.316850662000096],[114.37474060100011,31.318321229000162],[114.3684387200001,31.320421220000128],[114.36659240700021,31.321037293000188],[114.3583908070002,31.324895859000094],[114.35272979700007,31.325624466000022],[114.34764099100016,31.32568740900018],[114.33997344900025,31.323600769000056],[114.3349533090002,31.32205772400016],[114.3308715820001,31.322044373000043],[114.32718658500005,31.322029115000195],[114.32316589400023,31.322126389000065],[114.31745147600009,31.32423019300006],[114.3135757450001,31.327083587000065],[114.31182861300033,31.33023452700019],[114.3056564330002,31.336450576000175],[114.30532074000007,31.336921693000136],[114.30051422200006,31.343616486000144],[114.29700470000012,31.3501472480001],[114.29021454000019,31.358177186000148],[114.28356933600014,31.363000870000125],[114.27923584000007,31.36400032200004],[114.27452087400002,31.36155128500019],[114.26830291800013,31.356985093000052],[114.26560974200004,31.356092454000137],[114.25985717700007,31.354181289000053],[114.25595092700019,31.35175514299999],[114.25088500900006,31.351356507000048],[114.24571228000002,31.34728241100015],[114.24208068900009,31.34464264000013],[114.24070739700028,31.34380912800009],[114.23764800900005,31.34196662900013],[114.23403167700019,31.33909416200004],[114.2318038950001,31.33511924800013],[114.22957611100014,31.33114624000007],[114.2271270760001,31.326248170000156],[114.22394561700004,31.31971931400011],[114.22362518200009,31.318416596000194],[114.22303771900022,31.316019058000048],[114.22160339400011,31.31230545000005],[114.22007751500007,31.31064605699999],[114.2183074950002,31.308294296000042],[114.21599578900009,31.30614852900004],[114.21257781900022,31.30488777200009],[114.21240997400014,31.304853440000045],[114.20992279000018,31.304340363000165],[114.20622253400006,31.303295134999985],[114.20278167800018,31.30249023500005],[114.1999130260001,31.300788880000027],[114.19708252000021,31.298400880000145],[114.19506835900006,31.29557991100006],[114.19390106200002,31.29187011700009],[114.1938705450001,31.290182113000014],[114.19382476800013,31.28774070800012],[114.19425964300001,31.28408432000009],[114.19501495400004,31.2792930600001],[114.19541168200021,31.276557922000105],[114.19448089600007,31.273544311000084],[114.19264984100006,31.272188187000154],[114.19188690200019,31.271623611000166],[114.18794250500002,31.270111085000053],[114.18556213300008,31.269569397000172],[114.1815872200001,31.268747331000043],[114.17716217000009,31.266073228000042],[114.17564392100019,31.26184272699999],[114.175498962,31.261428833000025],[114.17595672600022,31.25731849800002],[114.17568206800001,31.251806259000034],[114.17750549300001,31.247051239000086],[114.17886352500011,31.240905761000135],[114.18068695000011,31.23615264900019],[114.18385314900013,31.231216430000018],[114.18759918100011,31.22727584800015],[114.18975830000011,31.224996567999995],[114.19430542000009,31.219190598000125],[114.19883728000013,31.21384239300005],[114.20249939000007,31.209838868000134],[114.20584869400011,31.206739425000137],[114.20938110400016,31.20548629899997],[114.21471405000011,31.205898286000096],[114.21770477200016,31.206140519000144],[114.21950530900017,31.20628738400012],[114.22377777100019,31.206434251000076],[114.22808837900016,31.205892563000024],[114.2326736460002,31.204900742000124],[114.23601532000009,31.20203399700017],[114.23834228400007,31.197982788000104],[114.2401275630001,31.193916322000064],[114.24028778000013,31.19048118600006],[114.2396926880001,31.185874940000133],[114.23995971700003,31.180152894000116],[114.23877716000004,31.17667198100014],[114.23735809300013,31.172727584000146],[114.23574066200013,31.167167663000097],[114.23428344700005,31.163909913000055],[114.23255920300006,31.16063881000002],[114.22976684500009,31.157333375000178],[114.22140503000003,31.14741706800009],[114.21709442100018,31.14222526500015],[114.21359252900015,31.137060164999983],[114.20867919900002,31.13345336900017],[114.20511627200005,31.12966537599999],[114.20252990800009,31.127740861000007],[114.19972229000018,31.124891282000075],[114.1950454700001,31.12198257400007],[114.19033813500005,31.11975669900005],[114.18662262000021,31.119171142000027],[114.18162536600005,31.117393494000165],[114.17954254100016,31.11617469900017],[114.17660522400001,31.111684799000102],[114.17536163300008,31.10977935900019],[114.17559814400022,31.108163834000152],[114.17704009900001,31.098344803000145],[114.18383789000018,31.075086594000027],[114.18378448500016,31.07315063500016],[114.18350982700008,31.063182831000177],[114.17589569100005,31.055988311000135],[114.17488098100011,31.055469514000098],[114.17086792000009,31.05340957800019],[114.16719055200019,31.050157548000076],[114.16458892800006,31.04646110500005],[114.15996551400008,31.036104202000104],[114.15813446100005,31.03402137700016],[114.15152740600001,31.03027534600011],[114.14970398000004,31.02773475700013],[114.14978790200018,31.022928237000144],[114.15119171100002,31.018825532000054],[114.15827179000007,31.010450362000032],[114.1583251950002,31.00747680800004],[114.16137695300006,31.000417710000026],[114.16355896000005,30.99747085600012],[114.17300415000011,30.98940277100019],[114.1743850700002,30.988225938000088],[114.17469787700009,30.985712051000178],[114.1732559190001,30.97631073000008],[114.17064666700003,30.97045326300014],[114.1696624760001,30.968252182000185],[114.16153717000009,30.960367203000146],[114.16024017400014,30.95806312500008],[114.1547241210003,30.95364570600009],[114.15295410100009,30.947898866000116],[114.16004181000005,30.93860626300011],[114.15486908000014,30.929840087999995],[114.14990997300004,30.92382812600016],[114.15243530300006,30.916305543000075],[114.14939880400016,30.907112122000115],[114.1585311890002,30.90265464800007],[114.16045379700006,30.89947319000009],[114.15969085600011,30.897405625000037],[114.16159820500015,30.89468193000016],[114.1576843270001,30.88982391500008],[114.15774536200014,30.886621474999966],[114.16294097800005,30.863113403000057],[114.1653900150003,30.84460258600012],[114.16649627700019,30.842332840000036],[114.16609954900002,30.834310531000025],[114.1680450450001,30.82953071700013],[114.17573547300026,30.824655533000165],[114.17956543000004,30.822227477000183],[114.17948150600012,30.816871644000173],[114.17733764600007,30.81129455500013],[114.17561340200007,30.808252335000134],[114.17482757500011,30.806449890000124],[114.17369079700006,30.803827285000068],[114.17173767100007,30.79986000100013],[114.17059326200001,30.795923232000064],[114.17049408000014,30.79224968000005],[114.17039489800004,30.788578033000082],[114.16999816900022,30.78558159000005],[114.1694030760001,30.783262254000196],[114.16886901900023,30.781181336000145],[114.16858673100012,30.775896073000073],[114.16799926800013,30.771289825000167],[114.16843414300013,30.763246536000164],[114.16291046200001,30.767347336],[114.16043853800034,30.76823043900015],[114.1495895380001,30.772111894000087],[114.1382827750001,30.773479463000175],[114.13122558500004,30.774333953000166],[114.12113189700017,30.771545410000105],[114.11713409400024,30.772676468000043],[114.11342620800008,30.769910813000138],[114.11049652100019,30.770589828000087],[114.10569763100011,30.772630691000078],[114.10490417400013,30.775110244000185],[114.09955596800012,30.77717018099997],[114.09655761800002,30.77796745300003],[114.09497070300006,30.778385163000166],[114.09064483600002,30.77983856300017],[114.08500671400009,30.780788423000043],[114.08019256600005,30.781309127000156],[114.07566070600012,30.78137779300016],[114.07164001500007,30.78192520100015],[114.06764984100016,30.781784056999978],[114.06283569300001,30.782304764000177],[114.05561065600011,30.782962800000124],[114.05237579300001,30.783767700000116],[114.04570007200005,30.783901214000142],[114.04411316000005,30.783933640000154],[114.03823852500022,30.78418541000019],[114.03314971900033,30.78492355400016],[114.02779388500007,30.785419465000075],[114.0221710200001,30.78613662800018],[114.01813507000031,30.786909105000063],[114.01275634800004,30.78809356800008],[114.00843811100015,30.78931808500005],[114.00000000000011,30.790477752000186],[113.99960327200017,30.790607453000177],[113.99697113100012,30.7914752960001],[113.99346923900009,30.790679932000042],[113.9879684440001,30.78720283600012],[113.98223114000007,30.784189225000034],[113.97891998300008,30.78178215000014],[113.9710311880001,30.778385163000166],[113.96434021000016,30.77769851800008],[113.95716857900015,30.778179168000065],[113.95163726900012,30.77951812800018],[113.9466171270001,30.78038024900019],[113.93932342500011,30.778339386000027],[113.93544769300013,30.775260926000048],[113.93128967300015,30.771732331000184],[113.92469024700017,30.7673721320001],[113.92150879000008,30.76447105400007],[113.91996002200005,30.762067796000167],[113.91817474400011,30.756286622],[113.91771698000002,30.754814148000037],[113.915733337,30.74731826700008],[113.91513824400022,30.740917207000162],[113.91414642300016,30.737285614000147],[113.91397094700005,30.733848571000067],[113.91356659000007,30.731342316000053],[113.91216278000002,30.729560852000137],[113.90965271000005,30.727361679000126],[113.90583038300008,30.72566795300014],[113.90081024200003,30.726314545000037],[113.89826965300007,30.72870254500009],[113.89781189000018,30.729011537000073],[113.89466858000014,30.731132508000147],[113.88983154300001,30.730163575000176],[113.88976287800017,30.728790284000127],[113.88897705100021,30.724006652000128],[113.88941955600001,30.72215080300009],[113.8892288200002,30.71848869400009],[113.89092254700006,30.715215683000057],[113.8919067380001,30.71357154800017],[113.89367675800031,30.71190071200016],[113.89745330800021,30.712678909000143],[113.89862060500002,30.712968827000168],[113.90148925700021,30.713674546000163],[113.90991210900006,30.717029573000048],[113.91158294700017,30.713293075000134],[113.91352844300002,30.709783553000193],[113.91694641100003,30.70392036400011],[113.91866302400001,30.700874328000165],[113.91967010400003,30.699922561000168],[113.92529297000021,30.698791503000056],[113.928123475,30.69868469300007],[113.93183898900008,30.698545456000033],[113.93395233100023,30.698236465000093],[113.93682098500005,30.697444915000176],[113.93837738000013,30.696466447000034],[113.94027710000012,30.695301057000048],[113.94077301000027,30.694877625],[113.95111084000018,30.690565110000197],[113.94379425000011,30.676496505999978],[113.94275665300017,30.673362732000047],[113.94053649900002,30.670234680000082],[113.93990325900018,30.669343948000066],[113.93708038200009,30.666236878000003],[113.93560028000002,30.66330909800007],[113.93225860600013,30.660453797000173],[113.92828369200004,30.655557632000182],[113.92519378700013,30.652458192000044],[113.92362213200033,30.647703172000092],[113.92352294900002,30.645641327000078],[113.92709350700012,30.642755510000143],[113.93059539800005,30.64006805400004],[113.93096923800022,30.63978386000014],[113.93697357200017,30.639131545000055],[113.94138336100002,30.636915206000086],[113.93984222400002,30.632377624000185],[113.93679809600019,30.629959107000165],[113.93316650400027,30.626411439000098],[113.93128967300015,30.620281219000052],[113.93109130900007,30.61615753100006],[113.93199157600009,30.612684251000076],[113.93359374900001,30.60712242200009],[113.93547058200011,30.602006913000025],[113.93386077900004,30.596097946000043],[113.93209838900009,30.592487335000044],[113.92949676400008,30.58821678200007],[113.92500305100009,30.582866669000172],[113.91999053900021,30.57764053400001],[113.91474914600019,30.574270248000065],[113.90962982100018,30.57283973600016],[113.90585327100018,30.57159233000016],[113.90001678500006,30.57202148500005],[113.89969635000011,30.572101594000063],[113.89842224100016,30.57242584200003],[113.89372253300007,30.573617935000186],[113.88893127400024,30.573551179000162],[113.88478851400009,30.570251465000187],[113.88114166300011,30.56624603200015],[113.87904358000014,30.561037063000185],[113.87637329000017,30.55493354700019],[113.87558746300012,30.5496845240001],[113.87486267200006,30.545579911000065],[113.87433624200003,30.540088654000158],[113.87320709200004,30.533014297000083],[113.87156677200007,30.5264148710001],[113.86657714800003,30.52750205900014],[113.86189269900012,30.52972793600003],[113.85881805500014,30.532127381000066],[113.85576629700006,30.535213471000137],[113.85266113400007,30.536928178000156],[113.85025787400014,30.536550523000074],[113.84641265900007,30.53392791800007],[113.84359741200012,30.530580521000104],[113.83954620400004,30.52934265100004],[113.83379364000018,30.525409699000022],[113.83180999700005,30.52271843000005],[113.82996368500005,30.517274857000185],[113.82730865600024,30.511629105000054],[113.82227325500025,30.506061554000098],[113.81330871500018,30.496038437000095],[113.80284118700003,30.487901688000193],[113.79817199800016,30.481533050000113],[113.79660034200015,30.479391097000075],[113.78963470500014,30.471408843000066],[113.78488922100007,30.467163087000134],[113.7765884390002,30.459867477000103],[113.76612091100003,30.451499940000073],[113.75998687600031,30.445278169000172],[113.75308990500014,30.43894386400018],[113.75251007100007,30.43841362000018],[113.74616241400008,30.433120729000052],[113.7413330070001,30.431669236000122],[113.74083709700007,30.43157768200018],[113.73623657300016,30.430694580000136],[113.73172760000034,30.430845260000126],[113.72701263400018,30.432149888000087],[113.72141265900018,30.431646347000083],[113.71552276500006,30.430465699000077],[113.71199798500017,30.42897415200008],[113.71231079200015,30.424142837999966],[113.71231842000009,30.418405532000122],[113.71103668200011,30.41340065000009],[113.70704650800019,30.407337188000046],[113.7014465330002,30.402675630000147],[113.70014953700003,30.40159606900011],[113.69685363800022,30.39895248499999],[113.69384002700019,30.396986008000116],[113.68977355900017,30.395053863000047],[113.68492126400008,30.393377304000126],[113.67990875200007,30.394001008000036],[113.67495727500011,30.39599990900013],[113.67191314700017,30.398853303000184],[113.66832733100011,30.401954651000093],[113.66378021300011,30.407150269000113],[113.66084289500009,30.412523269000015],[113.65731811500007,30.416997911000067],[113.65183258100012,30.419013978000184],[113.64634704600019,30.421028137000118],[113.63919830400005,30.42126083300019],[113.63069152800017,30.42107772900016],[113.61855316100002,30.422620774000166],[113.61464691100014,30.42435073800016],[113.6166229260001,30.426811218000122],[113.61992645300018,30.429687500999993],[113.62087249700028,30.433097840000187],[113.62132263100023,30.436985015000005],[113.62140655500004,30.439277650000125],[113.62239074600006,30.44337463400018],[113.62336730900029,30.44770240700001],[113.62436676100003,30.452032090000042],[113.62481689500032,30.456375121000125],[113.62906646700003,30.46466446000005],[113.63192749000007,30.46837616100015],[113.61414337200017,30.4947280880001],[113.60973358100023,30.491445542000125],[113.60545349200004,30.49090766900014],[113.59985351500006,30.490415574000167],[113.59208679100016,30.48885345500014],[113.5846481320001,30.48888206500004],[113.57798004200004,30.488199235000025],[113.57283782900015,30.486087799000135],[113.56893920900018,30.482322692000086],[113.56604766800012,30.477378845000036],[113.56268310600001,30.47359657300007],[113.56036377000021,30.469547271000067],[113.55529022200017,30.463302613000106],[113.55090332100019,30.46024322500011],[113.5467681880001,30.457178116000076],[113.54312133900021,30.45294761600013],[113.54161071800002,30.4491004950001],[113.5414962780003,30.441303253000118],[113.54163360700022,30.438318253000034],[113.54064178500006,30.43445205700004],[113.53935241700015,30.429683685000047],[113.53633117600022,30.427494050000174],[113.53146362300004,30.425367356000038],[113.52423095700021,30.42401123000013],[113.51914215100021,30.423040389000164],[113.51155090200007,30.419635772000106],[113.50095367300003,30.40852928200007],[113.49907684300001,30.402862549000076],[113.49717712400025,30.396276475000093],[113.49690246600005,30.39031982400013],[113.49633789200027,30.383918763000107],[113.49461364800004,30.380996703999983],[113.4935226450001,30.380346298000177],[113.48869323600013,30.379135132000158],[113.48409271300011,30.382736206000057],[113.48049926700014,30.385379792000094],[113.47535705600002,30.388996124000187],[113.47102356000005,30.392356874000086],[113.46790313700012,30.393838883000058],[113.46508026200001,30.39333152700016],[113.46298980700021,30.39680862500012],[113.4610366830002,30.400770188000028],[113.4590606700001,30.404272080000055]]]},"properties":{"GID_2":"CHN.13.16_1","GID_0":"CHN","COUNTRY":"China","GID_1":"CHN.13_1","NAME_1":"Hubei","NL_NAME_1":"湖北","NAME_2":"Xiaogan","VARNAME_2":"Xiàogǎn","NL_NAME_2":"孝感市","TYPE_2":"Dìjíshì","ENGTYPE_2":"Prefecture City","CC_2":"NA","HASC_2":"NA","id":"420900","name":"孝感市","NAME":"孝感市","adcode":"420900","SOURCE":"GADM v4.1","GADM_GID":"CHN.13.16_1"}},{"type":"Feature","geometry":{"bbox":[110.25025940000012,29.945566178000036,112.07594299300013,31.581384658000157],"type":"Polygon","coordinates":[[[111.57788085900019,30.2656974790001],[111.57441711400021,30.264837266000086],[111.57087707600004,30.26122665400015],[111.56839752200005,30.256679536000153],[111.56671142600015,30.252351761000057],[111.56665039100017,30.250057221000134],[111.57219696000016,30.24927711400017],[111.57614898600013,30.24829292300018],[111.58329773000008,30.248403549000045],[111.59017944300007,30.248283387000072],[111.59702301100003,30.246561050000143],[111.59961700500008,30.24445343100007],[111.60298919600012,30.24141502300006],[111.60553741500019,30.237241745000066],[111.60592651400015,30.231273651000098],[111.60423278900004,30.22671127399997],[111.60124969400006,30.223783492000056],[111.59774780300013,30.221319199000167],[111.59236145000006,30.217512131000095],[111.59047699000008,30.21616935800012],[111.58670806800018,30.21348190400016],[111.58557891800018,30.21051979100014],[111.58705139199998,30.205678941000144],[111.58775329700006,30.201303481000142],[111.58766937300004,30.198097229000044],[111.58524322500006,30.195842743000075],[111.58199310200013,30.192686082000076],[111.58083343500005,30.188579560000107],[111.57940673800005,30.184703828000067],[111.57559204200004,30.17972374000016],[111.57499694900014,30.177209855000054],[111.57704925500009,30.17419433600003],[111.57881164500009,30.170494080000143],[111.58035278300008,30.16840362500011],[111.58186340300017,30.165166855000166],[111.58072662300009,30.161975861000087],[111.57961273300009,30.159013749000167],[111.57846069400011,30.155361176000156],[111.57753753600008,30.150100709000014],[111.5780563350001,30.148950577999987],[111.57879638700008,30.14732933000016],[111.58022308400008,30.140193940000074],[111.58085632400008,30.135601045000104],[111.58026123100012,30.13079071000004],[111.57803344700017,30.126239776000094],[111.57507324300002,30.123996734000173],[111.57080841000004,30.122690200000026],[111.5652465820001,30.122556686],[111.56286621100003,30.122596741000052],[111.55888366700003,30.12105751100006],[111.55297851500012,30.117717742000025],[111.54707336300004,30.113685608000026],[111.5419464110002,30.10987281900009],[111.53658294700017,30.106063843000072],[111.53015899600001,30.10295677300002],[111.52348327600015,30.100086212999997],[111.52108001800008,30.099208832000155],[111.51692962600004,30.102716446000155],[111.51357269300019,30.105983734999995],[111.50993347300016,30.10879325900015],[111.50576019200008,30.111387252999975],[111.50155639600007,30.11283111600017],[111.49784088100007,30.112203598000125],[111.49249267600015,30.109079362000106],[111.48741150000018,30.106868744000163],[111.48314666800007,30.105333329000185],[111.47849273700007,30.10284996000019],[111.4768905640001,30.103134156000067],[111.469520569,30.103965760000108],[111.46478271500007,30.10474586400017],[111.45932769700005,30.108058929000155],[111.45465088000009,30.111127853000028],[111.45153808600008,30.113479614000028],[111.44814300500013,30.114461899000048],[111.44600677500011,30.114273071000017],[111.44310760400016,30.114326478000123],[111.43701171800006,30.11329841700001],[111.43382263100011,30.112670898000086],[111.43064117500012,30.112274170000095],[111.42723846500013,30.1134815210001],[111.42542266800007,30.114892960000077],[111.42257690400015,30.117010116000078],[111.4189224230002,30.118682862000128],[111.41442108199999,30.118310929000188],[111.40836334300013,30.118650436000113],[111.40467071500018,30.119180680000117],[111.40083313000014,30.12383651800002],[111.39771270699998,30.12572860699999],[111.39321899400005,30.126039505000165],[111.38873291100003,30.125896455000035],[111.3842391980001,30.126207352000108],[111.38239288400013,30.12624359100016],[111.37745666500018,30.121454239000176],[111.37471771200012,30.11691093400009],[111.37277984600018,30.113037110000167],[111.37084198000008,30.108711243000073],[111.3676071160001,30.106466294000086],[111.36228942900004,30.10448455900013],[111.35639190600013,30.10090446400011],[111.35263824500015,30.0984382630001],[111.34967040999999,30.095502853000024],[111.34645080500013,30.09325790300011],[111.33953094500009,30.091299057000015],[111.33261108400018,30.088880538000012],[111.32569122200016,30.08691978400014],[111.3216781610002,30.084457398000154],[111.32000732300015,30.080812455000114],[111.31835174600002,30.077167512000074],[111.31720733700013,30.073518753000084],[111.31577301,30.06711578300019],[111.3151321420001,30.06207847700011],[111.31289672800006,30.056833267000055],[111.31150818000009,30.053188323000143],[111.30750274700006,30.05095291100008],[111.30058288500004,30.048990249000042],[111.29476165800003,30.0486202240001],[111.29080200200013,30.04890442000016],[111.28630828900003,30.048742295000125],[111.27892303500005,30.049310684000034],[111.27337646500013,30.049392700000055],[111.26383209300019,30.047925949000106],[111.25959014900008,30.047300340000106],[111.25562286400015,30.047128677000046],[111.24978637700013,30.046066284000172],[111.2447128300002,30.043388366999977],[111.24188995300011,30.043022157000053],[111.23927307200006,30.04420662000013],[111.23558807500007,30.045177460000165],[111.23004913300008,30.045486450000112],[111.22103881800018,30.04424095100001],[111.21417236400016,30.04410553000008],[111.209396362,30.043258668000192],[111.20332336500019,30.04311370900018],[111.19699096600017,30.04388809200003],[111.18987274200003,30.043991090000024],[111.18483734200015,30.044061661000114],[111.1779632570001,30.043697358000088],[111.16880035500009,30.04795265299998],[111.16457367000004,30.04755401700004],[111.15770721500007,30.04856681900003],[111.15218353200004,30.049329757000066],[111.133186341,30.050508499999975],[111.12766265800013,30.052186966000136],[111.1197509770002,30.052982331000127],[111.0912399280001,30.05404853800013],[111.08489990100014,30.054363251000154],[111.07833099300001,30.05605697700014],[111.06906127900011,30.05503273000005],[111.05927276500002,30.054470063000114],[111.05346679600007,30.05477523800005],[111.04789734000019,30.053701402000062],[111.04078674400017,30.05471229500012],[111.03710174600013,30.055446624000183],[111.0323486330002,30.055965423000032],[111.02574157700013,30.05559158300002],[111.01679229700005,30.05776977500011],[111.0096664430002,30.058088303000037],[110.98277282800018,30.06140899600007],[110.97778320400016,30.06307792700005],[110.9690780640002,30.0641021720001],[110.95929718000002,30.064451218000045],[110.94188690200014,30.06535148600011],[110.93766021700009,30.065404893000167],[110.93316650400016,30.066146849999996],[110.92790222200017,30.066667557000187],[110.92368316700004,30.067405702000087],[110.92106628400012,30.069044114000125],[110.91928100500013,30.072734834000126],[110.91931152400008,30.07456779500018],[110.9193801880001,30.07846641500015],[110.91944885300018,30.082365036000056],[110.91924285900018,30.0860366820001],[110.91853332500011,30.090402604000186],[110.91864013800011,30.097280502000164],[110.91802215600018,30.10761070300015],[110.91808319200004,30.111278535000054],[110.91813659700011,30.114490508000188],[110.91394805800002,30.11660576000003],[110.90866851800018,30.117124557000068],[110.90100097600009,30.11698722800014],[110.89675140400004,30.11611938500005],[110.89305877700014,30.116392135000016],[110.88881683300019,30.116212844000017],[110.88247680600006,30.11674690200016],[110.87669372500005,30.11750030400015],[110.87299346900011,30.117540359000028],[110.86932373000015,30.11942291200006],[110.86564636200018,30.121759414000113],[110.86305999800004,30.12499809300016],[110.85913085900012,30.127107620000174],[110.85041809100005,30.12812423700018],[110.8202667230002,30.12800407400005],[110.81363678000008,30.126705170000097],[110.81172180200008,30.12236976700007],[110.8087463380001,30.118272781000034],[110.80449676400002,30.116714477000073],[110.80107879600001,30.118127824000055],[110.78447723400008,30.121520995000026],[110.78027343700018,30.122714996000127],[110.776046753,30.123449326000127],[110.77208709800004,30.12394905100018],[110.76628112800017,30.124702454000097],[110.76204681500019,30.12474632400017],[110.75460815400015,30.122074128000065],[110.7522201540001,30.12118148899998],[110.74875640900012,30.119615556000042],[110.74527740400009,30.11689949100008],[110.74234008899998,30.114866255999974],[110.74098205500009,30.11281776500004],[110.74067688100007,30.110296249000157],[110.74092102000009,30.108461381000037],[110.7429809570001,30.105226517000062],[110.74481201200018,30.10383224600008],[110.74609375000018,30.10060691800004],[110.7471084600001,30.098531723000175],[110.74944305399998,30.09506607100013],[110.74993133500016,30.09276771500004],[110.75068664500014,30.09069633600018],[110.75302887000004,30.087919236000058],[110.75537872300004,30.086284637000116],[110.75639343300014,30.082836152000144],[110.7574081420002,30.080532074000075],[110.7586822500001,30.07730865600018],[110.75784301800007,30.07364845200004],[110.75697326699998,30.069297791000057],[110.75499725399999,30.061523438000112],[110.75308227500011,30.056955337000037],[110.75144195600018,30.05330276600012],[110.74797058100012,30.050590516000057],[110.7444992070001,30.04856109600019],[110.73944091800018,30.04609298800006],[110.73573303199998,30.04475593600011],[110.73016357400013,30.043434144000173],[110.7216873160001,30.042610168000177],[110.71769714400001,30.040359497000054],[110.71318817100007,30.039028167000023],[110.70974731400003,30.03906440900016],[110.7044677740002,30.03934860200013],[110.69999694800009,30.041229248000153],[110.696083069,30.04333114600013],[110.69320678700007,30.04634475699999],[110.6906204230001,30.049810410000134],[110.69039917000003,30.05256652899999],[110.69069671700004,30.054855346000128],[110.68997192300009,30.059448241999977],[110.68533325300018,30.066837310000153],[110.68083953900015,30.067340851000154],[110.67687988199998,30.06784057700008],[110.65167999300013,30.079328537999974],[110.64614105100014,30.080303191000095],[110.63844299300018,30.077396393000075],[110.63150024500004,30.07264900200011],[110.62403106700003,30.067905425000102],[110.61710357599998,30.063156128000173],[110.61020660500014,30.061616898000185],[110.605690003,30.059827804000125],[110.60146331800019,30.059865951000177],[110.59590912000016,30.05923080400015],[110.5940780640002,30.060855865000008],[110.5906906130001,30.06409645200017],[110.58724975600006,30.063896180000146],[110.5811691290001,30.063728332000096],[110.57800293100019,30.064216615000078],[110.57189941500019,30.061977387000073],[110.56526946900016,30.060205460000134],[110.56128692700014,30.05955505400016],[110.55468750100016,30.059387206000114],[110.5459823600001,30.060382843000124],[110.53649902299999,30.06276130700013],[110.52964019700005,30.063283920999993],[110.52645874000012,30.062395097000035],[110.52275848400006,30.062427521000018],[110.51796722500018,30.05971717900013],[110.51289367700014,30.055404664000097],[110.5088806140002,30.0517692570001],[110.50433349600002,30.04745674200007],[110.5019073480002,30.043348312000145],[110.49520111100014,30.035610199000192],[110.49276733400012,30.031274796000048],[110.49220275800013,30.027837753000142],[110.49292755200008,30.02324485800017],[110.4871826170002,30.024833679000096],[110.484001159,30.023942948000187],[110.47814178400006,30.020324708000146],[110.47042846700005,30.01580429100011],[110.462966918,30.01059150700013],[110.4536437990002,30.003334045000035],[110.44748687700002,29.99788093600012],[110.44293975900007,29.992872239000064],[110.43653106700003,29.986732484000186],[110.43328094400016,29.9801063540001],[110.42977142300009,29.973485946000153],[110.42681884700005,29.96938324100006],[110.42491912800017,29.965040207000072],[110.42196655200013,29.96185684300013],[110.41825103700012,29.95982170100012],[110.41269683700011,29.959178925000064],[110.4016189580002,29.959495545000152],[110.39315795900013,29.95841789200006],[110.3862762440001,29.957553864000147],[110.37757873600009,29.958082199000106],[110.3712692260001,29.960195541000132],[110.36521148700007,29.96184730500005],[110.35621643100012,29.960081100000025],[110.34958648700007,29.957609177000055],[110.34345245300005,29.951692582000135],[110.3405075070001,29.948047639000094],[110.33493804900007,29.945566178000036],[110.32544708300014,29.947471619000055],[110.31047058200005,29.952857972000118],[110.30233001800008,29.957044603000043],[110.29814910900012,29.961200715000185],[110.29766845700016,29.96533584600013],[110.30008697500006,29.969215393000017],[110.302757263,29.972864152000056],[110.30597686900012,29.976970672000164],[110.3083877570001,29.98039245700005],[110.30789947400012,29.984294892000097],[110.30560302700013,29.99096107500003],[110.30169677800012,29.997184754000106],[110.30068969600012,30.000860214000056],[110.30072021500007,30.004297257000133],[110.30209350700017,30.008876802000085],[110.30449676500007,30.012298584000067],[110.30770111000004,30.01502800000009],[110.31198120000016,30.019584656000177],[110.3123321540001,30.027837753000142],[110.3123703010001,30.031274796000048],[110.312423706,30.03586196900005],[110.31326294000019,30.040214538000043],[110.31539916999998,30.042720795000037],[110.31915283100017,30.047050476000035],[110.31970214900014,30.049795151000012],[110.31738281300011,30.053943634000174],[110.31638336200007,30.05968666000018],[110.31537628200005,30.06565475500008],[110.3199462890001,30.071811676000152],[110.32499694800009,30.074296952000054],[110.33484649700017,30.080646515000065],[110.33831787200006,30.08405876200004],[110.33889007600017,30.08818435800015],[110.33866119300012,30.09162521400009],[110.33632659900002,30.096229553000114],[110.33052825900008,30.097188950000035],[110.3194732660001,30.101400375000022],[110.31394195500013,30.10327530000018],[110.31475830000011,30.105562210000073],[110.31796264600018,30.10852050800003],[110.32409668000003,30.113521575000053],[110.33023071300016,30.118062973000065],[110.33689117500006,30.122598648000118],[110.34037017800006,30.126012803000094],[110.3430633540001,30.129892350000148],[110.34229278600014,30.13264846900006],[110.33941650300011,30.135650635000104],[110.33705902000015,30.137504577000186],[110.33100891200013,30.140760422000024],[110.32311248700007,30.144029617000054],[110.31758880600017,30.146593095000075],[110.31178283600008,30.147783281000162],[110.3043975830002,30.150129317999983],[110.30229949900013,30.1515197760001],[110.29994201600005,30.154060365000078],[110.29917907800018,30.15636062500016],[110.29920959400005,30.159797669000174],[110.29953765900007,30.165531158000192],[110.2985534660001,30.172187805000192],[110.28643035800013,30.17663574300013],[110.27931213400001,30.178976060000085],[110.27510070699998,30.18106842100008],[110.27274322400007,30.182691574000042],[110.27089691200007,30.184768677000196],[110.27040100200009,30.187755584000172],[110.27098083400011,30.192102433000176],[110.27261352500011,30.1959934250001],[110.27635192800005,30.199405670000033],[110.27929687599999,30.20282745300011],[110.28492736800013,30.209665298000004],[110.28601837100007,30.213327407000065],[110.28444671700005,30.21563148500013],[110.2783889760002,30.217279435000023],[110.26966095000012,30.21825981100017],[110.2601623540001,30.220619201000147],[110.25388336300006,30.2282295230001],[110.25025940000012,30.235822679000083],[110.25213623100007,30.23879051300014],[110.25427246100008,30.240381240000033],[110.25879669300014,30.24241256800008],[110.26596832200016,30.24488639800012],[110.27127838100012,30.24622535600008],[110.27974701000011,30.246395112000073],[110.28476715000001,30.24589920100016],[110.2935180670001,30.246065141000035],[110.2985534660001,30.246948243000077],[110.30653381300004,30.24987220700007],[110.30998992899998,30.251453399000187],[110.31846618700018,30.252767563000187],[110.321380616,30.251827241000004],[110.33114624100006,30.249004364000147],[110.33879852200005,30.246652604000076],[110.34513854900013,30.245916367000177],[110.34622192500007,30.247972488000187],[110.34683227600004,30.255306243999996],[110.34690093900014,30.261039733000192],[110.3485412610001,30.265840530000165],[110.3507232660001,30.270870209000183],[110.35289764500016,30.276357651000183],[110.35640716500006,30.2829818730001],[110.35885620200014,30.288007737000104],[110.36425781200012,30.297140122000144],[110.36752319300001,30.304222107000157],[110.36833953900009,30.306739807000103],[110.36731720100005,30.310876846000042],[110.36576843300014,30.313413620000116],[110.36263275100004,30.31779098500004],[110.3579101570001,30.321268082000017],[110.3534317020002,30.323823930000117],[110.34871673600014,30.328676225000034],[110.34586334300009,30.333744050000067],[110.3474731440001,30.335794449000165],[110.35092163000019,30.335998535000158],[110.35594940300007,30.335960389000036],[110.3620834350001,30.338663101000183],[110.36077117900004,30.34028053300011],[110.3573532110002,30.342826843000072],[110.35394287100014,30.345146179000153],[110.34841919000007,30.34931755200006],[110.34797668400006,30.357120515000076],[110.34829711900016,30.362619400000032],[110.34998321600017,30.369947434000096],[110.35217285100003,30.376350404000164],[110.3554229730002,30.382974624000042],[110.36025238000019,30.38775444100003],[110.36135864200008,30.391872406000118],[110.36219787600004,30.396223068000044],[110.36147308400012,30.401958466000114],[110.36073303200016,30.40632438600005],[110.359977722,30.410915376000165],[110.35743713300002,30.421485901000153],[110.35806274400005,30.429048538000185],[110.3573532110002,30.435934066000186],[110.35768127400007,30.44189262500004],[110.35854339700012,30.446931839000055],[110.3593826290001,30.451738358999993],[110.35867309600008,30.459312438999977],[110.35222625600011,30.476789475000093],[110.35336303700012,30.482055663999976],[110.35739135800009,30.487068177000026],[110.3640365600001,30.487934113000104],[110.37037658700007,30.48605346700009],[110.37593078700007,30.48325729300001],[110.3806762690001,30.480926514000032],[110.38913726800008,30.478567123999994],[110.39685058700007,30.47919464100016],[110.40429687600006,30.480970384000102],[110.4061813350001,30.48324775800006],[110.41020202599998,30.486196518000156],[110.4136962890002,30.490295411000094],[110.41638946500007,30.49325561500007],[110.41986084000018,30.495519638000072],[110.42359161300004,30.496406555000195],[110.42571258499999,30.496391296000073],[110.42890167200017,30.496366500000136],[110.43849182100007,30.49972534200003],[110.44358825700004,30.503580093000043],[110.44573974600019,30.50631523100003],[110.44844818000009,30.51019096300007],[110.4522171020002,30.515432358000055],[110.45678710800013,30.519752503000007],[110.46112060600001,30.52636718800011],[110.46650695900007,30.532510759000164],[110.46893310500013,30.535472869999975],[110.47057342400001,30.539356232000163],[110.47088623100007,30.543252945000063],[110.47065734800003,30.546693801000178],[110.47073364200016,30.551279068000046],[110.46999359200004,30.555643083000124],[110.46871185200018,30.560470581000004],[110.46692657600012,30.566675187000047],[110.46781158500005,30.573545457000026],[110.46839141900006,30.57698249800012],[110.46662902900005,30.585252763000085],[110.46431732100012,30.591464996000067],[110.46279144200008,30.59675025900015],[110.46073150600017,30.602500916000167],[110.4591979990002,30.607328415000154],[110.45532226500018,30.616075517000017],[110.45169830200008,30.624132157000137],[110.45233154200008,30.632152558000033],[110.45162963900015,30.64018058900018],[110.45066833400011,30.648445129000095],[110.4491729740002,30.656253815000127],[110.44792938300009,30.66360282900013],[110.44908142200008,30.670471191000164],[110.4493637080002,30.69339943],[110.45160675000011,30.703012466000132],[110.45459747300004,30.708259582000156],[110.45815277200012,30.71602630600006],[110.45850372400002,30.72336387700011],[110.45673370300005,30.730255127000078],[110.45490265000018,30.732791901000045],[110.45124053900015,30.738094330000084],[110.44838714700012,30.74407959000007],[110.4457702640002,30.74800109900008],[110.44082641500017,30.757673265000108],[110.43614196800007,30.765506744000163],[110.43329620300005,30.772867202000043],[110.42778778200005,30.77956390300017],[110.42491912800017,30.784402847000134],[110.4209594720001,30.787183762000094],[110.41378784100012,30.78838920700014],[110.40606689400016,30.787992478000035],[110.3991165160001,30.78644371000018],[110.38741302500011,30.78607559300019],[110.3807373050002,30.785671234000006],[110.37512969900001,30.783193588000184],[110.37084198100018,30.78093338000008],[110.3659973140002,30.776842118000104],[110.35823822000015,30.772544862000192],[110.35231781000005,30.767087936000053],[110.34697723500005,30.765291214000058],[110.34087371900006,30.766254425000117],[110.33265686100015,30.770442963000107],[110.32552337700002,30.773937224999997],[110.32185363800005,30.779235840000123],[110.3186874390002,30.782468796999975],[110.31954956000004,30.787965774000156],[110.32202148300019,30.795057297000085],[110.32556152400008,30.802137376000132],[110.33232116599999,30.811721802000193],[110.33825683600014,30.818784714000174],[110.34204864399999,30.82448577800005],[110.34960937600012,30.833599090000064],[110.35446167100008,30.838607788000047],[110.36795806800006,30.854097366000193],[110.3757629390002,30.86091232300015],[110.38381957900015,30.866813659000115],[110.39187622100009,30.872024536000087],[110.40046691900017,30.878145218000046],[110.404243469,30.880867005000088],[110.41251373300003,30.88263511800011],[110.41758728100008,30.883968353000004],[110.42294311500018,30.88530540500017],[110.4266891480001,30.88664627100007],[110.42830657900004,30.88869857700007],[110.43061828700019,30.894737245000044],[110.43019867000004,30.902189254000117],[110.42730712900016,30.910526275000105],[110.42661285400015,30.917188645000127],[110.42668151800018,30.92177009700015],[110.42624664200008,30.928890228000114],[110.42713928200004,30.934843064000063],[110.42907714800015,30.94010162300003],[110.43128967300015,30.945127486000164],[110.43508148100017,30.949676514000092],[110.4359512320001,30.954254151000043],[110.43434905900018,30.957687377000067],[110.43972015400004,30.97173309300013],[110.44040679800014,30.985124588000136],[110.43968200700016,30.99109077500009],[110.43768310600007,31.00142478900017],[110.43881225600008,31.00715065000008],[110.43836212200011,31.014030457000047],[110.43836212200011,31.025575638000078],[110.44116210900006,31.032808305000174],[110.44566345200008,31.032592775000072],[110.45475006000015,31.033872605000113],[110.465446472,31.03582954400008],[110.47242736900006,31.038740158000053],[110.47313690200002,31.038976669000192],[110.47236633300015,31.044696807000037],[110.46952057000017,31.051599503000094],[110.46327972500006,31.06495094399997],[110.46095275900008,31.070930481000122],[110.45941925100004,31.076675415000125],[110.4591979990002,31.080574035999973],[110.46083831800013,31.08353805500019],[110.46431732100012,31.084426881000184],[110.46887207000015,31.08553505000015],[110.47396850600012,31.087097169000177],[110.47904205300007,31.08705520700005],[110.48518371600005,31.087232590000095],[110.49320221000005,31.08785247900011],[110.50235748300003,31.09396171600014],[110.51751708900008,31.110107422000056],[110.52346038800005,31.11486816500002],[110.53021240200002,31.12054061900005],[110.53373718199998,31.124866486000144],[110.53592681900007,31.129201889000115],[110.53624725400006,31.133327485000052],[110.53444671699998,31.138156891000165],[110.52731323300003,31.143033982000194],[110.52306365900017,31.145593643000158],[110.51828765800013,31.14815712000006],[110.51246643000007,31.153251649000143],[110.50827026300004,31.159019471000075],[110.50698852600016,31.162929535000103],[110.50520324700013,31.169136047999984],[110.50417327899999,31.17281150800017],[110.50346374500009,31.1792354590001],[110.50272369300012,31.184055329000106],[110.50142669700011,31.187507629000155],[110.49875641000006,31.18867683400015],[110.4881210320001,31.192205429000186],[110.479660035,31.1996154790001],[110.47490692200012,31.20469856200009],[110.47521972700015,31.208135605000166],[110.4779434200002,31.211320877000105],[110.48172760000011,31.21495819000006],[110.48606109500008,31.21950340299998],[110.489616394,31.225664139000113],[110.48995971700009,31.231622696000098],[110.4889602660001,31.23736381500004],[110.48745727500017,31.24562645000003],[110.48625183100008,31.25572395300003],[110.47939300500013,31.262430192000007],[110.47354888900009,31.266147614000147],[110.4628829960002,31.269218445000096],[110.455421447,31.27134323200016],[110.45011901800012,31.275054931],[110.44085693400012,31.28384018000014],[110.43505096500013,31.29030609100016],[110.43192291300011,31.296291352000022],[110.42983245800008,31.301122665000037],[110.42751312200005,31.308708191000047],[110.42568969600018,31.312620164000176],[110.42385864300007,31.315845490000072],[110.42254638600014,31.318376541000134],[110.42578125000011,31.31995391800018],[110.43035888700007,31.32243537900007],[110.43654632500005,31.325828553000125],[110.44033050500013,31.328088761000117],[110.4433288580002,31.332647323000174],[110.44525146500018,31.33652877900016],[110.44534301700016,31.34317588800008],[110.44963836600016,31.344747544000082],[110.45394897500006,31.346775055000077],[110.45880127000015,31.349483489000193],[110.46907806400009,31.357648849000043],[110.47505187900009,31.364704131999986],[110.4772491450002,31.36881256200013],[110.48271179300008,31.377246857000163],[110.48568725500007,31.380203246000068],[110.48782348700007,31.378580093000153],[110.48885345600014,31.37604713400009],[110.49226379300012,31.37006187600014],[110.49482727100015,31.361785888000153],[110.49794006400003,31.353504180000073],[110.50240325800019,31.346132279000184],[110.50744628900009,31.343109131000176],[110.51407623300014,31.33892250200006],[110.52184295700005,31.338396072000027],[110.5261306750001,31.338819504000075],[110.53202056900017,31.338993073000093],[110.53682708700012,31.3387241370001],[110.54241943300008,31.335695268],[110.55255127000004,31.33308219999998],[110.55787658800017,31.33119964700012],[110.56376647900015,31.331377030000116],[110.56994628800015,31.333152771000073],[110.57398986800001,31.334949493000064],[110.57940673900015,31.3399429320001],[110.58294677700013,31.343347549000157],[110.58406066999999,31.347005845000186],[110.5827865600001,31.35206031800016],[110.58013916099998,31.353919982000146],[110.5764389050001,31.357162476000042],[110.57272338800004,31.359029769000074],[110.56688690200014,31.36389732400005],[110.562896728,31.366224289000115],[110.55869293100011,31.371768951000035],[110.55655670100009,31.372243881000088],[110.55686950800015,31.37545013400006],[110.56038665800021,31.37862587000012],[110.56526184100005,31.382022859000074],[110.57096099800009,31.387470246000024],[110.57315063600004,31.39089012200003],[110.57482147200011,31.395690919000117],[110.57118225100015,31.403747559000067],[110.56831359900013,31.40927314800013],[110.56861114600014,31.411792756000068],[110.57211303700007,31.412904739000112],[110.5772323600001,31.41514968900009],[110.58048248200004,31.41786956800013],[110.58374023500005,31.421049118000155],[110.5869979850001,31.423999786000024],[110.59004974300001,31.431535721000163],[110.5958023070001,31.440881729000182],[110.59860992400013,31.449792862000038],[110.60437011700009,31.45936775300009],[110.60765838600008,31.46437645000003],[110.60986328100017,31.46848487800014],[110.61100006200019,31.47351646400006],[110.61026001000005,31.477878571000137],[110.61110687200016,31.481765748000154],[110.61196899500015,31.485424042000144],[110.61602783200016,31.48767852700007],[110.62191009600014,31.486705779000033],[110.6256637570001,31.48644256700015],[110.63155365000011,31.485925674999972],[110.63636016800007,31.48496055700008],[110.642280578,31.48651123000002],[110.64736938400006,31.485773088000087],[110.64975738600015,31.484142304000155],[110.65447998000008,31.476766586000057],[110.66027069100005,31.469602585000136],[110.66319275000012,31.46751022400014],[110.66989135700004,31.467672348000068],[110.67635345400015,31.46944236800016],[110.68041992200017,31.472841262000145],[110.68530273400006,31.476688385000045],[110.69098663300002,31.480297089000036],[110.69506073100018,31.48369598300008],[110.7010421760001,31.489137650000092],[110.70649719200009,31.496185303000118],[110.71439361500018,31.502981187000046],[110.72308349700013,31.510229111000054],[110.72608184700005,31.514093400000093],[110.72886657800014,31.520484925000062],[110.7289199830002,31.52437973000013],[110.72817993100006,31.528512955999986],[110.72692871200019,31.534257890000163],[110.72831726200013,31.537908554000072],[110.73239898600019,31.54107665999999],[110.73699188300014,31.543548585000167],[110.74510955900018,31.54804801900013],[110.74942779600013,31.54960823199997],[110.75372314500005,31.549562455],[110.75990295399998,31.54949951200007],[110.76474761900005,31.551282883000116],[110.76403045600011,31.556787491000083],[110.76380157500006,31.55954170200016],[110.76278686500014,31.563905717000182],[110.76310730000012,31.567113877000054],[110.76450348000016,31.569850923000047],[110.76748657200005,31.571880340000174],[110.77233123700006,31.572971344000056],[110.77583313100013,31.57339668400005],[110.77928161500017,31.571523666000136],[110.78195190500014,31.57035064600007],[110.78833770700004,31.5670738230001],[110.79284668100007,31.563585282000076],[110.79786682100013,31.558719636000152],[110.80181121800007,31.55363273600011],[110.80442047100003,31.549020767000172],[110.81419372599998,31.539745332000166],[110.8231735220001,31.53070640600015],[110.8268737800002,31.52768516499998],[110.83560943700013,31.520484925000062],[110.84381103600003,31.513746261000055],[110.8474807730002,31.50843238800013],[110.85092163200007,31.505872727000163],[110.8546676630001,31.504911422000134],[110.85710907000009,31.50694847000011],[110.86092376800002,31.510572432999993],[110.86392974900014,31.513977052000083],[110.86640930300014,31.517847061000108],[110.87212371800018,31.522367478000092],[110.87486267100007,31.52576828000014],[110.88269043100007,31.528892518000134],[110.8883590690001,31.53134536800007],[110.89163208000014,31.53428840600003],[110.89676666300016,31.537210466000033],[110.90086364700005,31.541057586000193],[110.90384674,31.54285812300009],[110.90735626200018,31.543964387000134],[110.91191864000018,31.544366836000112],[110.91487884400016,31.544561385000126],[110.91834259100011,31.543144226000038],[110.92289734000013,31.542863846000106],[110.92671203600008,31.546489716000053],[110.9278564450002,31.550825119000024],[110.92874908400006,31.555629731000007],[110.92907714900014,31.559066773000044],[110.92915344300002,31.563421249000047],[110.93483734200005,31.566331863000187],[110.94159698600015,31.569232941000053],[110.94731140099998,31.573978424000074],[110.96185302800012,31.576553345000036],[110.96720886100019,31.57602882500015],[110.97344207800012,31.579393386999982],[110.97911071900012,31.581384658000157],[110.98576355000017,31.57786750800011],[110.99028015200014,31.57551765600004],[111.00182342600012,31.575374604000107],[111.0125122070001,31.573410035000165],[111.02321624800015,31.571672440000043],[111.03259277300015,31.570177078000143],[111.03872680699999,31.569181442000172],[111.04189300600007,31.56570625400002],[111.04337310800014,31.55858230700011],[111.04273986800013,31.553546906000122],[111.04074096700003,31.546699523000086],[111.04091644300019,31.541650772000086],[111.04538726700008,31.53701019400017],[111.04934692300014,31.533748626000147],[111.0543136600001,31.525894165000125],[111.0571289070001,31.51921081500012],[111.059700013,31.513217926000152],[111.06150817800017,31.50929641800002],[111.06091308700019,31.50632667600019],[111.05927276500002,31.504283905000197],[111.05602264300006,31.502719879999972],[111.05197906600006,31.501857757000153],[111.04820251400002,31.500757218000164],[111.04627990700004,31.498031617000155],[111.04456329300012,31.492095947000166],[111.04547882100019,31.48382949900008],[111.04868316700009,31.467973709000034],[111.04976654000012,31.45466232300015],[111.051246644,31.447996140000047],[111.05330658000008,31.44338226400004],[111.05885315,31.438730240999973],[111.06305694500014,31.434320450000087],[111.06758117700019,31.432426453000115],[111.07234191999999,31.429157257000156],[111.0789718630001,31.425403593999988],[111.08698272600009,31.423467636000055],[111.09445953400001,31.42267990100015],[111.10768127400013,31.427322389000036],[111.11340331900004,31.432287217000184],[111.11618805000018,31.437982559000144],[111.1211166380001,31.443420411000087],[111.12837219300013,31.444240570000037],[111.13533783000014,31.444147110000078],[111.14497375399998,31.443559647000086],[111.1514434820001,31.44530677900002],[111.1568527230001,31.447753906000116],[111.16014862000003,31.45206451400009],[111.16397857700014,31.456136704000183],[111.17041778600009,31.456510544000025],[111.17462921100008,31.452554704000136],[111.17783355600011,31.451364518000048],[111.18266296500013,31.45152854900005],[111.18611145100016,31.45010757400013],[111.19058990400009,31.446376802000035],[111.19613647400018,31.442630769000118],[111.19937133800012,31.44327354400013],[111.20101165700004,31.444858551000095],[111.20272064200014,31.44987487800006],[111.20308685400006,31.454912187000048],[111.20449066200001,31.457874298000092],[111.20675659100004,31.464487076000125],[111.2108688360002,31.46855735899999],[111.21679687400007,31.470079423000186],[111.2256469720001,31.470415116000144],[111.23097229100006,31.46827888600012],[111.24030304000019,31.46562385600004],[111.24535370000012,31.463262558000057],[111.25116729700001,31.459966659000084],[111.26123809900014,31.45386314500013],[111.26596069300012,31.449211120000033],[111.27147674600008,31.44408989000016],[111.2743530260002,31.440378189000114],[111.2748336790001,31.437162400000034],[111.27043914800004,31.43241310200017],[111.26554870600006,31.429273605000045],[111.26116180300006,31.42429351700008],[111.26422119100006,31.416912079000046],[111.26544952400019,31.41139221200012],[111.26986694400013,31.404680253000155],[111.27242279100011,31.398685455000138],[111.27742767300015,31.394716264000067],[111.28378295800007,31.391185761000088],[111.28988647400007,31.388805389000083],[111.29654693600014,31.38710212700005],[111.30316162100007,31.38265037600002],[111.30841064500004,31.377531051000005],[111.31284332200005,31.371961595000187],[111.31703186100015,31.367317200000063],[111.3201828010001,31.364059449000028],[111.32438659600002,31.361017227000044],[111.32810211200012,31.35912895100012],[111.33100128100013,31.357021332000105],[111.33904266300004,31.35690307699997],[111.34494018600014,31.35773086600017],[111.35163116500013,31.357402802000028],[111.36077880900012,31.35932541000011],[111.36831665000005,31.361734391000027],[111.37506866500013,31.36392593300019],[111.38504791300016,31.36721229500017],[111.39341735800014,31.370063781000173],[111.39910888700008,31.37318802000016],[111.40315246700015,31.374271393000132],[111.41200256400009,31.37482261700012],[111.4189224230002,31.373109818000046],[111.4260101330001,31.366580963000164],[111.4275131230001,31.361513138000138],[111.42974853500016,31.353912354000045],[111.42978668200004,31.343826294000053],[111.42910003700013,31.336959840000194],[111.42762756400009,31.33079147300009],[111.42743682899999,31.32276916500013],[111.42923736600005,31.31953048800011],[111.4323577880001,31.314899446000144],[111.43978881800018,31.31203269900016],[111.446983338,31.310771943000134],[111.45471954300018,31.309503556000042],[111.46166229300013,31.308706283000102],[111.4742202770002,31.30804634200012],[111.48625183100006,31.307165146000045],[111.49610900800002,31.305173875000033],[111.50652313300009,31.30431747500006],[111.51322174199998,31.30443763800014],[111.52294921800018,31.308637620000184],[111.5307922360002,31.31217765800017],[111.53620910700016,31.31484031800005],[111.54353332500006,31.31861686800005],[111.54949188200004,31.32172775300012],[111.5578536980002,31.32411193800016],[111.5643463130001,31.327440261000106],[111.56791687000003,31.331050873000038],[111.57631683400018,31.335268021000104],[111.58091735900007,31.33771324200018],[111.58605194000006,31.339460374000172],[111.59120941100004,31.34235572800009],[111.59504699600001,31.346416473000094],[111.60056305000006,31.352514266000018],[111.60659790000005,31.358600616000047],[111.61179351800007,31.363100052000163],[111.61432647700013,31.368099214000097],[111.61737060500013,31.372175217000063],[111.61930847100008,31.374893190000197],[111.62306976400015,31.37528610300006],[111.633636475,31.36937522900007],[111.64182281500007,31.364419937000036],[111.64737701400014,31.362031937000154],[111.6513366690001,31.359445571000034],[111.65611267000014,31.357526779000068],[111.66037750300012,31.3567657480001],[111.66680145300018,31.356653213000072],[111.6737670900002,31.35699081400003],[111.678337097,31.357828140000034],[111.68482208300014,31.359777451000127],[111.69077301000004,31.36196517900015],[111.69641113300014,31.362781525000173],[111.70124054000014,31.36315727200008],[111.70580291800013,31.363534928000096],[111.714653016,31.364067078000065],[111.72221374500003,31.366453172000153],[111.7287216180002,31.369546891000027],[111.73519134600008,31.37264251700003],[111.74133300800003,31.37080192600007],[111.74169921800018,31.368556976000097],[111.73892974800015,31.362863541000024],[111.73779296800006,31.358753204000042],[111.7388305660001,31.356681824000074],[111.74012756400015,31.354608537000047],[111.74144744900019,31.3534488680001],[111.744361878,31.351583480000105],[111.74696350000016,31.34674453800011],[111.74503326400014,31.343561172000193],[111.7420272830002,31.33993339600005],[111.73905181900005,31.33790588400012],[111.73660278400018,31.33495712300015],[111.73657226600017,31.333356858000176],[111.73840332100002,31.331041337000162],[111.73973846400008,31.330570219999974],[111.74401092400012,31.33052253800014],[111.74881744400005,31.33001136900003],[111.7517395010002,31.328834534000066],[111.75169372600006,31.326084138000052],[111.74794006300004,31.325210572000056],[111.74658203200005,31.32385444600015],[111.74574279800004,31.32157135100016],[111.74488830500013,31.318605422000132],[111.74243927000009,31.316114426000123],[111.7386627210002,31.313867570000184],[111.73459625300018,31.31093788300018],[111.73377227700018,31.309343338000133],[111.73400116000005,31.307050706000155],[111.73430633500016,31.30453109800004],[111.73665618900009,31.301296234000066],[111.73928833000014,31.29852104100007],[111.7418899540001,31.295211793000192],[111.74423217700001,31.292058946000168],[111.74701690700006,31.287868499000073],[111.74918365399998,31.28561782900005],[111.75277710000012,31.285179138000046],[111.75591278200005,31.285284043000104],[111.76048278799999,31.286378860000013],[111.76261138800011,31.285894394000085],[111.76389312800006,31.282445908000057],[111.7664566040001,31.276464462000032],[111.76933288600003,31.272310258000065],[111.77065277000021,31.271150589000115],[111.77333831800019,31.272033692000093],[111.77580261200013,31.275442124000165],[111.77745819100005,31.278627396000104],[111.78119659400005,31.278585434000036],[111.78304290800003,31.276500702000195],[111.78540039100017,31.27395820700008],[111.78748321600006,31.270269395000188],[111.78875732400019,31.26773452800018],[111.79006958000019,31.265888214000142],[111.79136657800007,31.264041900000166],[111.79213714700012,31.262201309000037],[111.79293060400016,31.261047363000102],[111.79292297400002,31.26035881000007],[111.79617309600019,31.259830475000115],[111.79879760699998,31.25727844300019],[111.80412292599999,31.25606918400007],[111.8105163580002,31.255310059000067],[111.81635284400011,31.25203704800003],[111.82108306800012,31.247402191000162],[111.82472991900016,31.24255180300008],[111.82893371600011,31.23814964200011],[111.8318481450001,31.236743926000145],[111.8358383170002,31.235549928000125],[111.83956909200009,31.23527527000016],[111.84278869500008,31.235925675000033],[111.84467315600013,31.23658943200019],[111.84602355900006,31.237487793000124],[111.84764862000014,31.238613128999987],[111.85034179700011,31.240182877000052],[111.85195922800011,31.24062156800016],[111.85336303800005,31.23803520200005],[111.85455322200016,31.23575210500007],[111.85610198900014,31.233213426000077],[111.86141204800009,31.23109054600013],[111.86592102100002,31.22943115300001],[111.86643219000013,31.22805213900017],[111.86744689800008,31.224836350000093],[111.8695220950001,31.221603394000113],[111.87320709300019,31.218811035999977],[111.873649597,31.218027114000165],[111.87554168700007,31.214660644000165],[111.87551116900005,31.214170456000094],[111.87519073600009,31.209625245000154],[111.87507629300012,31.203445436000152],[111.87626647899998,31.195415497],[111.87774658100005,31.188528062000106],[111.87896728499999,31.182102203000174],[111.87946319600007,31.18086814800012],[111.8818969730001,31.179630280000023],[111.88427734400017,31.178667070000074],[111.8867416380001,31.180685044000086],[111.89118194500008,31.186790466000048],[111.89327240100005,31.188716888000105],[111.89556884800004,31.19083404500003],[111.89737701299998,31.18660736200019],[111.90210724000013,31.175575257000165],[111.90482330200018,31.177129745000176],[111.90912628100011,31.17842292800015],[111.91229248000019,31.179626465000126],[111.9137268070001,31.180168152000135],[111.91589355600007,31.18081474300004],[111.91885376000005,31.181905747000087],[111.92066192700014,31.179578782000192],[111.92320251600013,31.1747093190001],[111.92552185000001,31.171457292000014],[111.92567443900009,31.170219421000184],[111.92639160300013,31.164333343000067],[111.9270401010001,31.158586501000116],[111.92864227299998,31.148694993000053],[111.92960357600003,31.144777299000108],[111.93081665000005,31.140396119000172],[111.93260192900006,31.13738250800009],[111.93522644000006,31.13549613900011],[111.93862915100016,31.132907868000075],[111.9406814570001,31.131372451000118],[111.94177246100014,31.130552292000065],[111.94243621700019,31.125955582000188],[111.9425964350001,31.12205123900003],[111.94204711900018,31.121154785000098],[111.94065094100006,31.118881226000152],[111.93837738000019,31.114112855000087],[111.936126709,31.10979652500015],[111.92973327700021,31.100748063000026],[111.92391967700007,31.09329605200014],[111.91945648300009,31.086732864000112],[111.91641998300021,31.08266258300006],[111.91439819300007,31.077199935000177],[111.91268158000003,31.072872162000124],[111.91412353500004,31.06688690200013],[111.91805267400021,31.063829421000037],[111.92253875699998,31.06213569700003],[111.92352294900007,31.06192016600005],[111.93289184500009,31.059871673000092],[111.94246673600014,31.05876731900003],[111.94753265400006,31.058210373000122],[111.95260620100004,31.05856895500017],[111.95349121000015,31.05823326100006],[111.95578003000016,31.05735969500012],[111.95760345500014,31.055719376000184],[111.95748138500016,31.05136489900002],[111.95657348700018,31.04702568100004],[111.95726013200004,31.043344498000184],[111.96037292500013,31.03961372400005],[111.96292877200011,31.035894394000138],[111.96546173100018,31.030799866000166],[111.96721649100004,31.02686691400015],[111.96820831200017,31.024093629000106],[111.97051239000018,31.020380020000065],[111.97361755300017,31.01687812800003],[111.97570037800011,31.015230179000014],[111.97927856400003,31.009429932000156],[111.98100280700015,31.00435066200004],[111.98362732000015,31.002922059000017],[111.98654937700007,31.002174377000188],[111.98973083600015,31.00142478900017],[111.99315643400007,30.99998283400009],[111.99662780700015,30.99991035600016],[111.99925995000007,30.99917983900019],[112.00244903700002,30.998193741000136],[112.00398254400022,30.99586677600007],[112.0060119640001,30.992158890000038],[112.00724792400001,30.988462448999996],[112.00953674400023,30.98497581600009],[112.01077270400015,30.980823516999976],[112.0107345580002,30.979579926000046],[112.01068878300022,30.978075028000035],[112.01085662800017,30.974630356000148],[112.00940704300001,30.97053337200009],[112.00688934300013,30.96622467000009],[112.00566101000015,30.96051979000004],[112.0053176890001,30.957771301000093],[112.0051574710003,30.952272416000145],[112.00556182800028,30.947448730000193],[112.00781250000034,30.942127228000064],[112.00929260200007,30.937969208000084],[112.01109313900008,30.935184478000053],[112.01467132500022,30.930065155000083],[112.01779174800004,30.92725181600008],[112.02037048400007,30.924287797000094],[112.02062988400019,30.923984528000116],[112.02185821600006,30.92005920400004],[112.02329254100016,30.91430091900014],[112.02397155800008,30.909925462000047],[112.0239486690001,30.90981292700002],[112.02333068800021,30.90626716600019],[112.02294159000019,30.901920319000173],[112.02227783100022,30.897348405000063],[112.02101898200011,30.890491486000027],[112.01933288600003,30.887086869000143],[112.01759338400018,30.88230514500009],[112.01506042500012,30.87754058900003],[112.01280212400002,30.872999191000133],[112.01242065400004,30.86887931800004],[112.01260376000016,30.865663528000088],[112.01615905700021,30.859861373000058],[112.0214004520002,30.856697083000086],[112.02245330900018,30.856061935000128],[112.02660369900002,30.852310182000114],[112.03545379600018,30.84456443900007],[112.03591919000007,30.837661743000183],[112.03601074200004,30.836296082000107],[112.0355606080001,30.829654693000123],[112.03539276100003,30.823923112000045],[112.03629303000014,30.81794357400003],[112.0385971080002,30.814685821000072],[112.04004669100016,30.809839249000166],[112.04257965000022,30.80497169600017],[112.04448699900001,30.797136307000187],[112.04515838600004,30.792535781000026],[112.04528808700002,30.787717820000065],[112.04570007300003,30.78588294900004],[112.04622650100022,30.783569336000028],[112.04734802300027,30.775978088000045],[112.04720306400009,30.770704270000124],[112.04792022700019,30.767940521000185],[112.05078124900012,30.76558685300012],[112.05312347400002,30.763477326999972],[112.05462646400008,30.76046371500007],[112.05608368000003,30.757011414000146],[112.0568695070001,30.75514221100013],[112.05815124500009,30.753284454000152],[112.0603866570001,30.747962952000023],[112.06192016600028,30.74540710500003],[112.06529998700023,30.74281311100015],[112.06655120800008,30.739807130000028],[112.06671905600003,30.73636245800014],[112.06395721400008,30.732980728000086],[112.06080627400013,30.730047225000135],[112.05986023000003,30.729162216000194],[112.05525970400004,30.726505279000154],[112.05197906500007,30.72359275800017],[112.05477905400005,30.719175338000014],[112.05760192900016,30.71545028600019],[112.06047058100012,30.713327409000158],[112.06352996900011,30.70792961100011],[112.06375885000023,30.707527160000097],[112.06526947000009,30.70428466800007],[112.06540679900002,30.69992446900017],[112.06299591100003,30.697942733000165],[112.06268310500025,30.697685241000155],[112.05967712400013,30.694763184000067],[112.05615234300012,30.692546845000095],[112.053146362,30.690084458000175],[112.0557632450001,30.687965393000066],[112.06160736100003,30.688302994000026],[112.06424713000013,30.687332153999993],[112.06501770100033,30.686944963000027],[112.06950378400018,30.68470192000018],[112.07317352300015,30.68302154600002],[112.07447051900033,30.67937851100015],[112.07465362500022,30.678861619000028],[112.07480621300022,30.675420761000055],[112.0752410880001,30.67174148600003],[112.07594299300013,30.668285371000138],[112.07097625800031,30.662424089000126],[112.06374359100005,30.660280228000094],[112.05651092500011,30.658594132000076],[112.04316711500007,30.657030106000153],[112.03379058800022,30.654239655000087],[112.025466918,30.651884080000176],[112.02026367200006,30.646255494000002],[112.01934051600007,30.641687393000158],[112.01918029800015,30.635957719000036],[112.01875305100009,30.630231858000116],[112.01599883900008,30.62684631400009],[112.01325225800008,30.62368965100012],[112.00639343200021,30.616029740000048],[111.99581146300011,30.608446121999975],[111.98798370400016,30.603784561000058],[111.97870635900006,30.595712663000086],[111.97514343200004,30.591196061000122],[111.97503662200006,30.58775711000004],[111.97599792500012,30.583839416999982],[111.97830200300012,30.580812455],[111.98137664700016,30.57662391600013],[111.98605346600016,30.57239914000013],[111.98995971700015,30.570026396999992],[111.9980316170001,30.564134598000066],[112.00221252300003,30.561525346000167],[112.0044937130001,30.557352066000195],[112.00520324600006,30.55412864700003],[112.00643157900004,30.550891877000087],[112.00552368100023,30.5470123290001],[112.00224304200015,30.543636323000158],[111.99926757800017,30.541631699000053],[111.98803710900008,30.538875579999967],[111.97939300600007,30.533542632000145],[111.97611999500009,30.530626298000072],[111.97255706800007,30.526798249000024],[111.96952056900012,30.522500992000175],[111.96755981400015,30.518640519000034],[111.96559143000019,30.51478195300018],[111.95953369100016,30.506641389000034],[111.9565124520002,30.503261566000045],[111.95407104500009,30.50124549900016],[111.94956970200002,30.50179290700015],[111.94457245000012,30.50349426400015],[111.93955993700007,30.504741670000158],[111.93296813900014,30.50647544900016],[111.93009185900003,30.508136749000133],[111.92852783300015,30.5099163050001],[111.92471313400006,30.507513047000035],[111.92166137600015,30.50439643900012],[111.91929626500013,30.498737336000033],[111.91779327500012,30.494201661000144],[111.91632080100015,30.49057769899997],[111.91457366899999,30.48673439100014],[111.91339874200003,30.48401641900011],[111.91306304800014,30.482196809000015],[111.91667938300016,30.480024337000035],[111.92163848800004,30.47804069600016],[111.92474365300018,30.475885391000077],[111.9246215820001,30.47314071699998],[111.9221801760001,30.47183990600013],[111.91998290999999,30.469842910000068],[111.91964721700003,30.468475343000197],[111.92002105700004,30.4643383020001],[111.92018127400009,30.46181488100012],[111.9193496700002,30.46092414900011],[111.91618347200006,30.461246492000047],[111.91356658900014,30.46224212600004],[111.91042327900016,30.463024140000073],[111.9085464470001,30.462850572000093],[111.90795898400006,30.46149444600013],[111.90838623100018,30.458961487000067],[111.9104080190001,30.456378936000196],[111.91811370800008,30.450189591000143],[111.925102235,30.44608116100017],[111.93295288000007,30.443328856999983],[111.94077300900005,30.44011116100006],[111.94656372100008,30.43901634300005],[111.9484786980002,30.440563203000124],[111.94696807900016,30.442443848000043],[111.9447174070001,30.445720672000103],[111.94405365000017,30.44872093200019],[111.94518280100004,30.45051956200018],[111.94889068700007,30.450405121000188],[111.9538879390002,30.449338914000183],[111.95697784400018,30.44792366000013],[111.9624786390001,30.4454116820001],[111.96659088100017,30.44230651900017],[111.97180175800008,30.43366813700004],[111.97602844100015,30.42689323500008],[111.9778289800002,30.419275285000026],[111.97865295400015,30.41329193200011],[111.97804260300018,30.40528869700006],[111.9770431510001,30.400276185000106],[111.9760437020001,30.395496368000128],[111.97461700500008,30.386829377000083],[111.97435760500008,30.380422592000116],[111.97299194400017,30.372898102000136],[111.97162628200016,30.365835191000087],[111.97197723400006,30.361467361000162],[111.9749908450001,30.3572521210001],[111.97873687800018,30.352094650000137],[111.98281097400007,30.34784507800009],[111.98816681000007,30.342868805000023],[111.99427032400003,30.336725235000078],[112.00060272300004,30.32965469300018],[112.00743866000016,30.32210922200017],[112.01126098700014,30.318557740000134],[112.01867675700032,30.312366485999974],[112.02713775600012,30.305458069000114],[112.03262329100016,30.303455353000118],[112.04181671200013,30.301795960000046],[112.0432968140002,30.301820756000158],[112.04833221400008,30.29566955600012],[112.04943847600009,30.287847519000138],[112.04718017500011,30.28307724000007],[112.0441970830002,30.28061676000004],[112.0397033700001,30.277744293000183],[112.03259277400002,30.276502610000197],[112.02390289200014,30.27502250800012],[112.01299285800019,30.27503395100007],[112.00617980900017,30.27588081300019],[112.00093078600014,30.277593613000136],[111.9925537110002,30.28097152700019],[111.98583221300004,30.28552627500011],[111.97831726100014,30.29341316200015],[111.97650146600012,30.2945976260001],[111.96959686200012,30.301078797000173],[111.96132660000006,30.309366227000165],[111.95319366400003,30.31934166000019],[111.94825744700006,30.327726365000164],[111.94571685800008,30.33265113900012],[111.9420166020002,30.339639664000064],[111.93821716200006,30.345624924000045],[111.93403625600018,30.350486757000056],[111.9314270010002,30.351913450999973],[111.926231385,30.355913162999972],[111.92413330200003,30.35687065100018],[111.92003631500006,30.357376099000078],[111.91732788100018,30.355148315000122],[111.91430664100011,30.35200882000015],[111.91398620600017,30.35017967200014],[111.91182708800005,30.348623277000055],[111.91011047500001,30.344762803000037],[111.90889740000011,30.339748383000085],[111.90827941900005,30.337009430000077],[111.90820312500011,30.33426094100014],[111.90815734800015,30.33334350600012],[111.90837860100011,30.33150482200006],[111.90779876700009,30.32991409300018],[111.90470886200012,30.32425117500003],[111.90218353300014,30.31972313000011],[111.90072631800012,30.315856934000127],[111.90032196100016,30.311050416000175],[111.89993286100008,30.30716323900015],[111.8995285040001,30.302583695000123],[111.898887634,30.29893302900007],[111.89849090500014,30.294815063000044],[111.89753723100011,30.290021896000045],[111.89526367200006,30.284341812000097],[111.89174652200018,30.282125473000118],[111.88696289000012,30.28177642899999],[111.88249969600014,30.282789230000045],[111.8767166130001,30.28452110300009],[111.87014007700009,30.28558731100003],[111.86515045100005,30.286842347000118],[111.85859680100015,30.289279939000043],[111.85228729300015,30.2907924650001],[111.84725189200014,30.290445328000093],[111.83925628700001,30.28878784300014],[111.83154296800018,30.28757858400019],[111.82594299300018,30.2860946670001],[111.82383728000015,30.286830902000133],[111.82232666100009,30.289154053000065],[111.82134246800013,30.291698457000106],[111.82144165000017,30.294904710000083],[111.82157897900005,30.29948616000007],[111.82057952900016,30.30157089200009],[111.81932830800008,30.30389022800017],[111.81642150900018,30.3041839600001],[111.81404113800016,30.303447723000033],[111.81163025000012,30.301029207000113],[111.80841064400005,30.30013275200014],[111.8053283700001,30.303859712000133],[111.80458831800013,30.305936814000006],[111.80304718000019,30.30825615000009],[111.80152893200012,30.310579298999986],[111.80059814500015,30.31201744200007],[111.79859161400009,30.314245223999993],[111.7963562020001,30.3166980740001],[111.79357147200005,30.320356370000127],[111.79074096600016,30.32362365800009],[111.78681182900004,30.327602387000013],[111.78510284500004,30.330444335000156],[111.78312683200005,30.33309173700019],[111.78191375800003,30.33611297600015],[111.78047943100013,30.33935737600018],[111.7794723510001,30.341947556000097],[111.7786865240002,30.344312668000047],[111.77776336599999,30.347740173000034],[111.77707672100013,30.35136032000014],[111.7766189570001,30.354755402000027],[111.77584075800007,30.35712432800011],[111.7751464850001,30.360536575000086],[111.77324676400008,30.364231111000034],[111.77066803100013,30.36733627400002],[111.7680969230002,30.370365143000072],[111.76551818899998,30.373161317000154],[111.76339721699998,30.37451934799998],[111.76039123400005,30.376384735000045],[111.75611114600014,30.37748718200004],[111.75132751400008,30.378408433000175],[111.74768066400014,30.378417968000175],[111.74427795399998,30.37841415500009],[111.74063873300008,30.378423691000023],[111.73779296800006,30.377798081000098],[111.73486328100006,30.37715911900017],[111.73059845000006,30.37632179299999],[111.72685241700015,30.37501144400005],[111.72248840300006,30.373199464000038],[111.71817779600013,30.370933533000024],[111.71341705300017,30.368143082000188],[111.70966339199998,30.365917205000134],[111.70638275100009,30.363216401000106],[111.7017288200002,30.359703064000144],[111.69937133700012,30.357530594000135],[111.69625091600011,30.354980469999983],[111.69393158000008,30.353225708000142],[111.68773651200014,30.34818840100013],[111.68257904000006,30.344848633000026],[111.67799377500006,30.342174530000193],[111.67440796000011,30.339862824000075],[111.67063140800008,30.338190078000025],[111.66680908199999,30.335893631000037],[111.66275787400019,30.333820343000067],[111.65795135400003,30.331371308000026],[111.65115356500007,30.328197480000146],[111.64636230600001,30.326677323000073],[111.64241027800006,30.32513809200015],[111.63662719700005,30.32274246200018],[111.63256835900012,30.320459367000183],[111.62827301099998,30.318185806000088],[111.62460327100013,30.314828873000064],[111.62133789100011,30.310827255999982],[111.61913299500009,30.307193756000117],[111.61797332800018,30.304689408000005],[111.61607360900013,30.300825120000017],[111.61329650900018,30.296056749000115],[111.611030578,30.29351997499998],[111.60856628500017,30.290086747000142],[111.60590362500011,30.28687477100016],[111.60323333700012,30.28387451300006],[111.60018157900004,30.27907753100016],[111.59636688300009,30.275014878000036],[111.58992004400001,30.270996094000054],[111.58162689200003,30.267694474000052],[111.57788085900019,30.2656974790001]]]},"properties":{"GID_2":"CHN.13.17_1","GID_0":"CHN","COUNTRY":"China","GID_1":"CHN.13_1","NAME_1":"Hubei","NL_NAME_1":"湖北","NAME_2":"Yichang","VARNAME_2":"Yíchāng","NL_NAME_2":"宜昌市","TYPE_2":"Dìjíshì","ENGTYPE_2":"Prefecture City","CC_2":"NA","HASC_2":"NA","id":"420500","name":"宜昌市","NAME":"宜昌市","adcode":"420500","SOURCE":"GADM v4.1","GADM_GID":"CHN.13.17_1"}}]}