{"type":"FeatureCollection","name":"wuhan-building-display-tile_0_0","source":"data/geospatial/wuhan/buildings/low/tile_0_0.geojson","sourceFeatureCount":28995,"displayFeatureCount":375,"generatedAt":"2026-06-03T12:54:10.915Z","features":[{"type":"Feature","id":"2f6f54ec-b505-4d07-8518-9521091b06b6","properties":{"id":"2f6f54ec-b505-4d07-8518-9521091b06b6","height":8,"num_floors":3,"class":"building","areaM2":76,"sourceTile":"tile_0_0","sourceFeatureCount":28995,"heightEstimated":true},"geometry":{"type":"Polygon","coordinates":[[[113.989243,30.505646],[113.989432,30.505572],[113.989431,30.505648],[113.989243,30.505646]]]}},{"type":"Feature","id":"e2c7f67f-623d-4a54-a04a-b61bbe945d2f","properties":{"id":"e2c7f67f-623d-4a54-a04a-b61bbe945d2f","height":115,"num_floors":36,"class":"building","areaM2":19963,"sourceTile":"tile_0_0","sourceFeatureCount":28995,"heightEstimated":true},"geometry":{"type":"Polygon","coordinates":[[[114.001922,30.46627],[114.002019,30.466794],[114.00201,30.466269],[114.002474,30.466263],[114.002492,30.467343],[114.000704,30.467365],[114.000686,30.466285],[114.001249,30.466278],[114.001357,30.466812],[114.001348,30.466277],[114.001922,30.46627]]]}},{"type":"Feature","id":"fbbf12ef-7d98-4d78-93d4-114e813a11c0","properties":{"id":"fbbf12ef-7d98-4d78-93d4-114e813a11c0","height":14,"num_floors":4,"class":"building","areaM2":246,"sourceTile":"tile_0_0","sourceFeatureCount":28995,"heightEstimated":true},"geometry":{"type":"Polygon","coordinates":[[[113.988531,30.466543],[113.988354,30.466811],[113.988264,30.466683],[113.988531,30.466543]]]}},{"type":"Feature","id":"0ad1001b-2fa3-4d20-a4b2-3698af1badca","properties":{"id":"0ad1001b-2fa3-4d20-a4b2-3698af1badca","height":10,"num_floors":3,"class":"building","areaM2":36,"sourceTile":"tile_0_0","sourceFeatureCount":28995,"heightEstimated":true},"geometry":{"type":"Polygon","coordinates":[[[113.990175,30.48825],[113.990266,30.488176],[113.990263,30.488252],[113.990175,30.48825]]]}},{"type":"Feature","id":"a2f48ce4-8ec8-4f17-9d6b-46948868283c","properties":{"id":"a2f48ce4-8ec8-4f17-9d6b-46948868283c","height":12,"num_floors":4,"class":"building","areaM2":18,"sourceTile":"tile_0_0","sourceFeatureCount":28995,"heightEstimated":true},"geometry":{"type":"Polygon","coordinates":[[[113.987813,30.497779],[113.987769,30.497702],[113.987813,30.497702],[113.987813,30.497779]]]}},{"type":"Feature","id":"1fb7d7c3-ee94-4896-85a5-90e9ae359f4c","properties":{"id":"1fb7d7c3-ee94-4896-85a5-90e9ae359f4c","height":16,"num_floors":5,"class":"building","areaM2":27,"sourceTile":"tile_0_0","sourceFeatureCount":28995,"heightEstimated":true},"geometry":{"type":"Polygon","coordinates":[[[113.983328,30.486626],[113.983416,30.486565],[113.983421,30.486619],[113.983328,30.486626]]]}},{"type":"Feature","id":"a4388f40-e8b9-4516-b577-9b4f71357508","properties":{"id":"a4388f40-e8b9-4516-b577-9b4f71357508","height":19,"num_floors":6,"class":"building","areaM2":36,"sourceTile":"tile_0_0","sourceFeatureCount":28995,"heightEstimated":true},"geometry":{"type":"Polygon","coordinates":[[[113.981295,30.475813],[113.981176,30.475847],[113.981216,30.475779],[113.981295,30.475813]]]}},{"type":"Feature","id":"9d7859ab-684f-4f41-932f-e62f09aeb55f","properties":{"id":"9d7859ab-684f-4f41-932f-e62f09aeb55f","height":109,"num_floors":34,"class":"building","areaM2":22219,"sourceTile":"tile_0_0","sourceFeatureCount":28995,"heightEstimated":true},"geometry":{"type":"Polygon","coordinates":[[[113.974135,30.469572],[113.972318,30.469568],[113.972321,30.468415],[113.974138,30.468419],[113.974135,30.469572]]]}},{"type":"Feature","id":"252c1a37-c89a-46bb-8c6a-c65c57457818","properties":{"id":"252c1a37-c89a-46bb-8c6a-c65c57457818","height":23,"num_floors":7,"class":"building","areaM2":47,"sourceTile":"tile_0_0","sourceFeatureCount":28995,"heightEstimated":true},"geometry":{"type":"Polygon","coordinates":[[[113.974662,30.479392],[113.97454,30.479229],[113.974695,30.479363],[113.974662,30.479392]]]}},{"type":"Feature","id":"55645309-8307-4197-8d7e-4d2587dd1cbb","properties":{"id":"55645309-8307-4197-8d7e-4d2587dd1cbb","height":127,"num_floors":40,"class":"building","areaM2":19384,"sourceTile":"tile_0_0","sourceFeatureCount":28995,"heightEstimated":true},"geometry":{"type":"Polygon","coordinates":[[[113.974374,30.479642],[113.973017,30.480575],[113.97226,30.479749],[113.973618,30.478816],[113.974374,30.479642]]]}},{"type":"Feature","id":"eaf0368c-cdb3-4d6f-8d9a-c9eaf254a962","properties":{"id":"eaf0368c-cdb3-4d6f-8d9a-c9eaf254a962","height":113,"num_floors":35,"class":"building","areaM2":21332,"sourceTile":"tile_0_0","sourceFeatureCount":28995,"heightEstimated":true},"geometry":{"type":"Polygon","coordinates":[[[113.971721,30.478504],[113.972645,30.477902],[113.973461,30.478616],[113.972184,30.479592],[113.971396,30.478822],[113.971905,30.479702],[113.971052,30.478437],[113.971358,30.478185],[113.971721,30.478504]]]}},{"type":"Feature","id":"98f0240b-17c2-424d-9eef-05ec61b661b3","properties":{"id":"98f0240b-17c2-424d-9eef-05ec61b661b3","height":26,"num_floors":8,"class":"building","areaM2":40,"sourceTile":"tile_0_0","sourceFeatureCount":28995,"heightEstimated":true},"geometry":{"type":"Polygon","coordinates":[[[113.97668,30.484202],[113.976808,30.484229],[113.976728,30.484271],[113.97668,30.484202]]]}},{"type":"Feature","id":"a9f8d669-ef08-440b-8e45-8069a34ec3dc","properties":{"id":"a9f8d669-ef08-440b-8e45-8069a34ec3dc","height":28,"num_floors":9,"class":"building","areaM2":39,"sourceTile":"tile_0_0","sourceFeatureCount":28995,"heightEstimated":true},"geometry":{"type":"Polygon","coordinates":[[[113.976826,30.496315],[113.97696,30.496325],[113.976866,30.496373],[113.976826,30.496315]]]}},{"type":"Feature","id":"24e4a1ce-93f7-4258-bf2d-f66ec7f8578f","properties":{"id":"24e4a1ce-93f7-4258-bf2d-f66ec7f8578f","height":34,"num_floors":11,"class":"building","areaM2":101,"sourceTile":"tile_0_0","sourceFeatureCount":28995,"heightEstimated":true},"geometry":{"type":"Polygon","coordinates":[[[113.973532,30.499076],[113.973228,30.498949],[113.973549,30.49902],[113.973532,30.499076]]]}},{"type":"Feature","id":"fed7b701-41e7-42c1-a869-4f901bd920bb","properties":{"id":"fed7b701-41e7-42c1-a869-4f901bd920bb","height":33,"num_floors":10,"class":"building","areaM2":5,"sourceTile":"tile_0_0","sourceFeatureCount":28995,"heightEstimated":true},"geometry":{"type":"Polygon","coordinates":[[[113.979201,30.515832],[113.979195,30.51586],[113.979169,30.515832],[113.979201,30.515832]]]}},{"type":"Feature","id":"345a5dd2-faf0-4dbe-a78c-cc3ef7a8d52e","properties":{"id":"345a5dd2-faf0-4dbe-a78c-cc3ef7a8d52e","height":8,"num_floors":3,"class":"building","areaM2":27,"sourceTile":"tile_0_0","sourceFeatureCount":28995,"heightEstimated":true},"geometry":{"type":"Polygon","coordinates":[[[113.979749,30.508931],[113.97969,30.509011],[113.979683,30.508935],[113.979749,30.508931]]]}},{"type":"Feature","id":"e24004e4-cc0f-4f80-823d-191d2f4aec4c","properties":{"id":"e24004e4-cc0f-4f80-823d-191d2f4aec4c","height":10,"num_floors":3,"class":"building","areaM2":45,"sourceTile":"tile_0_0","sourceFeatureCount":28995,"heightEstimated":true},"geometry":{"type":"Polygon","coordinates":[[[113.969215,30.515206],[113.969324,30.51512],[113.969338,30.515187],[113.969215,30.515206]]]}},{"type":"Feature","id":"43aef7c4-31cd-47f1-a341-83b51ad1d555","properties":{"id":"43aef7c4-31cd-47f1-a341-83b51ad1d555","height":11,"num_floors":3,"class":"building","areaM2":9,"sourceTile":"tile_0_0","sourceFeatureCount":28995,"heightEstimated":true},"geometry":{"type":"Polygon","coordinates":[[[113.966788,30.512195],[113.966731,30.51223],[113.966726,30.512203],[113.966788,30.512195]]]}},{"type":"Feature","id":"5088fc45-c441-47c6-8b6c-3dfdef048020","properties":{"id":"5088fc45-c441-47c6-8b6c-3dfdef048020","height":17,"num_floors":5,"class":"building","areaM2":62,"sourceTile":"tile_0_0","sourceFeatureCount":28995,"heightEstimated":true},"geometry":{"type":"Polygon","coordinates":[[[113.959407,30.504134],[113.95933,30.503985],[113.959459,30.504083],[113.959407,30.504134]]]}},{"type":"Feature","id":"3e888e0c-47e0-437a-8383-e42e319ce6b2","properties":{"id":"3e888e0c-47e0-437a-8383-e42e319ce6b2","height":130,"num_floors":41,"class":"building","areaM2":32483,"sourceTile":"tile_0_0","sourceFeatureCount":28995,"heightEstimated":true},"geometry":{"type":"Polygon","coordinates":[[[113.959022,30.5152],[113.958989,30.514566],[113.960566,30.513889],[113.961783,30.515486],[113.961338,30.515819],[113.959022,30.5152]]]}},{"type":"Feature","id":"d09fabf8-7acb-4033-b897-46a6ab29eb41","properties":{"id":"d09fabf8-7acb-4033-b897-46a6ab29eb41","height":19,"num_floors":6,"class":"building","areaM2":50,"sourceTile":"tile_0_0","sourceFeatureCount":28995,"heightEstimated":true},"geometry":{"type":"Polygon","coordinates":[[[113.95281,30.511691],[113.952632,30.511706],[113.952651,30.511651],[113.95281,30.511691]]]}},{"type":"Feature","id":"3126b894-2dae-4dd6-ba36-2b009a1a8218","properties":{"id":"3126b894-2dae-4dd6-ba36-2b009a1a8218","height":20,"num_floors":6,"class":"building","areaM2":23,"sourceTile":"tile_0_0","sourceFeatureCount":28995,"heightEstimated":true},"geometry":{"type":"Polygon","coordinates":[[[113.951535,30.499465],[113.951448,30.499511],[113.951472,30.499447],[113.951535,30.499465]]]}},{"type":"Feature","id":"858eee98-fdd7-4dd2-8116-faffb2bef893","properties":{"id":"858eee98-fdd7-4dd2-8116-faffb2bef893","height":26,"num_floors":8,"class":"building","areaM2":63,"sourceTile":"tile_0_0","sourceFeatureCount":28995,"heightEstimated":true},"geometry":{"type":"Polygon","coordinates":[[[113.956107,30.476201],[113.955966,30.476125],[113.956071,30.476098],[113.956107,30.476201]]]}},{"type":"Feature","id":"ae5fe812-61dc-41c7-84ff-393dc02e9404","properties":{"id":"ae5fe812-61dc-41c7-84ff-393dc02e9404","height":123,"num_floors":38,"class":"building","areaM2":17493,"sourceTile":"tile_0_0","sourceFeatureCount":28995,"heightEstimated":true},"geometry":{"type":"Polygon","coordinates":[[[113.963681,30.4683],[113.963669,30.47014],[113.962773,30.470136],[113.962784,30.468296],[113.963681,30.4683]]]}},{"type":"Feature","id":"4a04783b-c2dc-4d25-8328-b3aecb7ca536","properties":{"id":"4a04783b-c2dc-4d25-8328-b3aecb7ca536","height":98,"num_floors":31,"class":"building","areaM2":17492,"sourceTile":"tile_0_0","sourceFeatureCount":28995,"heightEstimated":true},"geometry":{"type":"Polygon","coordinates":[[[113.964684,30.468293],[113.964673,30.470133],[113.963776,30.470129],[113.963787,30.468289],[113.964684,30.468293]]]}},{"type":"Feature","id":"33d8a986-5c83-4a0a-9763-c4bf515efd06","properties":{"id":"33d8a986-5c83-4a0a-9763-c4bf515efd06","height":104,"num_floors":33,"class":"building","areaM2":17492,"sourceTile":"tile_0_0","sourceFeatureCount":28995,"heightEstimated":true},"geometry":{"type":"Polygon","coordinates":[[[113.964661,30.470253],[113.964649,30.472093],[113.963753,30.472089],[113.963764,30.470249],[113.964661,30.470253]]]}},{"type":"Feature","id":"2a5e61a5-6627-4cea-a8ea-057b6f6420c8","properties":{"id":"2a5e61a5-6627-4cea-a8ea-057b6f6420c8","height":110,"num_floors":34,"class":"building","areaM2":17492,"sourceTile":"tile_0_0","sourceFeatureCount":28995,"heightEstimated":true},"geometry":{"type":"Polygon","coordinates":[[[113.963677,30.470254],[113.963665,30.472093],[113.962769,30.472089],[113.96278,30.470249],[113.963677,30.470254]]]}},{"type":"Feature","id":"453ff456-3f9e-4172-adb1-36f4d934c95a","properties":{"id":"453ff456-3f9e-4172-adb1-36f4d934c95a","height":116,"num_floors":36,"class":"building","areaM2":17492,"sourceTile":"tile_0_0","sourceFeatureCount":28995,"heightEstimated":true},"geometry":{"type":"Polygon","coordinates":[[[113.962226,30.470249],[113.962215,30.472088],[113.961318,30.472084],[113.96133,30.470244],[113.962226,30.470249]]]}},{"type":"Feature","id":"b6cf3d46-727a-4e53-8478-48af6d79ccad","properties":{"id":"b6cf3d46-727a-4e53-8478-48af6d79ccad","height":128,"num_floors":40,"class":"building","areaM2":19936,"sourceTile":"tile_0_0","sourceFeatureCount":28995,"heightEstimated":true},"geometry":{"type":"Polygon","coordinates":[[[113.962238,30.468294],[113.962226,30.470133],[113.961204,30.470128],[113.961216,30.468289],[113.962238,30.468294]]]}},{"type":"Feature","id":"34ca665a-9276-431c-901d-8dadd974913b","properties":{"id":"34ca665a-9276-431c-901d-8dadd974913b","height":29,"num_floors":9,"class":"building","areaM2":76,"sourceTile":"tile_0_0","sourceFeatureCount":28995,"heightEstimated":true},"geometry":{"type":"Polygon","coordinates":[[[113.957318,30.498295],[113.95711,30.498304],[113.957144,30.498233],[113.957318,30.498295]]]}},{"type":"Feature","id":"c14c2423-76b2-4f91-a263-14c9b9e655f2","properties":{"id":"c14c2423-76b2-4f91-a263-14c9b9e655f2","height":29,"num_floors":9,"class":"building","areaM2":13,"sourceTile":"tile_0_0","sourceFeatureCount":28995,"heightEstimated":true},"geometry":{"type":"Polygon","coordinates":[[[113.964621,30.494939],[113.964636,30.495006],[113.964595,30.494992],[113.964621,30.494939]]]}},{"type":"Feature","id":"66dd95e3-5e82-4749-a8cc-4adfb7c75daf","properties":{"id":"66dd95e3-5e82-4749-a8cc-4adfb7c75daf","height":44,"num_floors":14,"class":"building","areaM2":420,"sourceTile":"tile_0_0","sourceFeatureCount":28995,"heightEstimated":true},"geometry":{"type":"Polygon","coordinates":[[[113.970168,30.488027],[113.97,30.48812],[113.969798,30.488042],[113.969865,30.487911],[113.970168,30.488027]]]}},{"type":"Feature","id":"78f85407-965a-4b61-ae7b-0fd5d7a5ef6e","properties":{"id":"78f85407-965a-4b61-ae7b-0fd5d7a5ef6e","height":140,"num_floors":44,"class":"building","areaM2":24304,"sourceTile":"tile_0_0","sourceFeatureCount":28995,"heightEstimated":true},"geometry":{"type":"Polygon","coordinates":[[[113.966405,30.476611],[113.966366,30.475665],[113.966973,30.475646],[113.966981,30.477177],[113.966407,30.477195],[113.966268,30.476768],[113.966286,30.477208],[113.965597,30.477382],[113.965581,30.475364],[113.966248,30.475468],[113.966405,30.476611]]]}},{"type":"Feature","id":"67c90550-a481-45eb-9dc0-6b4eeeea553d","properties":{"id":"67c90550-a481-45eb-9dc0-6b4eeeea553d","height":104,"num_floors":33,"class":"building","areaM2":14248,"sourceTile":"tile_0_0","sourceFeatureCount":28995,"heightEstimated":true},"geometry":{"type":"Polygon","coordinates":[[[113.967087,30.477167],[113.967162,30.475523],[113.967945,30.475526],[113.967937,30.47717],[113.967087,30.477167]]]}},{"type":"Feature","id":"20542569-aaad-469e-a2ea-831bd6c3f5be","properties":{"id":"20542569-aaad-469e-a2ea-831bd6c3f5be","height":105,"num_floors":33,"class":"building","areaM2":19934,"sourceTile":"tile_0_0","sourceFeatureCount":28995,"heightEstimated":true},"geometry":{"type":"Polygon","coordinates":[[[113.966244,30.470258],[113.966231,30.472097],[113.96521,30.472092],[113.965222,30.470253],[113.966244,30.470258]]]}},{"type":"Feature","id":"52e4f93d-4c7a-4b71-9f7c-46944b0ddf6b","properties":{"id":"52e4f93d-4c7a-4b71-9f7c-46944b0ddf6b","height":111,"num_floors":35,"class":"building","areaM2":19935,"sourceTile":"tile_0_0","sourceFeatureCount":28995,"heightEstimated":true},"geometry":{"type":"Polygon","coordinates":[[[113.96625,30.468301],[113.966237,30.47014],[113.965215,30.470135],[113.965228,30.468296],[113.96625,30.468301]]]}},{"type":"Feature","id":"4576c5cc-d7a1-443b-9a67-66f2c259499a","properties":{"id":"4576c5cc-d7a1-443b-9a67-66f2c259499a","height":128,"num_floors":40,"class":"building","areaM2":22218,"sourceTile":"tile_0_0","sourceFeatureCount":28995,"heightEstimated":true},"geometry":{"type":"Polygon","coordinates":[[[113.972186,30.46957],[113.970369,30.469566],[113.970372,30.468413],[113.97219,30.468417],[113.972186,30.46957]]]}},{"type":"Feature","id":"08dd1f02-b2df-4e19-874f-f9555242aad0","properties":{"id":"08dd1f02-b2df-4e19-874f-f9555242aad0","height":8,"num_floors":3,"class":"building","areaM2":55,"sourceTile":"tile_0_0","sourceFeatureCount":28995,"heightEstimated":true},"geometry":{"type":"Polygon","coordinates":[[[113.966909,30.454704],[113.966864,30.454832],[113.966812,30.454748],[113.966909,30.454704]]]}},{"type":"Feature","id":"09b88198-4caa-4969-97fb-4cb882d9b96e","properties":{"id":"09b88198-4caa-4969-97fb-4cb882d9b96e","height":168,"num_floors":53,"class":"house","areaM2":180003,"sourceTile":"tile_0_0","sourceFeatureCount":28995,"heightEstimated":true},"geometry":{"type":"Polygon","coordinates":[[[113.965216,30.442116],[113.965613,30.438638],[113.966321,30.438629],[113.967361,30.437796],[113.970033,30.437972],[113.970569,30.438573],[113.969126,30.440916],[113.968508,30.440949],[113.968468,30.441346],[113.968943,30.441759],[113.96831,30.442341],[113.965216,30.442116]]]}},{"type":"Feature","id":"9135b4c8-a62e-4662-9a43-4cf958878e02","properties":{"id":"9135b4c8-a62e-4662-9a43-4cf958878e02","height":119,"num_floors":37,"class":"hospital","areaM2":23309,"sourceTile":"tile_0_0","sourceFeatureCount":28995,"heightEstimated":true},"geometry":{"type":"Polygon","coordinates":[[[113.958226,30.450915],[113.95681,30.451073],[113.956768,30.450811],[113.957306,30.450762],[113.957292,30.450543],[113.956704,30.450598],[113.956655,30.450091],[113.957221,30.449792],[113.956265,30.449884],[113.956216,30.449511],[113.958339,30.449292],[113.958396,30.449688],[113.957476,30.449768],[113.958106,30.449932],[113.958162,30.450439],[113.957561,30.450494],[113.957582,30.450738],[113.958176,30.450652],[113.958226,30.450915]]]}},{"type":"Feature","id":"665ad92b-1015-4bc0-b922-dfb2971586f2","properties":{"id":"665ad92b-1015-4bc0-b922-dfb2971586f2","height":9,"num_floors":3,"class":"building","areaM2":54,"sourceTile":"tile_0_0","sourceFeatureCount":28995,"heightEstimated":true},"geometry":{"type":"Polygon","coordinates":[[[113.961866,30.453065],[113.961695,30.453151],[113.961819,30.45303],[113.961866,30.453065]]]}},{"type":"Feature","id":"1e8e8b68-d0fb-4b21-98e5-d4147897b6f1","properties":{"id":"1e8e8b68-d0fb-4b21-98e5-d4147897b6f1","height":16,"num_floors":5,"class":"building","areaM2":141,"sourceTile":"tile_0_0","sourceFeatureCount":28995,"heightEstimated":true},"geometry":{"type":"Polygon","coordinates":[[[113.963527,30.459604],[113.963309,30.459785],[113.963268,30.459697],[113.963527,30.459604]]]}},{"type":"Feature","id":"9404e6fa-4934-4c6a-ae0c-d4c0e8981a13","properties":{"id":"9404e6fa-4934-4c6a-ae0c-d4c0e8981a13","height":19,"num_floors":6,"class":"building","areaM2":162,"sourceTile":"tile_0_0","sourceFeatureCount":28995,"heightEstimated":true},"geometry":{"type":"Polygon","coordinates":[[[113.954629,30.442883],[113.954909,30.442719],[113.954717,30.442941],[113.954629,30.442883]]]}},{"type":"Feature","id":"17810871-e034-4928-b53a-98d7f361190d","properties":{"id":"17810871-e034-4928-b53a-98d7f361190d","height":18,"num_floors":6,"class":"building","areaM2":58,"sourceTile":"tile_0_0","sourceFeatureCount":28995,"heightEstimated":true},"geometry":{"type":"Polygon","coordinates":[[[113.963733,30.40589],[113.9639,30.405875],[113.963862,30.405944],[113.963733,30.40589]]]}},{"type":"Feature","id":"1309948b-069c-4544-821b-c50f32fa334a","properties":{"id":"1309948b-069c-4544-821b-c50f32fa334a","height":19,"num_floors":6,"class":"building","areaM2":20,"sourceTile":"tile_0_0","sourceFeatureCount":28995,"heightEstimated":true},"geometry":{"type":"Polygon","coordinates":[[[113.963292,30.41134],[113.963207,30.411374],[113.96323,30.41132],[113.963292,30.41134]]]}},{"type":"Feature","id":"7b88ba64-63cd-411a-a910-1b81686e7f6b","properties":{"id":"7b88ba64-63cd-411a-a910-1b81686e7f6b","height":24,"num_floors":8,"class":"building","areaM2":45,"sourceTile":"tile_0_0","sourceFeatureCount":28995,"heightEstimated":true},"geometry":{"type":"Polygon","coordinates":[[[113.97749,30.401946],[113.977656,30.40193],[113.977519,30.401994],[113.97749,30.401946]]]}},{"type":"Feature","id":"4a1924f4-b6d4-42e2-9498-9c7d03e49b50","properties":{"id":"4a1924f4-b6d4-42e2-9498-9c7d03e49b50","height":27,"num_floors":8,"class":"building","areaM2":50,"sourceTile":"tile_0_0","sourceFeatureCount":28995,"heightEstimated":true},"geometry":{"type":"Polygon","coordinates":[[[113.986426,30.421326],[113.986405,30.421199],[113.986487,30.421246],[113.986426,30.421326]]]}},{"type":"Feature","id":"9747c181-0ccb-4e40-8787-80adff50e405","properties":{"id":"9747c181-0ccb-4e40-8787-80adff50e405","height":30,"num_floors":9,"class":"building","areaM2":40,"sourceTile":"tile_0_0","sourceFeatureCount":28995,"heightEstimated":true},"geometry":{"type":"Polygon","coordinates":[[[113.977711,30.447927],[113.977756,30.447819],[113.977796,30.447892],[113.977711,30.447927]]]}},{"type":"Feature","id":"7155020e-18c7-4fb3-933a-adb91673db95","properties":{"id":"7155020e-18c7-4fb3-933a-adb91673db95","height":31,"num_floors":10,"class":"building","areaM2":23,"sourceTile":"tile_0_0","sourceFeatureCount":28995,"heightEstimated":true},"geometry":{"type":"Polygon","coordinates":[[[113.980952,30.454873],[113.981027,30.454813],[113.981029,30.45487],[113.980952,30.454873]]]}},{"type":"Feature","id":"95896c63-44ea-4718-856b-0ae0c979ac68","properties":{"id":"95896c63-44ea-4718-856b-0ae0c979ac68","height":140,"num_floors":44,"class":"building","areaM2":26654,"sourceTile":"tile_0_0","sourceFeatureCount":28995,"heightEstimated":true},"geometry":{"type":"Polygon","coordinates":[[[113.985494,30.45087],[113.985518,30.449579],[113.986423,30.449592],[113.986418,30.449851],[113.986655,30.449596],[113.987571,30.449609],[113.987546,30.450919],[113.986663,30.450906],[113.986672,30.450418],[113.986407,30.450415],[113.986399,30.450883],[113.985494,30.45087]]]}},{"type":"Feature","id":"bb62e331-4b05-4857-829a-d3204248f880","properties":{"id":"bb62e331-4b05-4857-829a-d3204248f880","height":8,"num_floors":3,"class":"building","areaM2":16,"sourceTile":"tile_0_0","sourceFeatureCount":28995,"heightEstimated":true},"geometry":{"type":"Polygon","coordinates":[[[113.980898,30.443283],[113.980845,30.443196],[113.980876,30.44319],[113.980898,30.443283]]]}},{"type":"Feature","id":"cd2d29ee-5aae-477e-a0e7-1e49f00ed4d2","properties":{"id":"cd2d29ee-5aae-477e-a0e7-1e49f00ed4d2","height":10,"num_floors":3,"class":"building","areaM2":102,"sourceTile":"tile_0_0","sourceFeatureCount":28995,"heightEstimated":true},"geometry":{"type":"Polygon","coordinates":[[[113.99041,30.435164],[113.990287,30.434995],[113.990396,30.434989],[113.99041,30.435164]]]}},{"type":"Feature","id":"19174aec-a88a-429d-92a4-f5983d81be43","properties":{"id":"19174aec-a88a-429d-92a4-f5983d81be43","height":9,"num_floors":3,"class":"building","areaM2":20,"sourceTile":"tile_0_0","sourceFeatureCount":28995,"heightEstimated":true},"geometry":{"type":"Polygon","coordinates":[[[113.987803,30.438176],[113.987723,30.438218],[113.987739,30.438162],[113.987803,30.438176]]]}},{"type":"Feature","id":"5bb9496c-d288-4331-9a38-d4e818af472d","properties":{"id":"5bb9496c-d288-4331-9a38-d4e818af472d","height":132,"num_floors":41,"class":"building","areaM2":28521,"sourceTile":"tile_0_0","sourceFeatureCount":28995,"heightEstimated":true},"geometry":{"type":"Polygon","coordinates":[[[113.992047,30.453363],[113.992058,30.454233],[113.988968,30.454263],[113.988957,30.453393],[113.992047,30.453363]]]}},{"type":"Feature","id":"806776cc-72c8-4dc5-bb9a-da5ea470fdbd","properties":{"id":"806776cc-72c8-4dc5-bb9a-da5ea470fdbd","height":131,"num_floors":41,"class":"building","areaM2":26261,"sourceTile":"tile_0_0","sourceFeatureCount":28995,"heightEstimated":true},"geometry":{"type":"Polygon","coordinates":[[[113.986862,30.452709],[113.988306,30.452831],[113.987991,30.454654],[113.98681,30.45464],[113.986862,30.452709]]]}},{"type":"Feature","id":"0dd0497d-145b-47c9-9e2a-c1acfec18d80","properties":{"id":"0dd0497d-145b-47c9-9e2a-c1acfec18d80","height":143,"num_floors":45,"class":"building","areaM2":28623,"sourceTile":"tile_0_0","sourceFeatureCount":28995,"heightEstimated":true},"geometry":{"type":"Polygon","coordinates":[[[113.992081,30.454541],[113.992092,30.455411],[113.988991,30.455441],[113.988979,30.454571],[113.992081,30.454541]]]}},{"type":"Feature","id":"09c6b25c-c3ac-4070-8f0f-cd2adf34ec27","properties":{"id":"09c6b25c-c3ac-4070-8f0f-cd2adf34ec27","height":84,"num_floors":26,"class":"building","areaM2":10975,"sourceTile":"tile_0_0","sourceFeatureCount":28995,"heightEstimated":true},"geometry":{"type":"Polygon","coordinates":[[[113.997417,30.451402],[113.997414,30.450169],[113.998253,30.450167],[113.998256,30.451401],[113.997417,30.451402]]]}},{"type":"Feature","id":"9be0b1b8-6471-4050-8bc9-179aaa3ec2ed","properties":{"id":"9be0b1b8-6471-4050-8bc9-179aaa3ec2ed","height":125,"num_floors":39,"class":"building","areaM2":21240,"sourceTile":"tile_0_0","sourceFeatureCount":28995,"heightEstimated":true},"geometry":{"type":"Polygon","coordinates":[[[113.99691,30.453916],[113.996932,30.452903],[113.998908,30.452936],[113.998885,30.45395],[113.99691,30.453916]]]}},{"type":"Feature","id":"6edc4122-e2e6-4356-880c-c383083ed0a1","properties":{"id":"6edc4122-e2e6-4356-880c-c383083ed0a1","height":110,"num_floors":34,"class":"building","areaM2":23491,"sourceTile":"tile_0_0","sourceFeatureCount":28995,"heightEstimated":true},"geometry":{"type":"Polygon","coordinates":[[[113.996533,30.451152],[113.995088,30.45098],[113.995065,30.449832],[113.995429,30.449796],[113.995255,30.449528],[113.99562,30.449415],[113.995818,30.449531],[113.996094,30.449533],[113.995908,30.449264],[113.996515,30.449316],[113.996512,30.449698],[113.996059,30.449695],[113.996058,30.449829],[113.996456,30.449745],[113.996533,30.451152]]]}},{"type":"Feature","id":"98958838-017f-4402-be45-cdd0d2751b53","properties":{"id":"98958838-017f-4402-be45-cdd0d2751b53","height":113,"num_floors":35,"class":"building","areaM2":15568,"sourceTile":"tile_0_0","sourceFeatureCount":28995,"heightEstimated":true},"geometry":{"type":"Polygon","coordinates":[[[113.998576,30.45536],[113.997318,30.455369],[113.997307,30.454202],[113.998565,30.454193],[113.998576,30.45536]]]}},{"type":"Feature","id":"561c4969-730a-46e1-99b9-792b9305c117","properties":{"id":"561c4969-730a-46e1-99b9-792b9305c117","height":15,"num_floors":5,"class":"building","areaM2":17,"sourceTile":"tile_0_0","sourceFeatureCount":28995,"heightEstimated":true},"geometry":{"type":"Polygon","coordinates":[[[114.001532,30.45271],[114.001617,30.452738],[114.00158,30.452763],[114.001532,30.45271]]]}},{"type":"Feature","id":"196aa721-9566-4864-95a6-695cfc082987","properties":{"id":"196aa721-9566-4864-95a6-695cfc082987","height":20,"num_floors":6,"class":"building","areaM2":57,"sourceTile":"tile_0_0","sourceFeatureCount":28995,"heightEstimated":true},"geometry":{"type":"Polygon","coordinates":[[[113.995174,30.435245],[113.995116,30.43541],[113.995107,30.435247],[113.995174,30.435245]]]}},{"type":"Feature","id":"295f18ef-5f40-4f00-9068-8365ec34e623","properties":{"id":"295f18ef-5f40-4f00-9068-8365ec34e623","height":30,"num_floors":9,"class":"building","areaM2":269,"sourceTile":"tile_0_0","sourceFeatureCount":28995,"heightEstimated":true},"geometry":{"type":"Polygon","coordinates":[[[114.002171,30.430277],[114.002448,30.430496],[114.002127,30.430425],[114.002171,30.430277]]]}},{"type":"Feature","id":"e951e1a6-d04e-47c8-89ad-e1aff35e518e","properties":{"id":"e951e1a6-d04e-47c8-89ad-e1aff35e518e","height":28,"num_floors":9,"class":"building","areaM2":101,"sourceTile":"tile_0_0","sourceFeatureCount":28995,"heightEstimated":true},"geometry":{"type":"Polygon","coordinates":[[[113.989889,30.401682],[113.990088,30.401741],[113.989944,30.401794],[113.989889,30.401682]]]}},{"type":"Feature","id":"5e784586-dbf4-44dd-9aba-47df55dd5a57","properties":{"id":"5e784586-dbf4-44dd-9aba-47df55dd5a57","height":27,"num_floors":8,"class":"building","areaM2":0,"sourceTile":"tile_0_0","sourceFeatureCount":28995,"heightEstimated":true},"geometry":{"type":"Polygon","coordinates":[[[114.014873,30.409354],[114.015024,30.409319],[114.014692,30.409395],[114.014873,30.409354]]]}},{"type":"Feature","id":"0bb79b23-39c2-4e4d-b52a-13e91466fac9","properties":{"id":"0bb79b23-39c2-4e4d-b52a-13e91466fac9","height":33,"num_floors":10,"class":"building","areaM2":67,"sourceTile":"tile_0_0","sourceFeatureCount":28995,"heightEstimated":true},"geometry":{"type":"Polygon","coordinates":[[[114.012394,30.428785],[114.012325,30.428619],[114.012451,30.428739],[114.012394,30.428785]]]}},{"type":"Feature","id":"565bd835-6ab8-44b6-bb80-9303c70a8ecd","properties":{"id":"565bd835-6ab8-44b6-bb80-9303c70a8ecd","height":33,"num_floors":10,"class":"building","areaM2":9,"sourceTile":"tile_0_0","sourceFeatureCount":28995,"heightEstimated":true},"geometry":{"type":"Polygon","coordinates":[[[114.010739,30.442006],[114.010689,30.442038],[114.010696,30.442],[114.010739,30.442006]]]}},{"type":"Feature","id":"562f1e11-725f-4510-8ed2-ab529cfd67eb","properties":{"id":"562f1e11-725f-4510-8ed2-ab529cfd67eb","height":8,"num_floors":3,"class":"building","areaM2":39,"sourceTile":"tile_0_0","sourceFeatureCount":28995,"heightEstimated":true},"geometry":{"type":"Polygon","coordinates":[[[114.009716,30.433958],[114.009584,30.433978],[114.009617,30.433917],[114.009716,30.433958]]]}},{"type":"Feature","id":"1d00095a-91c8-48e9-9542-d948c301aa9b","properties":{"id":"1d00095a-91c8-48e9-9542-d948c301aa9b","height":9,"num_floors":3,"class":"building","areaM2":27,"sourceTile":"tile_0_0","sourceFeatureCount":28995,"heightEstimated":true},"geometry":{"type":"Polygon","coordinates":[[[114.002357,30.434061],[114.002418,30.434141],[114.002352,30.434137],[114.002357,30.434061]]]}},{"type":"Feature","id":"a370fa5e-1dfb-4881-aa40-14825dfa6eeb","properties":{"id":"a370fa5e-1dfb-4881-aa40-14825dfa6eeb","height":11,"num_floors":3,"class":"building","areaM2":13,"sourceTile":"tile_0_0","sourceFeatureCount":28995,"heightEstimated":true},"geometry":{"type":"Polygon","coordinates":[[[114.003875,30.453978],[114.003973,30.453985],[114.003882,30.454004],[114.003875,30.453978]]]}},{"type":"Feature","id":"828d93b3-1582-4271-b2c5-c0149a6d17cc","properties":{"id":"828d93b3-1582-4271-b2c5-c0149a6d17cc","height":17,"num_floors":5,"class":"building","areaM2":81,"sourceTile":"tile_0_0","sourceFeatureCount":28995,"heightEstimated":true},"geometry":{"type":"Polygon","coordinates":[[[114.005152,30.44821],[114.00531,30.44833],[114.005223,30.448361],[114.005152,30.44821]]]}},{"type":"Feature","id":"364c881c-a894-4083-8b9d-c118532e5508","properties":{"id":"364c881c-a894-4083-8b9d-c118532e5508","height":26,"num_floors":8,"class":"building","areaM2":291,"sourceTile":"tile_0_0","sourceFeatureCount":28995,"heightEstimated":true},"geometry":{"type":"Polygon","coordinates":[[[114.009693,30.452013],[114.009922,30.451758],[114.009988,30.451924],[114.009693,30.452013]]]}},{"type":"Feature","id":"2c2ad03a-b11f-4b64-939f-b91b4900464e","properties":{"id":"2c2ad03a-b11f-4b64-939f-b91b4900464e","height":22,"num_floors":7,"class":"building","areaM2":57,"sourceTile":"tile_0_0","sourceFeatureCount":28995,"heightEstimated":true},"geometry":{"type":"Polygon","coordinates":[[[114.006946,30.451842],[114.007135,30.451895],[114.006947,30.451899],[114.006946,30.451842]]]}},{"type":"Feature","id":"75e30c0b-8d25-4978-ae2b-047eee099d2e","properties":{"id":"75e30c0b-8d25-4978-ae2b-047eee099d2e","height":24,"num_floors":8,"class":"building","areaM2":27,"sourceTile":"tile_0_0","sourceFeatureCount":28995,"heightEstimated":true},"geometry":{"type":"Polygon","coordinates":[[[114.00604,30.456445],[114.0059,30.456441],[114.005916,30.456405],[114.00604,30.456445]]]}},{"type":"Feature","id":"49aa8021-75fc-4b9f-b13b-fb1671ab0dab","properties":{"id":"49aa8021-75fc-4b9f-b13b-fb1671ab0dab","height":28,"num_floors":9,"class":"building","areaM2":40,"sourceTile":"tile_0_0","sourceFeatureCount":28995,"heightEstimated":true},"geometry":{"type":"Polygon","coordinates":[[[114.00669,30.48499],[114.006544,30.485011],[114.006564,30.484956],[114.00669,30.48499]]]}},{"type":"Feature","id":"2d0df48f-5de8-45ee-8ae0-aa6ba9e3707b","properties":{"id":"2d0df48f-5de8-45ee-8ae0-aa6ba9e3707b","height":39,"num_floors":12,"class":"building","areaM2":353,"sourceTile":"tile_0_0","sourceFeatureCount":28995,"heightEstimated":true},"geometry":{"type":"Polygon","coordinates":[[[114.014514,30.456816],[114.013818,30.456722],[114.014514,30.45672],[114.014514,30.456816]]]}},{"type":"Feature","id":"36cd0af7-ded9-4770-ba1d-2a45f7fb8f2a","properties":{"id":"36cd0af7-ded9-4770-ba1d-2a45f7fb8f2a","height":32,"num_floors":10,"class":"building","areaM2":5,"sourceTile":"tile_0_0","sourceFeatureCount":28995,"heightEstimated":true},"geometry":{"type":"Polygon","coordinates":[[[114.013794,30.453465],[114.013759,30.453491],[114.013761,30.453463],[114.013794,30.453465]]]}},{"type":"Feature","id":"ff835724-fb40-40d8-a72d-f748f155505a","properties":{"id":"ff835724-fb40-40d8-a72d-f748f155505a","height":20,"num_floors":6,"class":"building","areaM2":682,"sourceTile":"tile_0_0","sourceFeatureCount":28995,"heightEstimated":true},"geometry":{"type":"Polygon","coordinates":[[[114.010741,30.445307],[114.010973,30.445822],[114.010719,30.445813],[114.010741,30.445307]]]}},{"type":"Feature","id":"9b42ab56-ab8c-4ae4-a484-18effe78bf7e","properties":{"id":"9b42ab56-ab8c-4ae4-a484-18effe78bf7e","height":9,"num_floors":3,"class":"building","areaM2":54,"sourceTile":"tile_0_0","sourceFeatureCount":28995,"heightEstimated":true},"geometry":{"type":"Polygon","coordinates":[[[114.016461,30.452719],[114.016327,30.452794],[114.016329,30.452717],[114.016461,30.452719]]]}},{"type":"Feature","id":"7fcf19ec-1acf-4d32-9a48-93763d685780","properties":{"id":"7fcf19ec-1acf-4d32-9a48-93763d685780","height":65,"num_floors":20,"class":"building","areaM2":6594,"sourceTile":"tile_0_0","sourceFeatureCount":28995,"heightEstimated":true},"geometry":{"type":"Polygon","coordinates":[[[114.025973,30.464809],[114.024461,30.4648],[114.024464,30.464388],[114.025976,30.464398],[114.025973,30.464809]]]}},{"type":"Feature","id":"4317dcb4-2cbb-4c0d-952b-2270972411ec","properties":{"id":"4317dcb4-2cbb-4c0d-952b-2270972411ec","height":116,"num_floors":36,"class":"building","areaM2":17026,"sourceTile":"tile_0_0","sourceFeatureCount":28995,"heightEstimated":true},"geometry":{"type":"Polygon","coordinates":[[[114.023103,30.462937],[114.023242,30.462656],[114.023365,30.463356],[114.02212,30.46379],[114.0217,30.462887],[114.021766,30.462558],[114.022678,30.46224],[114.022778,30.462453],[114.022115,30.462728],[114.022824,30.462481],[114.023103,30.462937]]]}},{"type":"Feature","id":"13678fe4-07bb-4c96-aa39-0b58e604384f","properties":{"id":"13678fe4-07bb-4c96-aa39-0b58e604384f","height":114,"num_floors":36,"class":"building","areaM2":14512,"sourceTile":"tile_0_0","sourceFeatureCount":28995,"heightEstimated":true},"geometry":{"type":"Polygon","coordinates":[[[114.021307,30.46173],[114.021172,30.460687],[114.022629,30.460696],[114.022621,30.461623],[114.021307,30.46173]]]}},{"type":"Feature","id":"2867f24e-b273-4e05-9b2e-ab582d87b1b0","properties":{"id":"2867f24e-b273-4e05-9b2e-ab582d87b1b0","height":142,"num_floors":44,"class":"building","areaM2":28337,"sourceTile":"tile_0_0","sourceFeatureCount":28995,"heightEstimated":true},"geometry":{"type":"Polygon","coordinates":[[[114.01915,30.453141],[114.019382,30.453146],[114.019373,30.453461],[114.019665,30.453296],[114.019586,30.455962],[114.01903,30.455721],[114.018528,30.455911],[114.018643,30.453139],[114.01904,30.453148],[114.019025,30.453636],[114.019445,30.453645],[114.019137,30.45359],[114.01915,30.453141]]]}},{"type":"Feature","id":"d78b16de-2279-41bf-95c2-aad5b43a4a6d","properties":{"id":"d78b16de-2279-41bf-95c2-aad5b43a4a6d","height":13,"num_floors":4,"class":"building","areaM2":15,"sourceTile":"tile_0_0","sourceFeatureCount":28995,"heightEstimated":true},"geometry":{"type":"Polygon","coordinates":[[[114.02178,30.480179],[114.021922,30.480155],[114.021923,30.480174],[114.02178,30.480179]]]}},{"type":"Feature","id":"d49cbbf8-bf52-45c6-b3d5-7e9867959207","properties":{"id":"d49cbbf8-bf52-45c6-b3d5-7e9867959207","height":141,"num_floors":44,"class":"building","areaM2":32457,"sourceTile":"tile_0_0","sourceFeatureCount":28995,"heightEstimated":true},"geometry":{"type":"Polygon","coordinates":[[[114.023144,30.469326],[114.022173,30.469296],[114.022204,30.468542],[114.023706,30.468539],[114.023711,30.469247],[114.025097,30.469384],[114.02507,30.470043],[114.023769,30.470004],[114.023797,30.469288],[114.023577,30.469281],[114.023614,30.470019],[114.022102,30.469974],[114.022126,30.469381],[114.023144,30.469326]]]}},{"type":"Feature","id":"8cd381e9-1498-4678-84f2-83f2f621e6e9","properties":{"id":"8cd381e9-1498-4678-84f2-83f2f621e6e9","height":104,"num_floors":33,"class":"building","areaM2":17887,"sourceTile":"tile_0_0","sourceFeatureCount":28995,"heightEstimated":true},"geometry":{"type":"Polygon","coordinates":[[[114.031849,30.47979],[114.031699,30.478422],[114.032958,30.478423],[114.03294,30.479934],[114.031849,30.47979]]]}},{"type":"Feature","id":"80e2589a-9aa8-4579-b040-fce48a899303","properties":{"id":"80e2589a-9aa8-4579-b040-fce48a899303","height":26,"num_floors":8,"class":"building","areaM2":329,"sourceTile":"tile_0_0","sourceFeatureCount":28995,"heightEstimated":true},"geometry":{"type":"Polygon","coordinates":[[[114.032703,30.476298],[114.03284,30.475831],[114.032835,30.476299],[114.032703,30.476298]]]}},{"type":"Feature","id":"c911d00b-cdd1-4cb5-afc2-354a8775c5db","properties":{"id":"c911d00b-cdd1-4cb5-afc2-354a8775c5db","height":129,"num_floors":40,"class":"building","areaM2":19014,"sourceTile":"tile_0_0","sourceFeatureCount":28995,"heightEstimated":true},"geometry":{"type":"Polygon","coordinates":[[[114.031819,30.469986],[114.031819,30.468906],[114.033479,30.468906],[114.033479,30.469986],[114.031819,30.469986]]]}},{"type":"Feature","id":"29bc5088-512d-4447-b6e1-06a5d3b0dc09","properties":{"id":"29bc5088-512d-4447-b6e1-06a5d3b0dc09","height":104,"num_floors":33,"class":"building","areaM2":19013,"sourceTile":"tile_0_0","sourceFeatureCount":28995,"heightEstimated":true},"geometry":{"type":"Polygon","coordinates":[[[114.031814,30.47136],[114.031815,30.47028],[114.033475,30.47028],[114.033474,30.47136],[114.031814,30.47136]]]}},{"type":"Feature","id":"2b95a804-57dc-450d-ac64-5ad76cca2d51","properties":{"id":"2b95a804-57dc-450d-ac64-5ad76cca2d51","height":23,"num_floors":7,"class":"building","areaM2":107,"sourceTile":"tile_0_0","sourceFeatureCount":28995,"heightEstimated":true},"geometry":{"type":"Polygon","coordinates":[[[114.031153,30.455699],[114.031327,30.455817],[114.031151,30.455814],[114.031153,30.455699]]]}},{"type":"Feature","id":"9d31d0bd-02a2-4385-871a-9cc6a82c5960","properties":{"id":"9d31d0bd-02a2-4385-871a-9cc6a82c5960","height":106,"num_floors":33,"class":"building","areaM2":14617,"sourceTile":"tile_0_0","sourceFeatureCount":28995,"heightEstimated":true},"geometry":{"type":"Polygon","coordinates":[[[114.029731,30.457349],[114.028285,30.457359],[114.02973,30.457387],[114.029722,30.457712],[114.027736,30.457674],[114.027754,30.456967],[114.02974,30.457005],[114.029731,30.457349]]]}},{"type":"Feature","id":"9c1bed16-36d2-41f1-ae77-a31d94b4e353","properties":{"id":"9c1bed16-36d2-41f1-ae77-a31d94b4e353","height":116,"num_floors":36,"class":"building","areaM2":21756,"sourceTile":"tile_0_0","sourceFeatureCount":28995,"heightEstimated":true},"geometry":{"type":"Polygon","coordinates":[[[114.026605,30.453086],[114.026595,30.453602],[114.027302,30.453593],[114.027275,30.455046],[114.02584,30.455026],[114.025847,30.454643],[114.026521,30.454624],[114.026091,30.454589],[114.026119,30.453079],[114.026605,30.453086]]]}},{"type":"Feature","id":"2bb01e28-8a54-45e4-bf08-1dd71b602d79","properties":{"id":"2bb01e28-8a54-45e4-bf08-1dd71b602d79","height":168,"num_floors":53,"class":"building","areaM2":45324,"sourceTile":"tile_0_0","sourceFeatureCount":28995,"heightEstimated":true},"geometry":{"type":"Polygon","coordinates":[[[114.026995,30.451803],[114.026072,30.451563],[114.026086,30.450607],[114.026784,30.450424],[114.026246,30.450227],[114.026258,30.449452],[114.02701,30.449375],[114.026094,30.449364],[114.026105,30.448628],[114.027462,30.448643],[114.02745,30.449475],[114.027748,30.449479],[114.027454,30.450632],[114.027794,30.450789],[114.027783,30.451525],[114.026976,30.451593],[114.027296,30.451615],[114.026995,30.451803]]]}},{"type":"Feature","id":"3cd0e54d-9be6-47a5-a6b6-356efcb62cdb","properties":{"id":"3cd0e54d-9be6-47a5-a6b6-356efcb62cdb","height":110,"num_floors":34,"class":"building","areaM2":15485,"sourceTile":"tile_0_0","sourceFeatureCount":28995,"heightEstimated":true},"geometry":{"type":"Polygon","coordinates":[[[114.030548,30.446716],[114.029378,30.446763],[114.029379,30.445492],[114.030549,30.445492],[114.030548,30.446716]]]}},{"type":"Feature","id":"23080dcc-5c0c-470c-ae56-e1443774818b","properties":{"id":"23080dcc-5c0c-470c-ae56-e1443774818b","height":25,"num_floors":8,"class":"building","areaM2":74,"sourceTile":"tile_0_0","sourceFeatureCount":28995,"heightEstimated":true},"geometry":{"type":"Polygon","coordinates":[[[114.032168,30.442614],[114.032533,30.442579],[114.032532,30.442618],[114.032168,30.442614]]]}},{"type":"Feature","id":"86dea753-9070-4d89-a4f1-95b51d91b843","properties":{"id":"86dea753-9070-4d89-a4f1-95b51d91b843","height":27,"num_floors":8,"class":"building","areaM2":47,"sourceTile":"tile_0_0","sourceFeatureCount":28995,"heightEstimated":true},"geometry":{"type":"Polygon","coordinates":[[[114.02909,30.435808],[114.029234,30.435812],[114.029149,30.435871],[114.02909,30.435808]]]}},{"type":"Feature","id":"6fd47928-ade4-450b-80f5-4cd66c6a3b56","properties":{"id":"6fd47928-ade4-450b-80f5-4cd66c6a3b56","height":106,"num_floors":33,"class":"building","areaM2":15983,"sourceTile":"tile_0_0","sourceFeatureCount":28995,"heightEstimated":true},"geometry":{"type":"Polygon","coordinates":[[[114.028681,30.438992],[114.026055,30.43899],[114.026055,30.438416],[114.028681,30.438418],[114.028681,30.438992]]]}},{"type":"Feature","id":"f7e65841-774e-479a-846f-310392afda48","properties":{"id":"f7e65841-774e-479a-846f-310392afda48","height":33,"num_floors":10,"class":"building","areaM2":110,"sourceTile":"tile_0_0","sourceFeatureCount":28995,"heightEstimated":true},"geometry":{"type":"Polygon","coordinates":[[[114.023019,30.402734],[114.02319,30.402885],[114.023086,30.402914],[114.023019,30.402734]]]}},{"type":"Feature","id":"26651afb-8977-4da2-b26a-65f4e946bc7d","properties":{"id":"26651afb-8977-4da2-b26a-65f4e946bc7d","height":36,"num_floors":11,"class":"building","areaM2":131,"sourceTile":"tile_0_0","sourceFeatureCount":28995,"heightEstimated":true},"geometry":{"type":"Polygon","coordinates":[[[114.041608,30.411914],[114.041528,30.412116],[114.041473,30.411947],[114.041608,30.411914]]]}},{"type":"Feature","id":"02232662-bb64-4d15-a1e1-07c125295efb","properties":{"id":"02232662-bb64-4d15-a1e1-07c125295efb","height":140,"num_floors":44,"class":"warehouse","areaM2":34277,"sourceTile":"tile_0_0","sourceFeatureCount":28995,"heightEstimated":true},"geometry":{"type":"Polygon","coordinates":[[[114.047904,30.423007],[114.045977,30.424344],[114.045028,30.423326],[114.046956,30.421989],[114.047904,30.423007]]]}},{"type":"Feature","id":"7640dee2-9279-4e4a-99f1-9bb33ec4323b","properties":{"id":"7640dee2-9279-4e4a-99f1-9bb33ec4323b","height":96,"num_floors":30,"class":"building","areaM2":14877,"sourceTile":"tile_0_0","sourceFeatureCount":28995,"heightEstimated":true},"geometry":{"type":"Polygon","coordinates":[[[114.045713,30.436901],[114.04571,30.43649],[114.045578,30.436491],[114.045569,30.436902],[114.045029,30.436905],[114.045021,30.435719],[114.045573,30.435716],[114.045709,30.43629],[114.045705,30.435706],[114.046279,30.435703],[114.046287,30.436899],[114.045713,30.436901]]]}},{"type":"Feature","id":"90c6fd88-c54d-4772-939d-34342539044b","properties":{"id":"90c6fd88-c54d-4772-939d-34342539044b","height":113,"num_floors":35,"class":"building","areaM2":17051,"sourceTile":"tile_0_0","sourceFeatureCount":28995,"heightEstimated":true},"geometry":{"type":"Polygon","coordinates":[[[114.047603,30.435715],[114.047682,30.437138],[114.046489,30.437068],[114.046466,30.435729],[114.047603,30.435715]]]}},{"type":"Feature","id":"9f4eb3bc-5ab5-49e6-b8f4-03a5a271a67a","properties":{"id":"9f4eb3bc-5ab5-49e6-b8f4-03a5a271a67a","height":142,"num_floors":44,"class":"building","areaM2":29736,"sourceTile":"tile_0_0","sourceFeatureCount":28995,"heightEstimated":true},"geometry":{"type":"Polygon","coordinates":[[[114.044415,30.434442],[114.044491,30.437167],[114.043498,30.437164],[114.043344,30.434458],[114.044415,30.434442]]]}},{"type":"Feature","id":"5c26f3b3-9543-41f6-8372-d7b86573d9cd","properties":{"id":"5c26f3b3-9543-41f6-8372-d7b86573d9cd","height":8,"num_floors":3,"class":"building","areaM2":34,"sourceTile":"tile_0_0","sourceFeatureCount":28995,"heightEstimated":true},"geometry":{"type":"Polygon","coordinates":[[[114.041405,30.436409],[114.041556,30.436356],[114.04156,30.436397],[114.041405,30.436409]]]}},{"type":"Feature","id":"11569370-a503-49d6-a429-1502bc53893c","properties":{"id":"11569370-a503-49d6-a429-1502bc53893c","height":107,"num_floors":33,"class":"building","areaM2":16276,"sourceTile":"tile_0_0","sourceFeatureCount":28995,"heightEstimated":true},"geometry":{"type":"Polygon","coordinates":[[[114.042394,30.440135],[114.042567,30.43964],[114.041685,30.43963],[114.041768,30.43921],[114.043875,30.439281],[114.043862,30.440142],[114.042394,30.440135]]]}},{"type":"Feature","id":"43b163a7-542b-494f-b279-f4605edb9e8a","properties":{"id":"43b163a7-542b-494f-b279-f4605edb9e8a","height":106,"num_floors":33,"class":"building","areaM2":15302,"sourceTile":"tile_0_0","sourceFeatureCount":28995,"heightEstimated":true},"geometry":{"type":"Polygon","coordinates":[[[114.038984,30.437852],[114.040066,30.437859],[114.040069,30.439188],[114.038988,30.439191],[114.038984,30.437852]]]}},{"type":"Feature","id":"8ff614bd-eda1-464f-9102-692b7f9a7e51","properties":{"id":"8ff614bd-eda1-464f-9102-692b7f9a7e51","height":103,"num_floors":32,"class":"building","areaM2":19014,"sourceTile":"tile_0_0","sourceFeatureCount":28995,"heightEstimated":true},"geometry":{"type":"Polygon","coordinates":[[[114.04032,30.441807],[114.039062,30.441816],[114.039048,30.440391],[114.040306,30.440382],[114.04032,30.441807]]]}},{"type":"Feature","id":"f24dd999-eeaf-40b0-8d4e-9e4961d21585","properties":{"id":"f24dd999-eeaf-40b0-8d4e-9e4961d21585","height":8,"num_floors":3,"class":"building","areaM2":10,"sourceTile":"tile_0_0","sourceFeatureCount":28995,"heightEstimated":true},"geometry":{"type":"Polygon","coordinates":[[[114.037528,30.433068],[114.037497,30.433118],[114.037483,30.43308],[114.037528,30.433068]]]}},{"type":"Feature","id":"fb918c35-b925-4fd7-bc8b-06a8fd482f79","properties":{"id":"fb918c35-b925-4fd7-bc8b-06a8fd482f79","height":10,"num_floors":3,"class":"building","areaM2":28,"sourceTile":"tile_0_0","sourceFeatureCount":28995,"heightEstimated":true},"geometry":{"type":"Polygon","coordinates":[[[114.036349,30.426781],[114.036239,30.426769],[114.0363,30.426728],[114.036349,30.426781]]]}},{"type":"Feature","id":"e0893f90-3448-46c4-8d6c-085248094388","properties":{"id":"e0893f90-3448-46c4-8d6c-085248094388","height":16,"num_floors":5,"class":"building","areaM2":94,"sourceTile":"tile_0_0","sourceFeatureCount":28995,"heightEstimated":true},"geometry":{"type":"Polygon","coordinates":[[[114.033155,30.454269],[114.033306,30.454387],[114.033151,30.454384],[114.033155,30.454269]]]}},{"type":"Feature","id":"4cfa5957-6bf7-4962-bec2-3c260109d8c1","properties":{"id":"4cfa5957-6bf7-4962-bec2-3c260109d8c1","height":25,"num_floors":8,"class":"building","areaM2":329,"sourceTile":"tile_0_0","sourceFeatureCount":28995,"heightEstimated":true},"geometry":{"type":"Polygon","coordinates":[[[114.039757,30.453874],[114.040299,30.453764],[114.040298,30.453879],[114.039757,30.453874]]]}},{"type":"Feature","id":"3d3575ed-964f-44f8-af11-43a1f83641a1","properties":{"id":"3d3575ed-964f-44f8-af11-43a1f83641a1","height":124,"num_floors":39,"class":"building","areaM2":22501,"sourceTile":"tile_0_0","sourceFeatureCount":28995,"heightEstimated":true},"geometry":{"type":"Polygon","coordinates":[[[114.038001,30.450434],[114.038033,30.448685],[114.039292,30.448674],[114.039149,30.45045],[114.038001,30.450434]]]}},{"type":"Feature","id":"202d5068-0741-488a-8dca-2fd247f9661e","properties":{"id":"202d5068-0741-488a-8dca-2fd247f9661e","height":120,"num_floors":38,"class":"building","areaM2":17962,"sourceTile":"tile_0_0","sourceFeatureCount":28995,"heightEstimated":true},"geometry":{"type":"Polygon","coordinates":[[[114.040264,30.454141],[114.040297,30.455442],[114.038962,30.455416],[114.038995,30.454116],[114.040264,30.454141]]]}},{"type":"Feature","id":"10473943-b44c-462f-9e27-5500abb1135d","properties":{"id":"10473943-b44c-462f-9e27-5500abb1135d","height":115,"num_floors":36,"class":"building","areaM2":19220,"sourceTile":"tile_0_0","sourceFeatureCount":28995,"heightEstimated":true},"geometry":{"type":"Polygon","coordinates":[[[114.038927,30.456772],[114.040139,30.456821],[114.040012,30.458357],[114.038998,30.458316],[114.03886,30.458013],[114.038927,30.456772]]]}},{"type":"Feature","id":"fdcf1fd6-2de9-4a5b-ac09-49677b19846a","properties":{"id":"fdcf1fd6-2de9-4a5b-ac09-49677b19846a","height":123,"num_floors":38,"class":"building","areaM2":22968,"sourceTile":"tile_0_0","sourceFeatureCount":28995,"heightEstimated":true},"geometry":{"type":"Polygon","coordinates":[[[114.036362,30.461389],[114.037821,30.461158],[114.038123,30.462595],[114.036664,30.462825],[114.036362,30.461389]]]}},{"type":"Feature","id":"b1c6e72c-c1ce-461b-9a11-11d9d90cac52","properties":{"id":"b1c6e72c-c1ce-461b-9a11-11d9d90cac52","height":108,"num_floors":34,"class":"building","areaM2":18306,"sourceTile":"tile_0_0","sourceFeatureCount":28995,"heightEstimated":true},"geometry":{"type":"Polygon","coordinates":[[[114.031961,30.465785],[114.034656,30.465795],[114.034653,30.466436],[114.031958,30.466425],[114.031961,30.465785]]]}},{"type":"Feature","id":"c7a7f11f-0768-4c4f-bd85-e7f70035709a","properties":{"id":"c7a7f11f-0768-4c4f-bd85-e7f70035709a","height":114,"num_floors":36,"class":"building","areaM2":18307,"sourceTile":"tile_0_0","sourceFeatureCount":28995,"heightEstimated":true},"geometry":{"type":"Polygon","coordinates":[[[114.031956,30.466657],[114.034651,30.466668],[114.034648,30.467308],[114.031953,30.467298],[114.031956,30.466657]]]}},{"type":"Feature","id":"fbaab345-2d2c-44f6-b265-f9b19efe5bb3","properties":{"id":"fbaab345-2d2c-44f6-b265-f9b19efe5bb3","height":125,"num_floors":39,"class":"building","areaM2":28331,"sourceTile":"tile_0_0","sourceFeatureCount":28995,"heightEstimated":true},"geometry":{"type":"Polygon","coordinates":[[[114.037039,30.467189],[114.034889,30.467177],[114.034899,30.465789],[114.035554,30.465792],[114.035546,30.466953],[114.035814,30.466954],[114.035822,30.465795],[114.037049,30.465802],[114.037039,30.467189]]]}},{"type":"Feature","id":"8e0455b3-0077-492f-a1f8-f85b7517cc82","properties":{"id":"8e0455b3-0077-492f-a1f8-f85b7517cc82","height":107,"num_floors":33,"class":"building","areaM2":18426,"sourceTile":"tile_0_0","sourceFeatureCount":28995,"heightEstimated":true},"geometry":{"type":"Polygon","coordinates":[[[114.036663,30.472651],[114.034916,30.472652],[114.034916,30.471657],[114.036663,30.471656],[114.036663,30.472651]]]}},{"type":"Feature","id":"6d06a1fb-8856-4d81-b0bb-114f002470ad","properties":{"id":"6d06a1fb-8856-4d81-b0bb-114f002470ad","height":131,"num_floors":41,"class":"building","areaM2":25764,"sourceTile":"tile_0_0","sourceFeatureCount":28995,"heightEstimated":true},"geometry":{"type":"Polygon","coordinates":[[[114.036665,30.469992],[114.034501,30.469977],[114.034506,30.469418],[114.034129,30.469415],[114.034133,30.468936],[114.036674,30.468953],[114.036665,30.469992]]]}},{"type":"Feature","id":"3df0d6f5-59db-42f6-969d-0e8f22d65978","properties":{"id":"3df0d6f5-59db-42f6-969d-0e8f22d65978","height":153,"num_floors":48,"class":"building","areaM2":33149,"sourceTile":"tile_0_0","sourceFeatureCount":28995,"heightEstimated":true},"geometry":{"type":"Polygon","coordinates":[[[114.036637,30.471382],[114.0338,30.471371],[114.033805,30.47027],[114.036642,30.47028],[114.036637,30.471382]]]}},{"type":"Feature","id":"3020adff-2aba-4bb9-87fc-d303ba7f2a20","properties":{"id":"3020adff-2aba-4bb9-87fc-d303ba7f2a20","height":58,"num_floors":18,"class":"building","areaM2":3654,"sourceTile":"tile_0_0","sourceFeatureCount":28995,"heightEstimated":true},"geometry":{"type":"Polygon","coordinates":[[[114.036623,30.477631],[114.035564,30.477627],[114.035565,30.477302],[114.036625,30.477306],[114.036623,30.477631]]]}},{"type":"Feature","id":"c6bc9932-de8a-4737-8394-52d895f853a3","properties":{"id":"c6bc9932-de8a-4737-8394-52d895f853a3","height":87,"num_floors":27,"class":"building","areaM2":14293,"sourceTile":"tile_0_0","sourceFeatureCount":28995,"heightEstimated":true},"geometry":{"type":"Polygon","coordinates":[[[114.034498,30.481628],[114.034511,30.482642],[114.034213,30.482645],[114.034469,30.482766],[114.03331,30.482778],[114.033295,30.48164],[114.034498,30.481628]]]}},{"type":"Feature","id":"986be3a0-b5b5-4520-af5f-c8d6325d26d3","properties":{"id":"986be3a0-b5b5-4520-af5f-c8d6325d26d3","height":136,"num_floors":43,"class":"building","areaM2":36165,"sourceTile":"tile_0_0","sourceFeatureCount":28995,"heightEstimated":true},"geometry":{"type":"Polygon","coordinates":[[[114.037029,30.482649],[114.034786,30.482642],[114.034792,30.481122],[114.037035,30.481129],[114.037029,30.482649]]]}},{"type":"Feature","id":"0030b264-adf7-4e13-9b7a-3e09e4d3a864","properties":{"id":"0030b264-adf7-4e13-9b7a-3e09e4d3a864","height":104,"num_floors":33,"class":"building","areaM2":20398,"sourceTile":"tile_0_0","sourceFeatureCount":28995,"heightEstimated":true},"geometry":{"type":"Polygon","coordinates":[[[114.04202,30.481531],[114.039062,30.48153],[114.039062,30.480879],[114.042021,30.480881],[114.04202,30.481531]]]}},{"type":"Feature","id":"e2c26601-db00-47e9-9e75-4486b39a1881","properties":{"id":"e2c26601-db00-47e9-9e75-4486b39a1881","height":95,"num_floors":30,"class":"building","areaM2":14583,"sourceTile":"tile_0_0","sourceFeatureCount":28995,"heightEstimated":true},"geometry":{"type":"Polygon","coordinates":[[[114.038197,30.471412],[114.037008,30.471407],[114.037014,30.470251],[114.038203,30.470256],[114.038197,30.471412]]]}},{"type":"Feature","id":"1e0d6a20-bad0-4990-a180-5b8a0019614c","properties":{"id":"1e0d6a20-bad0-4990-a180-5b8a0019614c","height":146,"num_floors":46,"class":"building","areaM2":31944,"sourceTile":"tile_0_0","sourceFeatureCount":28995,"heightEstimated":true},"geometry":{"type":"Polygon","coordinates":[[[114.039811,30.47285],[114.039798,30.471492],[114.042028,30.471486],[114.042041,30.472834],[114.04107,30.472841],[114.041043,30.472411],[114.041048,30.472841],[114.039811,30.47285]]]}},{"type":"Feature","id":"8659a38b-12f6-4380-8093-9d77c40f8279","properties":{"id":"8659a38b-12f6-4380-8093-9d77c40f8279","height":120,"num_floors":38,"class":"building","areaM2":17739,"sourceTile":"tile_0_0","sourceFeatureCount":28995,"heightEstimated":true},"geometry":{"type":"Polygon","coordinates":[[[114.043373,30.471455],[114.043336,30.472793],[114.043184,30.472591],[114.043181,30.47284],[114.04211,30.472831],[114.042126,30.471473],[114.043373,30.471455]]]}},{"type":"Feature","id":"91b6f12d-fa98-4d47-8549-ff62c70cd518","properties":{"id":"91b6f12d-fa98-4d47-8549-ff62c70cd518","height":106,"num_floors":33,"class":"building","areaM2":21075,"sourceTile":"tile_0_0","sourceFeatureCount":28995,"heightEstimated":true},"geometry":{"type":"Polygon","coordinates":[[[114.0416,30.473374],[114.041616,30.475315],[114.040622,30.475304],[114.040609,30.473238],[114.0416,30.473374]]]}},{"type":"Feature","id":"296524a1-6fb5-47f3-80a9-de2464ad7c68","properties":{"id":"296524a1-6fb5-47f3-80a9-de2464ad7c68","height":133,"num_floors":42,"class":"building","areaM2":25647,"sourceTile":"tile_0_0","sourceFeatureCount":28995,"heightEstimated":true},"geometry":{"type":"Polygon","coordinates":[[[114.042228,30.482927],[114.042252,30.481292],[114.043732,30.481309],[114.043707,30.482944],[114.042228,30.482927]]]}},{"type":"Feature","id":"c48487e6-b458-4c9a-8e79-5354d5e2bd8e","properties":{"id":"c48487e6-b458-4c9a-8e79-5354d5e2bd8e","height":130,"num_floors":41,"class":"building","areaM2":19849,"sourceTile":"tile_0_0","sourceFeatureCount":28995,"heightEstimated":true},"geometry":{"type":"Polygon","coordinates":[[[114.046646,30.475509],[114.046356,30.477466],[114.045529,30.477454],[114.045565,30.475494],[114.046646,30.475509]]]}},{"type":"Feature","id":"fee962c0-6f88-4087-a1da-4122cb7c84d4","properties":{"id":"fee962c0-6f88-4087-a1da-4122cb7c84d4","height":105,"num_floors":33,"class":"building","areaM2":14307,"sourceTile":"tile_0_0","sourceFeatureCount":28995,"heightEstimated":true},"geometry":{"type":"Polygon","coordinates":[[[114.043381,30.454271],[114.043429,30.455743],[114.042491,30.455745],[114.042487,30.454273],[114.043381,30.454271]]]}},{"type":"Feature","id":"9b3027de-3c39-419d-9de1-55ac380c6dd1","properties":{"id":"9b3027de-3c39-419d-9de1-55ac380c6dd1","height":105,"num_floors":33,"class":"building","areaM2":14677,"sourceTile":"tile_0_0","sourceFeatureCount":28995,"heightEstimated":true},"geometry":{"type":"Polygon","coordinates":[[[114.044923,30.456871],[114.044897,30.458295],[114.043926,30.458282],[114.043952,30.456857],[114.044923,30.456871]]]}},{"type":"Feature","id":"ca247dc5-5693-48d9-a4d5-34aa98df538f","properties":{"id":"ca247dc5-5693-48d9-a4d5-34aa98df538f","height":26,"num_floors":8,"class":"building","areaM2":54,"sourceTile":"tile_0_0","sourceFeatureCount":28995,"heightEstimated":true},"geometry":{"type":"Polygon","coordinates":[[[114.040995,30.451436],[114.041178,30.451394],[114.041171,30.451451],[114.040995,30.451436]]]}},{"type":"Feature","id":"99c96cba-5234-428e-83ba-965376654831","properties":{"id":"99c96cba-5234-428e-83ba-965376654831","height":129,"num_floors":40,"class":"building","areaM2":18853,"sourceTile":"tile_0_0","sourceFeatureCount":28995,"heightEstimated":true},"geometry":{"type":"Polygon","coordinates":[[[114.045089,30.443911],[114.045863,30.443784],[114.045068,30.443777],[114.045073,30.443376],[114.046331,30.443387],[114.046314,30.444859],[114.045078,30.444848],[114.045089,30.443911]]]}},{"type":"Feature","id":"e76e08b5-77f8-445e-adb3-01c80fcc5274","properties":{"id":"e76e08b5-77f8-445e-adb3-01c80fcc5274","height":108,"num_floors":34,"class":"building","areaM2":21000,"sourceTile":"tile_0_0","sourceFeatureCount":28995,"heightEstimated":true},"geometry":{"type":"Polygon","coordinates":[[[114.050032,30.445054],[114.049732,30.445261],[114.049668,30.445041],[114.049105,30.445036],[114.049416,30.444924],[114.048401,30.444848],[114.048416,30.443539],[114.049752,30.443502],[114.049814,30.444851],[114.049449,30.444876],[114.050032,30.445054]]]}},{"type":"Feature","id":"9f062430-d648-413f-8fa1-b56d72268799","properties":{"id":"9f062430-d648-413f-8fa1-b56d72268799","height":27,"num_floors":8,"class":"building","areaM2":7,"sourceTile":"tile_0_0","sourceFeatureCount":28995,"heightEstimated":true},"geometry":{"type":"Polygon","coordinates":[[[114.050519,30.449489],[114.050557,30.449453],[114.050565,30.449479],[114.050519,30.449489]]]}},{"type":"Feature","id":"118c4475-3688-4a8d-882b-e6303a52406b","properties":{"id":"118c4475-3688-4a8d-882b-e6303a52406b","height":130,"num_floors":41,"class":"building","areaM2":30077,"sourceTile":"tile_0_0","sourceFeatureCount":28995,"heightEstimated":true},"geometry":{"type":"Polygon","coordinates":[[[114.05164,30.447756],[114.053203,30.447443],[114.053039,30.447161],[114.051549,30.447489],[114.051437,30.447073],[114.052935,30.446594],[114.053278,30.446935],[114.053706,30.446954],[114.053727,30.446631],[114.054861,30.447046],[114.054626,30.447507],[114.05377,30.447212],[114.053588,30.447424],[114.054508,30.447765],[114.054305,30.448162],[114.05316,30.447719],[114.051769,30.448263],[114.05164,30.447756]]]}},{"type":"Feature","id":"5848f938-60b5-46b0-bfd6-936690060e73","properties":{"id":"5848f938-60b5-46b0-bfd6-936690060e73","height":36,"num_floors":11,"class":"building","areaM2":148,"sourceTile":"tile_0_0","sourceFeatureCount":28995,"heightEstimated":true},"geometry":{"type":"Polygon","coordinates":[[[114.053415,30.4572],[114.053057,30.457104],[114.053421,30.457124],[114.053415,30.4572]]]}},{"type":"Feature","id":"b41b58e6-f195-4c1c-b118-1e4d82db8fa0","properties":{"id":"b41b58e6-f195-4c1c-b118-1e4d82db8fa0","height":34,"num_floors":11,"class":"building","areaM2":28,"sourceTile":"tile_0_0","sourceFeatureCount":28995,"heightEstimated":true},"geometry":{"type":"Polygon","coordinates":[[[114.049761,30.483563],[114.049652,30.483549],[114.049715,30.483509],[114.049761,30.483563]]]}},{"type":"Feature","id":"d4160a52-37c3-4bf5-bccd-063907740c4e","properties":{"id":"d4160a52-37c3-4bf5-bccd-063907740c4e","height":8,"num_floors":3,"class":"building","areaM2":28,"sourceTile":"tile_0_0","sourceFeatureCount":28995,"heightEstimated":true},"geometry":{"type":"Polygon","coordinates":[[[114.053937,30.469233],[114.053827,30.469233],[114.053882,30.469185],[114.053937,30.469233]]]}},{"type":"Feature","id":"bf083a8b-2fd6-4ea4-b8ac-5d8272d4fff2","properties":{"id":"bf083a8b-2fd6-4ea4-b8ac-5d8272d4fff2","height":9,"num_floors":3,"class":"building","areaM2":34,"sourceTile":"tile_0_0","sourceFeatureCount":28995,"heightEstimated":true},"geometry":{"type":"Polygon","coordinates":[[[114.059301,30.487531],[114.059252,30.487428],[114.05934,30.487485],[114.059301,30.487531]]]}},{"type":"Feature","id":"52a600e7-14dd-43c7-a739-320b3b4899fb","properties":{"id":"52a600e7-14dd-43c7-a739-320b3b4899fb","height":11,"num_floors":3,"class":"building","areaM2":9,"sourceTile":"tile_0_0","sourceFeatureCount":28995,"heightEstimated":true},"geometry":{"type":"Polygon","coordinates":[[[114.063996,30.469835],[114.063979,30.469894],[114.063955,30.469876],[114.063996,30.469835]]]}},{"type":"Feature","id":"50b69c5d-ad4a-4675-8613-58b0b0a10139","properties":{"id":"50b69c5d-ad4a-4675-8613-58b0b0a10139","height":5,"num_floors":2,"class":"industrial","areaM2":20738,"sourceTile":"tile_0_0","sourceFeatureCount":28995,"heightEstimated":false},"geometry":{"type":"Polygon","coordinates":[[[114.064462,30.465872],[114.062314,30.465592],[114.06247,30.464702],[114.064618,30.464982],[114.064462,30.465872]]]}},{"type":"Feature","id":"a841f430-d54e-471c-a9cd-77c79be654c3","properties":{"id":"a841f430-d54e-471c-a9cd-77c79be654c3","height":16,"num_floors":5,"class":"building","areaM2":40,"sourceTile":"tile_0_0","sourceFeatureCount":28995,"heightEstimated":true},"geometry":{"type":"Polygon","coordinates":[[[114.060667,30.452819],[114.060547,30.452744],[114.060677,30.452763],[114.060667,30.452819]]]}},{"type":"Feature","id":"f1f23b68-ab5f-486c-9108-b44bbf636932","properties":{"id":"f1f23b68-ab5f-486c-9108-b44bbf636932","height":145,"num_floors":45,"class":"warehouse","areaM2":31422,"sourceTile":"tile_0_0","sourceFeatureCount":28995,"heightEstimated":true},"geometry":{"type":"Polygon","coordinates":[[[114.059415,30.440143],[114.05901,30.440114],[114.059078,30.439452],[114.061741,30.43944],[114.061471,30.44069],[114.059428,30.440678],[114.059415,30.440143]]]}},{"type":"Feature","id":"8ce0ccde-98a0-48e7-bca9-7aa62336f125","properties":{"id":"8ce0ccde-98a0-48e7-bca9-7aa62336f125","height":99,"num_floors":31,"class":"building","areaM2":16946,"sourceTile":"tile_0_0","sourceFeatureCount":28995,"heightEstimated":true},"geometry":{"type":"Polygon","coordinates":[[[114.062727,30.423338],[114.062477,30.421449],[114.062775,30.42123],[114.063968,30.422516],[114.062727,30.423338]]]}},{"type":"Feature","id":"2513d231-b1e7-4178-87f3-ca6ab9c7eb13","properties":{"id":"2513d231-b1e7-4178-87f3-ca6ab9c7eb13","height":88,"num_floors":28,"class":"building","areaM2":14753,"sourceTile":"tile_0_0","sourceFeatureCount":28995,"heightEstimated":true},"geometry":{"type":"Polygon","coordinates":[[[114.060018,30.429326],[114.060148,30.431149],[114.059377,30.431184],[114.059268,30.42936],[114.060018,30.429326]]]}},{"type":"Feature","id":"21366d53-8a6b-42de-8242-1912ea4c31ff","properties":{"id":"21366d53-8a6b-42de-8242-1912ea4c31ff","height":150,"num_floors":47,"class":"building","areaM2":30478,"sourceTile":"tile_0_0","sourceFeatureCount":28995,"heightEstimated":true},"geometry":{"type":"Polygon","coordinates":[[[114.059113,30.430026],[114.058708,30.430053],[114.059132,30.430418],[114.059183,30.430998],[114.057502,30.431109],[114.057451,30.430529],[114.0577,30.430513],[114.057745,30.43013],[114.057446,30.43011],[114.057395,30.42953],[114.058391,30.429464],[114.058338,30.428871],[114.059005,30.4288],[114.059113,30.430026]]]}},{"type":"Feature","id":"47b3a71b-1976-41ec-9341-b66f5b589530","properties":{"id":"47b3a71b-1976-41ec-9341-b66f5b589530","height":128,"num_floors":40,"class":"building","areaM2":27547,"sourceTile":"tile_0_0","sourceFeatureCount":28995,"heightEstimated":true},"geometry":{"type":"Polygon","coordinates":[[[114.057248,30.426187],[114.056825,30.426285],[114.057358,30.427967],[114.056137,30.428249],[114.055521,30.426348],[114.055871,30.426491],[114.055803,30.426269],[114.057175,30.425952],[114.057248,30.426187]]]}},{"type":"Feature","id":"1027927b-8761-4dd3-a021-85817b2c17b8","properties":{"id":"1027927b-8761-4dd3-a021-85817b2c17b8","height":119,"num_floors":37,"class":"warehouse","areaM2":20367,"sourceTile":"tile_0_0","sourceFeatureCount":28995,"heightEstimated":true},"geometry":{"type":"Polygon","coordinates":[[[114.057104,30.435437],[114.055874,30.435437],[114.055874,30.433877],[114.057104,30.433877],[114.057104,30.435437]]]}},{"type":"Feature","id":"40162f6d-f78f-4633-8df8-f512a2078b71","properties":{"id":"40162f6d-f78f-4633-8df8-f512a2078b71","height":125,"num_floors":39,"class":"warehouse","areaM2":20367,"sourceTile":"tile_0_0","sourceFeatureCount":28995,"heightEstimated":true},"geometry":{"type":"Polygon","coordinates":[[[114.057071,30.437099],[114.055841,30.437099],[114.055841,30.435539],[114.057071,30.435539],[114.057071,30.437099]]]}},{"type":"Feature","id":"abbc7d32-d289-445e-ab4a-c0b4a3e72b33","properties":{"id":"abbc7d32-d289-445e-ab4a-c0b4a3e72b33","height":131,"num_floors":41,"class":"warehouse","areaM2":20367,"sourceTile":"tile_0_0","sourceFeatureCount":28995,"heightEstimated":true},"geometry":{"type":"Polygon","coordinates":[[[114.058756,30.43714],[114.057526,30.43714],[114.057526,30.43558],[114.058756,30.43558],[114.058756,30.43714]]]}},{"type":"Feature","id":"d6436496-4581-4ac9-849f-22cb4b3b67eb","properties":{"id":"d6436496-4581-4ac9-849f-22cb4b3b67eb","height":106,"num_floors":33,"class":"warehouse","areaM2":20368,"sourceTile":"tile_0_0","sourceFeatureCount":28995,"heightEstimated":true},"geometry":{"type":"Polygon","coordinates":[[[114.05879,30.435391],[114.057559,30.435391],[114.05756,30.43383],[114.05879,30.43383],[114.05879,30.435391]]]}},{"type":"Feature","id":"1aca895d-5d8e-4b5f-9de8-be43515a1297","properties":{"id":"1aca895d-5d8e-4b5f-9de8-be43515a1297","height":108,"num_floors":34,"class":"building","areaM2":14242,"sourceTile":"tile_0_0","sourceFeatureCount":28995,"heightEstimated":true},"geometry":{"type":"Polygon","coordinates":[[[114.058116,30.431438],[114.057532,30.431464],[114.057581,30.432295],[114.058181,30.432354],[114.058195,30.432583],[114.056851,30.432644],[114.056768,30.431259],[114.058101,30.431199],[114.058116,30.431438]]]}},{"type":"Feature","id":"2d209024-4977-433b-a82f-df61ded953aa","properties":{"id":"2d209024-4977-433b-a82f-df61ded953aa","height":100,"num_floors":31,"class":"building","areaM2":18373,"sourceTile":"tile_0_0","sourceFeatureCount":28995,"heightEstimated":true},"geometry":{"type":"Polygon","coordinates":[[[114.058507,30.433044],[114.058227,30.431204],[114.059207,30.431142],[114.05933,30.433155],[114.058507,30.433044]]]}},{"type":"Feature","id":"768e2ce7-cd27-46da-be0b-b40abf53f073","properties":{"id":"768e2ce7-cd27-46da-be0b-b40abf53f073","height":111,"num_floors":35,"class":"warehouse","areaM2":20367,"sourceTile":"tile_0_0","sourceFeatureCount":28995,"heightEstimated":true},"geometry":{"type":"Polygon","coordinates":[[[114.06059,30.435414],[114.059359,30.435414],[114.059359,30.433854],[114.06059,30.433854],[114.06059,30.435414]]]}},{"type":"Feature","id":"d6cbaffc-23c9-4e8d-b80c-dc0beae1ca27","properties":{"id":"d6cbaffc-23c9-4e8d-b80c-dc0beae1ca27","height":117,"num_floors":37,"class":"warehouse","areaM2":20367,"sourceTile":"tile_0_0","sourceFeatureCount":28995,"heightEstimated":true},"geometry":{"type":"Polygon","coordinates":[[[114.060563,30.437169],[114.059332,30.437169],[114.059332,30.435609],[114.060563,30.435609],[114.060563,30.437169]]]}},{"type":"Feature","id":"cc428c70-2ddb-4b08-a6d7-890a0f2896c4","properties":{"id":"cc428c70-2ddb-4b08-a6d7-890a0f2896c4","height":25,"num_floors":8,"class":"building","areaM2":222,"sourceTile":"tile_0_0","sourceFeatureCount":28995,"heightEstimated":true},"geometry":{"type":"Polygon","coordinates":[[[114.058366,30.440311],[114.05816,30.440516],[114.058168,30.440306],[114.058366,30.440311]]]}},{"type":"Feature","id":"cd687a60-f680-442f-a3dd-dea8dba8636b","properties":{"id":"cd687a60-f680-442f-a3dd-dea8dba8636b","height":127,"num_floors":40,"class":"warehouse","areaM2":19963,"sourceTile":"tile_0_0","sourceFeatureCount":28995,"heightEstimated":true},"geometry":{"type":"Polygon","coordinates":[[[114.056058,30.440306],[114.058026,30.440289],[114.058026,30.441242],[114.056058,30.441265],[114.056058,30.440306]]]}},{"type":"Feature","id":"52889caa-5438-45ab-9d96-2d34ef1ed07c","properties":{"id":"52889caa-5438-45ab-9d96-2d34ef1ed07c","height":115,"num_floors":36,"class":"building","areaM2":18936,"sourceTile":"tile_0_0","sourceFeatureCount":28995,"heightEstimated":true},"geometry":{"type":"Polygon","coordinates":[[[114.053639,30.43424],[114.05463,30.434041],[114.054637,30.434797],[114.055134,30.434793],[114.055142,30.435586],[114.05373,30.435597],[114.053639,30.43424]]]}},{"type":"Feature","id":"2a6b1902-f136-4cf5-b9da-286cbe8420cd","properties":{"id":"2a6b1902-f136-4cf5-b9da-286cbe8420cd","height":168,"num_floors":53,"class":"building","areaM2":49144,"sourceTile":"tile_0_0","sourceFeatureCount":28995,"heightEstimated":true},"geometry":{"type":"Polygon","coordinates":[[[114.052487,30.434275],[114.052489,30.435537],[114.052698,30.435539],[114.052709,30.434095],[114.053493,30.4341],[114.053493,30.436958],[114.052709,30.436954],[114.052719,30.43574],[114.053348,30.435715],[114.052609,30.43571],[114.052476,30.437144],[114.051715,30.437139],[114.051716,30.434166],[114.052466,30.43417],[114.052234,30.434274],[114.052487,30.434275]]]}},{"type":"Feature","id":"dce2a35d-3d07-4d7f-9b71-fd0923b62a5d","properties":{"id":"dce2a35d-3d07-4d7f-9b71-fd0923b62a5d","height":168,"num_floors":53,"class":"building","areaM2":44733,"sourceTile":"tile_0_0","sourceFeatureCount":28995,"heightEstimated":true},"geometry":{"type":"Polygon","coordinates":[[[114.054483,30.44016],[114.054438,30.441518],[114.053269,30.441384],[114.053224,30.441909],[114.051723,30.441909],[114.051725,30.440159],[114.052254,30.440159],[114.052287,30.441048],[114.052287,30.440159],[114.054483,30.44016]]]}},{"type":"Feature","id":"c4065854-9877-4ddb-8a6f-30a385c064bc","properties":{"id":"c4065854-9877-4ddb-8a6f-30a385c064bc","height":115,"num_floors":36,"class":"building","areaM2":15723,"sourceTile":"tile_0_0","sourceFeatureCount":28995,"heightEstimated":true},"geometry":{"type":"Polygon","coordinates":[[[114.050814,30.440081],[114.050802,30.439632],[114.05078,30.440044],[114.049818,30.439978],[114.049798,30.439251],[114.05164,30.439213],[114.051664,30.440064],[114.050814,30.440081]]]}},{"type":"Feature","id":"4c5e9ca2-de95-4c59-8638-90edd242bf17","properties":{"id":"4c5e9ca2-de95-4c59-8638-90edd242bf17","height":135,"num_floors":42,"class":"building","areaM2":26768,"sourceTile":"tile_0_0","sourceFeatureCount":28995,"heightEstimated":true},"geometry":{"type":"Polygon","coordinates":[[[114.051658,30.441842],[114.050015,30.441723],[114.050021,30.440288],[114.051665,30.440207],[114.051658,30.441842]]]}},{"type":"Feature","id":"21a8f7d6-a0e8-4e3a-945e-cfbf3070a2b4","properties":{"id":"21a8f7d6-a0e8-4e3a-945e-cfbf3070a2b4","height":138,"num_floors":43,"class":"building","areaM2":32983,"sourceTile":"tile_0_0","sourceFeatureCount":28995,"heightEstimated":true},"geometry":{"type":"Polygon","coordinates":[[[114.052696,30.427453],[114.052949,30.427992],[114.052509,30.428168],[114.051918,30.426409],[114.053272,30.425823],[114.054193,30.427554],[114.052997,30.428018],[114.052696,30.427453]]]}},{"type":"Feature","id":"54ec7930-e0e1-4fe9-8136-f17f9f5e1de5","properties":{"id":"54ec7930-e0e1-4fe9-8136-f17f9f5e1de5","height":128,"num_floors":40,"class":"building","areaM2":20154,"sourceTile":"tile_0_0","sourceFeatureCount":28995,"heightEstimated":true},"geometry":{"type":"Polygon","coordinates":[[[114.052328,30.42955],[114.052082,30.428517],[114.053764,30.428157],[114.05407,30.429234],[114.052328,30.42955]]]}},{"type":"Feature","id":"ec1fa0d4-c5ac-4195-92d3-f5457998a903","properties":{"id":"ec1fa0d4-c5ac-4195-92d3-f5457998a903","height":77,"num_floors":24,"class":"building","areaM2":6962,"sourceTile":"tile_0_0","sourceFeatureCount":28995,"heightEstimated":true},"geometry":{"type":"Polygon","coordinates":[[[114.054911,30.427838],[114.055757,30.427543],[114.056016,30.428378],[114.055353,30.428533],[114.054911,30.427838]]]}},{"type":"Feature","id":"4e85152c-97d9-4212-98c1-5d88cbf786b1","properties":{"id":"4e85152c-97d9-4212-98c1-5d88cbf786b1","height":139,"num_floors":43,"class":"building","areaM2":28890,"sourceTile":"tile_0_0","sourceFeatureCount":28995,"heightEstimated":true},"geometry":{"type":"Polygon","coordinates":[[[114.051347,30.414198],[114.050399,30.413318],[114.052053,30.41198],[114.053001,30.41286],[114.051347,30.414198]]]}},{"type":"Feature","id":"87978e42-c380-480e-a24d-40a3c4ca1567","properties":{"id":"87978e42-c380-480e-a24d-40a3c4ca1567","height":124,"num_floors":39,"class":"building","areaM2":17712,"sourceTile":"tile_0_0","sourceFeatureCount":28995,"heightEstimated":true},"geometry":{"type":"Polygon","coordinates":[[[114.048436,30.409926],[114.049506,30.409097],[114.050388,30.40999],[114.049298,30.410799],[114.048436,30.409926]]]}},{"type":"Feature","id":"5e5a3aab-d9e9-4431-9815-80ae6f13f9bc","properties":{"id":"5e5a3aab-d9e9-4431-9815-80ae6f13f9bc","height":117,"num_floors":37,"class":"building","areaM2":23232,"sourceTile":"tile_0_0","sourceFeatureCount":28995,"heightEstimated":true},"geometry":{"type":"Polygon","coordinates":[[[114.051506,30.404653],[114.050696,30.403676],[114.051123,30.403403],[114.051652,30.403821],[114.05119,30.403277],[114.051554,30.403044],[114.052176,30.403503],[114.051885,30.403001],[114.052257,30.402663],[114.053052,30.403599],[114.052599,30.403956],[114.052157,30.403549],[114.052467,30.404074],[114.051506,30.404653]]]}},{"type":"Feature","id":"62d165e2-07a1-4237-b53d-09006bb6ae98","properties":{"id":"62d165e2-07a1-4237-b53d-09006bb6ae98","height":88,"num_floors":28,"class":"building","areaM2":15184,"sourceTile":"tile_0_0","sourceFeatureCount":28995,"heightEstimated":true},"geometry":{"type":"Polygon","coordinates":[[[114.053939,30.402389],[114.053474,30.401846],[114.053888,30.40158],[114.054752,30.402591],[114.053752,30.403216],[114.052976,30.402217],[114.053411,30.401954],[114.053939,30.402389]]]}},{"type":"Feature","id":"95e583f8-783c-4a76-ad9b-9817afd64507","properties":{"id":"95e583f8-783c-4a76-ad9b-9817afd64507","height":112,"num_floors":35,"class":"building","areaM2":17350,"sourceTile":"tile_0_0","sourceFeatureCount":28995,"heightEstimated":true},"geometry":{"type":"Polygon","coordinates":[[[114.059611,30.40541],[114.057827,30.404207],[114.058308,30.403676],[114.060161,30.404804],[114.059611,30.40541]]]}},{"type":"Feature","id":"63627402-d15d-4f71-a3ec-8eed8f4852fe","properties":{"id":"63627402-d15d-4f71-a3ec-8eed8f4852fe","height":156,"num_floors":49,"class":"industrial","areaM2":32363,"sourceTile":"tile_0_0","sourceFeatureCount":28995,"heightEstimated":true},"geometry":{"type":"Polygon","coordinates":[[[114.059027,30.414122],[114.056543,30.412075],[114.057254,30.411433],[114.059738,30.413479],[114.059027,30.414122]]]}},{"type":"Feature","id":"852fd264-b662-47d1-af1c-ead7e03d7f64","properties":{"id":"852fd264-b662-47d1-af1c-ead7e03d7f64","height":168,"num_floors":53,"class":"industrial","areaM2":95647,"sourceTile":"tile_0_0","sourceFeatureCount":28995,"heightEstimated":true},"geometry":{"type":"Polygon","coordinates":[[[114.06169,30.408514],[114.058149,30.411727],[114.056675,30.410519],[114.060215,30.407305],[114.06169,30.408514]]]}},{"type":"Feature","id":"3bdda471-f26b-4a3a-a815-7d0ad4b7da51","properties":{"id":"3bdda471-f26b-4a3a-a815-7d0ad4b7da51","height":168,"num_floors":53,"class":"industrial","areaM2":102241,"sourceTile":"tile_0_0","sourceFeatureCount":28995,"heightEstimated":true},"geometry":{"type":"Polygon","coordinates":[[[114.06455,30.415614],[114.063683,30.4163],[114.059784,30.413093],[114.061456,30.411587],[114.064251,30.413894],[114.063398,30.414662],[114.06455,30.415614]]]}},{"type":"Feature","id":"0ebacd80-afc1-49b6-a726-dc90eadd27fb","properties":{"id":"0ebacd80-afc1-49b6-a726-dc90eadd27fb","height":129,"num_floors":40,"class":"building","areaM2":23864,"sourceTile":"tile_0_0","sourceFeatureCount":28995,"heightEstimated":true},"geometry":{"type":"Polygon","coordinates":[[[114.062303,30.409923],[114.062961,30.409209],[114.064892,30.410532],[114.064234,30.411246],[114.062303,30.409923]]]}},{"type":"Feature","id":"a07fd333-837a-45d6-8367-24bd9e59fe67","properties":{"id":"a07fd333-837a-45d6-8367-24bd9e59fe67","height":128,"num_floors":40,"class":"building","areaM2":23864,"sourceTile":"tile_0_0","sourceFeatureCount":28995,"heightEstimated":true},"geometry":{"type":"Polygon","coordinates":[[[114.061302,30.411018],[114.061959,30.410305],[114.06389,30.411628],[114.063233,30.412342],[114.061302,30.411018]]]}},{"type":"Feature","id":"d8ae0952-c2c9-414f-83a9-ab31e2da4a39","properties":{"id":"d8ae0952-c2c9-414f-83a9-ab31e2da4a39","height":23,"num_floors":7,"class":"building","areaM2":17,"sourceTile":"tile_0_0","sourceFeatureCount":28995,"heightEstimated":true},"geometry":{"type":"Polygon","coordinates":[[[114.066662,30.406163],[114.066641,30.406183],[114.066629,30.40604],[114.066662,30.406163]]]}},{"type":"Feature","id":"f11f7e1b-8f47-46f5-87ae-48f8e75d64e6","properties":{"id":"f11f7e1b-8f47-46f5-87ae-48f8e75d64e6","height":132,"num_floors":41,"class":"building","areaM2":21110,"sourceTile":"tile_0_0","sourceFeatureCount":28995,"heightEstimated":true},"geometry":{"type":"Polygon","coordinates":[[[114.064913,30.409723],[114.063475,30.408889],[114.064348,30.407941],[114.065701,30.408868],[114.064913,30.409723]]]}},{"type":"Feature","id":"acc7a1b1-5675-41e3-b799-45ced3b3c76f","properties":{"id":"acc7a1b1-5675-41e3-b799-45ced3b3c76f","height":120,"num_floors":38,"class":"building","areaM2":23864,"sourceTile":"tile_0_0","sourceFeatureCount":28995,"heightEstimated":true},"geometry":{"type":"Polygon","coordinates":[[[114.064386,30.411379],[114.065044,30.410665],[114.066975,30.411989],[114.066317,30.412702],[114.064386,30.411379]]]}},{"type":"Feature","id":"bb7d49e1-605e-4155-ba27-62d3ac72d418","properties":{"id":"bb7d49e1-605e-4155-ba27-62d3ac72d418","height":132,"num_floors":41,"class":"building","areaM2":23864,"sourceTile":"tile_0_0","sourceFeatureCount":28995,"heightEstimated":true},"geometry":{"type":"Polygon","coordinates":[[[114.063404,30.412462],[114.064062,30.411748],[114.065993,30.413071],[114.065336,30.413785],[114.063404,30.412462]]]}},{"type":"Feature","id":"29edf47e-f4f5-46a5-9beb-d50e917660f7","properties":{"id":"29edf47e-f4f5-46a5-9beb-d50e917660f7","height":133,"num_floors":42,"class":"building","areaM2":20707,"sourceTile":"tile_0_0","sourceFeatureCount":28995,"heightEstimated":true},"geometry":{"type":"Polygon","coordinates":[[[114.067878,30.41033],[114.066956,30.411329],[114.065761,30.410508],[114.066683,30.409509],[114.067878,30.41033]]]}},{"type":"Feature","id":"b9d96442-55a5-4168-8198-cc48a68129c6","properties":{"id":"b9d96442-55a5-4168-8198-cc48a68129c6","height":121,"num_floors":38,"class":"building","areaM2":28268,"sourceTile":"tile_0_0","sourceFeatureCount":28995,"heightEstimated":true},"geometry":{"type":"Polygon","coordinates":[[[114.068992,30.416697],[114.070032,30.417629],[114.06878,30.418903],[114.067579,30.418015],[114.068992,30.416697]]]}},{"type":"Feature","id":"a0859f76-ca37-4e17-be3b-4f5d7ebe3754","properties":{"id":"a0859f76-ca37-4e17-be3b-4f5d7ebe3754","height":29,"num_floors":9,"class":"building","areaM2":74,"sourceTile":"tile_0_0","sourceFeatureCount":28995,"heightEstimated":true},"geometry":{"type":"Polygon","coordinates":[[[114.069532,30.403272],[114.069473,30.403433],[114.069408,30.403375],[114.069532,30.403272]]]}},{"type":"Feature","id":"01773e47-8b8a-4467-819c-2588a7115f85","properties":{"id":"01773e47-8b8a-4467-819c-2588a7115f85","height":34,"num_floors":11,"class":"building","areaM2":134,"sourceTile":"tile_0_0","sourceFeatureCount":28995,"heightEstimated":true},"geometry":{"type":"Polygon","coordinates":[[[114.079235,30.413814],[114.079228,30.414025],[114.079111,30.413936],[114.079235,30.413814]]]}},{"type":"Feature","id":"5b219f2e-1dff-4d1f-b246-652dfc0774e1","properties":{"id":"5b219f2e-1dff-4d1f-b246-652dfc0774e1","height":80,"num_floors":25,"class":"building","areaM2":5046,"sourceTile":"tile_0_0","sourceFeatureCount":28995,"heightEstimated":true},"geometry":{"type":"Polygon","coordinates":[[[114.072146,30.41455],[114.072534,30.414833],[114.071838,30.41555],[114.07145,30.415267],[114.072146,30.41455]]]}},{"type":"Feature","id":"6232d34d-4c73-4c83-bd13-a14a085bb88a","properties":{"id":"6232d34d-4c73-4c83-bd13-a14a085bb88a","height":142,"num_floors":44,"class":"building","areaM2":39121,"sourceTile":"tile_0_0","sourceFeatureCount":28995,"heightEstimated":true},"geometry":{"type":"Polygon","coordinates":[[[114.073463,30.422795],[114.074404,30.423673],[114.073047,30.425289],[114.071638,30.424399],[114.073008,30.422768],[114.073463,30.422795]]]}},{"type":"Feature","id":"39bb8a8b-cfa8-4773-9b6a-1871f87ddd8f","properties":{"id":"39bb8a8b-cfa8-4773-9b6a-1871f87ddd8f","height":120,"num_floors":38,"class":"building","areaM2":27898,"sourceTile":"tile_0_0","sourceFeatureCount":28995,"heightEstimated":true},"geometry":{"type":"Polygon","coordinates":[[[114.075853,30.420103],[114.076995,30.420841],[114.076296,30.421519],[114.075813,30.421336],[114.076111,30.421684],[114.075523,30.422305],[114.07444,30.421534],[114.075056,30.420884],[114.075442,30.421109],[114.075177,30.420636],[114.075853,30.420103]]]}},{"type":"Feature","id":"298e1ad4-e47f-4fba-8bab-cb12e3ba05ae","properties":{"id":"298e1ad4-e47f-4fba-8bab-cb12e3ba05ae","height":5,"num_floors":2,"class":"building","areaM2":11254,"sourceTile":"tile_0_0","sourceFeatureCount":28995,"heightEstimated":false},"geometry":{"type":"Polygon","coordinates":[[[114.075057,30.433898],[114.073652,30.433049],[114.074064,30.432543],[114.075469,30.433392],[114.075057,30.433898]]]}},{"type":"Feature","id":"f82a601e-eef7-4376-8166-ea9b5da54fe2","properties":{"id":"f82a601e-eef7-4376-8166-ea9b5da54fe2","height":6,"num_floors":2,"class":"building","areaM2":14376,"sourceTile":"tile_0_0","sourceFeatureCount":28995,"heightEstimated":false},"geometry":{"type":"Polygon","coordinates":[[[114.071101,30.435208],[114.069642,30.43437],[114.070139,30.433727],[114.071598,30.434566],[114.071101,30.435208]]]}},{"type":"Feature","id":"b8deed76-c275-460d-b8dd-a9c9c94e464b","properties":{"id":"b8deed76-c275-460d-b8dd-a9c9c94e464b","height":94,"num_floors":29,"class":"building","areaM2":17296,"sourceTile":"tile_0_0","sourceFeatureCount":28995,"heightEstimated":true},"geometry":{"type":"Polygon","coordinates":[[[114.07087,30.426301],[114.071853,30.42687],[114.071297,30.427536],[114.070719,30.427575],[114.070712,30.428007],[114.069825,30.427357],[114.07087,30.426301]]]}},{"type":"Feature","id":"57832c65-7722-482c-9093-a688de6e5958","properties":{"id":"57832c65-7722-482c-9093-a688de6e5958","height":98,"num_floors":31,"class":"building","areaM2":14378,"sourceTile":"tile_0_0","sourceFeatureCount":28995,"heightEstimated":true},"geometry":{"type":"Polygon","coordinates":[[[114.072299,30.425485],[114.071774,30.426379],[114.070603,30.425678],[114.071081,30.42486],[114.072299,30.425485]]]}},{"type":"Feature","id":"347b2ee5-64dc-431e-b8f4-c8aef55b997d","properties":{"id":"347b2ee5-64dc-431e-b8f4-c8aef55b997d","height":96,"num_floors":30,"class":"building","areaM2":15952,"sourceTile":"tile_0_0","sourceFeatureCount":28995,"heightEstimated":true},"geometry":{"type":"Polygon","coordinates":[[[114.070153,30.422828],[114.07185,30.42147],[114.0724,30.421913],[114.070647,30.423298],[114.070153,30.422828]]]}},{"type":"Feature","id":"a3498b89-069d-4444-8fe4-b624f6e63fcb","properties":{"id":"a3498b89-069d-4444-8fe4-b624f6e63fcb","height":116,"num_floors":36,"class":"building","areaM2":22178,"sourceTile":"tile_0_0","sourceFeatureCount":28995,"heightEstimated":true},"geometry":{"type":"Polygon","coordinates":[[[114.069927,30.424543],[114.069495,30.424799],[114.068805,30.424154],[114.069849,30.423261],[114.071021,30.424291],[114.069967,30.425155],[114.069594,30.424828],[114.069927,30.424543]]]}},{"type":"Feature","id":"8bca24c4-ac9c-41de-8c5f-a444c63f0533","properties":{"id":"8bca24c4-ac9c-41de-8c5f-a444c63f0533","height":139,"num_floors":43,"class":"building","areaM2":27776,"sourceTile":"tile_0_0","sourceFeatureCount":28995,"heightEstimated":true},"geometry":{"type":"Polygon","coordinates":[[[114.067272,30.420433],[114.068764,30.421835],[114.067755,30.422641],[114.066263,30.42124],[114.067272,30.420433]]]}},{"type":"Feature","id":"bcf9c8a6-8f19-45b8-bde9-c61774d83adf","properties":{"id":"bcf9c8a6-8f19-45b8-bde9-c61774d83adf","height":6,"num_floors":2,"class":"building","areaM2":17214,"sourceTile":"tile_0_0","sourceFeatureCount":28995,"heightEstimated":false},"geometry":{"type":"Polygon","coordinates":[[[114.067214,30.441186],[114.066027,30.440583],[114.06672,30.439569],[114.067907,30.440172],[114.067214,30.441186]]]}},{"type":"Feature","id":"8b553ebd-c8c7-4603-ab27-e0ea0ca3789e","properties":{"id":"8b553ebd-c8c7-4603-ab27-e0ea0ca3789e","height":9,"num_floors":3,"class":"building","areaM2":56,"sourceTile":"tile_0_0","sourceFeatureCount":28995,"heightEstimated":true},"geometry":{"type":"Polygon","coordinates":[[[114.064465,30.445299],[114.064712,30.445405],[114.064445,30.445334],[114.064465,30.445299]]]}},{"type":"Feature","id":"fc1f2172-0c3d-4568-afea-3e0955eb748d","properties":{"id":"fc1f2172-0c3d-4568-afea-3e0955eb748d","height":7,"num_floors":2,"class":"industrial","areaM2":18629,"sourceTile":"tile_0_0","sourceFeatureCount":28995,"heightEstimated":false},"geometry":{"type":"Polygon","coordinates":[[[114.067926,30.447002],[114.067113,30.448454],[114.066131,30.448045],[114.066944,30.446594],[114.067926,30.447002]]]}},{"type":"Feature","id":"5a0a47da-1259-443e-ab5c-0520eaa3c0b2","properties":{"id":"5a0a47da-1259-443e-ab5c-0520eaa3c0b2","height":12,"num_floors":4,"class":"industrial","areaM2":15185,"sourceTile":"tile_0_0","sourceFeatureCount":28995,"heightEstimated":false},"geometry":{"type":"Polygon","coordinates":[[[114.069935,30.446158],[114.068707,30.445675],[114.069168,30.444802],[114.070656,30.445387],[114.069935,30.446158]]]}},{"type":"Feature","id":"666bd689-4921-4716-842c-fd41cc2aa730","properties":{"id":"666bd689-4921-4716-842c-fd41cc2aa730","height":7,"num_floors":2,"class":"industrial","areaM2":15468,"sourceTile":"tile_0_0","sourceFeatureCount":28995,"heightEstimated":false},"geometry":{"type":"Polygon","coordinates":[[[114.070139,30.458122],[114.068784,30.457926],[114.068988,30.456879],[114.070343,30.457075],[114.070139,30.458122]]]}},{"type":"Feature","id":"7a9c65de-78b4-49d5-8378-fae016bdae92","properties":{"id":"7a9c65de-78b4-49d5-8378-fae016bdae92","height":6,"num_floors":2,"class":"industrial","areaM2":12576,"sourceTile":"tile_0_0","sourceFeatureCount":28995,"heightEstimated":false},"geometry":{"type":"Polygon","coordinates":[[[114.070807,30.461897],[114.069818,30.46177],[114.07002,30.460597],[114.071009,30.460724],[114.070807,30.461897]]]}},{"type":"Feature","id":"18510322-78db-494c-84ec-fff33a3a88ad","properties":{"id":"18510322-78db-494c-84ec-fff33a3a88ad","height":6,"num_floors":2,"class":"industrial","areaM2":19380,"sourceTile":"tile_0_0","sourceFeatureCount":28995,"heightEstimated":false},"geometry":{"type":"Polygon","coordinates":[[[114.06838,30.464322],[114.066953,30.464324],[114.06695,30.463044],[114.068377,30.463041],[114.06838,30.464322]]]}},{"type":"Feature","id":"5399f704-d954-4105-a040-a8b0efb0423b","properties":{"id":"5399f704-d954-4105-a040-a8b0efb0423b","height":8,"num_floors":3,"class":"industrial","areaM2":16226,"sourceTile":"tile_0_0","sourceFeatureCount":28995,"heightEstimated":false},"geometry":{"type":"Polygon","coordinates":[[[114.066696,30.464322],[114.065655,30.464315],[114.065669,30.462845],[114.066709,30.462852],[114.066696,30.464322]]]}},{"type":"Feature","id":"dfe19153-f552-440d-bc3d-f24d4d73d767","properties":{"id":"dfe19153-f552-440d-bc3d-f24d4d73d767","height":9,"num_floors":3,"class":"industrial","areaM2":29535,"sourceTile":"tile_0_0","sourceFeatureCount":28995,"heightEstimated":false},"geometry":{"type":"Polygon","coordinates":[[[114.068144,30.462399],[114.064621,30.462414],[114.064616,30.461624],[114.06814,30.461609],[114.068144,30.462399]]]}},{"type":"Feature","id":"67c18e0b-8e27-4ca1-89e5-fa5939990803","properties":{"id":"67c18e0b-8e27-4ca1-89e5-fa5939990803","height":4,"num_floors":1,"class":"industrial","areaM2":26209,"sourceTile":"tile_0_0","sourceFeatureCount":28995,"heightEstimated":false},"geometry":{"type":"Polygon","coordinates":[[[114.068029,30.457722],[114.065683,30.45774],[114.065569,30.4567],[114.068043,30.456712],[114.068029,30.457722]]]}},{"type":"Feature","id":"490f5149-f429-4a15-be7a-670083d101ce","properties":{"id":"490f5149-f429-4a15-be7a-670083d101ce","height":6,"num_floors":2,"class":"industrial","areaM2":18698,"sourceTile":"tile_0_0","sourceFeatureCount":28995,"heightEstimated":false},"geometry":{"type":"Polygon","coordinates":[[[114.066662,30.467243],[114.064593,30.466964],[114.064744,30.466133],[114.066813,30.466412],[114.066662,30.467243]]]}},{"type":"Feature","id":"5306ac63-71a9-4273-9732-fa40fbb9994b","properties":{"id":"5306ac63-71a9-4273-9732-fa40fbb9994b","height":6,"num_floors":2,"class":"industrial","areaM2":31461,"sourceTile":"tile_0_0","sourceFeatureCount":28995,"heightEstimated":false},"geometry":{"type":"Polygon","coordinates":[[[114.068207,30.467483],[114.066869,30.467298],[114.067272,30.465136],[114.068609,30.465321],[114.068207,30.467483]]]}},{"type":"Feature","id":"43c3161a-0bde-4d9d-9685-953831398245","properties":{"id":"43c3161a-0bde-4d9d-9685-953831398245","height":18,"num_floors":6,"class":"building","areaM2":140,"sourceTile":"tile_0_0","sourceFeatureCount":28995,"heightEstimated":true},"geometry":{"type":"Polygon","coordinates":[[[114.064324,30.486703],[114.064536,30.486986],[114.064258,30.486739],[114.064324,30.486703]]]}},{"type":"Feature","id":"9dfdc3f4-d578-4a36-80f4-c7c3113eadd4","properties":{"id":"9dfdc3f4-d578-4a36-80f4-c7c3113eadd4","height":16,"num_floors":5,"class":"building","areaM2":17,"sourceTile":"tile_0_0","sourceFeatureCount":28995,"heightEstimated":true},"geometry":{"type":"Polygon","coordinates":[[[114.069915,30.476607],[114.06997,30.47667],[114.069923,30.476674],[114.069915,30.476607]]]}},{"type":"Feature","id":"33f9afd4-ea6a-41a1-a2fd-c3305466f475","properties":{"id":"33f9afd4-ea6a-41a1-a2fd-c3305466f475","height":6,"num_floors":2,"class":"industrial","areaM2":41914,"sourceTile":"tile_0_0","sourceFeatureCount":28995,"heightEstimated":false},"geometry":{"type":"Polygon","coordinates":[[[114.070879,30.465589],[114.070528,30.467751],[114.068735,30.467535],[114.069086,30.465373],[114.070879,30.465589]]]}},{"type":"Feature","id":"1596eebb-77cb-4af1-a77c-56ad5bbf412b","properties":{"id":"1596eebb-77cb-4af1-a77c-56ad5bbf412b","height":129,"num_floors":40,"class":"building","areaM2":19037,"sourceTile":"tile_0_0","sourceFeatureCount":28995,"heightEstimated":true},"geometry":{"type":"Polygon","coordinates":[[[114.073551,30.46684],[114.073742,30.465666],[114.075225,30.465799],[114.075028,30.467011],[114.073551,30.46684]]]}},{"type":"Feature","id":"0e3f7f39-9d54-40a0-85e8-64b78d76b413","properties":{"id":"0e3f7f39-9d54-40a0-85e8-64b78d76b413","height":168,"num_floors":53,"class":"building","areaM2":70789,"sourceTile":"tile_0_0","sourceFeatureCount":28995,"heightEstimated":true},"geometry":{"type":"Polygon","coordinates":[[[114.078021,30.486432],[114.078594,30.486496],[114.078708,30.485915],[114.078277,30.485805],[114.0786,30.484846],[114.077906,30.484607],[114.07829,30.484085],[114.081156,30.484439],[114.080745,30.484718],[114.080617,30.48545],[114.080131,30.485415],[114.080273,30.486206],[114.079713,30.487426],[114.078756,30.487275],[114.078621,30.48774],[114.077447,30.487612],[114.078054,30.487437],[114.078021,30.486432]]]}},{"type":"Feature","id":"d05a107c-bdcc-4cc5-85f1-eee5eb2bae77","properties":{"id":"d05a107c-bdcc-4cc5-85f1-eee5eb2bae77","height":23,"num_floors":7,"class":"building","areaM2":86,"sourceTile":"tile_0_0","sourceFeatureCount":28995,"heightEstimated":true},"geometry":{"type":"Polygon","coordinates":[[[114.078868,30.482117],[114.078681,30.482048],[114.07885,30.482024],[114.078868,30.482117]]]}},{"type":"Feature","id":"8e251b3c-5f83-43c2-8f22-a8ef67a58f7c","properties":{"id":"8e251b3c-5f83-43c2-8f22-a8ef67a58f7c","height":15,"num_floors":5,"class":"industrial","areaM2":16780,"sourceTile":"tile_0_0","sourceFeatureCount":28995,"heightEstimated":false},"geometry":{"type":"Polygon","coordinates":[[[114.077262,30.459208],[114.07752,30.457785],[114.078605,30.457932],[114.078347,30.459354],[114.077262,30.459208]]]}},{"type":"Feature","id":"9fe15ca3-f9cb-4539-a42e-a10a0e15e1cb","properties":{"id":"9fe15ca3-f9cb-4539-a42e-a10a0e15e1cb","height":15,"num_floors":5,"class":"industrial","areaM2":20754,"sourceTile":"tile_0_0","sourceFeatureCount":28995,"heightEstimated":false},"geometry":{"type":"Polygon","coordinates":[[[114.077061,30.459023],[114.075147,30.458733],[114.075348,30.457742],[114.077263,30.458031],[114.077061,30.459023]]]}},{"type":"Feature","id":"48b4f87b-24b8-413e-b283-61fbe9fdfe78","properties":{"id":"48b4f87b-24b8-413e-b283-61fbe9fdfe78","height":15,"num_floors":5,"class":"industrial","areaM2":17182,"sourceTile":"tile_0_0","sourceFeatureCount":28995,"heightEstimated":false},"geometry":{"type":"Polygon","coordinates":[[[114.076842,30.460132],[114.074953,30.459874],[114.075107,30.459037],[114.076996,30.459295],[114.076842,30.460132]]]}},{"type":"Feature","id":"4df13736-0721-4da1-be3d-3fea1f5e9e33","properties":{"id":"4df13736-0721-4da1-be3d-3fea1f5e9e33","height":15,"num_floors":5,"class":"industrial","areaM2":28392,"sourceTile":"tile_0_0","sourceFeatureCount":28995,"heightEstimated":false},"geometry":{"type":"Polygon","coordinates":[[[114.076739,30.460601],[114.076492,30.461964],[114.074574,30.461706],[114.074822,30.460343],[114.076739,30.460601]]]}},{"type":"Feature","id":"99e19497-1645-467c-aa0b-91026c5acbaa","properties":{"id":"99e19497-1645-467c-aa0b-91026c5acbaa","height":15,"num_floors":5,"class":"industrial","areaM2":14564,"sourceTile":"tile_0_0","sourceFeatureCount":28995,"heightEstimated":false},"geometry":{"type":"Polygon","coordinates":[[[114.07792,30.462146],[114.07679,30.46199],[114.077011,30.460805],[114.078141,30.460961],[114.07792,30.462146]]]}},{"type":"Feature","id":"6cd1dcbf-385a-4ada-9d62-fb5df706feb9","properties":{"id":"6cd1dcbf-385a-4ada-9d62-fb5df706feb9","height":15,"num_floors":5,"class":"industrial","areaM2":16022,"sourceTile":"tile_0_0","sourceFeatureCount":28995,"heightEstimated":false},"geometry":{"type":"Polygon","coordinates":[[[114.077612,30.463654],[114.076497,30.463503],[114.076737,30.462181],[114.077853,30.462332],[114.077612,30.463654]]]}},{"type":"Feature","id":"436b742f-76f8-431a-a534-b619b3bc3be9","properties":{"id":"436b742f-76f8-431a-a534-b619b3bc3be9","height":12,"num_floors":4,"class":"industrial","areaM2":18258,"sourceTile":"tile_0_0","sourceFeatureCount":28995,"heightEstimated":false},"geometry":{"type":"Polygon","coordinates":[[[114.077284,30.465219],[114.076137,30.465053],[114.076423,30.463593],[114.07757,30.463759],[114.077284,30.465219]]]}},{"type":"Feature","id":"f759aa7f-d77c-47e7-b72f-4402ee11092b","properties":{"id":"f759aa7f-d77c-47e7-b72f-4402ee11092b","height":15,"num_floors":5,"class":"industrial","areaM2":14850,"sourceTile":"tile_0_0","sourceFeatureCount":28995,"heightEstimated":false},"geometry":{"type":"Polygon","coordinates":[[[114.075937,30.465015],[114.07501,30.464885],[114.075286,30.463413],[114.076213,30.463543],[114.075937,30.465015]]]}},{"type":"Feature","id":"ca4046db-7ac0-469d-b07b-37372050e177","properties":{"id":"ca4046db-7ac0-469d-b07b-37372050e177","height":15,"num_floors":5,"class":"industrial","areaM2":23239,"sourceTile":"tile_0_0","sourceFeatureCount":28995,"heightEstimated":false},"geometry":{"type":"Polygon","coordinates":[[[114.076232,30.463293],[114.074321,30.463037],[114.074523,30.461917],[114.076433,30.462173],[114.076232,30.463293]]]}},{"type":"Feature","id":"28f32177-922a-4f5a-b754-ec5a5b3726e1","properties":{"id":"28f32177-922a-4f5a-b754-ec5a5b3726e1","height":15,"num_floors":5,"class":"industrial","areaM2":16462,"sourceTile":"tile_0_0","sourceFeatureCount":28995,"heightEstimated":false},"geometry":{"type":"Polygon","coordinates":[[[114.07432,30.461642],[114.073203,30.461506],[114.073426,30.460144],[114.074544,30.46028],[114.07432,30.461642]]]}},{"type":"Feature","id":"dfcef112-63ac-4802-81ac-8589e8f9553c","properties":{"id":"dfcef112-63ac-4802-81ac-8589e8f9553c","height":98,"num_floors":31,"class":"building","areaM2":16672,"sourceTile":"tile_0_0","sourceFeatureCount":28995,"heightEstimated":true},"geometry":{"type":"Polygon","coordinates":[[[114.07332,30.465667],[114.073397,30.466797],[114.071901,30.466609],[114.072097,30.465445],[114.07332,30.465667]]]}},{"type":"Feature","id":"24b9fcc5-6ab7-426f-9eba-6da3e962df61","properties":{"id":"24b9fcc5-6ab7-426f-9eba-6da3e962df61","height":15,"num_floors":5,"class":"industrial","areaM2":42878,"sourceTile":"tile_0_0","sourceFeatureCount":28995,"heightEstimated":false},"geometry":{"type":"Polygon","coordinates":[[[114.073709,30.464745],[114.072323,30.464543],[114.07288,30.461707],[114.074266,30.461909],[114.073709,30.464745]]]}},{"type":"Feature","id":"d53232fc-da46-4241-b912-3141d0818d2a","properties":{"id":"d53232fc-da46-4241-b912-3141d0818d2a","height":6,"num_floors":2,"class":"industrial","areaM2":23489,"sourceTile":"tile_0_0","sourceFeatureCount":28995,"heightEstimated":false},"geometry":{"type":"Polygon","coordinates":[[[114.072637,30.458389],[114.070607,30.458122],[114.070796,30.457056],[114.072826,30.457323],[114.072637,30.458389]]]}},{"type":"Feature","id":"b256b298-c5aa-4844-a94f-083b9920dc69","properties":{"id":"b256b298-c5aa-4844-a94f-083b9920dc69","height":15,"num_floors":5,"class":"industrial","areaM2":34993,"sourceTile":"tile_0_0","sourceFeatureCount":28995,"heightEstimated":false},"geometry":{"type":"Polygon","coordinates":[[[114.074685,30.459807],[114.073277,30.459635],[114.073655,30.457337],[114.075062,30.457509],[114.074685,30.459807]]]}},{"type":"Feature","id":"63ac39ca-23fc-43f7-9b45-a7919743ce55","properties":{"id":"63ac39ca-23fc-43f7-9b45-a7919743ce55","height":8,"num_floors":3,"class":"industrial","areaM2":27834,"sourceTile":"tile_0_0","sourceFeatureCount":28995,"heightEstimated":false},"geometry":{"type":"Polygon","coordinates":[[[114.073618,30.454109],[114.071008,30.453705],[114.071211,30.452731],[114.073821,30.453135],[114.073618,30.454109]]]}},{"type":"Feature","id":"4901a191-9fe6-490c-86b6-7fb6ed4762b1","properties":{"id":"4901a191-9fe6-490c-86b6-7fb6ed4762b1","height":8,"num_floors":3,"class":"industrial","areaM2":48541,"sourceTile":"tile_0_0","sourceFeatureCount":28995,"heightEstimated":false},"geometry":{"type":"Polygon","coordinates":[[[114.073233,30.450207],[114.072384,30.450083],[114.072568,30.449152],[114.074509,30.449436],[114.07385,30.452784],[114.072757,30.452624],[114.073233,30.450207]]]}},{"type":"Feature","id":"4c1498c6-8cc7-4541-b0c0-5f811d6823ea","properties":{"id":"4c1498c6-8cc7-4541-b0c0-5f811d6823ea","height":15,"num_floors":5,"class":"industrial","areaM2":21614,"sourceTile":"tile_0_0","sourceFeatureCount":28995,"heightEstimated":false},"geometry":{"type":"Polygon","coordinates":[[[114.074964,30.44557],[114.07311,30.445298],[114.073321,30.44423],[114.075174,30.444501],[114.074964,30.44557]]]}},{"type":"Feature","id":"af378211-dffd-44e7-9e69-ebbe29b16833","properties":{"id":"af378211-dffd-44e7-9e69-ebbe29b16833","height":15,"num_floors":5,"class":"industrial","areaM2":21612,"sourceTile":"tile_0_0","sourceFeatureCount":28995,"heightEstimated":false},"geometry":{"type":"Polygon","coordinates":[[[114.074683,30.446905],[114.072829,30.446634],[114.073039,30.445565],[114.074893,30.445836],[114.074683,30.446905]]]}},{"type":"Feature","id":"a5d63cbe-0c21-41ac-aa8b-8da120bd329a","properties":{"id":"a5d63cbe-0c21-41ac-aa8b-8da120bd329a","height":22,"num_floors":7,"class":"building","areaM2":7,"sourceTile":"tile_0_0","sourceFeatureCount":28995,"heightEstimated":true},"geometry":{"type":"Polygon","coordinates":[[[114.074894,30.446829],[114.074877,30.44677],[114.074899,30.446771],[114.074894,30.446829]]]}},{"type":"Feature","id":"80923b02-301e-4200-b21a-451743fe2d68","properties":{"id":"80923b02-301e-4200-b21a-451743fe2d68","height":6,"num_floors":2,"class":"industrial","areaM2":38489,"sourceTile":"tile_0_0","sourceFeatureCount":28995,"heightEstimated":false},"geometry":{"type":"Polygon","coordinates":[[[114.076993,30.454542],[114.074058,30.454194],[114.074251,30.45298],[114.077186,30.453328],[114.076993,30.454542]]]}},{"type":"Feature","id":"39830e16-2304-484f-98e6-9ef01087ae71","properties":{"id":"39830e16-2304-484f-98e6-9ef01087ae71","height":6,"num_floors":2,"class":"industrial","areaM2":20211,"sourceTile":"tile_0_0","sourceFeatureCount":28995,"heightEstimated":false},"geometry":{"type":"Polygon","coordinates":[[[114.078765,30.451577],[114.076213,30.451177],[114.076366,30.450454],[114.078917,30.450854],[114.078765,30.451577]]]}},{"type":"Feature","id":"bd3b36bd-880e-4ecc-a362-c85da7ac3b31","properties":{"id":"bd3b36bd-880e-4ecc-a362-c85da7ac3b31","height":10,"num_floors":3,"class":"industrial","areaM2":20663,"sourceTile":"tile_0_0","sourceFeatureCount":28995,"heightEstimated":false},"geometry":{"type":"Polygon","coordinates":[[[114.085247,30.448289],[114.084147,30.447798],[114.084987,30.446401],[114.086086,30.446893],[114.085247,30.448289]]]}},{"type":"Feature","id":"464d7e79-a7e4-4a94-bd59-485a37aee65d","properties":{"id":"464d7e79-a7e4-4a94-bd59-485a37aee65d","height":6,"num_floors":2,"class":"industrial","areaM2":21998,"sourceTile":"tile_0_0","sourceFeatureCount":28995,"heightEstimated":false},"geometry":{"type":"Polygon","coordinates":[[[114.086227,30.452915],[114.08504,30.452783],[114.085298,30.451064],[114.086484,30.451196],[114.086227,30.452915]]]}},{"type":"Feature","id":"a427a9dc-3b18-46b1-adb8-fe9e7ecc7b9c","properties":{"id":"a427a9dc-3b18-46b1-adb8-fe9e7ecc7b9c","height":9,"num_floors":3,"class":"industrial","areaM2":20550,"sourceTile":"tile_0_0","sourceFeatureCount":28995,"heightEstimated":false},"geometry":{"type":"Polygon","coordinates":[[[114.085561,30.448793],[114.085318,30.450065],[114.083836,30.449854],[114.084079,30.448582],[114.085561,30.448793]]]}},{"type":"Feature","id":"6d11c4c0-df6a-4231-87b8-90f93432d76b","properties":{"id":"6d11c4c0-df6a-4231-87b8-90f93432d76b","height":40,"num_floors":13,"class":"building","areaM2":407,"sourceTile":"tile_0_0","sourceFeatureCount":28995,"heightEstimated":false},"geometry":{"type":"Polygon","coordinates":[[[114.084575,30.459768],[114.084083,30.459873],[114.08411,30.459711],[114.084575,30.459768]]]}},{"type":"Feature","id":"037b4cab-b5c4-451e-8b7c-6c21c3431ec3","properties":{"id":"037b4cab-b5c4-451e-8b7c-6c21c3431ec3","height":134,"num_floors":42,"class":"building","areaM2":22677,"sourceTile":"tile_0_0","sourceFeatureCount":28995,"heightEstimated":true},"geometry":{"type":"Polygon","coordinates":[[[114.084449,30.455928],[114.085772,30.455997],[114.084493,30.456105],[114.08444,30.456514],[114.083519,30.456425],[114.084016,30.453587],[114.084488,30.453632],[114.084449,30.455928]]]}},{"type":"Feature","id":"74dcfa53-dd17-4f6c-8bd0-d81aa7c111ea","properties":{"id":"74dcfa53-dd17-4f6c-8bd0-d81aa7c111ea","height":8,"num_floors":3,"class":"building","areaM2":22587,"sourceTile":"tile_0_0","sourceFeatureCount":28995,"heightEstimated":false},"geometry":{"type":"Polygon","coordinates":[[[114.083305,30.456372],[114.080845,30.455968],[114.080999,30.455189],[114.083486,30.455475],[114.083305,30.456372]]]}},{"type":"Feature","id":"68a629b1-220b-4712-89ef-7f6c9e7dc8b1","properties":{"id":"68a629b1-220b-4712-89ef-7f6c9e7dc8b1","height":8,"num_floors":3,"class":"building","areaM2":25935,"sourceTile":"tile_0_0","sourceFeatureCount":28995,"heightEstimated":false},"geometry":{"type":"Polygon","coordinates":[[[114.083459,30.455292],[114.080934,30.45494],[114.081111,30.453996],[114.083636,30.454348],[114.083459,30.455292]]]}},{"type":"Feature","id":"8bc2ea75-1f6a-4552-a1e9-91cb164d1bd9","properties":{"id":"8bc2ea75-1f6a-4552-a1e9-91cb164d1bd9","height":28,"num_floors":9,"class":"building","areaM2":7,"sourceTile":"tile_0_0","sourceFeatureCount":28995,"heightEstimated":true},"geometry":{"type":"Polygon","coordinates":[[[114.079892,30.465942],[114.079932,30.465908],[114.079938,30.465934],[114.079892,30.465942]]]}},{"type":"Feature","id":"a8ff36d5-8ef8-42c3-a58a-4649efdf5714","properties":{"id":"a8ff36d5-8ef8-42c3-a58a-4649efdf5714","height":35,"num_floors":11,"class":"building","areaM2":92,"sourceTile":"tile_0_0","sourceFeatureCount":28995,"heightEstimated":true},"geometry":{"type":"Polygon","coordinates":[[[114.086499,30.488745],[114.086668,30.488644],[114.086664,30.48875],[114.086499,30.488745]]]}},{"type":"Feature","id":"e7d04202-4395-4147-8cbb-90dd272359f8","properties":{"id":"e7d04202-4395-4147-8cbb-90dd272359f8","height":8,"num_floors":3,"class":"building","areaM2":25,"sourceTile":"tile_0_0","sourceFeatureCount":28995,"heightEstimated":true},"geometry":{"type":"Polygon","coordinates":[[[114.089673,30.474601],[114.089802,30.474608],[114.089785,30.474643],[114.089673,30.474601]]]}},{"type":"Feature","id":"19def779-60d1-4bed-ad5a-61bf650d7e85","properties":{"id":"19def779-60d1-4bed-ad5a-61bf650d7e85","height":8,"num_floors":3,"class":"building","areaM2":22,"sourceTile":"tile_0_0","sourceFeatureCount":28995,"heightEstimated":true},"geometry":{"type":"Polygon","coordinates":[[[114.093438,30.488562],[114.09337,30.488499],[114.093432,30.488495],[114.093438,30.488562]]]}},{"type":"Feature","id":"d805be4b-b35d-44f6-8872-da0e8043ec82","properties":{"id":"d805be4b-b35d-44f6-8872-da0e8043ec82","height":114,"num_floors":36,"class":"warehouse","areaM2":23960,"sourceTile":"tile_0_0","sourceFeatureCount":28995,"heightEstimated":true},"geometry":{"type":"Polygon","coordinates":[[[114.094286,30.46238],[114.092708,30.462165],[114.093005,30.460764],[114.094616,30.461043],[114.094286,30.46238]]]}},{"type":"Feature","id":"d388762a-b1cf-4d62-8eb4-44ed95edef48","properties":{"id":"d388762a-b1cf-4d62-8eb4-44ed95edef48","height":21,"num_floors":7,"class":"building","areaM2":76,"sourceTile":"tile_0_0","sourceFeatureCount":28995,"heightEstimated":false},"geometry":{"type":"Polygon","coordinates":[[[114.089152,30.46351],[114.089313,30.463428],[114.089297,30.463525],[114.089152,30.46351]]]}},{"type":"Feature","id":"eaf1ad4f-da48-4b4e-b367-0b1eec8b3848","properties":{"id":"eaf1ad4f-da48-4b4e-b367-0b1eec8b3848","height":12,"num_floors":4,"class":"industrial","areaM2":16533,"sourceTile":"tile_0_0","sourceFeatureCount":28995,"heightEstimated":false},"geometry":{"type":"Polygon","coordinates":[[[114.090425,30.450804],[114.089238,30.450654],[114.08944,30.449375],[114.090642,30.449527],[114.090425,30.450804]]]}},{"type":"Feature","id":"7e51f838-55a5-41e6-b2db-ae373ccef9b2","properties":{"id":"7e51f838-55a5-41e6-b2db-ae373ccef9b2","height":16,"num_floors":5,"class":"building","areaM2":90,"sourceTile":"tile_0_0","sourceFeatureCount":28995,"heightEstimated":true},"geometry":{"type":"Polygon","coordinates":[[[114.093617,30.44356],[114.093792,30.443643],[114.093638,30.443666],[114.093617,30.44356]]]}},{"type":"Feature","id":"3256f49e-105b-4115-b0aa-69e23c7ff724","properties":{"id":"3256f49e-105b-4115-b0aa-69e23c7ff724","height":18,"num_floors":6,"class":"building","areaM2":81,"sourceTile":"tile_0_0","sourceFeatureCount":28995,"heightEstimated":true},"geometry":{"type":"Polygon","coordinates":[[[114.079438,30.41324],[114.079612,30.413127],[114.079515,30.413277],[114.079438,30.41324]]]}},{"type":"Feature","id":"05cc4688-a101-4df9-a612-ba2eb9f6a73c","properties":{"id":"05cc4688-a101-4df9-a612-ba2eb9f6a73c","height":18,"num_floors":6,"class":"building","areaM2":24,"sourceTile":"tile_0_0","sourceFeatureCount":28995,"heightEstimated":true},"geometry":{"type":"Polygon","coordinates":[[[114.08042,30.408643],[114.080511,30.408604],[114.080481,30.408666],[114.08042,30.408643]]]}},{"type":"Feature","id":"903ce2b3-8df0-46f6-9481-59e81e765bd3","properties":{"id":"903ce2b3-8df0-46f6-9481-59e81e765bd3","height":27,"num_floors":8,"class":"building","areaM2":152,"sourceTile":"tile_0_0","sourceFeatureCount":28995,"heightEstimated":true},"geometry":{"type":"Polygon","coordinates":[[[114.082792,30.406552],[114.082558,30.406644],[114.082629,30.406494],[114.082792,30.406552]]]}},{"type":"Feature","id":"1b8df2a5-ab48-46a1-81b2-5d5b1a9eb38e","properties":{"id":"1b8df2a5-ab48-46a1-81b2-5d5b1a9eb38e","height":25,"num_floors":8,"class":"building","areaM2":28,"sourceTile":"tile_0_0","sourceFeatureCount":28995,"heightEstimated":true},"geometry":{"type":"Polygon","coordinates":[[[114.084693,30.405363],[114.084583,30.405358],[114.084641,30.405313],[114.084693,30.405363]]]}},{"type":"Feature","id":"f12c678e-0ae4-4c3c-83b3-b704b5d68cd1","properties":{"id":"f12c678e-0ae4-4c3c-83b3-b704b5d68cd1","height":10,"num_floors":3,"class":"building","areaM2":27570,"sourceTile":"tile_0_0","sourceFeatureCount":28995,"heightEstimated":false},"geometry":{"type":"Polygon","coordinates":[[[114.096828,30.454165],[114.094563,30.453442],[114.094997,30.452433],[114.097261,30.453155],[114.096828,30.454165]]]}},{"type":"Feature","id":"16bab517-4ac4-4d31-abe2-c84b62aad519","properties":{"id":"16bab517-4ac4-4d31-abe2-c84b62aad519","height":30,"num_floors":9,"class":"building","areaM2":67,"sourceTile":"tile_0_0","sourceFeatureCount":28995,"heightEstimated":true},"geometry":{"type":"Polygon","coordinates":[[[114.096642,30.451842],[114.096447,30.451737],[114.09666,30.451787],[114.096642,30.451842]]]}},{"type":"Feature","id":"0ef0b52a-ac2e-47e0-be5f-4b3724d5921c","properties":{"id":"0ef0b52a-ac2e-47e0-be5f-4b3724d5921c","height":134,"num_floors":42,"class":"warehouse","areaM2":26888,"sourceTile":"tile_0_0","sourceFeatureCount":28995,"heightEstimated":true},"geometry":{"type":"Polygon","coordinates":[[[114.099948,30.461909],[114.097771,30.461281],[114.098209,30.460212],[114.100312,30.460846],[114.099948,30.461909]]]}},{"type":"Feature","id":"628bfaf3-bc42-4d45-92e1-a7808996433b","properties":{"id":"628bfaf3-bc42-4d45-92e1-a7808996433b","height":104,"num_floors":33,"class":"building","areaM2":19892,"sourceTile":"tile_0_0","sourceFeatureCount":28995,"heightEstimated":true},"geometry":{"type":"Polygon","coordinates":[[[114.099921,30.46611],[114.098431,30.465442],[114.098971,30.464466],[114.100521,30.465111],[114.099921,30.46611]]]}},{"type":"Feature","id":"7fa8a765-aa0f-452a-b3ca-8d748c2bad51","properties":{"id":"7fa8a765-aa0f-452a-b3ca-8d748c2bad51","height":5,"num_floors":2,"class":"building","areaM2":18262,"sourceTile":"tile_0_0","sourceFeatureCount":28995,"heightEstimated":false},"geometry":{"type":"Polygon","coordinates":[[[114.097947,30.465166],[114.096419,30.464667],[114.096852,30.463682],[114.09838,30.464181],[114.097947,30.465166]]]}},{"type":"Feature","id":"efa1766e-9b7f-4c95-91b7-244fc88fd2c9","properties":{"id":"efa1766e-9b7f-4c95-91b7-244fc88fd2c9","height":100,"num_floors":31,"class":"building","areaM2":18328,"sourceTile":"tile_0_0","sourceFeatureCount":28995,"heightEstimated":true},"geometry":{"type":"Polygon","coordinates":[[[114.097239,30.468512],[114.097584,30.467556],[114.099147,30.468226],[114.09854,30.469224],[114.097239,30.468512]]]}},{"type":"Feature","id":"666dfc14-866d-4e4d-b721-f6ea061695cf","properties":{"id":"666dfc14-866d-4e4d-b721-f6ea061695cf","height":30,"num_floors":9,"class":"building","areaM2":13,"sourceTile":"tile_0_0","sourceFeatureCount":28995,"heightEstimated":true},"geometry":{"type":"Polygon","coordinates":[[[114.098266,30.487285],[114.098257,30.487216],[114.098296,30.487234],[114.098266,30.487285]]]}},{"type":"Feature","id":"9515482f-19c4-475a-b81a-0918e1330aa3","properties":{"id":"9515482f-19c4-475a-b81a-0918e1330aa3","height":36,"num_floors":11,"class":"building","areaM2":81,"sourceTile":"tile_0_0","sourceFeatureCount":28995,"heightEstimated":true},"geometry":{"type":"Polygon","coordinates":[[[114.103206,30.474283],[114.103346,30.474391],[114.103214,30.474398],[114.103206,30.474283]]]}},{"type":"Feature","id":"3e15a7ae-5582-48f7-8ebd-f7840a5b9044","properties":{"id":"3e15a7ae-5582-48f7-8ebd-f7840a5b9044","height":10,"num_floors":3,"class":"building","areaM2":25150,"sourceTile":"tile_0_0","sourceFeatureCount":28995,"heightEstimated":false},"geometry":{"type":"Polygon","coordinates":[[[114.109059,30.462298],[114.108001,30.461804],[114.109088,30.460072],[114.110147,30.460566],[114.109059,30.462298]]]}},{"type":"Feature","id":"53d7b532-3a2b-4fa2-a29d-84d9b0dbab56","properties":{"id":"53d7b532-3a2b-4fa2-a29d-84d9b0dbab56","height":10,"num_floors":3,"class":"building","areaM2":25153,"sourceTile":"tile_0_0","sourceFeatureCount":28995,"heightEstimated":false},"geometry":{"type":"Polygon","coordinates":[[[114.109253,30.459414],[114.108194,30.458919],[114.109282,30.457188],[114.110341,30.457682],[114.109253,30.459414]]]}},{"type":"Feature","id":"950d36b8-f3db-4d63-9664-58d24e6d5c85","properties":{"id":"950d36b8-f3db-4d63-9664-58d24e6d5c85","height":10,"num_floors":3,"class":"building","areaM2":25151,"sourceTile":"tile_0_0","sourceFeatureCount":28995,"heightEstimated":false},"geometry":{"type":"Polygon","coordinates":[[[114.107774,30.461598],[114.106715,30.461103],[114.107803,30.459372],[114.108862,30.459866],[114.107774,30.461598]]]}},{"type":"Feature","id":"de31b5e8-a75c-4a77-8fbe-99def6972f3c","properties":{"id":"de31b5e8-a75c-4a77-8fbe-99def6972f3c","height":144,"num_floors":45,"class":"building","areaM2":37214,"sourceTile":"tile_0_0","sourceFeatureCount":28995,"heightEstimated":true},"geometry":{"type":"Polygon","coordinates":[[[114.106187,30.465829],[114.105922,30.466075],[114.105632,30.465572],[114.105161,30.466113],[114.105793,30.466427],[114.105663,30.466638],[114.104582,30.466138],[114.10502,30.466037],[114.104553,30.46582],[114.104813,30.46554],[114.104398,30.465261],[114.10459,30.464949],[114.10497,30.465124],[114.104686,30.464874],[114.104931,30.464478],[114.105339,30.464526],[114.105918,30.464013],[114.107096,30.464559],[114.106129,30.466106],[114.106187,30.465829]]]}},{"type":"Feature","id":"c100ab00-2502-4c3e-a2ab-c2b4a7ef5504","properties":{"id":"c100ab00-2502-4c3e-a2ab-c2b4a7ef5504","height":10,"num_floors":3,"class":"industrial","areaM2":18146,"sourceTile":"tile_0_0","sourceFeatureCount":28995,"heightEstimated":false},"geometry":{"type":"Polygon","coordinates":[[[114.102949,30.459324],[114.103193,30.458743],[114.105795,30.459556],[114.10555,30.460137],[114.102949,30.459324]]]}},{"type":"Feature","id":"68a770cd-dc52-4fef-a063-197c7256af1d","properties":{"id":"68a770cd-dc52-4fef-a063-197c7256af1d","height":10,"num_floors":3,"class":"industrial","areaM2":41167,"sourceTile":"tile_0_0","sourceFeatureCount":28995,"heightEstimated":false},"geometry":{"type":"Polygon","coordinates":[[[114.104223,30.457962],[114.101847,30.457184],[114.102482,30.455746],[114.10485,30.456548],[114.104223,30.457962]]]}},{"type":"Feature","id":"8c620086-f9ce-4d24-ae07-bc7136f4f06e","properties":{"id":"8c620086-f9ce-4d24-ae07-bc7136f4f06e","height":8,"num_floors":3,"class":"building","areaM2":6,"sourceTile":"tile_0_0","sourceFeatureCount":28995,"heightEstimated":true},"geometry":{"type":"Polygon","coordinates":[[[114.104837,30.455261],[114.104863,30.455307],[114.104841,30.455309],[114.104837,30.455261]]]}},{"type":"Feature","id":"792abe43-ff47-4d45-b0d6-c87a4609e7b2","properties":{"id":"792abe43-ff47-4d45-b0d6-c87a4609e7b2","height":10,"num_floors":3,"class":"industrial","areaM2":72961,"sourceTile":"tile_0_0","sourceFeatureCount":28995,"heightEstimated":false},"geometry":{"type":"Polygon","coordinates":[[[114.107161,30.456544],[114.105803,30.459053],[114.106043,30.459133],[114.105944,30.459347],[114.105184,30.459096],[114.10528,30.45888],[114.104967,30.45878],[114.104874,30.459001],[114.101989,30.45786],[114.102175,30.457405],[114.104312,30.458116],[114.105275,30.455911],[114.107161,30.456544]]]}},{"type":"Feature","id":"cabe8e0f-812d-4e87-b4d5-d1ad0661459d","properties":{"id":"cabe8e0f-812d-4e87-b4d5-d1ad0661459d","height":101,"num_floors":32,"class":"building","areaM2":15690,"sourceTile":"tile_0_0","sourceFeatureCount":28995,"heightEstimated":true},"geometry":{"type":"Polygon","coordinates":[[[114.103087,30.452285],[114.103402,30.451684],[114.105512,30.452399],[114.105013,30.45298],[114.103087,30.452285]]]}},{"type":"Feature","id":"bde612f8-3667-4921-87d1-aa6fb8638dc2","properties":{"id":"bde612f8-3667-4921-87d1-aa6fb8638dc2","height":105,"num_floors":33,"class":"building","areaM2":17502,"sourceTile":"tile_0_0","sourceFeatureCount":28995,"heightEstimated":true},"geometry":{"type":"Polygon","coordinates":[[[114.107639,30.454107],[114.1073,30.453588],[114.107011,30.45385],[114.107225,30.453346],[114.107003,30.453752],[114.105427,30.453106],[114.105786,30.452449],[114.107987,30.453425],[114.107639,30.454107]]]}},{"type":"Feature","id":"511215f1-f748-49ce-89db-16d04152aa6b","properties":{"id":"511215f1-f748-49ce-89db-16d04152aa6b","height":117,"num_floors":37,"class":"building","areaM2":14841,"sourceTile":"tile_0_0","sourceFeatureCount":28995,"heightEstimated":true},"geometry":{"type":"Polygon","coordinates":[[[114.117304,30.449883],[114.116492,30.451199],[114.115665,30.450816],[114.116477,30.4495],[114.117304,30.449883]]]}},{"type":"Feature","id":"4491e812-4cfe-4658-b118-8772aef812a6","properties":{"id":"4491e812-4cfe-4658-b118-8772aef812a6","height":6,"num_floors":2,"class":"building","areaM2":14674,"sourceTile":"tile_0_0","sourceFeatureCount":28995,"heightEstimated":false},"geometry":{"type":"Polygon","coordinates":[[[114.117395,30.451645],[114.116574,30.451253],[114.117402,30.449963],[114.118223,30.450355],[114.117395,30.451645]]]}},{"type":"Feature","id":"96b82834-d72b-4414-b0d3-484d52e033ee","properties":{"id":"96b82834-d72b-4414-b0d3-484d52e033ee","height":6,"num_floors":2,"class":"building","areaM2":20119,"sourceTile":"tile_0_0","sourceFeatureCount":28995,"heightEstimated":false},"geometry":{"type":"Polygon","coordinates":[[[114.114598,30.452745],[114.113551,30.452245],[114.114441,30.450858],[114.115488,30.451358],[114.114598,30.452745]]]}},{"type":"Feature","id":"5917f968-843c-4dce-b3ca-b4f00f3553c8","properties":{"id":"5917f968-843c-4dce-b3ca-b4f00f3553c8","height":6,"num_floors":2,"class":"building","areaM2":18666,"sourceTile":"tile_0_0","sourceFeatureCount":28995,"heightEstimated":false},"geometry":{"type":"Polygon","coordinates":[[[114.117952,30.458116],[114.116684,30.457514],[114.117365,30.456449],[114.118633,30.457051],[114.117952,30.458116]]]}},{"type":"Feature","id":"bd2330d8-b600-4226-9c44-805401a29a5b","properties":{"id":"bd2330d8-b600-4226-9c44-805401a29a5b","height":6,"num_floors":2,"class":"building","areaM2":21515,"sourceTile":"tile_0_0","sourceFeatureCount":28995,"heightEstimated":false},"geometry":{"type":"Polygon","coordinates":[[[114.117056,30.459586],[114.11578,30.458986],[114.116554,30.457761],[114.11783,30.458361],[114.117056,30.459586]]]}},{"type":"Feature","id":"b7dcddbf-f34d-4f25-a742-22a5e90a481f","properties":{"id":"b7dcddbf-f34d-4f25-a742-22a5e90a481f","height":18,"num_floors":6,"class":"building","areaM2":313,"sourceTile":"tile_0_0","sourceFeatureCount":28995,"heightEstimated":true},"geometry":{"type":"Polygon","coordinates":[[[114.117559,30.465247],[114.11759,30.46488],[114.117745,30.464954],[114.117559,30.465247]]]}},{"type":"Feature","id":"cb90514b-52e2-4b3e-8dfd-2a5d6531f345","properties":{"id":"cb90514b-52e2-4b3e-8dfd-2a5d6531f345","height":10,"num_floors":3,"class":"building","areaM2":18059,"sourceTile":"tile_0_0","sourceFeatureCount":28995,"heightEstimated":false},"geometry":{"type":"Polygon","coordinates":[[[114.115573,30.463605],[114.113774,30.462828],[114.114357,30.462085],[114.116017,30.46283],[114.115573,30.463605]]]}},{"type":"Feature","id":"103bdb06-0d91-4da0-b26e-4fdbef4edc83","properties":{"id":"103bdb06-0d91-4da0-b26e-4fdbef4edc83","height":10,"num_floors":3,"class":"building","areaM2":17358,"sourceTile":"tile_0_0","sourceFeatureCount":28995,"heightEstimated":false},"geometry":{"type":"Polygon","coordinates":[[[114.113236,30.463783],[114.113683,30.463064],[114.115452,30.463881],[114.115006,30.4646],[114.113236,30.463783]]]}},{"type":"Feature","id":"3e371625-078f-414c-9252-eb17e43a9d79","properties":{"id":"3e371625-078f-414c-9252-eb17e43a9d79","height":10,"num_floors":3,"class":"building","areaM2":22164,"sourceTile":"tile_0_0","sourceFeatureCount":28995,"heightEstimated":false},"geometry":{"type":"Polygon","coordinates":[[[114.113471,30.464959],[114.111482,30.463999],[114.11199,30.463217],[114.113994,30.464133],[114.113471,30.464959]]]}},{"type":"Feature","id":"38fb6112-afef-410a-b97e-702114c2c40c","properties":{"id":"38fb6112-afef-410a-b97e-702114c2c40c","height":10,"num_floors":3,"class":"building","areaM2":16485,"sourceTile":"tile_0_0","sourceFeatureCount":28995,"heightEstimated":false},"geometry":{"type":"Polygon","coordinates":[[[114.112797,30.46339],[114.112092,30.46306],[114.113163,30.461359],[114.113868,30.461689],[114.112797,30.46339]]]}},{"type":"Feature","id":"502dfd3a-7873-4485-bee2-2d4856f27de6","properties":{"id":"502dfd3a-7873-4485-bee2-2d4856f27de6","height":6,"num_floors":2,"class":"building","areaM2":43082,"sourceTile":"tile_0_0","sourceFeatureCount":28995,"heightEstimated":false},"geometry":{"type":"Polygon","coordinates":[[[114.113596,30.457904],[114.112476,30.457378],[114.114246,30.454581],[114.115365,30.455108],[114.113596,30.457904]]]}},{"type":"Feature","id":"84341906-b58a-425d-a66b-e6378a923926","properties":{"id":"84341906-b58a-425d-a66b-e6378a923926","height":10,"num_floors":3,"class":"building","areaM2":21377,"sourceTile":"tile_0_0","sourceFeatureCount":28995,"heightEstimated":false},"geometry":{"type":"Polygon","coordinates":[[[114.111618,30.460885],[114.110602,30.460418],[114.111557,30.458874],[114.112573,30.459341],[114.111618,30.460885]]]}},{"type":"Feature","id":"3897229a-1fb5-4974-b7e1-1df1ff4f9708","properties":{"id":"3897229a-1fb5-4974-b7e1-1df1ff4f9708","height":6,"num_floors":2,"class":"building","areaM2":66171,"sourceTile":"tile_0_0","sourceFeatureCount":28995,"heightEstimated":false},"geometry":{"type":"Polygon","coordinates":[[[114.112254,30.457189],[114.109878,30.456116],[114.11113,30.454056],[114.113506,30.455129],[114.112254,30.457189]]]}},{"type":"Feature","id":"be222fb9-26b5-45f4-b508-2a99a5f3390c","properties":{"id":"be222fb9-26b5-45f4-b508-2a99a5f3390c","height":10,"num_floors":3,"class":"building","areaM2":22935,"sourceTile":"tile_0_0","sourceFeatureCount":28995,"heightEstimated":false},"geometry":{"type":"Polygon","coordinates":[[[114.110551,30.459877],[114.109489,30.459378],[114.110481,30.457809],[114.111544,30.458308],[114.110551,30.459877]]]}},{"type":"Feature","id":"baefd33a-63fe-439f-aad0-6ae21822a5b6","properties":{"id":"baefd33a-63fe-439f-aad0-6ae21822a5b6","height":10,"num_floors":3,"class":"building","areaM2":25150,"sourceTile":"tile_0_0","sourceFeatureCount":28995,"heightEstimated":false},"geometry":{"type":"Polygon","coordinates":[[[114.110373,30.462982],[114.109314,30.462488],[114.110402,30.460756],[114.111461,30.461251],[114.110373,30.462982]]]}},{"type":"Feature","id":"89f14de7-af29-4181-87ec-4abc25535339","properties":{"id":"89f14de7-af29-4181-87ec-4abc25535339","height":10,"num_floors":3,"class":"house","areaM2":21,"sourceTile":"tile_0_0","sourceFeatureCount":28995,"heightEstimated":false},"geometry":{"type":"Polygon","coordinates":[[[114.115908,30.480498],[114.115859,30.480509],[114.115886,30.480421],[114.115908,30.480498]]]}},{"type":"Feature","id":"4a2d40dd-c131-40d5-8c36-5184855ecef4","properties":{"id":"4a2d40dd-c131-40d5-8c36-5184855ecef4","height":18,"num_floors":6,"class":"house","areaM2":113,"sourceTile":"tile_0_0","sourceFeatureCount":28995,"heightEstimated":false},"geometry":{"type":"Polygon","coordinates":[[[114.116424,30.474644],[114.116227,30.474742],[114.11624,30.474628],[114.116424,30.474644]]]}},{"type":"Feature","id":"d44986aa-4d06-41ca-a8a7-da7fb803fc0a","properties":{"id":"d44986aa-4d06-41ca-a8a7-da7fb803fc0a","height":24,"num_floors":8,"class":"building","areaM2":655,"sourceTile":"tile_0_0","sourceFeatureCount":28995,"heightEstimated":false},"geometry":{"type":"Polygon","coordinates":[[[114.118192,30.469696],[114.117469,30.469556],[114.117564,30.469404],[114.118192,30.469696]]]}},{"type":"Feature","id":"a6d898bc-b12a-4f25-9ac9-cd91fd63b20e","properties":{"id":"a6d898bc-b12a-4f25-9ac9-cd91fd63b20e","height":15,"num_floors":5,"class":"building","areaM2":22243,"sourceTile":"tile_0_0","sourceFeatureCount":28995,"heightEstimated":false},"geometry":{"type":"Polygon","coordinates":[[[114.119671,30.473286],[114.11731,30.472223],[114.117733,30.471525],[114.120093,30.472587],[114.119671,30.473286]]]}},{"type":"Feature","id":"b1df161e-2bc2-48fe-9c89-50e320c387e2","properties":{"id":"b1df161e-2bc2-48fe-9c89-50e320c387e2","height":36,"num_floors":11,"class":"building","areaM2":191,"sourceTile":"tile_0_0","sourceFeatureCount":28995,"heightEstimated":false},"geometry":{"type":"Polygon","coordinates":[[[114.118044,30.480492],[114.118204,30.480803],[114.11796,30.480553],[114.118044,30.480492]]]}},{"type":"Feature","id":"98e13ae7-eb26-4173-99b6-523505b6ebc0","properties":{"id":"98e13ae7-eb26-4173-99b6-523505b6ebc0","height":27,"num_floors":8,"class":"building","areaM2":102,"sourceTile":"tile_0_0","sourceFeatureCount":28995,"heightEstimated":true},"geometry":{"type":"Polygon","coordinates":[[[114.124127,30.481606],[114.12407,30.4818],[114.12399,30.481736],[114.124127,30.481606]]]}},{"type":"Feature","id":"68161ced-b2e7-42a1-98ad-918cd8c837b3","properties":{"id":"68161ced-b2e7-42a1-98ad-918cd8c837b3","height":6,"num_floors":2,"class":"building","areaM2":15425,"sourceTile":"tile_0_0","sourceFeatureCount":28995,"heightEstimated":false},"geometry":{"type":"Polygon","coordinates":[[[114.124588,30.479467],[114.12389,30.479136],[114.124912,30.477536],[114.12561,30.477867],[114.124588,30.479467]]]}},{"type":"Feature","id":"75232887-014f-4a05-81e2-8b3fa38053ea","properties":{"id":"75232887-014f-4a05-81e2-8b3fa38053ea","height":6,"num_floors":2,"class":"building","areaM2":15818,"sourceTile":"tile_0_0","sourceFeatureCount":28995,"heightEstimated":false},"geometry":{"type":"Polygon","coordinates":[[[114.122454,30.474421],[114.121764,30.474098],[114.122816,30.47243],[114.123506,30.472753],[114.122454,30.474421]]]}},{"type":"Feature","id":"7e344db3-da78-4910-9735-dda73817a6ca","properties":{"id":"7e344db3-da78-4910-9735-dda73817a6ca","height":9,"num_floors":3,"class":"industrial","areaM2":19663,"sourceTile":"tile_0_0","sourceFeatureCount":28995,"heightEstimated":false},"geometry":{"type":"Polygon","coordinates":[[[114.125216,30.457576],[114.123956,30.456984],[114.124673,30.45585],[114.125933,30.456442],[114.125216,30.457576]]]}},{"type":"Feature","id":"75b75645-6557-410b-850c-4ad605e0ea8d","properties":{"id":"75b75645-6557-410b-850c-4ad605e0ea8d","height":10,"num_floors":3,"class":"building","areaM2":28951,"sourceTile":"tile_0_0","sourceFeatureCount":28995,"heightEstimated":false},"geometry":{"type":"Polygon","coordinates":[[[114.123492,30.460054],[114.121297,30.459029],[114.121901,30.458067],[114.124096,30.459093],[114.123492,30.460054]]]}},{"type":"Feature","id":"8352ee2a-b5ed-474f-8ada-b018c0b85e38","properties":{"id":"8352ee2a-b5ed-474f-8ada-b018c0b85e38","height":28,"num_floors":9,"class":"building","areaM2":54,"sourceTile":"tile_0_0","sourceFeatureCount":28995,"heightEstimated":true},"geometry":{"type":"Polygon","coordinates":[[[114.123355,30.465566],[114.123439,30.465683],[114.123318,30.465635],[114.123355,30.465566]]]}},{"type":"Feature","id":"f71e0cb2-4242-4d54-94ae-63d535729d4a","properties":{"id":"f71e0cb2-4242-4d54-94ae-63d535729d4a","height":6,"num_floors":2,"class":"building","areaM2":49011,"sourceTile":"tile_0_0","sourceFeatureCount":28995,"heightEstimated":false},"geometry":{"type":"Polygon","coordinates":[[[114.121127,30.453664],[114.118472,30.452351],[114.119343,30.451042],[114.121998,30.452354],[114.121127,30.453664]]]}},{"type":"Feature","id":"8ab1114c-f8c8-4e11-9e47-79f9eb96edbb","properties":{"id":"8ab1114c-f8c8-4e11-9e47-79f9eb96edbb","height":6,"num_floors":2,"class":"building","areaM2":14122,"sourceTile":"tile_0_0","sourceFeatureCount":28995,"heightEstimated":false},"geometry":{"type":"Polygon","coordinates":[[[114.119657,30.454152],[114.119125,30.454998],[114.117908,30.454429],[114.11844,30.453583],[114.119657,30.454152]]]}},{"type":"Feature","id":"2b18dbb2-4828-4996-bcbb-615d36d02030","properties":{"id":"2b18dbb2-4828-4996-bcbb-615d36d02030","height":30,"num_floors":9,"class":"building","areaM2":30,"sourceTile":"tile_0_0","sourceFeatureCount":28995,"heightEstimated":true},"geometry":{"type":"Polygon","coordinates":[[[114.11757,30.407209],[114.117422,30.407215],[114.117553,30.407171],[114.11757,30.407209]]]}},{"type":"Feature","id":"821e2a24-a0c9-44dc-86c0-0a21045557fc","properties":{"id":"821e2a24-a0c9-44dc-86c0-0a21045557fc","height":36,"num_floors":11,"class":"building","areaM2":99,"sourceTile":"tile_0_0","sourceFeatureCount":28995,"heightEstimated":true},"geometry":{"type":"Polygon","coordinates":[[[114.13942,30.411018],[114.139185,30.410926],[114.139427,30.410942],[114.13942,30.411018]]]}},{"type":"Feature","id":"617e477b-f653-4a70-addb-98ad4c419094","properties":{"id":"617e477b-f653-4a70-addb-98ad4c419094","height":8,"num_floors":3,"class":"building","areaM2":9,"sourceTile":"tile_0_0","sourceFeatureCount":28995,"heightEstimated":true},"geometry":{"type":"Polygon","coordinates":[[[114.138866,30.406967],[114.13892,30.406929],[114.138927,30.406956],[114.138866,30.406967]]]}},{"type":"Feature","id":"6ddcc2c1-3caf-4a75-9b3f-d14f098b4e13","properties":{"id":"6ddcc2c1-3caf-4a75-9b3f-d14f098b4e13","height":13,"num_floors":4,"class":"building","areaM2":168,"sourceTile":"tile_0_0","sourceFeatureCount":28995,"heightEstimated":true},"geometry":{"type":"Polygon","coordinates":[[[114.127867,30.442452],[114.12842,30.4424],[114.128419,30.442457],[114.127867,30.442452]]]}},{"type":"Feature","id":"233354e6-bfd2-4ba8-a8c0-21a19b7cd89a","properties":{"id":"233354e6-bfd2-4ba8-a8c0-21a19b7cd89a","height":15,"num_floors":5,"class":"house","areaM2":21,"sourceTile":"tile_0_0","sourceFeatureCount":28995,"heightEstimated":false},"geometry":{"type":"Polygon","coordinates":[[[114.13385,30.462675],[114.133758,30.46271],[114.133768,30.462662],[114.13385,30.462675]]]}},{"type":"Feature","id":"6bb53966-4e57-4f59-9a64-2d508ec7fbdc","properties":{"id":"6bb53966-4e57-4f59-9a64-2d508ec7fbdc","height":13,"num_floors":4,"class":"building","areaM2":13,"sourceTile":"tile_0_0","sourceFeatureCount":28995,"heightEstimated":true},"geometry":{"type":"Polygon","coordinates":[[[114.12663,30.470867],[114.126555,30.470923],[114.126543,30.470898],[114.12663,30.470867]]]}},{"type":"Feature","id":"b3cf137d-feef-45b5-bcfe-f11387abd0e3","properties":{"id":"b3cf137d-feef-45b5-bcfe-f11387abd0e3","height":6,"num_floors":2,"class":"building","areaM2":14076,"sourceTile":"tile_0_0","sourceFeatureCount":28995,"heightEstimated":false},"geometry":{"type":"Polygon","coordinates":[[[114.129116,30.4754],[114.127306,30.474511],[114.127765,30.473817],[114.12881,30.47433],[114.12859,30.474663],[114.129355,30.475039],[114.129116,30.4754]]]}},{"type":"Feature","id":"9c86c56e-6587-4c22-abe1-4e04cd518f6e","properties":{"id":"9c86c56e-6587-4c22-abe1-4e04cd518f6e","height":17,"num_floors":5,"class":"building","areaM2":34,"sourceTile":"tile_0_0","sourceFeatureCount":28995,"heightEstimated":true},"geometry":{"type":"Polygon","coordinates":[[[114.12636,30.474247],[114.126232,30.474254],[114.126263,30.474203],[114.12636,30.474247]]]}},{"type":"Feature","id":"2a1b3c22-7ccc-46c4-891a-ee1c4690a8a9","properties":{"id":"2a1b3c22-7ccc-46c4-891a-ee1c4690a8a9","height":6,"num_floors":2,"class":"building","areaM2":256,"sourceTile":"tile_0_0","sourceFeatureCount":28995,"heightEstimated":false},"geometry":{"type":"Polygon","coordinates":[[[114.130471,30.480163],[114.130039,30.479951],[114.130527,30.480079],[114.130471,30.480163]]]}},{"type":"Feature","id":"cc0f7a71-0631-4c2c-a718-1fe0023d59e0","properties":{"id":"cc0f7a71-0631-4c2c-a718-1fe0023d59e0","height":10,"num_floors":3,"class":"building","areaM2":179,"sourceTile":"tile_0_0","sourceFeatureCount":28995,"heightEstimated":false},"geometry":{"type":"Polygon","coordinates":[[[114.132897,30.482473],[114.132585,30.482382],[114.132671,30.482299],[114.132897,30.482473]]]}},{"type":"Feature","id":"b78d507e-7473-4dd0-803d-6104667b2164","properties":{"id":"b78d507e-7473-4dd0-803d-6104667b2164","height":15,"num_floors":5,"class":"building","areaM2":122,"sourceTile":"tile_0_0","sourceFeatureCount":28995,"heightEstimated":false},"geometry":{"type":"Polygon","coordinates":[[[114.133005,30.466506],[114.132803,30.466413],[114.133021,30.466399],[114.133005,30.466506]]]}},{"type":"Feature","id":"ea9a074d-2427-4503-8a82-4c300a753b04","properties":{"id":"ea9a074d-2427-4503-8a82-4c300a753b04","height":10,"num_floors":3,"class":"building","areaM2":304,"sourceTile":"tile_0_0","sourceFeatureCount":28995,"heightEstimated":false},"geometry":{"type":"Polygon","coordinates":[[[114.135346,30.482323],[114.134892,30.482161],[114.134982,30.482067],[114.135346,30.482323]]]}},{"type":"Feature","id":"319bc143-e099-43ae-a802-325d56c81f4c","properties":{"id":"319bc143-e099-43ae-a802-325d56c81f4c","height":45,"num_floors":14,"class":"building","areaM2":362,"sourceTile":"tile_0_0","sourceFeatureCount":28995,"heightEstimated":false},"geometry":{"type":"Polygon","coordinates":[[[114.141344,30.489754],[114.140654,30.489836],[114.140657,30.489736],[114.141344,30.489754]]]}},{"type":"Feature","id":"06256074-905f-4b52-bd2b-af0eb2a39461","properties":{"id":"06256074-905f-4b52-bd2b-af0eb2a39461","height":12,"num_floors":4,"class":"building","areaM2":24362,"sourceTile":"tile_0_0","sourceFeatureCount":28995,"heightEstimated":false},"geometry":{"type":"Polygon","coordinates":[[[114.141088,30.47328],[114.140282,30.472886],[114.140914,30.471906],[114.142863,30.472836],[114.142259,30.473835],[114.14161,30.473525],[114.14183,30.4732],[114.141297,30.472935],[114.141088,30.47328]]]}},{"type":"Feature","id":"5e3b2bf8-9928-4182-aa5a-81a33e524a94","properties":{"id":"5e3b2bf8-9928-4182-aa5a-81a33e524a94","height":103,"num_floors":32,"class":"building","areaM2":16511,"sourceTile":"tile_0_0","sourceFeatureCount":28995,"heightEstimated":true},"geometry":{"type":"Polygon","coordinates":[[[114.140984,30.473953],[114.141941,30.474351],[114.141141,30.474103],[114.141899,30.474516],[114.141391,30.475322],[114.139977,30.474653],[114.140416,30.473956],[114.140984,30.473953]]]}},{"type":"Feature","id":"10cb93c6-1b58-4068-8452-d07f5b93fa4f","properties":{"id":"10cb93c6-1b58-4068-8452-d07f5b93fa4f","height":8,"num_floors":3,"class":"building","areaM2":51,"sourceTile":"tile_0_0","sourceFeatureCount":28995,"heightEstimated":true},"geometry":{"type":"Polygon","coordinates":[[[114.141509,30.465711],[114.141697,30.465734],[114.141666,30.465782],[114.141509,30.465711]]]}},{"type":"Feature","id":"e33ff75b-f16f-43b8-89c4-43126c96ec77","properties":{"id":"e33ff75b-f16f-43b8-89c4-43126c96ec77","height":5,"num_floors":2,"class":"building","areaM2":14283,"sourceTile":"tile_0_0","sourceFeatureCount":28995,"heightEstimated":false},"geometry":{"type":"Polygon","coordinates":[[[114.141628,30.46536],[114.140471,30.464811],[114.141042,30.463918],[114.142199,30.464467],[114.141628,30.46536]]]}},{"type":"Feature","id":"bae0f667-aceb-413f-9bb2-86cb8ce01852","properties":{"id":"bae0f667-aceb-413f-9bb2-86cb8ce01852","height":10,"num_floors":3,"class":"building","areaM2":45053,"sourceTile":"tile_0_0","sourceFeatureCount":28995,"heightEstimated":false},"geometry":{"type":"Polygon","coordinates":[[[114.14309,30.46438],[114.140426,30.463152],[114.141194,30.461913],[114.143859,30.46314],[114.14309,30.46438]]]}},{"type":"Feature","id":"cb4f119f-a43a-43a0-8bb5-8d15bdf18396","properties":{"id":"cb4f119f-a43a-43a0-8bb5-8d15bdf18396","height":7,"num_floors":2,"class":"building","areaM2":16452,"sourceTile":"tile_0_0","sourceFeatureCount":28995,"heightEstimated":false},"geometry":{"type":"Polygon","coordinates":[[[114.144039,30.461797],[114.143542,30.462575],[114.142011,30.461848],[114.142507,30.461071],[114.144039,30.461797]]]}},{"type":"Feature","id":"d2f08a22-a5ff-4a95-9d8c-c94f33a64a0c","properties":{"id":"d2f08a22-a5ff-4a95-9d8c-c94f33a64a0c","height":93,"num_floors":29,"class":"building","areaM2":15784,"sourceTile":"tile_0_0","sourceFeatureCount":28995,"heightEstimated":true},"geometry":{"type":"Polygon","coordinates":[[[114.138843,30.461944],[114.138103,30.461324],[114.139224,30.46023],[114.139963,30.460761],[114.13928,30.461488],[114.139105,30.461386],[114.139266,30.461503],[114.138843,30.461944]],[[114.139409,30.461009],[114.139383,30.460767],[114.139015,30.460762],[114.139409,30.461009]],[[114.138852,30.461217],[114.138915,30.461225],[114.138745,30.461103],[114.138852,30.461217]],[[114.138952,30.461277],[114.138966,30.461262],[114.138951,30.461263],[114.138952,30.461277]],[[114.139044,30.46133],[114.139037,30.461338],[114.139078,30.461355],[114.139044,30.46133]]]}},{"type":"Feature","id":"f30514f6-6ddc-4322-8a8c-e6a282cd8177","properties":{"id":"f30514f6-6ddc-4322-8a8c-e6a282cd8177","height":139,"num_floors":43,"class":"building","areaM2":23994,"sourceTile":"tile_0_0","sourceFeatureCount":28995,"heightEstimated":true},"geometry":{"type":"Polygon","coordinates":[[[114.141601,30.446155],[114.141867,30.446521],[114.142259,30.446451],[114.141463,30.446981],[114.140751,30.448056],[114.139574,30.446589],[114.141273,30.445679],[114.141406,30.445862],[114.140231,30.446503],[114.140439,30.446789],[114.141601,30.446155]]]}},{"type":"Feature","id":"33a041d9-7f50-45a1-bf4c-419036406c83","properties":{"id":"33a041d9-7f50-45a1-bf4c-419036406c83","height":8,"num_floors":3,"class":"building","areaM2":56,"sourceTile":"tile_0_0","sourceFeatureCount":28995,"heightEstimated":true},"geometry":{"type":"Polygon","coordinates":[[[114.143441,30.450172],[114.143427,30.450021],[114.143508,30.450136],[114.143441,30.450172]]]}},{"type":"Feature","id":"33e27dd3-e50f-4f41-abe6-52f0602ee306","properties":{"id":"33e27dd3-e50f-4f41-abe6-52f0602ee306","height":5,"num_floors":2,"class":"building","areaM2":20980,"sourceTile":"tile_0_0","sourceFeatureCount":28995,"heightEstimated":false},"geometry":{"type":"Polygon","coordinates":[[[114.144668,30.463092],[114.143678,30.462644],[114.144632,30.461077],[114.145622,30.461525],[114.144668,30.463092]]]}},{"type":"Feature","id":"541087a2-7766-44e3-8a6e-d8940462f830","properties":{"id":"541087a2-7766-44e3-8a6e-d8940462f830","height":14,"num_floors":4,"class":"building","areaM2":138,"sourceTile":"tile_0_0","sourceFeatureCount":28995,"heightEstimated":true},"geometry":{"type":"Polygon","coordinates":[[[114.145212,30.476987],[114.145113,30.477136],[114.144942,30.477129],[114.145212,30.476987]]]}},{"type":"Feature","id":"4fe480dd-fedb-48bc-85be-1dc933b7a74f","properties":{"id":"4fe480dd-fedb-48bc-85be-1dc933b7a74f","height":12,"num_floors":4,"class":"building","areaM2":23830,"sourceTile":"tile_0_0","sourceFeatureCount":28995,"heightEstimated":false},"geometry":{"type":"Polygon","coordinates":[[[114.145062,30.484999],[114.14389,30.485655],[114.142875,30.484305],[114.144047,30.48365],[114.145062,30.484999]]]}},{"type":"Feature","id":"906eb875-4206-4ff2-be3f-f9d5436e9f8a","properties":{"id":"906eb875-4206-4ff2-be3f-f9d5436e9f8a","height":12,"num_floors":4,"class":"building","areaM2":23828,"sourceTile":"tile_0_0","sourceFeatureCount":28995,"heightEstimated":false},"geometry":{"type":"Polygon","coordinates":[[[114.146197,30.486478],[114.145024,30.487133],[114.144009,30.485784],[114.145182,30.485128],[114.146197,30.486478]]]}},{"type":"Feature","id":"acca69cf-8ffb-4149-8cdf-1e75fec850ec","properties":{"id":"acca69cf-8ffb-4149-8cdf-1e75fec850ec","height":7,"num_floors":2,"class":"building","areaM2":27173,"sourceTile":"tile_0_0","sourceFeatureCount":28995,"heightEstimated":false},"geometry":{"type":"Polygon","coordinates":[[[114.150098,30.480201],[114.148845,30.480978],[114.147721,30.47963],[114.148974,30.478853],[114.150098,30.480201]]]}},{"type":"Feature","id":"e48a9553-3645-491a-a0c4-f836429ef4cc","properties":{"id":"e48a9553-3645-491a-a0c4-f836429ef4cc","height":80,"num_floors":25,"class":"building","areaM2":1384,"sourceTile":"tile_0_0","sourceFeatureCount":28995,"heightEstimated":false},"geometry":{"type":"Polygon","coordinates":[[[114.148249,30.483059],[114.147897,30.482636],[114.148101,30.48251],[114.148453,30.482933],[114.148249,30.483059]]]}},{"type":"Feature","id":"f5394bd1-0e1a-419f-9ee9-90783ff451fc","properties":{"id":"f5394bd1-0e1a-419f-9ee9-90783ff451fc","height":6,"num_floors":2,"class":"industrial","areaM2":19549,"sourceTile":"tile_0_0","sourceFeatureCount":28995,"heightEstimated":false},"geometry":{"type":"Polygon","coordinates":[[[114.149457,30.471735],[114.147761,30.470896],[114.148191,30.470052],[114.149986,30.470941],[114.149457,30.471735]]]}},{"type":"Feature","id":"c26f9282-2c6e-4317-b77f-aae4630dd649","properties":{"id":"c26f9282-2c6e-4317-b77f-aae4630dd649","height":26,"num_floors":8,"class":"building","areaM2":380,"sourceTile":"tile_0_0","sourceFeatureCount":28995,"heightEstimated":true},"geometry":{"type":"Polygon","coordinates":[[[114.147311,30.41804],[114.147301,30.417935],[114.147304,30.41782],[114.147469,30.417822],[114.147465,30.418042],[114.147311,30.41804]]]}},{"type":"Feature","id":"ed83bf5d-4117-4219-b59f-017a31b6802f","properties":{"id":"ed83bf5d-4117-4219-b59f-017a31b6802f","height":114,"num_floors":36,"class":"building","areaM2":14827,"sourceTile":"tile_0_0","sourceFeatureCount":28995,"heightEstimated":true},"geometry":{"type":"Polygon","coordinates":[[[114.145553,30.411813],[114.145146,30.411038],[114.145575,30.410876],[114.146887,30.413212],[114.146315,30.413428],[114.145573,30.411953],[114.145912,30.411884],[114.145553,30.411813]]]}},{"type":"Feature","id":"55fea10f-4cb7-4e80-9038-6c67a0cbcffc","properties":{"id":"55fea10f-4cb7-4e80-9038-6c67a0cbcffc","height":20,"num_floors":6,"class":"building","areaM2":45,"sourceTile":"tile_0_0","sourceFeatureCount":28995,"heightEstimated":true},"geometry":{"type":"Polygon","coordinates":[[[114.006609,30.491812],[114.006641,30.491931],[114.006555,30.491872],[114.006609,30.491812]]]}},{"type":"Feature","id":"9a148394-1fe7-40f0-95c1-1d76244847a8","properties":{"id":"9a148394-1fe7-40f0-95c1-1d76244847a8","height":25,"num_floors":8,"class":"building","areaM2":90,"sourceTile":"tile_0_0","sourceFeatureCount":28995,"heightEstimated":true},"geometry":{"type":"Polygon","coordinates":[[[114.017616,30.492044],[114.01747,30.491856],[114.017544,30.491837],[114.017616,30.492044]]]}},{"type":"Feature","id":"e0dcbe15-80ee-4ae3-87b6-6713f017448c","properties":{"id":"e0dcbe15-80ee-4ae3-87b6-6713f017448c","height":25,"num_floors":8,"class":"building","areaM2":27,"sourceTile":"tile_0_0","sourceFeatureCount":28995,"heightEstimated":true},"geometry":{"type":"Polygon","coordinates":[[[114.011992,30.503639],[114.011963,30.503733],[114.011922,30.503693],[114.011992,30.503639]]]}},{"type":"Feature","id":"29ab2f62-91c1-4f22-9ea1-be8559f85a74","properties":{"id":"29ab2f62-91c1-4f22-9ea1-be8559f85a74","height":29,"num_floors":9,"class":"building","areaM2":40,"sourceTile":"tile_0_0","sourceFeatureCount":28995,"heightEstimated":true},"geometry":{"type":"Polygon","coordinates":[[[114.016094,30.504595],[114.016114,30.504482],[114.016169,30.504547],[114.016094,30.504595]]]}},{"type":"Feature","id":"7e3cae2e-b232-4687-88fe-e98573a79724","properties":{"id":"7e3cae2e-b232-4687-88fe-e98573a79724","height":30,"num_floors":9,"class":"building","areaM2":9,"sourceTile":"tile_0_0","sourceFeatureCount":28995,"heightEstimated":true},"geometry":{"type":"Polygon","coordinates":[[[114.030518,30.511003],[114.030466,30.511044],[114.030457,30.511018],[114.030518,30.511003]]]}},{"type":"Feature","id":"eded7a15-79c9-4c8c-99fe-a9e0b4fe0f8b","properties":{"id":"eded7a15-79c9-4c8c-99fe-a9e0b4fe0f8b","height":54,"num_floors":17,"class":"building","areaM2":1088,"sourceTile":"tile_0_0","sourceFeatureCount":28995,"heightEstimated":true},"geometry":{"type":"Polygon","coordinates":[[[114.041337,30.51087],[114.041522,30.510379],[114.041711,30.510433],[114.041526,30.510924],[114.041337,30.51087]]]}},{"type":"Feature","id":"408068b0-e4b2-4697-ad53-e01fc41a9423","properties":{"id":"408068b0-e4b2-4697-ad53-e01fc41a9423","height":8,"num_floors":3,"class":"building","areaM2":37,"sourceTile":"tile_0_0","sourceFeatureCount":28995,"heightEstimated":true},"geometry":{"type":"Polygon","coordinates":[[[114.033514,30.502853],[114.033392,30.50291],[114.033393,30.502852],[114.033514,30.502853]]]}},{"type":"Feature","id":"245eb1eb-8004-473a-87a3-acb7a7aa3d60","properties":{"id":"245eb1eb-8004-473a-87a3-acb7a7aa3d60","height":9,"num_floors":3,"class":"building","areaM2":28,"sourceTile":"tile_0_0","sourceFeatureCount":28995,"heightEstimated":true},"geometry":{"type":"Polygon","coordinates":[[[114.023076,30.49885],[114.022967,30.498831],[114.023032,30.498794],[114.023076,30.49885]]]}},{"type":"Feature","id":"f4288441-d79b-499e-9e7e-5f89cc2ffdb2","properties":{"id":"f4288441-d79b-499e-9e7e-5f89cc2ffdb2","height":20,"num_floors":6,"class":"building","areaM2":280,"sourceTile":"tile_0_0","sourceFeatureCount":28995,"heightEstimated":true},"geometry":{"type":"Polygon","coordinates":[[[114.052306,30.495405],[114.052265,30.495274],[114.052465,30.495245],[114.052491,30.495378],[114.052306,30.495405]],[[114.052355,30.495329],[114.05241,30.495328],[114.052374,30.495306],[114.052355,30.495329]]]}},{"type":"Feature","id":"920014ac-edf2-46ec-b57c-5ba082db28ee","properties":{"id":"920014ac-edf2-46ec-b57c-5ba082db28ee","height":19,"num_floors":6,"class":"building","areaM2":118,"sourceTile":"tile_0_0","sourceFeatureCount":28995,"heightEstimated":true},"geometry":{"type":"Polygon","coordinates":[[[114.051505,30.497201],[114.051258,30.497136],[114.051331,30.497065],[114.051505,30.497201]]]}},{"type":"Feature","id":"590be0c6-4f3f-4277-a535-1b2153d9d407","properties":{"id":"590be0c6-4f3f-4277-a535-1b2153d9d407","height":18,"num_floors":6,"class":"building","areaM2":27,"sourceTile":"tile_0_0","sourceFeatureCount":28995,"heightEstimated":true},"geometry":{"type":"Polygon","coordinates":[[[114.062787,30.493027],[114.062897,30.493036],[114.062853,30.493078],[114.062787,30.493027]]]}},{"type":"Feature","id":"79844de3-24bc-4e7c-85c3-7b7fcaa4f7f4","properties":{"id":"79844de3-24bc-4e7c-85c3-7b7fcaa4f7f4","height":21,"num_floors":7,"class":"building","areaM2":27,"sourceTile":"tile_0_0","sourceFeatureCount":28995,"heightEstimated":true},"geometry":{"type":"Polygon","coordinates":[[[114.069654,30.506006],[114.069763,30.505989],[114.069733,30.50604],[114.069654,30.506006]]]}},{"type":"Feature","id":"718e0091-e056-4ad5-ae65-5c95680a3aa3","properties":{"id":"718e0091-e056-4ad5-ae65-5c95680a3aa3","height":24,"num_floors":8,"class":"building","areaM2":36,"sourceTile":"tile_0_0","sourceFeatureCount":28995,"heightEstimated":true},"geometry":{"type":"Polygon","coordinates":[[[114.077785,30.506865],[114.07768,30.506923],[114.077699,30.506848],[114.077785,30.506865]]]}},{"type":"Feature","id":"55ea4654-511c-46e7-b69e-df0c4e2f05a7","properties":{"id":"55ea4654-511c-46e7-b69e-df0c4e2f05a7","height":29,"num_floors":9,"class":"building","areaM2":74,"sourceTile":"tile_0_0","sourceFeatureCount":28995,"heightEstimated":true},"geometry":{"type":"Polygon","coordinates":[[[114.075981,30.50669],[114.076233,30.506686],[114.076216,30.506742],[114.075981,30.50669]]]}},{"type":"Feature","id":"bafafd2c-5fdc-4375-aa60-98e7eceb9372","properties":{"id":"bafafd2c-5fdc-4375-aa60-98e7eceb9372","height":29,"num_floors":9,"class":"building","areaM2":17,"sourceTile":"tile_0_0","sourceFeatureCount":28995,"heightEstimated":true},"geometry":{"type":"Polygon","coordinates":[[[114.072301,30.51405],[114.072288,30.514097],[114.072228,30.514073],[114.072301,30.51405]]]}},{"type":"Feature","id":"9e02c9c5-e012-438d-af4b-c26fae2a66bb","properties":{"id":"9e02c9c5-e012-438d-af4b-c26fae2a66bb","height":33,"num_floors":10,"class":"building","areaM2":39,"sourceTile":"tile_0_0","sourceFeatureCount":28995,"heightEstimated":true},"geometry":{"type":"Polygon","coordinates":[[[114.063844,30.511511],[114.063975,30.511485],[114.063902,30.511556],[114.063844,30.511511]]]}},{"type":"Feature","id":"85263144-e24c-43dd-a84e-1c9dc5ac36ce","properties":{"id":"85263144-e24c-43dd-a84e-1c9dc5ac36ce","height":8,"num_floors":3,"class":"building","areaM2":13,"sourceTile":"tile_0_0","sourceFeatureCount":28995,"heightEstimated":true},"geometry":{"type":"Polygon","coordinates":[[[114.058316,30.511806],[114.058395,30.511797],[114.058375,30.511831],[114.058316,30.511806]]]}},{"type":"Feature","id":"4b62b980-510b-48e5-8ad5-d00f676d649b","properties":{"id":"4b62b980-510b-48e5-8ad5-d00f676d649b","height":164,"num_floors":51,"class":"building","areaM2":44026,"sourceTile":"tile_0_0","sourceFeatureCount":28995,"heightEstimated":true},"geometry":{"type":"Polygon","coordinates":[[[114.056331,30.505893],[114.055526,30.505771],[114.055757,30.504622],[114.054582,30.504445],[114.054717,30.503941],[114.058516,30.504776],[114.058227,30.506217],[114.057139,30.506053],[114.057391,30.5048],[114.056738,30.504702],[114.057189,30.504799],[114.057066,30.505411],[114.056446,30.505318],[114.056331,30.505893]]]}},{"type":"Feature","id":"f9dff3df-92b1-40bd-983e-3b9a0b50ef30","properties":{"id":"f9dff3df-92b1-40bd-983e-3b9a0b50ef30","height":11,"num_floors":3,"class":"building","areaM2":84,"sourceTile":"tile_0_0","sourceFeatureCount":28995,"heightEstimated":true},"geometry":{"type":"Polygon","coordinates":[[[114.05379,30.507706],[114.053595,30.507741],[114.053636,30.507652],[114.05379,30.507706]]]}},{"type":"Feature","id":"5fbfa3d9-bbb4-4401-9aad-f13310e4e464","properties":{"id":"5fbfa3d9-bbb4-4401-9aad-f13310e4e464","height":11,"num_floors":3,"class":"building","areaM2":27,"sourceTile":"tile_0_0","sourceFeatureCount":28995,"heightEstimated":true},"geometry":{"type":"Polygon","coordinates":[[[114.044911,30.505257],[114.045004,30.505205],[114.044999,30.505262],[114.044911,30.505257]]]}},{"type":"Feature","id":"c4a2d84f-5cf0-4988-bfcd-c968ecc5de65","properties":{"id":"c4a2d84f-5cf0-4988-bfcd-c968ecc5de65","height":38,"num_floors":12,"class":"building","areaM2":1553,"sourceTile":"tile_0_0","sourceFeatureCount":28995,"heightEstimated":true},"geometry":{"type":"Polygon","coordinates":[[[114.04675,30.505807],[114.047338,30.505894],[114.047297,30.506101],[114.046736,30.506106],[114.04675,30.505807]]]}},{"type":"Feature","id":"7837fd73-f26a-4aeb-8128-5914f67f6f3f","properties":{"id":"7837fd73-f26a-4aeb-8128-5914f67f6f3f","height":17,"num_floors":5,"class":"building","areaM2":31,"sourceTile":"tile_0_0","sourceFeatureCount":28995,"heightEstimated":true},"geometry":{"type":"Polygon","coordinates":[[[114.046168,30.509816],[114.046101,30.509724],[114.046163,30.509722],[114.046168,30.509816]]]}},{"type":"Feature","id":"b7a738fd-5ab2-4160-8f2f-549484a275d2","properties":{"id":"b7a738fd-5ab2-4160-8f2f-549484a275d2","height":19,"num_floors":6,"class":"building","areaM2":9,"sourceTile":"tile_0_0","sourceFeatureCount":28995,"heightEstimated":true},"geometry":{"type":"Polygon","coordinates":[[[114.043352,30.516628],[114.043306,30.516664],[114.043308,30.516626],[114.043352,30.516628]]]}},{"type":"Feature","id":"70875e02-f5a4-47fa-b3e0-f4e8986ad0a6","properties":{"id":"70875e02-f5a4-47fa-b3e0-f4e8986ad0a6","height":35,"num_floors":11,"class":"building","areaM2":57280,"sourceTile":"tile_0_0","sourceFeatureCount":28995,"heightEstimated":false},"geometry":{"type":"Polygon","coordinates":[[[114.142683,30.5184],[114.142026,30.517312],[114.143248,30.516289],[114.143633,30.515464],[114.143378,30.515356],[114.143625,30.515194],[114.143996,30.515287],[114.14392,30.515539],[114.144344,30.515869],[114.147935,30.517261],[114.147463,30.518086],[114.145759,30.517193],[114.144981,30.517341],[114.145113,30.516904],[114.144027,30.516452],[114.142772,30.517564],[114.143088,30.518056],[114.142683,30.5184]]]}},{"type":"Feature","id":"d1cc25c8-a72f-431b-8061-44f7b666d3a1","properties":{"id":"d1cc25c8-a72f-431b-8061-44f7b666d3a1","height":89,"num_floors":28,"class":"building","areaM2":14672,"sourceTile":"tile_0_0","sourceFeatureCount":28995,"heightEstimated":true},"geometry":{"type":"Polygon","coordinates":[[[114.139556,30.516702],[114.140037,30.51585],[114.141351,30.5164],[114.140871,30.517252],[114.139556,30.516702]]]}},{"type":"Feature","id":"e4917ea5-d246-440e-b453-f069d8c1ca2c","properties":{"id":"e4917ea5-d246-440e-b453-f069d8c1ca2c","height":33,"num_floors":10,"class":"building","areaM2":376,"sourceTile":"tile_0_0","sourceFeatureCount":28995,"heightEstimated":true},"geometry":{"type":"Polygon","coordinates":[[[114.137349,30.516374],[114.136854,30.516345],[114.136928,30.516206],[114.137349,30.516374]]]}},{"type":"Feature","id":"c9e9ccf8-bf9c-4348-a196-bd800a31f5a2","properties":{"id":"c9e9ccf8-bf9c-4348-a196-bd800a31f5a2","height":30,"num_floors":9,"class":"building","areaM2":128,"sourceTile":"tile_0_0","sourceFeatureCount":28995,"heightEstimated":true},"geometry":{"type":"Polygon","coordinates":[[[114.09516,30.516738],[114.095013,30.516565],[114.095145,30.516557],[114.09516,30.516738]]]}},{"type":"Feature","id":"1b73b614-7a64-4168-8676-309eda844628","properties":{"id":"1b73b614-7a64-4168-8676-309eda844628","height":30,"num_floors":9,"class":"building","areaM2":49,"sourceTile":"tile_0_0","sourceFeatureCount":28995,"heightEstimated":true},"geometry":{"type":"Polygon","coordinates":[[[114.108628,30.514943],[114.10876,30.514879],[114.108749,30.514955],[114.108628,30.514943]]]}},{"type":"Feature","id":"b17f7d81-6242-4e4b-b7af-4f6c71e6de13","properties":{"id":"b17f7d81-6242-4e4b-b7af-4f6c71e6de13","height":31,"num_floors":10,"class":"building","areaM2":18,"sourceTile":"tile_0_0","sourceFeatureCount":28995,"heightEstimated":true},"geometry":{"type":"Polygon","coordinates":[[[114.098277,30.509515],[114.098225,30.509577],[114.098215,30.509524],[114.098277,30.509515]]]}},{"type":"Feature","id":"900ae56d-2244-44f4-a914-d4013ce2354d","properties":{"id":"900ae56d-2244-44f4-a914-d4013ce2354d","height":8,"num_floors":3,"class":"building","areaM2":7,"sourceTile":"tile_0_0","sourceFeatureCount":28995,"heightEstimated":true},"geometry":{"type":"Polygon","coordinates":[[[114.09076,30.51278],[114.09083,30.512777],[114.090824,30.512796],[114.09076,30.51278]]]}},{"type":"Feature","id":"fa5ed972-79eb-4c73-9b26-1281acff11f7","properties":{"id":"fa5ed972-79eb-4c73-9b26-1281acff11f7","height":9,"num_floors":3,"class":"building","areaM2":70,"sourceTile":"tile_0_0","sourceFeatureCount":28995,"heightEstimated":true},"geometry":{"type":"Polygon","coordinates":[[[114.088183,30.509997],[114.088201,30.510205],[114.088137,30.510194],[114.088183,30.509997]]]}},{"type":"Feature","id":"5802658f-6563-4bf7-895f-25cbdc11676b","properties":{"id":"5802658f-6563-4bf7-895f-25cbdc11676b","height":11,"num_floors":3,"class":"building","areaM2":40,"sourceTile":"tile_0_0","sourceFeatureCount":28995,"heightEstimated":true},"geometry":{"type":"Polygon","coordinates":[[[114.092424,30.507737],[114.092298,30.507668],[114.09243,30.507679],[114.092424,30.507737]]]}},{"type":"Feature","id":"d1521084-b56b-423f-a68e-b8813dcd04ab","properties":{"id":"d1521084-b56b-423f-a68e-b8813dcd04ab","height":15,"num_floors":5,"class":"building","areaM2":62,"sourceTile":"tile_0_0","sourceFeatureCount":28995,"heightEstimated":true},"geometry":{"type":"Polygon","coordinates":[[[114.09867,30.506822],[114.098859,30.506816],[114.098705,30.506882],[114.09867,30.506822]]]}},{"type":"Feature","id":"58984bb3-7e40-4cea-ba86-11e38b11b0b7","properties":{"id":"58984bb3-7e40-4cea-ba86-11e38b11b0b7","height":18,"num_floors":6,"class":"building","areaM2":60,"sourceTile":"tile_0_0","sourceFeatureCount":28995,"heightEstimated":true},"geometry":{"type":"Polygon","coordinates":[[[114.091078,30.491372],[114.090911,30.491263],[114.091099,30.491318],[114.091078,30.491372]]]}},{"type":"Feature","id":"5a12db73-17fb-4cfe-a021-7392e7756bae","properties":{"id":"5a12db73-17fb-4cfe-a021-7392e7756bae","height":23,"num_floors":7,"class":"building","areaM2":125,"sourceTile":"tile_0_0","sourceFeatureCount":28995,"heightEstimated":true},"geometry":{"type":"Polygon","coordinates":[[[114.133226,30.492595],[114.133006,30.492735],[114.132982,30.492642],[114.133226,30.492595]]]}},{"type":"Feature","id":"38adebe4-dcf8-47d3-aa7a-31bffbf1644c","properties":{"id":"38adebe4-dcf8-47d3-aa7a-31bffbf1644c","height":15,"num_floors":5,"class":"building","areaM2":174,"sourceTile":"tile_0_0","sourceFeatureCount":28995,"heightEstimated":false},"geometry":{"type":"Polygon","coordinates":[[[114.139077,30.494062],[114.138773,30.494147],[114.138787,30.494035],[114.139077,30.494062]]]}},{"type":"Feature","id":"2bd61270-bdcc-4726-ad8d-8f6878ce6ff3","properties":{"id":"2bd61270-bdcc-4726-ad8d-8f6878ce6ff3","height":33,"num_floors":10,"class":"building","areaM2":298,"sourceTile":"tile_0_0","sourceFeatureCount":28995,"heightEstimated":true},"geometry":{"type":"Polygon","coordinates":[[[114.137135,30.497809],[114.137442,30.497851],[114.137167,30.497996],[114.137135,30.497809]]]}},{"type":"Feature","id":"e865819f-0b87-42d2-92c2-9e12bec0759c","properties":{"id":"e865819f-0b87-42d2-92c2-9e12bec0759c","height":29,"num_floors":9,"class":"building","areaM2":50,"sourceTile":"tile_0_0","sourceFeatureCount":28995,"heightEstimated":true},"geometry":{"type":"Polygon","coordinates":[[[114.137122,30.501637],[114.137279,30.501609],[114.137173,30.501688],[114.137122,30.501637]]]}},{"type":"Feature","id":"2e0e7358-a504-41a2-bcab-b65c05e9080a","properties":{"id":"2e0e7358-a504-41a2-bcab-b65c05e9080a","height":40,"num_floors":13,"class":"building","areaM2":336,"sourceTile":"tile_0_0","sourceFeatureCount":28995,"heightEstimated":true},"geometry":{"type":"Polygon","coordinates":[[[114.146216,30.505025],[114.145724,30.504809],[114.146276,30.504922],[114.146216,30.505025]]]}},{"type":"Feature","id":"c46a4641-a290-47e6-a1d4-9539da3a698c","properties":{"id":"c46a4641-a290-47e6-a1d4-9539da3a698c","height":33,"num_floors":10,"class":"building","areaM2":22,"sourceTile":"tile_0_0","sourceFeatureCount":28995,"heightEstimated":true},"geometry":{"type":"Polygon","coordinates":[[[114.144741,30.507212],[114.144661,30.507288],[114.1447,30.507198],[114.144741,30.507212]]]}},{"type":"Feature","id":"948f3feb-9f57-43f3-909c-d147dfd3d029","properties":{"id":"948f3feb-9f57-43f3-909c-d147dfd3d029","height":36,"num_floors":11,"class":"school","areaM2":2226,"sourceTile":"tile_0_0","sourceFeatureCount":28995,"heightEstimated":true},"geometry":{"type":"Polygon","coordinates":[[[114.148343,30.512086],[114.147821,30.512089],[114.148154,30.51191],[114.147824,30.511493],[114.148339,30.511491],[114.148343,30.512086]]]}},{"type":"Feature","id":"8bd2dff8-d25f-422e-a3ac-475eaa124f0b","properties":{"id":"8bd2dff8-d25f-422e-a3ac-475eaa124f0b","height":10,"num_floors":3,"class":"building","areaM2":40,"sourceTile":"tile_0_0","sourceFeatureCount":28995,"heightEstimated":true},"geometry":{"type":"Polygon","coordinates":[[[114.144078,30.497411],[114.144091,30.497297],[114.14415,30.49736],[114.144078,30.497411]]]}},{"type":"Feature","id":"4f1d357c-a66c-4524-ad2f-865647893956","properties":{"id":"4f1d357c-a66c-4524-ad2f-865647893956","height":13,"num_floors":4,"class":"building","areaM2":40,"sourceTile":"tile_0_0","sourceFeatureCount":28995,"heightEstimated":true},"geometry":{"type":"Polygon","coordinates":[[[114.145585,30.496118],[114.145563,30.496231],[114.145509,30.496165],[114.145585,30.496118]]]}},{"type":"Feature","id":"b1910073-bca0-4619-ae81-63a99efe6803","properties":{"id":"b1910073-bca0-4619-ae81-63a99efe6803","height":29,"num_floors":9,"class":"building","areaM2":606,"sourceTile":"tile_0_0","sourceFeatureCount":28995,"heightEstimated":true},"geometry":{"type":"Polygon","coordinates":[[[114.1436,30.490455],[114.143795,30.491004],[114.143585,30.491],[114.1436,30.490455]]]}}]}