{"type":"FeatureCollection","name":"wuhan-building-display-tile_2_2","source":"data/geospatial/wuhan/buildings/low/tile_2_2.geojson","sourceFeatureCount":29812,"displayFeatureCount":380,"generatedAt":"2026-06-03T12:54:12.252Z","features":[{"type":"Feature","id":"bdaeb476-1f15-4112-a398-a32bac4898e4","properties":{"id":"bdaeb476-1f15-4112-a398-a32bac4898e4","height":33,"num_floors":10,"class":"building","areaM2":133,"sourceTile":"tile_2_2","sourceFeatureCount":29812,"heightEstimated":true},"geometry":{"type":"Polygon","coordinates":[[[114.350154,30.679412],[114.350441,30.679415],[114.350194,30.6795],[114.350154,30.679412]]]}},{"type":"Feature","id":"8c13f09e-7cb6-4e48-9a23-7ab40f5f21da","properties":{"id":"8c13f09e-7cb6-4e48-9a23-7ab40f5f21da","height":10,"num_floors":3,"class":"building","areaM2":206,"sourceTile":"tile_2_2","sourceFeatureCount":29812,"heightEstimated":true},"geometry":{"type":"Polygon","coordinates":[[[114.350842,30.679756],[114.350542,30.679959],[114.350502,30.679856],[114.350842,30.679756]]]}},{"type":"Feature","id":"b9dc00a3-7284-4758-972d-842874d332a8","properties":{"id":"b9dc00a3-7284-4758-972d-842874d332a8","height":9,"num_floors":3,"class":"building","areaM2":13,"sourceTile":"tile_2_2","sourceFeatureCount":29812,"heightEstimated":true},"geometry":{"type":"Polygon","coordinates":[[[114.351842,30.680837],[114.351763,30.680828],[114.351792,30.680799],[114.351842,30.680837]]]}},{"type":"Feature","id":"5517e2f8-8e4e-46f4-b29a-7e916ee17bb2","properties":{"id":"5517e2f8-8e4e-46f4-b29a-7e916ee17bb2","height":16,"num_floors":5,"class":"building","areaM2":27,"sourceTile":"tile_2_2","sourceFeatureCount":29812,"heightEstimated":true},"geometry":{"type":"Polygon","coordinates":[[[114.351612,30.680609],[114.351541,30.680685],[114.351523,30.680633],[114.351612,30.680609]]]}},{"type":"Feature","id":"5d0e2ef5-8b31-4c8b-a1f8-cf7692ea9c1d","properties":{"id":"5d0e2ef5-8b31-4c8b-a1f8-cf7692ea9c1d","height":26,"num_floors":8,"class":"building","areaM2":243,"sourceTile":"tile_2_2","sourceFeatureCount":29812,"heightEstimated":true},"geometry":{"type":"Polygon","coordinates":[[[114.354229,30.696516],[114.354622,30.696539],[114.354559,30.696652],[114.354229,30.696516]]]}},{"type":"Feature","id":"361f4f84-a3ba-4ec1-86e2-6bf3fb442354","properties":{"id":"361f4f84-a3ba-4ec1-86e2-6bf3fb442354","height":9,"num_floors":3,"class":"building","areaM2":39,"sourceTile":"tile_2_2","sourceFeatureCount":29812,"heightEstimated":true},"geometry":{"type":"Polygon","coordinates":[[[114.357572,30.698917],[114.357486,30.699007],[114.357466,30.698941],[114.357572,30.698917]]]}},{"type":"Feature","id":"ca711f34-e29c-45d1-a2ee-24d012ca3760","properties":{"id":"ca711f34-e29c-45d1-a2ee-24d012ca3760","height":30,"num_floors":9,"class":"building","areaM2":28,"sourceTile":"tile_2_2","sourceFeatureCount":29812,"heightEstimated":true},"geometry":{"type":"Polygon","coordinates":[[[114.358449,30.679224],[114.358341,30.679206],[114.358406,30.679168],[114.358449,30.679224]]]}},{"type":"Feature","id":"0cd24fdc-de25-47b5-b422-4f566130f624","properties":{"id":"0cd24fdc-de25-47b5-b422-4f566130f624","height":120,"num_floors":38,"class":"building","areaM2":16110,"sourceTile":"tile_2_2","sourceFeatureCount":29812,"heightEstimated":true},"geometry":{"type":"Polygon","coordinates":[[[114.358456,30.680338],[114.359689,30.678464],[114.360255,30.678704],[114.359162,30.680636],[114.358456,30.680338]]]}},{"type":"Feature","id":"7c0f3aad-3aea-41d2-81ec-541ddfe63c08","properties":{"id":"7c0f3aad-3aea-41d2-81ec-541ddfe63c08","height":164,"num_floors":51,"class":"building","areaM2":42342,"sourceTile":"tile_2_2","sourceFeatureCount":29812,"heightEstimated":true},"geometry":{"type":"Polygon","coordinates":[[[114.361195,30.679062],[114.362,30.677795],[114.36272,30.678089],[114.360764,30.681456],[114.360024,30.681153],[114.360744,30.67984],[114.360487,30.680063],[114.359928,30.679834],[114.360491,30.678806],[114.361195,30.679062]]]}},{"type":"Feature","id":"3f9ae260-be39-4401-afad-25349da32083","properties":{"id":"3f9ae260-be39-4401-afad-25349da32083","height":73,"num_floors":23,"class":"building","areaM2":9585,"sourceTile":"tile_2_2","sourceFeatureCount":29812,"heightEstimated":true},"geometry":{"type":"Polygon","coordinates":[[[114.361158,30.678893],[114.360541,30.678614],[114.361238,30.677462],[114.361856,30.677741],[114.361158,30.678893]]]}},{"type":"Feature","id":"4d2dee9f-ae1e-4307-94bf-53100fe8b696","properties":{"id":"4d2dee9f-ae1e-4307-94bf-53100fe8b696","height":71,"num_floors":22,"class":"building","areaM2":9579,"sourceTile":"tile_2_2","sourceFeatureCount":29812,"heightEstimated":true},"geometry":{"type":"Polygon","coordinates":[[[114.359755,30.678278],[114.360428,30.677105],[114.36105,30.677376],[114.360368,30.678545],[114.359755,30.678278]]]}},{"type":"Feature","id":"6cca6f5e-29dd-4b5a-a5ca-c3e678f552f8","properties":{"id":"6cca6f5e-29dd-4b5a-a5ca-c3e678f552f8","height":112,"num_floors":35,"class":"building","areaM2":13825,"sourceTile":"tile_2_2","sourceFeatureCount":29812,"heightEstimated":true},"geometry":{"type":"Polygon","coordinates":[[[114.357563,30.679162],[114.358081,30.678126],[114.358432,30.678244],[114.35838,30.677883],[114.358594,30.677961],[114.358532,30.678457],[114.358753,30.678102],[114.357919,30.67981],[114.357409,30.679624],[114.35727,30.678484],[114.357761,30.67856],[114.357563,30.679162]]]}},{"type":"Feature","id":"261a8828-4091-4bc4-a4fb-a100c266e87b","properties":{"id":"261a8828-4091-4bc4-a4fb-a100c266e87b","height":26,"num_floors":8,"class":"building","areaM2":187,"sourceTile":"tile_2_2","sourceFeatureCount":29812,"heightEstimated":true},"geometry":{"type":"Polygon","coordinates":[[[114.352946,30.669437],[114.352791,30.669226],[114.352975,30.66925],[114.352946,30.669437]]]}},{"type":"Feature","id":"d9897034-9b8d-456f-81ea-62f5ca0d60a6","properties":{"id":"d9897034-9b8d-456f-81ea-62f5ca0d60a6","height":92,"num_floors":29,"class":"building","areaM2":10593,"sourceTile":"tile_2_2","sourceFeatureCount":29812,"heightEstimated":true},"geometry":{"type":"Polygon","coordinates":[[[114.355644,30.674885],[114.355119,30.675093],[114.355582,30.676015],[114.355361,30.676099],[114.354184,30.673752],[114.354405,30.673669],[114.355053,30.674959],[114.355394,30.674821],[114.354711,30.673449],[114.354896,30.673381],[114.355644,30.674885]]]}},{"type":"Feature","id":"9c8a36f7-5d13-497e-bbce-b7ad35b17e72","properties":{"id":"9c8a36f7-5d13-497e-bbce-b7ad35b17e72","height":113,"num_floors":35,"class":"building","areaM2":14175,"sourceTile":"tile_2_2","sourceFeatureCount":29812,"heightEstimated":true},"geometry":{"type":"Polygon","coordinates":[[[114.35607,30.678756],[114.355812,30.67689],[114.356433,30.676826],[114.356854,30.678729],[114.35607,30.678756]]]}},{"type":"Feature","id":"8eccda3a-f7d3-4d7a-8a40-0c81d50e6f93","properties":{"id":"8eccda3a-f7d3-4d7a-8a40-0c81d50e6f93","height":12,"num_floors":4,"class":"building","areaM2":81,"sourceTile":"tile_2_2","sourceFeatureCount":29812,"heightEstimated":true},"geometry":{"type":"Polygon","coordinates":[[[114.350777,30.671724],[114.35054,30.671866],[114.350516,30.671816],[114.350777,30.671724]]]}},{"type":"Feature","id":"d0a6e689-fe3b-4813-8d34-0281234513f1","properties":{"id":"d0a6e689-fe3b-4813-8d34-0281234513f1","height":30,"num_floors":9,"class":"building","areaM2":20,"sourceTile":"tile_2_2","sourceFeatureCount":29812,"heightEstimated":true},"geometry":{"type":"Polygon","coordinates":[[[114.403306,30.634374],[114.403223,30.634413],[114.403242,30.634358],[114.403306,30.634374]]]}},{"type":"Feature","id":"8c3309a6-6af1-4a25-b90b-e533e96bf505","properties":{"id":"8c3309a6-6af1-4a25-b90b-e533e96bf505","height":32,"num_floors":10,"class":"building","areaM2":412,"sourceTile":"tile_2_2","sourceFeatureCount":29812,"heightEstimated":true},"geometry":{"type":"Polygon","coordinates":[[[114.416463,30.636779],[114.416907,30.636854],[114.416751,30.637003],[114.416463,30.636779]]]}},{"type":"Feature","id":"76d53fa2-7a1e-41cb-9195-7669b546307d","properties":{"id":"76d53fa2-7a1e-41cb-9195-7669b546307d","height":25,"num_floors":8,"class":"building","areaM2":638,"sourceTile":"tile_2_2","sourceFeatureCount":29812,"heightEstimated":true},"geometry":{"type":"Polygon","coordinates":[[[114.414045,30.645873],[114.414906,30.645633],[114.414927,30.645767],[114.414045,30.645873]]]}},{"type":"Feature","id":"3f7e984c-f32c-4802-85d4-06693e22fbae","properties":{"id":"3f7e984c-f32c-4802-85d4-06693e22fbae","height":34,"num_floors":11,"class":"building","areaM2":61,"sourceTile":"tile_2_2","sourceFeatureCount":29812,"heightEstimated":true},"geometry":{"type":"Polygon","coordinates":[[[114.415468,30.647208],[114.415446,30.647046],[114.415535,30.647173],[114.415468,30.647208]]]}},{"type":"Feature","id":"779f4d7e-d098-4762-ac85-10335b438261","properties":{"id":"779f4d7e-d098-4762-ac85-10335b438261","height":26,"num_floors":8,"class":"building","areaM2":112,"sourceTile":"tile_2_2","sourceFeatureCount":29812,"heightEstimated":true},"geometry":{"type":"Polygon","coordinates":[[[114.408876,30.646938],[114.409006,30.646783],[114.40903,30.646917],[114.408876,30.646938]]]}},{"type":"Feature","id":"c7cecc0e-e4bb-4196-934e-64e22fe2b50b","properties":{"id":"c7cecc0e-e4bb-4196-934e-64e22fe2b50b","height":17,"num_floors":5,"class":"building","areaM2":173,"sourceTile":"tile_2_2","sourceFeatureCount":29812,"heightEstimated":true},"geometry":{"type":"Polygon","coordinates":[[[114.40146,30.646689],[114.401209,30.646466],[114.401512,30.646604],[114.40146,30.646689]]]}},{"type":"Feature","id":"ebe369cf-9891-4e52-b9c0-d08dd54e0f74","properties":{"id":"ebe369cf-9891-4e52-b9c0-d08dd54e0f74","height":36,"num_floors":11,"class":"building","areaM2":107,"sourceTile":"tile_2_2","sourceFeatureCount":29812,"heightEstimated":true},"geometry":{"type":"Polygon","coordinates":[[[114.405252,30.639294],[114.405482,30.639369],[114.405405,30.639433],[114.405252,30.639294]]]}},{"type":"Feature","id":"349e6743-a208-49b1-9fd5-40a607a41f79","properties":{"id":"349e6743-a208-49b1-9fd5-40a607a41f79","height":33,"num_floors":10,"class":"building","areaM2":362,"sourceTile":"tile_2_2","sourceFeatureCount":29812,"heightEstimated":true},"geometry":{"type":"Polygon","coordinates":[[[114.40082,30.635647],[114.401419,30.635754],[114.400822,30.635762],[114.40082,30.635647]]]}},{"type":"Feature","id":"31267ec6-b2a7-49b2-b0a7-f8f25855063b","properties":{"id":"31267ec6-b2a7-49b2-b0a7-f8f25855063b","height":13,"num_floors":4,"class":"building","areaM2":30,"sourceTile":"tile_2_2","sourceFeatureCount":29812,"heightEstimated":true},"geometry":{"type":"Polygon","coordinates":[[[114.398465,30.637996],[114.398552,30.637931],[114.398543,30.638004],[114.398465,30.637996]]]}},{"type":"Feature","id":"827a480d-f49a-497d-80a2-3baa6a925f20","properties":{"id":"827a480d-f49a-497d-80a2-3baa6a925f20","height":36,"num_floors":11,"class":"building","areaM2":67,"sourceTile":"tile_2_2","sourceFeatureCount":29812,"heightEstimated":true},"geometry":{"type":"Polygon","coordinates":[[[114.394,30.636548],[114.393892,30.636421],[114.393986,30.636414],[114.394,30.636548]]]}},{"type":"Feature","id":"ee663afb-df03-4005-9360-337399e26819","properties":{"id":"ee663afb-df03-4005-9360-337399e26819","height":24,"num_floors":8,"class":"building","areaM2":28,"sourceTile":"tile_2_2","sourceFeatureCount":29812,"heightEstimated":true},"geometry":{"type":"Polygon","coordinates":[[[114.392643,30.643342],[114.392519,30.643347],[114.392542,30.643303],[114.392643,30.643342]]]}},{"type":"Feature","id":"77002cbc-6f69-4dbc-ac10-5fb3229ffec4","properties":{"id":"77002cbc-6f69-4dbc-ac10-5fb3229ffec4","height":21,"num_floors":1,"class":"building","areaM2":248,"sourceTile":"tile_2_2","sourceFeatureCount":29812,"heightEstimated":true},"geometry":{"type":"Polygon","coordinates":[[[114.395619,30.64687],[114.3956,30.647177],[114.395453,30.647098],[114.395619,30.64687]]]}},{"type":"Feature","id":"1b7eedef-78ca-4465-ad38-b059d1e87bfb","properties":{"id":"1b7eedef-78ca-4465-ad38-b059d1e87bfb","height":16,"num_floors":5,"class":"building","areaM2":520,"sourceTile":"tile_2_2","sourceFeatureCount":29812,"heightEstimated":true},"geometry":{"type":"Polygon","coordinates":[[[114.388343,30.64568],[114.389014,30.645993],[114.388273,30.645793],[114.388343,30.64568]]]}},{"type":"Feature","id":"235ff183-c730-4187-90ad-dd54f7fd6628","properties":{"id":"235ff183-c730-4187-90ad-dd54f7fd6628","height":34,"num_floors":1,"class":"building","areaM2":322,"sourceTile":"tile_2_2","sourceFeatureCount":29812,"heightEstimated":true},"geometry":{"type":"Polygon","coordinates":[[[114.385209,30.643667],[114.384799,30.643686],[114.384884,30.643533],[114.385209,30.643667]]]}},{"type":"Feature","id":"bb19e115-29d7-4c02-aeb7-993c04914f8a","properties":{"id":"bb19e115-29d7-4c02-aeb7-993c04914f8a","height":16,"num_floors":5,"class":"building","areaM2":53,"sourceTile":"tile_2_2","sourceFeatureCount":29812,"heightEstimated":true},"geometry":{"type":"Polygon","coordinates":[[[114.380099,30.639913],[114.380242,30.639872],[114.380202,30.639954],[114.380099,30.639913]]]}},{"type":"Feature","id":"86544f7f-0762-4067-9183-60738dbdf521","properties":{"id":"86544f7f-0762-4067-9183-60738dbdf521","height":134,"num_floors":7,"class":"building","areaM2":28362,"sourceTile":"tile_2_2","sourceFeatureCount":29812,"heightEstimated":true},"geometry":{"type":"Polygon","coordinates":[[[114.382593,30.633813],[114.385502,30.633619],[114.38539,30.633909],[114.385808,30.634169],[114.385809,30.634607],[114.385459,30.634615],[114.385809,30.634829],[114.385529,30.635715],[114.384898,30.635354],[114.385105,30.63497],[114.383845,30.634171],[114.383582,30.634517],[114.383154,30.633965],[114.382593,30.633813]]]}},{"type":"Feature","id":"6786b9d2-5c6b-4fb4-ad33-8e67e9f9fbc5","properties":{"id":"6786b9d2-5c6b-4fb4-ad33-8e67e9f9fbc5","height":8,"num_floors":3,"class":"building","areaM2":47,"sourceTile":"tile_2_2","sourceFeatureCount":29812,"heightEstimated":true},"geometry":{"type":"Polygon","coordinates":[[[114.385989,30.637795],[114.386068,30.63767],[114.38606,30.637797],[114.385989,30.637795]]]}},{"type":"Feature","id":"4f881836-dc0b-4405-947b-ef44f2803239","properties":{"id":"4f881836-dc0b-4405-947b-ef44f2803239","height":34,"num_floors":11,"class":"building","areaM2":270,"sourceTile":"tile_2_2","sourceFeatureCount":29812,"heightEstimated":true},"geometry":{"type":"Polygon","coordinates":[[[114.388757,30.640414],[114.389261,30.640551],[114.389208,30.640638],[114.388757,30.640414]]]}},{"type":"Feature","id":"6122dea4-fa1e-49e2-b6f3-300d038cb65d","properties":{"id":"6122dea4-fa1e-49e2-b6f3-300d038cb65d","height":27,"num_floors":1,"class":"building","areaM2":434,"sourceTile":"tile_2_2","sourceFeatureCount":29812,"heightEstimated":true},"geometry":{"type":"Polygon","coordinates":[[[114.387643,30.633494],[114.387087,30.633633],[114.38709,30.633485],[114.387643,30.633494]]]}},{"type":"Feature","id":"59066810-7496-496e-8444-a8a4fc2599be","properties":{"id":"59066810-7496-496e-8444-a8a4fc2599be","height":11,"num_floors":3,"class":"building","areaM2":168,"sourceTile":"tile_2_2","sourceFeatureCount":29812,"heightEstimated":true},"geometry":{"type":"Polygon","coordinates":[[[114.369567,30.635779],[114.369268,30.635722],[114.36935,30.635632],[114.369567,30.635779]]]}},{"type":"Feature","id":"e64eb85f-3bee-4fd4-a8d1-6d6464979fec","properties":{"id":"e64eb85f-3bee-4fd4-a8d1-6d6464979fec","height":32,"num_floors":10,"class":"building","areaM2":172,"sourceTile":"tile_2_2","sourceFeatureCount":29812,"heightEstimated":true},"geometry":{"type":"Polygon","coordinates":[[[114.39128,30.65013],[114.391039,30.650267],[114.391037,30.650133],[114.39128,30.65013]]]}},{"type":"Feature","id":"32bdc891-5746-4c32-a589-19d56ac21ec6","properties":{"id":"32bdc891-5746-4c32-a589-19d56ac21ec6","height":42,"num_floors":13,"class":"building","areaM2":1583,"sourceTile":"tile_2_2","sourceFeatureCount":29812,"heightEstimated":true},"geometry":{"type":"Polygon","coordinates":[[[114.365214,30.680543],[114.365424,30.680869],[114.365175,30.681319],[114.365035,30.680944],[114.365214,30.680543]]]}},{"type":"Feature","id":"55a6ef98-0e03-4f69-98e7-ad277e458adb","properties":{"id":"55a6ef98-0e03-4f69-98e7-ad277e458adb","height":18,"num_floors":6,"class":"building","areaM2":412,"sourceTile":"tile_2_2","sourceFeatureCount":29812,"heightEstimated":true},"geometry":{"type":"Polygon","coordinates":[[[114.371173,30.68249],[114.371702,30.682578],[114.371613,30.682711],[114.371173,30.68249]]]}},{"type":"Feature","id":"3e4349eb-81bc-480a-80c7-e8fdc1ba2b7e","properties":{"id":"3e4349eb-81bc-480a-80c7-e8fdc1ba2b7e","height":32,"num_floors":10,"class":"building","areaM2":115,"sourceTile":"tile_2_2","sourceFeatureCount":29812,"heightEstimated":true},"geometry":{"type":"Polygon","coordinates":[[[114.372017,30.692557],[114.371851,30.692688],[114.371852,30.692556],[114.372017,30.692557]]]}},{"type":"Feature","id":"af91582c-a219-4c1e-9741-5badc436a7a6","properties":{"id":"af91582c-a219-4c1e-9741-5badc436a7a6","height":21,"num_floors":7,"class":"building","areaM2":90,"sourceTile":"tile_2_2","sourceFeatureCount":29812,"heightEstimated":true},"geometry":{"type":"Polygon","coordinates":[[[114.364582,30.692848],[114.364775,30.692797],[114.36468,30.69291],[114.364582,30.692848]]]}},{"type":"Feature","id":"10e8e33f-4adc-4da7-aec8-fe261e1c55bb","properties":{"id":"10e8e33f-4adc-4da7-aec8-fe261e1c55bb","height":8,"num_floors":3,"class":"building","areaM2":17,"sourceTile":"tile_2_2","sourceFeatureCount":29812,"heightEstimated":true},"geometry":{"type":"Polygon","coordinates":[[[114.380401,30.707658],[114.380384,30.707585],[114.380432,30.707608],[114.380401,30.707658]]]}},{"type":"Feature","id":"23294cfd-0062-4445-8d0f-19e06a55e855","properties":{"id":"23294cfd-0062-4445-8d0f-19e06a55e855","height":77,"num_floors":24,"class":"building","areaM2":10870,"sourceTile":"tile_2_2","sourceFeatureCount":29812,"heightEstimated":true},"geometry":{"type":"Polygon","coordinates":[[[114.387197,30.702203],[114.387487,30.703256],[114.386595,30.703399],[114.386326,30.70215],[114.387197,30.702203]]]}},{"type":"Feature","id":"e1749efa-a7b0-4857-ac2b-0939c2cedb5a","properties":{"id":"e1749efa-a7b0-4857-ac2b-0939c2cedb5a","height":111,"num_floors":35,"class":"building","areaM2":14150,"sourceTile":"tile_2_2","sourceFeatureCount":29812,"heightEstimated":true},"geometry":{"type":"Polygon","coordinates":[[[114.3901,30.702598],[114.389297,30.702627],[114.388997,30.701012],[114.389785,30.700903],[114.3901,30.702598]]]}},{"type":"Feature","id":"2e25ee0a-f0f1-443b-aa92-2ef3a9803a2e","properties":{"id":"2e25ee0a-f0f1-443b-aa92-2ef3a9803a2e","height":114,"num_floors":36,"class":"building","areaM2":22399,"sourceTile":"tile_2_2","sourceFeatureCount":29812,"heightEstimated":true},"geometry":{"type":"Polygon","coordinates":[[[114.389973,30.700689],[114.391071,30.700546],[114.3914,30.702431],[114.390302,30.702574],[114.389973,30.700689]]]}},{"type":"Feature","id":"6b80110b-468e-434d-a114-f51b377a2932","properties":{"id":"6b80110b-468e-434d-a114-f51b377a2932","height":30,"num_floors":9,"class":"building","areaM2":43,"sourceTile":"tile_2_2","sourceFeatureCount":29812,"heightEstimated":true},"geometry":{"type":"Polygon","coordinates":[[[114.383481,30.693851],[114.383628,30.693772],[114.383526,30.693883],[114.383481,30.693851]]]}},{"type":"Feature","id":"e3898610-9f17-40bc-a96b-c6fa92a4bee1","properties":{"id":"e3898610-9f17-40bc-a96b-c6fa92a4bee1","height":85,"num_floors":27,"class":"building","areaM2":11828,"sourceTile":"tile_2_2","sourceFeatureCount":29812,"heightEstimated":true},"geometry":{"type":"Polygon","coordinates":[[[114.38192,30.691782],[114.382809,30.691971],[114.382535,30.692462],[114.38178,30.691967],[114.381631,30.692234],[114.380923,30.69194],[114.381388,30.691105],[114.382155,30.69136],[114.38192,30.691782]]]}},{"type":"Feature","id":"6d996095-1a28-4003-9ffd-8e6077dab4df","properties":{"id":"6d996095-1a28-4003-9ffd-8e6077dab4df","height":26,"num_floors":8,"class":"building","areaM2":226,"sourceTile":"tile_2_2","sourceFeatureCount":29812,"heightEstimated":true},"geometry":{"type":"Polygon","coordinates":[[[114.401705,30.693292],[114.402118,30.693275],[114.402087,30.693379],[114.401705,30.693292]]]}},{"type":"Feature","id":"80c06898-11be-47df-adbf-3852473630f1","properties":{"id":"80c06898-11be-47df-adbf-3852473630f1","height":110,"num_floors":34,"class":"building","areaM2":13120,"sourceTile":"tile_2_2","sourceFeatureCount":29812,"heightEstimated":true},"geometry":{"type":"Polygon","coordinates":[[[114.394132,30.698099],[114.394525,30.697519],[114.394354,30.698013],[114.394574,30.698033],[114.39464,30.697492],[114.395811,30.697559],[114.395802,30.69827],[114.3959,30.697462],[114.396131,30.697483],[114.396084,30.69842],[114.394132,30.698099]]]}},{"type":"Feature","id":"98107fb7-a8cd-4259-9721-388ea2f083d1","properties":{"id":"98107fb7-a8cd-4259-9721-388ea2f083d1","height":134,"num_floors":42,"class":"building","areaM2":20942,"sourceTile":"tile_2_2","sourceFeatureCount":29812,"heightEstimated":true},"geometry":{"type":"Polygon","coordinates":[[[114.395914,30.699016],[114.397735,30.698852],[114.397865,30.699928],[114.396044,30.700092],[114.395914,30.699016]]]}},{"type":"Feature","id":"1ffe2aee-2662-4930-a0f0-74339730a3eb","properties":{"id":"1ffe2aee-2662-4930-a0f0-74339730a3eb","height":81,"num_floors":25,"class":"building","areaM2":12780,"sourceTile":"tile_2_2","sourceFeatureCount":29812,"heightEstimated":true},"geometry":{"type":"Polygon","coordinates":[[[114.392529,30.701777],[114.391661,30.701879],[114.391447,30.700512],[114.392315,30.700411],[114.392529,30.701777]]]}},{"type":"Feature","id":"f7439d8f-5d07-4b97-8c06-220786e9004d","properties":{"id":"f7439d8f-5d07-4b97-8c06-220786e9004d","height":8,"num_floors":3,"class":"building","areaM2":9,"sourceTile":"tile_2_2","sourceFeatureCount":29812,"heightEstimated":true},"geometry":{"type":"Polygon","coordinates":[[[114.391477,30.701505],[114.391437,30.701456],[114.391468,30.701452],[114.391477,30.701505]]]}},{"type":"Feature","id":"7196c277-892e-4db3-916f-156e1c3941da","properties":{"id":"7196c277-892e-4db3-916f-156e1c3941da","height":94,"num_floors":29,"class":"building","areaM2":9180,"sourceTile":"tile_2_2","sourceFeatureCount":29812,"heightEstimated":true},"geometry":{"type":"Polygon","coordinates":[[[114.394061,30.704073],[114.395387,30.703873],[114.39561,30.70457],[114.394145,30.704595],[114.394061,30.704073]]]}},{"type":"Feature","id":"524078cf-fa90-4703-a047-41a45b0aa7ac","properties":{"id":"524078cf-fa90-4703-a047-41a45b0aa7ac","height":83,"num_floors":26,"class":"building","areaM2":12940,"sourceTile":"tile_2_2","sourceFeatureCount":29812,"heightEstimated":true},"geometry":{"type":"Polygon","coordinates":[[[114.398945,30.703593],[114.399002,30.703995],[114.397589,30.704145],[114.397775,30.704561],[114.396688,30.704677],[114.396592,30.704006],[114.398945,30.703593]]]}},{"type":"Feature","id":"c15f72de-388d-48c9-9f19-f5904ba60559","properties":{"id":"c15f72de-388d-48c9-9f19-f5904ba60559","height":30,"num_floors":9,"class":"building","areaM2":39,"sourceTile":"tile_2_2","sourceFeatureCount":29812,"heightEstimated":true},"geometry":{"type":"Polygon","coordinates":[[[114.401679,30.702196],[114.401704,30.70231],[114.401625,30.702245],[114.401679,30.702196]]]}},{"type":"Feature","id":"b3fe410d-e487-4a28-95a0-29bf542a8356","properties":{"id":"b3fe410d-e487-4a28-95a0-29bf542a8356","height":19,"num_floors":6,"class":"building","areaM2":18,"sourceTile":"tile_2_2","sourceFeatureCount":29812,"heightEstimated":true},"geometry":{"type":"Polygon","coordinates":[[[114.403172,30.701975],[114.403061,30.702032],[114.403052,30.702006],[114.403172,30.701975]]]}},{"type":"Feature","id":"cdb792e0-034b-431f-bb59-f0c6f7ed1146","properties":{"id":"cdb792e0-034b-431f-bb59-f0c6f7ed1146","height":12,"num_floors":4,"class":"building","areaM2":72,"sourceTile":"tile_2_2","sourceFeatureCount":29812,"heightEstimated":true},"geometry":{"type":"Polygon","coordinates":[[[114.402728,30.699701],[114.402895,30.699753],[114.402782,30.699799],[114.402728,30.699701]]]}},{"type":"Feature","id":"a625cd5f-8092-42fe-a9b6-15b7e755edbf","properties":{"id":"a625cd5f-8092-42fe-a9b6-15b7e755edbf","height":118,"num_floors":37,"class":"building","areaM2":24097,"sourceTile":"tile_2_2","sourceFeatureCount":29812,"heightEstimated":true},"geometry":{"type":"Polygon","coordinates":[[[114.399942,30.700496],[114.398787,30.70057],[114.398649,30.699386],[114.398756,30.700573],[114.39818,30.700623],[114.398101,30.699135],[114.398599,30.699092],[114.39863,30.699361],[114.398842,30.699152],[114.399687,30.699255],[114.399942,30.700496]]]}},{"type":"Feature","id":"e74f072e-e463-498e-965f-1f18eacdf2b0","properties":{"id":"e74f072e-e463-498e-965f-1f18eacdf2b0","height":37,"num_floors":12,"class":"building","areaM2":205,"sourceTile":"tile_2_2","sourceFeatureCount":29812,"heightEstimated":true},"geometry":{"type":"Polygon","coordinates":[[[114.398849,30.697562],[114.398818,30.697478],[114.399389,30.697789],[114.398849,30.697562]]]}},{"type":"Feature","id":"58c94e63-2b43-4371-8673-fb14d2559be4","properties":{"id":"58c94e63-2b43-4371-8673-fb14d2559be4","height":27,"num_floors":8,"class":"building","areaM2":201,"sourceTile":"tile_2_2","sourceFeatureCount":29812,"heightEstimated":true},"geometry":{"type":"Polygon","coordinates":[[[114.407421,30.697408],[114.40783,30.697461],[114.407784,30.697548],[114.407421,30.697408]]]}},{"type":"Feature","id":"cbfa21cd-d70b-4a24-995e-8b71f68992b0","properties":{"id":"cbfa21cd-d70b-4a24-995e-8b71f68992b0","height":14,"num_floors":4,"class":"building","areaM2":89,"sourceTile":"tile_2_2","sourceFeatureCount":29812,"heightEstimated":true},"geometry":{"type":"Polygon","coordinates":[[[114.411428,30.700277],[114.411326,30.70012],[114.411481,30.700194],[114.411428,30.700277]]]}},{"type":"Feature","id":"db5701f4-a697-4d02-98b3-9e287a05731c","properties":{"id":"db5701f4-a697-4d02-98b3-9e287a05731c","height":38,"num_floors":12,"class":"building","areaM2":213,"sourceTile":"tile_2_2","sourceFeatureCount":29812,"heightEstimated":true},"geometry":{"type":"Polygon","coordinates":[[[114.409104,30.703257],[114.409382,30.702969],[114.409204,30.703298],[114.409104,30.703257]]]}},{"type":"Feature","id":"54cd8215-890d-4e20-bf6f-7743901dd0d6","properties":{"id":"54cd8215-890d-4e20-bf6f-7743901dd0d6","height":21,"num_floors":7,"class":"building","areaM2":18,"sourceTile":"tile_2_2","sourceFeatureCount":29812,"heightEstimated":true},"geometry":{"type":"Polygon","coordinates":[[[114.408218,30.706361],[114.40813,30.70636],[114.408174,30.706322],[114.408218,30.706361]]]}},{"type":"Feature","id":"c61a4312-9ce6-4f4b-b55b-b3d056d82acb","properties":{"id":"c61a4312-9ce6-4f4b-b55b-b3d056d82acb","height":13,"num_floors":4,"class":"building","areaM2":56,"sourceTile":"tile_2_2","sourceFeatureCount":29812,"heightEstimated":true},"geometry":{"type":"Polygon","coordinates":[[[114.412826,30.706482],[114.412981,30.706463],[114.412914,30.706539],[114.412826,30.706482]]]}},{"type":"Feature","id":"d2843d1b-c920-4c5c-aff3-76b81384c705","properties":{"id":"d2843d1b-c920-4c5c-aff3-76b81384c705","height":38,"num_floors":12,"class":"building","areaM2":149,"sourceTile":"tile_2_2","sourceFeatureCount":29812,"heightEstimated":true},"geometry":{"type":"Polygon","coordinates":[[[114.412406,30.702107],[114.412282,30.701855],[114.412486,30.702042],[114.412406,30.702107]]]}},{"type":"Feature","id":"b9481012-2a9e-44b0-b9b8-f3cf66a7c760","properties":{"id":"b9481012-2a9e-44b0-b9b8-f3cf66a7c760","height":30,"num_floors":9,"class":"building","areaM2":252,"sourceTile":"tile_2_2","sourceFeatureCount":29812,"heightEstimated":true},"geometry":{"type":"Polygon","coordinates":[[[114.415682,30.703513],[114.415859,30.703838],[114.415582,30.703599],[114.415682,30.703513]]]}},{"type":"Feature","id":"5ca810c2-b401-4b64-b209-ef4e9a479c59","properties":{"id":"5ca810c2-b401-4b64-b209-ef4e9a479c59","height":12,"num_floors":4,"class":"building","areaM2":13,"sourceTile":"tile_2_2","sourceFeatureCount":29812,"heightEstimated":true},"geometry":{"type":"Polygon","coordinates":[[[114.415705,30.708094],[114.415627,30.708111],[114.415642,30.708075],[114.415705,30.708094]]]}},{"type":"Feature","id":"8830408f-c81b-43a2-babe-2183dc62be21","properties":{"id":"8830408f-c81b-43a2-babe-2183dc62be21","height":36,"num_floors":11,"class":"building","areaM2":67,"sourceTile":"tile_2_2","sourceFeatureCount":29812,"heightEstimated":true},"geometry":{"type":"Polygon","coordinates":[[[114.417103,30.704132],[114.417277,30.704178],[114.417208,30.704232],[114.417103,30.704132]]]}},{"type":"Feature","id":"a80ed2fc-b24b-4b63-b58c-5682e1343d4f","properties":{"id":"a80ed2fc-b24b-4b63-b58c-5682e1343d4f","height":23,"num_floors":7,"class":"building","areaM2":9,"sourceTile":"tile_2_2","sourceFeatureCount":29812,"heightEstimated":true},"geometry":{"type":"Polygon","coordinates":[[[114.418911,30.700695],[114.418883,30.70075],[114.418863,30.70073],[114.418911,30.700695]]]}},{"type":"Feature","id":"e6fb304c-fa2e-4637-a746-332c2252f9e1","properties":{"id":"e6fb304c-fa2e-4637-a746-332c2252f9e1","height":17,"num_floors":5,"class":"building","areaM2":98,"sourceTile":"tile_2_2","sourceFeatureCount":29812,"heightEstimated":true},"geometry":{"type":"Polygon","coordinates":[[[114.419984,30.696628],[114.420198,30.696567],[114.420179,30.696659],[114.419984,30.696628]]]}},{"type":"Feature","id":"4285091d-bdf9-42f6-bb49-d108ac34f617","properties":{"id":"4285091d-bdf9-42f6-bb49-d108ac34f617","height":8,"num_floors":3,"class":"building","areaM2":56,"sourceTile":"tile_2_2","sourceFeatureCount":29812,"heightEstimated":true},"geometry":{"type":"Polygon","coordinates":[[[114.411347,30.676845],[114.411497,30.676806],[114.411445,30.67689],[114.411347,30.676845]]]}},{"type":"Feature","id":"a383629d-4f74-411c-9ce3-865732b709f6","properties":{"id":"a383629d-4f74-411c-9ce3-865732b709f6","height":26,"num_floors":8,"class":"building","areaM2":55,"sourceTile":"tile_2_2","sourceFeatureCount":29812,"heightEstimated":true},"geometry":{"type":"Polygon","coordinates":[[[114.392644,30.668195],[114.392815,30.668219],[114.392769,30.668274],[114.392644,30.668195]]]}},{"type":"Feature","id":"a154ecf0-304b-42a7-aa4b-015179913592","properties":{"id":"a154ecf0-304b-42a7-aa4b-015179913592","height":14,"num_floors":4,"class":"building","areaM2":9,"sourceTile":"tile_2_2","sourceFeatureCount":29812,"heightEstimated":true},"geometry":{"type":"Polygon","coordinates":[[[114.398689,30.650327],[114.398669,30.650385],[114.398646,30.650367],[114.398689,30.650327]]]}},{"type":"Feature","id":"77b6ccfb-cf48-4bb6-8483-3b14abf3ba9c","properties":{"id":"77b6ccfb-cf48-4bb6-8483-3b14abf3ba9c","height":41,"num_floors":1,"class":"building","areaM2":3135,"sourceTile":"tile_2_2","sourceFeatureCount":29812,"heightEstimated":true},"geometry":{"type":"Polygon","coordinates":[[[114.410395,30.656206],[114.40939,30.65586],[114.409508,30.655607],[114.410513,30.655953],[114.410395,30.656206]]]}},{"type":"Feature","id":"7c303d8a-aa2f-43fe-92c4-85b9716ce733","properties":{"id":"7c303d8a-aa2f-43fe-92c4-85b9716ce733","height":95,"num_floors":30,"class":"building","areaM2":9003,"sourceTile":"tile_2_2","sourceFeatureCount":29812,"heightEstimated":true},"geometry":{"type":"Polygon","coordinates":[[[114.417855,30.654391],[114.418264,30.654749],[114.418279,30.655398],[114.417072,30.654959],[114.417162,30.654367],[114.417855,30.654391]]]}},{"type":"Feature","id":"3718a5de-0d4c-4e8a-af9f-9926b139a2f7","properties":{"id":"3718a5de-0d4c-4e8a-af9f-9926b139a2f7","height":37,"num_floors":12,"class":"building","areaM2":430,"sourceTile":"tile_2_2","sourceFeatureCount":29812,"heightEstimated":true},"geometry":{"type":"Polygon","coordinates":[[[114.41677,30.653089],[114.416238,30.652938],[114.416769,30.652936],[114.41677,30.653089]]]}},{"type":"Feature","id":"03337864-2475-4cd4-a67c-516576b60f34","properties":{"id":"03337864-2475-4cd4-a67c-516576b60f34","height":19,"num_floors":6,"class":"building","areaM2":105,"sourceTile":"tile_2_2","sourceFeatureCount":29812,"heightEstimated":true},"geometry":{"type":"Polygon","coordinates":[[[114.425346,30.650002],[114.425623,30.650073],[114.425344,30.650073],[114.425346,30.650002]]]}},{"type":"Feature","id":"b21637e3-1631-4ea2-bc06-8e7c2c09ea39","properties":{"id":"b21637e3-1631-4ea2-bc06-8e7c2c09ea39","height":14,"num_floors":4,"class":"building","areaM2":299,"sourceTile":"tile_2_2","sourceFeatureCount":29812,"heightEstimated":true},"geometry":{"type":"Polygon","coordinates":[[[114.421074,30.658526],[114.422043,30.658709],[114.421068,30.658583],[114.421074,30.658526]]]}},{"type":"Feature","id":"26bf1a58-7592-4ec8-96e8-6b14e5df75f8","properties":{"id":"26bf1a58-7592-4ec8-96e8-6b14e5df75f8","height":26,"num_floors":8,"class":"building","areaM2":7,"sourceTile":"tile_2_2","sourceFeatureCount":29812,"heightEstimated":true},"geometry":{"type":"Polygon","coordinates":[[[114.43028,30.657869],[114.430263,30.657811],[114.430285,30.657812],[114.43028,30.657869]]]}},{"type":"Feature","id":"e2ffc259-5c9a-4de1-82e7-2d1d3264bbd4","properties":{"id":"e2ffc259-5c9a-4de1-82e7-2d1d3264bbd4","height":18,"num_floors":6,"class":"building","areaM2":50,"sourceTile":"tile_2_2","sourceFeatureCount":29812,"heightEstimated":true},"geometry":{"type":"Polygon","coordinates":[[[114.433376,30.65755],[114.433229,30.657567],[114.4333,30.657494],[114.433376,30.65755]]]}},{"type":"Feature","id":"56e708b7-73d4-4d8e-93c5-b1cc86d8ab93","properties":{"id":"56e708b7-73d4-4d8e-93c5-b1cc86d8ab93","height":9,"num_floors":3,"class":"building","areaM2":70,"sourceTile":"tile_2_2","sourceFeatureCount":29812,"heightEstimated":true},"geometry":{"type":"Polygon","coordinates":[[[114.431598,30.653672],[114.431773,30.653674],[114.431685,30.653748],[114.431598,30.653672]]]}},{"type":"Feature","id":"ebaf3512-0aab-4d0c-80f0-b9fa609f9485","properties":{"id":"ebaf3512-0aab-4d0c-80f0-b9fa609f9485","height":41,"num_floors":13,"class":"building","areaM2":548,"sourceTile":"tile_2_2","sourceFeatureCount":29812,"heightEstimated":true},"geometry":{"type":"Polygon","coordinates":[[[114.437519,30.654663],[114.436744,30.654793],[114.436745,30.654659],[114.437519,30.654663]]]}},{"type":"Feature","id":"cd589722-9845-48cf-8da6-d41489932396","properties":{"id":"cd589722-9845-48cf-8da6-d41489932396","height":95,"num_floors":30,"class":"building","areaM2":12118,"sourceTile":"tile_2_2","sourceFeatureCount":29812,"heightEstimated":true},"geometry":{"type":"Polygon","coordinates":[[[114.436751,30.655574],[114.437471,30.655574],[114.43739,30.657083],[114.436902,30.657101],[114.436905,30.656623],[114.436879,30.657129],[114.437477,30.657316],[114.436682,30.657284],[114.436748,30.655832],[114.437324,30.655826],[114.436739,30.655803],[114.436751,30.655574]]]}},{"type":"Feature","id":"05495c62-ad9e-415c-9481-344e604c3403","properties":{"id":"05495c62-ad9e-415c-9481-344e604c3403","height":68,"num_floors":21,"class":"building","areaM2":8919,"sourceTile":"tile_2_2","sourceFeatureCount":29812,"heightEstimated":true},"geometry":{"type":"Polygon","coordinates":[[[114.442017,30.656766],[114.441075,30.656606],[114.441168,30.656362],[114.442868,30.656443],[114.4429,30.65699],[114.441044,30.656911],[114.442017,30.656766]]]}},{"type":"Feature","id":"37a2da57-2383-4447-85c0-763db323f438","properties":{"id":"37a2da57-2383-4447-85c0-763db323f438","height":24,"num_floors":8,"class":"building","areaM2":196,"sourceTile":"tile_2_2","sourceFeatureCount":29812,"heightEstimated":true},"geometry":{"type":"Polygon","coordinates":[[[114.443212,30.651442],[114.443504,30.651578],[114.443206,30.651566],[114.443212,30.651442]]]}},{"type":"Feature","id":"4e5c0d88-8f54-42ea-a6ed-ad5f93c5c292","properties":{"id":"4e5c0d88-8f54-42ea-a6ed-ad5f93c5c292","height":15,"num_floors":5,"class":"building","areaM2":247,"sourceTile":"tile_2_2","sourceFeatureCount":29812,"heightEstimated":true},"geometry":{"type":"Polygon","coordinates":[[[114.442725,30.661277],[114.442457,30.661449],[114.442466,30.661269],[114.442725,30.661277]]]}},{"type":"Feature","id":"02c162e5-240c-4b71-90e5-54ff518b68eb","properties":{"id":"02c162e5-240c-4b71-90e5-54ff518b68eb","height":97,"num_floors":30,"class":"building","areaM2":17400,"sourceTile":"tile_2_2","sourceFeatureCount":29812,"heightEstimated":true},"geometry":{"type":"Polygon","coordinates":[[[114.440519,30.658476],[114.440263,30.658141],[114.440221,30.65858],[114.439317,30.658515],[114.439385,30.65781],[114.440244,30.657872],[114.440263,30.657681],[114.439403,30.657619],[114.43947,30.656924],[114.440638,30.657008],[114.440519,30.658476]]]}},{"type":"Feature","id":"3bec19e3-7ed2-46f7-8249-5f6a7a9ae43d","properties":{"id":"3bec19e3-7ed2-46f7-8249-5f6a7a9ae43d","height":168,"num_floors":53,"class":"building","areaM2":45854,"sourceTile":"tile_2_2","sourceFeatureCount":29812,"heightEstimated":true},"geometry":{"type":"Polygon","coordinates":[[[114.43762,30.658411],[114.438839,30.658341],[114.437502,30.658302],[114.437513,30.658035],[114.438841,30.658016],[114.437493,30.657977],[114.437503,30.657709],[114.438688,30.657696],[114.437494,30.657661],[114.437505,30.657375],[114.438568,30.657367],[114.437485,30.657336],[114.43753,30.655329],[114.438036,30.655391],[114.437885,30.655588],[114.439167,30.655625],[114.43891,30.658516],[114.43762,30.658411]]]}},{"type":"Feature","id":"2549c32b-e57c-4b06-a114-4fe2a15d9a35","properties":{"id":"2549c32b-e57c-4b06-a114-4fe2a15d9a35","height":29,"num_floors":9,"class":"building","areaM2":37,"sourceTile":"tile_2_2","sourceFeatureCount":29812,"heightEstimated":true},"geometry":{"type":"Polygon","coordinates":[[[114.424874,30.680632],[114.424783,30.680541],[114.424897,30.680578],[114.424874,30.680632]]]}},{"type":"Feature","id":"37eae8d5-db87-47c3-b244-1a64e87303f0","properties":{"id":"37eae8d5-db87-47c3-b244-1a64e87303f0","height":20,"num_floors":6,"class":"building","areaM2":43,"sourceTile":"tile_2_2","sourceFeatureCount":29812,"heightEstimated":true},"geometry":{"type":"Polygon","coordinates":[[[114.420914,30.70495],[114.420838,30.704844],[114.420916,30.704845],[114.420914,30.70495]]]}},{"type":"Feature","id":"d5a178f4-5593-41dc-89f9-f301703fe2e6","properties":{"id":"d5a178f4-5593-41dc-89f9-f301703fe2e6","height":13,"num_floors":4,"class":"building","areaM2":111,"sourceTile":"tile_2_2","sourceFeatureCount":29812,"heightEstimated":true},"geometry":{"type":"Polygon","coordinates":[[[114.429991,30.700153],[114.430164,30.700033],[114.430123,30.700183],[114.429991,30.700153]]]}},{"type":"Feature","id":"006a4faa-d5b6-4af0-a4b7-0d482dd9d161","properties":{"id":"006a4faa-d5b6-4af0-a4b7-0d482dd9d161","height":126,"num_floors":39,"class":"building","areaM2":24026,"sourceTile":"tile_2_2","sourceFeatureCount":29812,"heightEstimated":true},"geometry":{"type":"Polygon","coordinates":[[[114.447114,30.707827],[114.443679,30.707454],[114.443775,30.706794],[114.447212,30.707186],[114.447114,30.707827]]]}},{"type":"Feature","id":"6e9c4786-04e2-42c6-a877-e82ed2221fdd","properties":{"id":"6e9c4786-04e2-42c6-a877-e82ed2221fdd","height":29,"num_floors":9,"class":"building","areaM2":11,"sourceTile":"tile_2_2","sourceFeatureCount":29812,"heightEstimated":true},"geometry":{"type":"Polygon","coordinates":[[[114.448486,30.684071],[114.448557,30.684031],[114.448563,30.684058],[114.448486,30.684071]]]}},{"type":"Feature","id":"9f758243-addc-4101-a861-6f07ae6c079b","properties":{"id":"9f758243-addc-4101-a861-6f07ae6c079b","height":21,"num_floors":7,"class":"building","areaM2":56,"sourceTile":"tile_2_2","sourceFeatureCount":29812,"heightEstimated":true},"geometry":{"type":"Polygon","coordinates":[[[114.470059,30.706972],[114.470187,30.706895],[114.470168,30.706989],[114.470059,30.706972]]]}},{"type":"Feature","id":"c8ee1051-6da0-43ad-b0f1-06e76750ffc9","properties":{"id":"c8ee1051-6da0-43ad-b0f1-06e76750ffc9","height":19,"num_floors":6,"class":"building","areaM2":353,"sourceTile":"tile_2_2","sourceFeatureCount":29812,"heightEstimated":true},"geometry":{"type":"Polygon","coordinates":[[[114.474969,30.705704],[114.474264,30.705726],[114.474277,30.705631],[114.474969,30.705704]]]}},{"type":"Feature","id":"c642b93e-bd32-4b1d-a155-19a687528993","properties":{"id":"c642b93e-bd32-4b1d-a155-19a687528993","height":35,"num_floors":11,"class":"building","areaM2":117,"sourceTile":"tile_2_2","sourceFeatureCount":29812,"heightEstimated":true},"geometry":{"type":"Polygon","coordinates":[[[114.473155,30.665681],[114.472941,30.665557],[114.473171,30.665586],[114.473155,30.665681]]]}},{"type":"Feature","id":"097792f7-f29d-4730-8eaf-9d706a3bebde","properties":{"id":"097792f7-f29d-4730-8eaf-9d706a3bebde","height":26,"num_floors":8,"class":"building","areaM2":173,"sourceTile":"tile_2_2","sourceFeatureCount":29812,"heightEstimated":true},"geometry":{"type":"Polygon","coordinates":[[[114.467771,30.673277],[114.467789,30.673701],[114.467694,30.67329],[114.467771,30.673277]]]}},{"type":"Feature","id":"6bb1a31b-7a4d-4ecb-b0c5-627fad89ff85","properties":{"id":"6bb1a31b-7a4d-4ecb-b0c5-627fad89ff85","height":76,"num_floors":24,"class":"building","areaM2":11096,"sourceTile":"tile_2_2","sourceFeatureCount":29812,"heightEstimated":true},"geometry":{"type":"Polygon","coordinates":[[[114.460835,30.671562],[114.461491,30.671734],[114.460978,30.673198],[114.460322,30.673026],[114.460835,30.671562]]]}},{"type":"Feature","id":"9cb792e2-c262-417c-8acb-95193e80e430","properties":{"id":"9cb792e2-c262-417c-8acb-95193e80e430","height":31,"num_floors":10,"class":"building","areaM2":1128,"sourceTile":"tile_2_2","sourceFeatureCount":29812,"heightEstimated":true},"geometry":{"type":"Polygon","coordinates":[[[114.459123,30.665746],[114.459319,30.665776],[114.459209,30.666303],[114.459013,30.666273],[114.459123,30.665746]]]}},{"type":"Feature","id":"6fe16fbe-59b7-468a-a16a-0605c8163ae9","properties":{"id":"6fe16fbe-59b7-468a-a16a-0605c8163ae9","height":119,"num_floors":37,"class":"building","areaM2":20033,"sourceTile":"tile_2_2","sourceFeatureCount":29812,"heightEstimated":true},"geometry":{"type":"Polygon","coordinates":[[[114.46011,30.665437],[114.459444,30.665383],[114.459771,30.66433],[114.459043,30.664292],[114.459432,30.663261],[114.460638,30.663718],[114.46011,30.665437]]]}},{"type":"Feature","id":"bb74be5c-1598-498c-ac83-c0629807ae34","properties":{"id":"bb74be5c-1598-498c-ac83-c0629807ae34","height":124,"num_floors":39,"class":"building","areaM2":22408,"sourceTile":"tile_2_2","sourceFeatureCount":29812,"heightEstimated":true},"geometry":{"type":"Polygon","coordinates":[[[114.458352,30.672718],[114.459356,30.669854],[114.460038,30.670083],[114.459018,30.672892],[114.458352,30.672718]]]}},{"type":"Feature","id":"bf7e163b-6c3b-4a58-a1cf-a69047bc3556","properties":{"id":"bf7e163b-6c3b-4a58-a1cf-a69047bc3556","height":36,"num_floors":11,"class":"building","areaM2":112,"sourceTile":"tile_2_2","sourceFeatureCount":29812,"heightEstimated":true},"geometry":{"type":"Polygon","coordinates":[[[114.463629,30.663134],[114.46365,30.662921],[114.463744,30.662971],[114.463629,30.663134]]]}},{"type":"Feature","id":"89b8b992-4093-4e71-91fa-d136edea7a81","properties":{"id":"89b8b992-4093-4e71-91fa-d136edea7a81","height":97,"num_floors":30,"class":"building","areaM2":13727,"sourceTile":"tile_2_2","sourceFeatureCount":29812,"heightEstimated":true},"geometry":{"type":"Polygon","coordinates":[[[114.462982,30.66327],[114.462741,30.66319],[114.462648,30.663447],[114.462706,30.66408],[114.46189,30.66395],[114.461955,30.663669],[114.462215,30.663713],[114.461992,30.663656],[114.462339,30.662292],[114.463163,30.662434],[114.462982,30.66327]]]}},{"type":"Feature","id":"75f0bdb8-c6a8-4e61-9206-ebc5aec28918","properties":{"id":"75f0bdb8-c6a8-4e61-9206-ebc5aec28918","height":77,"num_floors":24,"class":"building","areaM2":8879,"sourceTile":"tile_2_2","sourceFeatureCount":29812,"heightEstimated":true},"geometry":{"type":"Polygon","coordinates":[[[114.462577,30.660697],[114.461234,30.660376],[114.461407,30.659802],[114.462755,30.660105],[114.462577,30.660697]]]}},{"type":"Feature","id":"b8c6175c-f2b7-4c6d-83e9-35a232f8ff95","properties":{"id":"b8c6175c-f2b7-4c6d-83e9-35a232f8ff95","height":22,"num_floors":7,"class":"building","areaM2":27,"sourceTile":"tile_2_2","sourceFeatureCount":29812,"heightEstimated":true},"geometry":{"type":"Polygon","coordinates":[[[114.458799,30.658724],[114.458738,30.658644],[114.458804,30.658647],[114.458799,30.658724]]]}},{"type":"Feature","id":"1b2d3a7e-e8da-4069-ab49-c90a01f267e0","properties":{"id":"1b2d3a7e-e8da-4069-ab49-c90a01f267e0","height":84,"num_floors":26,"class":"building","areaM2":12821,"sourceTile":"tile_2_2","sourceFeatureCount":29812,"heightEstimated":true},"geometry":{"type":"Polygon","coordinates":[[[114.459768,30.662921],[114.459077,30.662833],[114.459381,30.662084],[114.460765,30.662311],[114.460396,30.663222],[114.459837,30.663154],[114.459768,30.662921]]]}},{"type":"Feature","id":"19549b89-bcab-4a53-98ef-76ba1e0e0c2b","properties":{"id":"19549b89-bcab-4a53-98ef-76ba1e0e0c2b","height":92,"num_floors":29,"class":"building","areaM2":12088,"sourceTile":"tile_2_2","sourceFeatureCount":29812,"heightEstimated":true},"geometry":{"type":"Polygon","coordinates":[[[114.459352,30.663216],[114.458427,30.664974],[114.457927,30.66477],[114.458782,30.662983],[114.459352,30.663216]]]}},{"type":"Feature","id":"2901b6c4-2f74-4f61-9891-14b945596325","properties":{"id":"2901b6c4-2f74-4f61-9891-14b945596325","height":12,"num_floors":4,"class":"building","areaM2":39,"sourceTile":"tile_2_2","sourceFeatureCount":29812,"heightEstimated":true},"geometry":{"type":"Polygon","coordinates":[[[114.454857,30.663671],[114.454932,30.663574],[114.454935,30.663669],[114.454857,30.663671]]]}},{"type":"Feature","id":"97c4b459-cd74-4b4c-89f0-793af93bffc7","properties":{"id":"97c4b459-cd74-4b4c-89f0-793af93bffc7","height":40,"num_floors":13,"class":"building","areaM2":234,"sourceTile":"tile_2_2","sourceFeatureCount":29812,"heightEstimated":true},"geometry":{"type":"Polygon","coordinates":[[[114.457525,30.656797],[114.457304,30.657073],[114.457259,30.65693],[114.457525,30.656797]]]}},{"type":"Feature","id":"3fe8596b-64fb-4688-80eb-341926ec9d40","properties":{"id":"3fe8596b-64fb-4688-80eb-341926ec9d40","height":28,"num_floors":9,"class":"building","areaM2":151,"sourceTile":"tile_2_2","sourceFeatureCount":29812,"heightEstimated":true},"geometry":{"type":"Polygon","coordinates":[[[114.4602,30.655374],[114.459909,30.655264],[114.460207,30.655279],[114.4602,30.655374]]]}},{"type":"Feature","id":"39a57a77-0396-4235-8488-bb647fc384fa","properties":{"id":"39a57a77-0396-4235-8488-bb647fc384fa","height":14,"num_floors":4,"class":"building","areaM2":55,"sourceTile":"tile_2_2","sourceFeatureCount":29812,"heightEstimated":true},"geometry":{"type":"Polygon","coordinates":[[[114.469198,30.655268],[114.469102,30.655372],[114.469089,30.655279],[114.469198,30.655268]]]}},{"type":"Feature","id":"5e2f79b2-1cef-4daf-943f-3da7930e2546","properties":{"id":"5e2f79b2-1cef-4daf-943f-3da7930e2546","height":36,"num_floors":11,"class":"building","areaM2":81,"sourceTile":"tile_2_2","sourceFeatureCount":29812,"heightEstimated":true},"geometry":{"type":"Polygon","coordinates":[[[114.46742,30.664235],[114.467217,30.664166],[114.467416,30.664159],[114.46742,30.664235]]]}},{"type":"Feature","id":"91300e61-4e11-40d3-9de8-bbb4734033d7","properties":{"id":"91300e61-4e11-40d3-9de8-bbb4734033d7","height":73,"num_floors":23,"class":"building","areaM2":9971,"sourceTile":"tile_2_2","sourceFeatureCount":29812,"heightEstimated":true},"geometry":{"type":"Polygon","coordinates":[[[114.473074,30.662885],[114.471728,30.662765],[114.472019,30.661953],[114.473181,30.662264],[114.473074,30.662885]]]}},{"type":"Feature","id":"4753e153-2620-4b77-ae45-514f456cbf09","properties":{"id":"4753e153-2620-4b77-ae45-514f456cbf09","height":114,"num_floors":36,"class":"building","areaM2":16975,"sourceTile":"tile_2_2","sourceFeatureCount":29812,"heightEstimated":true},"geometry":{"type":"Polygon","coordinates":[[[114.475344,30.656282],[114.476462,30.657241],[114.476765,30.657246],[114.476417,30.657689],[114.475978,30.65743],[114.476236,30.657698],[114.476005,30.65799],[114.474666,30.657143],[114.475344,30.656282]]]}},{"type":"Feature","id":"d781a79b-8de3-4008-b536-c65500a1ff14","properties":{"id":"d781a79b-8de3-4008-b536-c65500a1ff14","height":121,"num_floors":38,"class":"building","areaM2":22753,"sourceTile":"tile_2_2","sourceFeatureCount":29812,"heightEstimated":true},"geometry":{"type":"Polygon","coordinates":[[[114.474476,30.659498],[114.47587,30.659752],[114.475032,30.661515],[114.473994,30.661213],[114.474114,30.660905],[114.474845,30.661037],[114.474132,30.66083],[114.47439,30.660168],[114.475138,30.660315],[114.474425,30.660108],[114.474476,30.659498]]]}},{"type":"Feature","id":"0bb94248-58fc-44b9-a12a-67c0c58fa332","properties":{"id":"0bb94248-58fc-44b9-a12a-67c0c58fa332","height":118,"num_floors":37,"class":"building","areaM2":16850,"sourceTile":"tile_2_2","sourceFeatureCount":29812,"heightEstimated":true},"geometry":{"type":"Polygon","coordinates":[[[114.473554,30.661117],[114.472935,30.660974],[114.473591,30.658662],[114.474264,30.658817],[114.473554,30.661117]]]}},{"type":"Feature","id":"772a182a-47e6-4aeb-a284-a7f957a9fbed","properties":{"id":"772a182a-47e6-4aeb-a284-a7f957a9fbed","height":130,"num_floors":41,"class":"building","areaM2":19748,"sourceTile":"tile_2_2","sourceFeatureCount":29812,"heightEstimated":true},"geometry":{"type":"Polygon","coordinates":[[[114.474278,30.663388],[114.47334,30.66301],[114.47359,30.662356],[114.474468,30.662526],[114.473628,30.662287],[114.473843,30.661724],[114.474644,30.661882],[114.473856,30.661657],[114.473974,30.661349],[114.475035,30.661651],[114.474278,30.663388]]]}},{"type":"Feature","id":"c9b3c75e-03ca-4ee7-8880-06501ff44262","properties":{"id":"c9b3c75e-03ca-4ee7-8880-06501ff44262","height":28,"num_floors":9,"class":"building","areaM2":121,"sourceTile":"tile_2_2","sourceFeatureCount":29812,"heightEstimated":true},"geometry":{"type":"Polygon","coordinates":[[[114.476009,30.661109],[114.475835,30.66125],[114.47588,30.661082],[114.476009,30.661109]]]}},{"type":"Feature","id":"ef590eaa-fda5-466a-9ca5-d4ee73b8ed35","properties":{"id":"ef590eaa-fda5-466a-9ca5-d4ee73b8ed35","height":146,"num_floors":46,"class":"building","areaM2":30612,"sourceTile":"tile_2_2","sourceFeatureCount":29812,"heightEstimated":true},"geometry":{"type":"Polygon","coordinates":[[[114.47753,30.664804],[114.47715,30.664727],[114.47759,30.663421],[114.477404,30.663698],[114.476624,30.663455],[114.476789,30.663059],[114.476342,30.66292],[114.476477,30.662596],[114.477506,30.662917],[114.476521,30.662518],[114.476709,30.662069],[114.478571,30.66262],[114.478162,30.6636],[114.477908,30.663561],[114.478147,30.663635],[114.477791,30.664601],[114.477326,30.664477],[114.47753,30.664804]]]}},{"type":"Feature","id":"6e789b87-8546-4c42-8c20-b6d64c9a6484","properties":{"id":"6e789b87-8546-4c42-8c20-b6d64c9a6484","height":96,"num_floors":30,"class":"building","areaM2":17796,"sourceTile":"tile_2_2","sourceFeatureCount":29812,"heightEstimated":true},"geometry":{"type":"Polygon","coordinates":[[[114.479227,30.656264],[114.479086,30.65647],[114.479754,30.656358],[114.480205,30.656712],[114.479827,30.657262],[114.479124,30.656901],[114.479779,30.657294],[114.479372,30.657885],[114.478401,30.657297],[114.478512,30.657042],[114.478846,30.657136],[114.478624,30.656822],[114.478894,30.656093],[114.479227,30.656264]]]}},{"type":"Feature","id":"f7b351cc-4530-4da5-8209-69b03d1fa06a","properties":{"id":"f7b351cc-4530-4da5-8209-69b03d1fa06a","height":15,"num_floors":5,"class":"building","areaM2":40,"sourceTile":"tile_2_2","sourceFeatureCount":29812,"heightEstimated":true},"geometry":{"type":"Polygon","coordinates":[[[114.476715,30.651111],[114.476647,30.651209],[114.476624,30.651131],[114.476715,30.651111]]]}},{"type":"Feature","id":"730fa5b7-1789-4943-866b-9e777b331304","properties":{"id":"730fa5b7-1789-4943-866b-9e777b331304","height":153,"num_floors":48,"class":"building","areaM2":33603,"sourceTile":"tile_2_2","sourceFeatureCount":29812,"heightEstimated":true},"geometry":{"type":"Polygon","coordinates":[[[114.471966,30.646777],[114.472241,30.647247],[114.472104,30.646535],[114.472824,30.646476],[114.473312,30.647399],[114.470913,30.64827],[114.47075,30.647992],[114.470871,30.648288],[114.470383,30.648502],[114.469874,30.647634],[114.470482,30.647565],[114.470439,30.647371],[114.470686,30.647793],[114.470564,30.647286],[114.471966,30.646777]]]}},{"type":"Feature","id":"f4670dd1-e173-4e78-817c-a8ff307e9845","properties":{"id":"f4670dd1-e173-4e78-817c-a8ff307e9845","height":112,"num_floors":35,"class":"building","areaM2":17991,"sourceTile":"tile_2_2","sourceFeatureCount":29812,"heightEstimated":true},"geometry":{"type":"Polygon","coordinates":[[[114.467563,30.645056],[114.469175,30.64436],[114.469621,30.645268],[114.468008,30.645891],[114.467563,30.645056]]]}},{"type":"Feature","id":"3a382c4a-becc-4fdd-a168-d8944f750540","properties":{"id":"3a382c4a-becc-4fdd-a168-d8944f750540","height":71,"num_floors":22,"class":"building","areaM2":9107,"sourceTile":"tile_2_2","sourceFeatureCount":29812,"heightEstimated":true},"geometry":{"type":"Polygon","coordinates":[[[114.467427,30.645093],[114.467807,30.645976],[114.467066,30.646326],[114.466549,30.645508],[114.467427,30.645093]]]}},{"type":"Feature","id":"1904cd7f-71b2-4c37-9712-8a78cbca61f9","properties":{"id":"1904cd7f-71b2-4c37-9712-8a78cbca61f9","height":85,"num_floors":27,"class":"building","areaM2":11783,"sourceTile":"tile_2_2","sourceFeatureCount":29812,"heightEstimated":true},"geometry":{"type":"Polygon","coordinates":[[[114.46951,30.643012],[114.469258,30.64306],[114.469843,30.643037],[114.469863,30.643409],[114.468026,30.643415],[114.468102,30.642752],[114.469493,30.642697],[114.46951,30.643012]]]}},{"type":"Feature","id":"01975ca4-bab1-40b8-9aed-ecf55c0c5e87","properties":{"id":"01975ca4-bab1-40b8-9aed-ecf55c0c5e87","height":69,"num_floors":22,"class":"building","areaM2":8870,"sourceTile":"tile_2_2","sourceFeatureCount":29812,"heightEstimated":true},"geometry":{"type":"Polygon","coordinates":[[[114.47143,30.644952],[114.471815,30.645467],[114.47071,30.64585],[114.470432,30.644975],[114.471082,30.644783],[114.471075,30.645057],[114.47143,30.644952]]]}},{"type":"Feature","id":"f4d183c4-9dec-4ca2-8c95-dd2eb5719d73","properties":{"id":"f4d183c4-9dec-4ca2-8c95-dd2eb5719d73","height":16,"num_floors":5,"class":"building","areaM2":523,"sourceTile":"tile_2_2","sourceFeatureCount":29812,"heightEstimated":true},"geometry":{"type":"Polygon","coordinates":[[[114.472396,30.643939],[114.471961,30.644295],[114.47188,30.644133],[114.472396,30.643939]]]}},{"type":"Feature","id":"5423aed8-569b-4b82-b997-158df7c87553","properties":{"id":"5423aed8-569b-4b82-b997-158df7c87553","height":27,"num_floors":8,"class":"building","areaM2":72,"sourceTile":"tile_2_2","sourceFeatureCount":29812,"heightEstimated":true},"geometry":{"type":"Polygon","coordinates":[[[114.466486,30.633785],[114.466347,30.633663],[114.466515,30.633712],[114.466486,30.633785]]]}},{"type":"Feature","id":"c92a516e-a987-48e9-b382-a8f909cd9cb4","properties":{"id":"c92a516e-a987-48e9-b382-a8f909cd9cb4","height":98,"num_floors":31,"class":"industrial","areaM2":14567,"sourceTile":"tile_2_2","sourceFeatureCount":29812,"heightEstimated":true},"geometry":{"type":"Polygon","coordinates":[[[114.456321,30.632785],[114.454895,30.634149],[114.454338,30.633717],[114.455764,30.632353],[114.456321,30.632785]]]}},{"type":"Feature","id":"1a99a724-14e3-4db2-83a7-7845f17eeaa3","properties":{"id":"1a99a724-14e3-4db2-83a7-7845f17eeaa3","height":19,"num_floors":6,"class":"building","areaM2":130,"sourceTile":"tile_2_2","sourceFeatureCount":29812,"heightEstimated":true},"geometry":{"type":"Polygon","coordinates":[[[114.45427,30.641294],[114.453951,30.641139],[114.454271,30.641217],[114.45427,30.641294]]]}},{"type":"Feature","id":"3be6ea6e-bd24-4390-8253-9ef3c2a9679b","properties":{"id":"3be6ea6e-bd24-4390-8253-9ef3c2a9679b","height":8,"num_floors":3,"class":"building","areaM2":63,"sourceTile":"tile_2_2","sourceFeatureCount":29812,"heightEstimated":true},"geometry":{"type":"Polygon","coordinates":[[[114.459596,30.634734],[114.459463,30.634573],[114.459522,30.634556],[114.459596,30.634734]]]}},{"type":"Feature","id":"06dd08b2-1100-4fa2-9fb2-84d3917dbfff","properties":{"id":"06dd08b2-1100-4fa2-9fb2-84d3917dbfff","height":33,"num_floors":10,"class":"building","areaM2":221,"sourceTile":"tile_2_2","sourceFeatureCount":29812,"heightEstimated":true},"geometry":{"type":"Polygon","coordinates":[[[114.461165,30.639918],[114.46106,30.640093],[114.460922,30.639924],[114.461165,30.639918]]]}},{"type":"Feature","id":"77f873fc-e41b-46ef-b4a8-de96b5074ed4","properties":{"id":"77f873fc-e41b-46ef-b4a8-de96b5074ed4","height":94,"num_floors":29,"class":"building","areaM2":9557,"sourceTile":"tile_2_2","sourceFeatureCount":29812,"heightEstimated":true},"geometry":{"type":"Polygon","coordinates":[[[114.465373,30.64578],[114.46468,30.646065],[114.464312,30.64459],[114.464747,30.644439],[114.465373,30.64578]]]}},{"type":"Feature","id":"4a0c6493-8fca-45ce-9abd-4620950d7037","properties":{"id":"4a0c6493-8fca-45ce-9abd-4620950d7037","height":102,"num_floors":32,"class":"building","areaM2":15664,"sourceTile":"tile_2_2","sourceFeatureCount":29812,"heightEstimated":true},"geometry":{"type":"Polygon","coordinates":[[[114.458951,30.648295],[114.459283,30.648785],[114.458976,30.648251],[114.460739,30.647403],[114.4611,30.647909],[114.458997,30.648977],[114.458641,30.648452],[114.458951,30.648295]]]}},{"type":"Feature","id":"9a23af6e-f5a4-4488-b635-2e02961e67c3","properties":{"id":"9a23af6e-f5a4-4488-b635-2e02961e67c3","height":122,"num_floors":38,"class":"building","areaM2":21417,"sourceTile":"tile_2_2","sourceFeatureCount":29812,"heightEstimated":true},"geometry":{"type":"Polygon","coordinates":[[[114.460656,30.647262],[114.460144,30.647553],[114.459843,30.64714],[114.460109,30.647583],[114.459304,30.647945],[114.459182,30.647741],[114.458048,30.648493],[114.457715,30.64785],[114.458147,30.647748],[114.458376,30.648041],[114.458165,30.647572],[114.460274,30.646626],[114.460656,30.647262]]]}},{"type":"Feature","id":"1fb84833-d914-442b-8fe3-ac0970791c86","properties":{"id":"1fb84833-d914-442b-8fe3-ac0970791c86","height":19,"num_floors":6,"class":"building","areaM2":553,"sourceTile":"tile_2_2","sourceFeatureCount":29812,"heightEstimated":true},"geometry":{"type":"Polygon","coordinates":[[[114.45389,30.643798],[114.452924,30.643352],[114.453942,30.643714],[114.45389,30.643798]]]}},{"type":"Feature","id":"e57d29b2-68aa-47a5-bafc-7f988dfa6184","properties":{"id":"e57d29b2-68aa-47a5-bafc-7f988dfa6184","height":162,"num_floors":51,"class":"building","areaM2":46563,"sourceTile":"tile_2_2","sourceFeatureCount":29812,"heightEstimated":true},"geometry":{"type":"Polygon","coordinates":[[[114.450709,30.639307],[114.451115,30.6397],[114.450576,30.641197],[114.449239,30.642098],[114.449105,30.641798],[114.448474,30.641839],[114.4485,30.640147],[114.449277,30.640072],[114.449691,30.639643],[114.450106,30.639778],[114.450709,30.639307]]]}},{"type":"Feature","id":"43c50d47-5566-43d9-a553-2e55e68e1af2","properties":{"id":"43c50d47-5566-43d9-a553-2e55e68e1af2","height":28,"num_floors":9,"class":"building","areaM2":50,"sourceTile":"tile_2_2","sourceFeatureCount":29812,"heightEstimated":true},"geometry":{"type":"Polygon","coordinates":[[[114.447999,30.640252],[114.448047,30.640119],[114.448101,30.640168],[114.447999,30.640252]]]}},{"type":"Feature","id":"fba96088-aa7a-42a3-93d7-1c0ab27f1136","properties":{"id":"fba96088-aa7a-42a3-93d7-1c0ab27f1136","height":18,"num_floors":6,"class":"building","areaM2":40,"sourceTile":"tile_2_2","sourceFeatureCount":29812,"heightEstimated":true},"geometry":{"type":"Polygon","coordinates":[[[114.443334,30.63514],[114.443351,30.635268],[114.443289,30.635248],[114.443334,30.63514]]]}},{"type":"Feature","id":"40809b59-19b4-41e3-b16b-a6fb25ceb321","properties":{"id":"40809b59-19b4-41e3-b16b-a6fb25ceb321","height":168,"num_floors":53,"class":"warehouse","areaM2":153994,"sourceTile":"tile_2_2","sourceFeatureCount":29812,"heightEstimated":true},"geometry":{"type":"Polygon","coordinates":[[[114.441234,30.641898],[114.439901,30.640341],[114.444113,30.637614],[114.446252,30.639771],[114.442981,30.641859],[114.441234,30.641898]]]}},{"type":"Feature","id":"eccdecd0-af1b-42a2-8cfe-d00f77ebd5d0","properties":{"id":"eccdecd0-af1b-42a2-8cfe-d00f77ebd5d0","height":92,"num_floors":29,"class":"building","areaM2":11065,"sourceTile":"tile_2_2","sourceFeatureCount":29812,"heightEstimated":true},"geometry":{"type":"Polygon","coordinates":[[[114.446602,30.642329],[114.44683,30.642269],[114.446157,30.642785],[114.445781,30.64222],[114.447228,30.641167],[114.44746,30.641405],[114.447011,30.641784],[114.447623,30.641551],[114.446602,30.642329]]]}},{"type":"Feature","id":"b4f60735-76e9-46cb-9399-d2dd485b9b63","properties":{"id":"b4f60735-76e9-46cb-9399-d2dd485b9b63","height":8,"num_floors":3,"class":"building","areaM2":34,"sourceTile":"tile_2_2","sourceFeatureCount":29812,"heightEstimated":true},"geometry":{"type":"Polygon","coordinates":[[[114.442328,30.636035],[114.442204,30.636065],[114.442279,30.635996],[114.442328,30.636035]]]}},{"type":"Feature","id":"f544b217-c9be-47db-8c07-e371e45dd209","properties":{"id":"f544b217-c9be-47db-8c07-e371e45dd209","height":108,"num_floors":34,"class":"industrial","areaM2":13714,"sourceTile":"tile_2_2","sourceFeatureCount":29812,"heightEstimated":true},"geometry":{"type":"Polygon","coordinates":[[[114.439372,30.63609],[114.438924,30.635646],[114.440727,30.634495],[114.441124,30.634968],[114.439372,30.63609]]]}},{"type":"Feature","id":"5287e3a7-6b84-4124-8955-8f02a6949796","properties":{"id":"5287e3a7-6b84-4124-8955-8f02a6949796","height":29,"num_floors":9,"class":"building","areaM2":42,"sourceTile":"tile_2_2","sourceFeatureCount":29812,"heightEstimated":true},"geometry":{"type":"Polygon","coordinates":[[[114.439871,30.642169],[114.439958,30.642263],[114.439875,30.642265],[114.439871,30.642169]]]}},{"type":"Feature","id":"4e1e204c-7b28-4b49-befc-9b4cdeecd51e","properties":{"id":"4e1e204c-7b28-4b49-befc-9b4cdeecd51e","height":19,"num_floors":6,"class":"building","areaM2":54,"sourceTile":"tile_2_2","sourceFeatureCount":29812,"heightEstimated":true},"geometry":{"type":"Polygon","coordinates":[[[114.435045,30.64493],[114.435204,30.644936],[114.435152,30.644998],[114.435045,30.64493]]]}},{"type":"Feature","id":"dff047cf-e152-49d7-92b9-6391efae24e2","properties":{"id":"dff047cf-e152-49d7-92b9-6391efae24e2","height":107,"num_floors":33,"class":"building","areaM2":20708,"sourceTile":"tile_2_2","sourceFeatureCount":29812,"heightEstimated":true},"geometry":{"type":"Polygon","coordinates":[[[114.423963,30.646979],[114.422339,30.644251],[114.422888,30.643996],[114.424541,30.64672],[114.423963,30.646979]]]}},{"type":"Feature","id":"e654eddb-a3b8-4ad8-9089-74482d4941d3","properties":{"id":"e654eddb-a3b8-4ad8-9089-74482d4941d3","height":112,"num_floors":35,"class":"building","areaM2":13610,"sourceTile":"tile_2_2","sourceFeatureCount":29812,"heightEstimated":true},"geometry":{"type":"Polygon","coordinates":[[[114.422469,30.64596],[114.421773,30.646254],[114.420898,30.644802],[114.421594,30.644486],[114.422469,30.64596]]]}},{"type":"Feature","id":"3f60703b-c893-4503-8028-f0501d4cade7","properties":{"id":"3f60703b-c893-4503-8028-f0501d4cade7","height":112,"num_floors":35,"class":"building","areaM2":14923,"sourceTile":"tile_2_2","sourceFeatureCount":29812,"heightEstimated":true},"geometry":{"type":"Polygon","coordinates":[[[114.424832,30.636657],[114.424941,30.636442],[114.425428,30.63653],[114.425272,30.637176],[114.423256,30.63692],[114.423448,30.636124],[114.424333,30.636294],[114.424343,30.636627],[114.424818,30.636391],[114.424832,30.636657]]]}},{"type":"Feature","id":"d38c7986-0bea-4999-a940-3dddb96015e3","properties":{"id":"d38c7986-0bea-4999-a940-3dddb96015e3","height":96,"num_floors":30,"class":"building","areaM2":10756,"sourceTile":"tile_2_2","sourceFeatureCount":29812,"heightEstimated":true},"geometry":{"type":"Polygon","coordinates":[[[114.421871,30.634489],[114.423302,30.634783],[114.42353,30.634954],[114.423412,30.635411],[114.421751,30.635093],[114.421871,30.634489]]]}},{"type":"Feature","id":"c61487e2-9aa2-46e0-aa73-cf86c18f7a03","properties":{"id":"c61487e2-9aa2-46e0-aa73-cf86c18f7a03","height":109,"num_floors":34,"class":"building","areaM2":13152,"sourceTile":"tile_2_2","sourceFeatureCount":29812,"heightEstimated":true},"geometry":{"type":"Polygon","coordinates":[[[114.425368,30.635779],[114.424033,30.635342],[114.424106,30.635072],[114.424752,30.635203],[114.424312,30.635064],[114.424476,30.634459],[114.425542,30.634676],[114.425368,30.635779]]]}},{"type":"Feature","id":"482b1b34-9880-4bc1-b7a0-887ba3269e40","properties":{"id":"482b1b34-9880-4bc1-b7a0-887ba3269e40","height":105,"num_floors":33,"class":"building","areaM2":11029,"sourceTile":"tile_2_2","sourceFeatureCount":29812,"heightEstimated":true},"geometry":{"type":"Polygon","coordinates":[[[114.425522,30.636339],[114.423527,30.635909],[114.42367,30.635389],[114.42565,30.635874],[114.425522,30.636339]]]}},{"type":"Feature","id":"1208aab8-5de0-4e12-9380-ed0c8756fd38","properties":{"id":"1208aab8-5de0-4e12-9380-ed0c8756fd38","height":28,"num_floors":9,"class":"building","areaM2":13,"sourceTile":"tile_2_2","sourceFeatureCount":29812,"heightEstimated":true},"geometry":{"type":"Polygon","coordinates":[[[114.426745,30.635348],[114.426747,30.635231],[114.426769,30.635235],[114.426745,30.635348]]]}},{"type":"Feature","id":"b48c7c9b-d87a-409a-a447-e0000de7f431","properties":{"id":"b48c7c9b-d87a-409a-a447-e0000de7f431","height":73,"num_floors":23,"class":"building","areaM2":8909,"sourceTile":"tile_2_2","sourceFeatureCount":29812,"heightEstimated":true},"geometry":{"type":"Polygon","coordinates":[[[114.428342,30.633971],[114.428536,30.63401],[114.42843,30.634401],[114.428794,30.634063],[114.429196,30.634547],[114.428824,30.634746],[114.428469,30.636059],[114.428163,30.635928],[114.428582,30.634678],[114.42816,30.634641],[114.428342,30.633971]]]}},{"type":"Feature","id":"dd6974c1-45fc-4786-85cf-80081d6d82b6","properties":{"id":"dd6974c1-45fc-4786-85cf-80081d6d82b6","height":112,"num_floors":35,"class":"industrial","areaM2":17169,"sourceTile":"tile_2_2","sourceFeatureCount":29812,"heightEstimated":true},"geometry":{"type":"Polygon","coordinates":[[[114.434458,30.639024],[114.432839,30.640067],[114.432111,30.639412],[114.433991,30.638495],[114.434458,30.639024]]]}},{"type":"Feature","id":"044df308-9360-439d-b1a2-c4e482f74de4","properties":{"id":"044df308-9360-439d-b1a2-c4e482f74de4","height":72,"num_floors":23,"class":"building","areaM2":6377,"sourceTile":"tile_2_2","sourceFeatureCount":29812,"heightEstimated":true},"geometry":{"type":"Polygon","coordinates":[[[114.425881,30.634136],[114.425765,30.634603],[114.424533,30.634374],[114.424649,30.633907],[114.425881,30.634136]]]}},{"type":"Feature","id":"a2ef52f9-ab92-440c-ae11-247a62a83a00","properties":{"id":"a2ef52f9-ab92-440c-ae11-247a62a83a00","height":117,"num_floors":37,"class":"industrial","areaM2":14640,"sourceTile":"tile_2_2","sourceFeatureCount":29812,"heightEstimated":true},"geometry":{"type":"Polygon","coordinates":[[[114.442923,30.633034],[114.44192,30.633675],[114.441171,30.632812],[114.442174,30.632129],[114.442923,30.633034]]]}},{"type":"Feature","id":"c15f3e0c-0f6e-4015-9dfb-ede9b2197eaa","properties":{"id":"c15f3e0c-0f6e-4015-9dfb-ede9b2197eaa","height":12,"num_floors":4,"class":"building","areaM2":95,"sourceTile":"tile_2_2","sourceFeatureCount":29812,"heightEstimated":true},"geometry":{"type":"Polygon","coordinates":[[[114.350545,30.72683],[114.350344,30.726853],[114.350431,30.726754],[114.350545,30.72683]]]}},{"type":"Feature","id":"c1fd8a94-eb84-4be6-af4e-a8cc607fb52a","properties":{"id":"c1fd8a94-eb84-4be6-af4e-a8cc607fb52a","height":33,"num_floors":10,"class":"building","areaM2":101,"sourceTile":"tile_2_2","sourceFeatureCount":29812,"heightEstimated":true},"geometry":{"type":"Polygon","coordinates":[[[114.35076,30.716125],[114.350557,30.716037],[114.350756,30.71603],[114.35076,30.716125]]]}},{"type":"Feature","id":"40ff70f6-f033-4c1b-b430-207172174fc0","properties":{"id":"40ff70f6-f033-4c1b-b430-207172174fc0","height":99,"num_floors":31,"class":"building","areaM2":14881,"sourceTile":"tile_2_2","sourceFeatureCount":29812,"heightEstimated":true},"geometry":{"type":"Polygon","coordinates":[[[114.353696,30.712475],[114.354426,30.712527],[114.354284,30.713771],[114.353775,30.713775],[114.353779,30.714214],[114.353314,30.714218],[114.353306,30.712191],[114.353682,30.712246],[114.353631,30.713738],[114.354089,30.713046],[114.354086,30.712807],[114.3537,30.712944],[114.353696,30.712475]]]}},{"type":"Feature","id":"28153a3c-a79e-4d66-9976-64d8a83e1611","properties":{"id":"28153a3c-a79e-4d66-9976-64d8a83e1611","height":22,"num_floors":7,"class":"building","areaM2":67,"sourceTile":"tile_2_2","sourceFeatureCount":29812,"heightEstimated":true},"geometry":{"type":"Polygon","coordinates":[[[114.351673,30.718044],[114.351535,30.718133],[114.351541,30.718038],[114.351673,30.718044]]]}},{"type":"Feature","id":"555bd8ab-b869-4a7b-ba40-f48ba0408541","properties":{"id":"555bd8ab-b869-4a7b-ba40-f48ba0408541","height":75,"num_floors":23,"class":"building","areaM2":10184,"sourceTile":"tile_2_2","sourceFeatureCount":29812,"heightEstimated":true},"geometry":{"type":"Polygon","coordinates":[[[114.358707,30.729367],[114.357104,30.729945],[114.356857,30.729433],[114.35846,30.728856],[114.358707,30.729367]]]}},{"type":"Feature","id":"4af09ac0-ba7d-483b-8157-a04e6ffbadd1","properties":{"id":"4af09ac0-ba7d-483b-8157-a04e6ffbadd1","height":76,"num_floors":24,"class":"building","areaM2":8693,"sourceTile":"tile_2_2","sourceFeatureCount":29812,"heightEstimated":true},"geometry":{"type":"Polygon","coordinates":[[[114.358298,30.728568],[114.356686,30.729128],[114.356482,30.728689],[114.358093,30.728129],[114.358298,30.728568]]]}},{"type":"Feature","id":"dc97fdc7-31ab-4861-8ed7-2c7740f717ba","properties":{"id":"dc97fdc7-31ab-4861-8ed7-2c7740f717ba","height":15,"num_floors":5,"class":"building","areaM2":175,"sourceTile":"tile_2_2","sourceFeatureCount":29812,"heightEstimated":true},"geometry":{"type":"Polygon","coordinates":[[[114.359685,30.731773],[114.359272,30.731824],[114.359651,30.731697],[114.359685,30.731773]]]}},{"type":"Feature","id":"5e47862e-5723-4bdd-9daa-12f07ec1c25a","properties":{"id":"5e47862e-5723-4bdd-9daa-12f07ec1c25a","height":85,"num_floors":27,"class":"building","areaM2":12202,"sourceTile":"tile_2_2","sourceFeatureCount":29812,"heightEstimated":true},"geometry":{"type":"Polygon","coordinates":[[[114.359567,30.73207],[114.360012,30.731938],[114.360271,30.73259],[114.358222,30.733097],[114.358024,30.732599],[114.359639,30.732249],[114.359567,30.73207]]]}},{"type":"Feature","id":"84105056-7449-434c-b0d5-445a09cb3118","properties":{"id":"84105056-7449-434c-b0d5-445a09cb3118","height":89,"num_floors":28,"class":"building","areaM2":9489,"sourceTile":"tile_2_2","sourceFeatureCount":29812,"heightEstimated":true},"geometry":{"type":"Polygon","coordinates":[[[114.356923,30.735406],[114.357712,30.734918],[114.35856,30.73594],[114.358039,30.736262],[114.357584,30.735529],[114.357215,30.735758],[114.356923,30.735406]]]}},{"type":"Feature","id":"b7a99f84-411d-4e66-a5e9-e0efc33b6205","properties":{"id":"b7a99f84-411d-4e66-a5e9-e0efc33b6205","height":90,"num_floors":28,"class":"building","areaM2":8910,"sourceTile":"tile_2_2","sourceFeatureCount":29812,"heightEstimated":true},"geometry":{"type":"Polygon","coordinates":[[[114.351941,30.724019],[114.352307,30.724047],[114.352111,30.724494],[114.351759,30.724379],[114.351737,30.724698],[114.350526,30.724301],[114.350628,30.724069],[114.351275,30.72424],[114.351542,30.723633],[114.352039,30.723796],[114.351941,30.724019]]]}},{"type":"Feature","id":"b0e39e81-39df-4558-b3a9-1fef1226b350","properties":{"id":"b0e39e81-39df-4558-b3a9-1fef1226b350","height":37,"num_floors":12,"class":"building","areaM2":196,"sourceTile":"tile_2_2","sourceFeatureCount":29812,"heightEstimated":true},"geometry":{"type":"Polygon","coordinates":[[[114.352247,30.729985],[114.351921,30.730195],[114.351882,30.730107],[114.352247,30.729985]]]}},{"type":"Feature","id":"c815c2f7-3084-422a-8378-e61c9d8fa88a","properties":{"id":"c815c2f7-3084-422a-8378-e61c9d8fa88a","height":20,"num_floors":6,"class":"building","areaM2":9,"sourceTile":"tile_2_2","sourceFeatureCount":29812,"heightEstimated":true},"geometry":{"type":"Polygon","coordinates":[[[114.360456,30.742403],[114.360412,30.742441],[114.360412,30.742403],[114.360456,30.742403]]]}},{"type":"Feature","id":"6a9e0705-473b-4e2c-af7b-2aa2aa95e5f1","properties":{"id":"6a9e0705-473b-4e2c-af7b-2aa2aa95e5f1","height":123,"num_floors":38,"class":"building","areaM2":19389,"sourceTile":"tile_2_2","sourceFeatureCount":29812,"heightEstimated":true},"geometry":{"type":"Polygon","coordinates":[[[114.37025,30.733913],[114.370049,30.73409],[114.368974,30.734326],[114.368758,30.733994],[114.371648,30.732749],[114.371944,30.733346],[114.37039,30.734023],[114.370291,30.733824],[114.369784,30.733968],[114.37025,30.733913]]]}},{"type":"Feature","id":"eba5746c-fd53-43ae-9cb2-64dbeecb7d4d","properties":{"id":"eba5746c-fd53-43ae-9cb2-64dbeecb7d4d","height":124,"num_floors":39,"class":"building","areaM2":17777,"sourceTile":"tile_2_2","sourceFeatureCount":29812,"heightEstimated":true},"geometry":{"type":"Polygon","coordinates":[[[114.373145,30.732657],[114.372736,30.732309],[114.372934,30.732507],[114.372359,30.732684],[114.37292,30.732554],[114.373246,30.733343],[114.372259,30.733648],[114.371659,30.732197],[114.372573,30.731915],[114.372847,30.732218],[114.372808,30.731842],[114.373145,30.732657]]]}},{"type":"Feature","id":"ddca8254-c6d6-4749-9aa6-f847f636ca95","properties":{"id":"ddca8254-c6d6-4749-9aa6-f847f636ca95","height":102,"num_floors":32,"class":"building","areaM2":14849,"sourceTile":"tile_2_2","sourceFeatureCount":29812,"heightEstimated":true},"geometry":{"type":"Polygon","coordinates":[[[114.37204,30.729994],[114.37243,30.731552],[114.372667,30.731523],[114.372776,30.73179],[114.372471,30.731611],[114.372575,30.731866],[114.371645,30.73215],[114.371134,30.730901],[114.372209,30.730731],[114.371834,30.730057],[114.37204,30.729994]]]}},{"type":"Feature","id":"3aaa3fc2-c934-441a-b865-46ca04244fd2","properties":{"id":"3aaa3fc2-c934-441a-b865-46ca04244fd2","height":106,"num_floors":33,"class":"building","areaM2":18487,"sourceTile":"tile_2_2","sourceFeatureCount":29812,"heightEstimated":true},"geometry":{"type":"Polygon","coordinates":[[[114.37055,30.729584],[114.37296,30.728905],[114.373208,30.72956],[114.370798,30.73024],[114.37055,30.729584]]]}},{"type":"Feature","id":"33b59b9d-6140-41f2-8684-e46fa04a79e5","properties":{"id":"33b59b9d-6140-41f2-8684-e46fa04a79e5","height":20,"num_floors":6,"class":"building","areaM2":309,"sourceTile":"tile_2_2","sourceFeatureCount":29812,"heightEstimated":true},"geometry":{"type":"Polygon","coordinates":[[[114.371818,30.728222],[114.37167,30.727608],[114.371906,30.728195],[114.371818,30.728222]]]}},{"type":"Feature","id":"7b738bbe-054e-47ce-a0b9-c0455dfd975f","properties":{"id":"7b738bbe-054e-47ce-a0b9-c0455dfd975f","height":147,"num_floors":46,"class":"building","areaM2":35098,"sourceTile":"tile_2_2","sourceFeatureCount":29812,"heightEstimated":true},"geometry":{"type":"Polygon","coordinates":[[[114.369787,30.724441],[114.369873,30.724629],[114.369658,30.724746],[114.370628,30.726828],[114.36963,30.727111],[114.370691,30.727039],[114.36971,30.727433],[114.369098,30.725839],[114.369462,30.725715],[114.369116,30.725804],[114.368644,30.724773],[114.369327,30.724539],[114.368661,30.724738],[114.368402,30.724245],[114.369406,30.723902],[114.369673,30.724669],[114.369787,30.724441]]]}},{"type":"Feature","id":"25c14c65-fcf8-4a95-af8e-3a2b4a0bf134","properties":{"id":"25c14c65-fcf8-4a95-af8e-3a2b4a0bf134","height":103,"num_floors":32,"class":"building","areaM2":18752,"sourceTile":"tile_2_2","sourceFeatureCount":29812,"heightEstimated":true},"geometry":{"type":"Polygon","coordinates":[[[114.367818,30.726452],[114.368174,30.726499],[114.367145,30.726928],[114.366817,30.726404],[114.367138,30.726976],[114.366743,30.727141],[114.366321,30.726387],[114.368414,30.725467],[114.368747,30.726064],[114.367818,30.726452]]]}},{"type":"Feature","id":"0de5f09e-9ab4-4a99-a955-5333b771bfa9","properties":{"id":"0de5f09e-9ab4-4a99-a955-5333b771bfa9","height":168,"num_floors":53,"class":"building","areaM2":43570,"sourceTile":"tile_2_2","sourceFeatureCount":29812,"heightEstimated":true},"geometry":{"type":"Polygon","coordinates":[[[114.368717,30.726357],[114.369303,30.727572],[114.367741,30.728057],[114.366385,30.728907],[114.366211,30.728681],[114.366357,30.72892],[114.366108,30.728774],[114.36624,30.728989],[114.365798,30.729191],[114.365395,30.728534],[114.365741,30.728376],[114.365433,30.727875],[114.365709,30.727748],[114.366365,30.728442],[114.365977,30.727809],[114.366752,30.727455],[114.367147,30.7281],[114.36741,30.72798],[114.366926,30.727191],[114.36758,30.727045],[114.367856,30.727408],[114.367614,30.727014],[114.36779,30.726781],[114.368717,30.726357]]]}},{"type":"Feature","id":"d21c378c-4f9d-4f84-a05a-4c49a057dea4","properties":{"id":"d21c378c-4f9d-4f84-a05a-4c49a057dea4","height":128,"num_floors":40,"class":"building","areaM2":29878,"sourceTile":"tile_2_2","sourceFeatureCount":29812,"heightEstimated":true},"geometry":{"type":"Polygon","coordinates":[[[114.368791,30.729426],[114.366738,30.730493],[114.36659,30.730486],[114.365882,30.729373],[114.366801,30.728936],[114.3672,30.729564],[114.36633,30.729993],[114.367427,30.729472],[114.367227,30.729551],[114.366843,30.728947],[114.367666,30.728556],[114.368024,30.729204],[114.368504,30.728976],[114.368791,30.729426]]]}},{"type":"Feature","id":"11123390-7636-4746-8746-6254b4700fca","properties":{"id":"11123390-7636-4746-8746-6254b4700fca","height":117,"num_floors":37,"class":"building","areaM2":22658,"sourceTile":"tile_2_2","sourceFeatureCount":29812,"heightEstimated":true},"geometry":{"type":"Polygon","coordinates":[[[114.367204,30.730558],[114.367472,30.730986],[114.368281,30.730546],[114.367462,30.730913],[114.367231,30.730545],[114.37015,30.72924],[114.370398,30.729693],[114.366835,30.731361],[114.366499,30.730826],[114.367204,30.730558]]]}},{"type":"Feature","id":"19be1f4d-354a-427c-a1ad-1cea8b8e55ea","properties":{"id":"19be1f4d-354a-427c-a1ad-1cea8b8e55ea","height":108,"num_floors":34,"class":"building","areaM2":14331,"sourceTile":"tile_2_2","sourceFeatureCount":29812,"heightEstimated":true},"geometry":{"type":"Polygon","coordinates":[[[114.364345,30.725139],[114.3658,30.724479],[114.366244,30.725209],[114.36479,30.725869],[114.364345,30.725139]]]}},{"type":"Feature","id":"0f11b941-b636-45ac-a3fe-b8eea24dfd0d","properties":{"id":"0f11b941-b636-45ac-a3fe-b8eea24dfd0d","height":93,"num_floors":29,"class":"building","areaM2":11677,"sourceTile":"tile_2_2","sourceFeatureCount":29812,"heightEstimated":true},"geometry":{"type":"Polygon","coordinates":[[[114.36576,30.726975],[114.365963,30.727387],[114.364985,30.727841],[114.364585,30.727198],[114.365935,30.726571],[114.366328,30.727202],[114.365997,30.727356],[114.36576,30.726975]]]}},{"type":"Feature","id":"73bed937-64b6-42f0-94a3-dfaf36bcc49b","properties":{"id":"73bed937-64b6-42f0-94a3-dfaf36bcc49b","height":110,"num_floors":34,"class":"building","areaM2":15225,"sourceTile":"tile_2_2","sourceFeatureCount":29812,"heightEstimated":true},"geometry":{"type":"Polygon","coordinates":[[[114.364645,30.727084],[114.364183,30.726332],[114.365677,30.725648],[114.366138,30.726401],[114.364645,30.727084]]]}},{"type":"Feature","id":"e95078e4-d633-4cd5-a9c5-67e06bdbfff2","properties":{"id":"e95078e4-d633-4cd5-a9c5-67e06bdbfff2","height":127,"num_floors":40,"class":"building","areaM2":22626,"sourceTile":"tile_2_2","sourceFeatureCount":29812,"heightEstimated":true},"geometry":{"type":"Polygon","coordinates":[[[114.36619,30.726387],[114.365718,30.725624],[114.367899,30.724618],[114.368371,30.725381],[114.36619,30.726387]]]}},{"type":"Feature","id":"169bc54c-9f70-4cae-a801-f9d1aa2f26e4","properties":{"id":"169bc54c-9f70-4cae-a801-f9d1aa2f26e4","height":32,"num_floors":10,"class":"building","areaM2":36,"sourceTile":"tile_2_2","sourceFeatureCount":29812,"heightEstimated":true},"geometry":{"type":"Polygon","coordinates":[[[114.366556,30.718094],[114.366399,30.718025],[114.366577,30.71806],[114.366556,30.718094]]]}},{"type":"Feature","id":"06946be3-b441-49aa-a841-53c164fa73eb","properties":{"id":"06946be3-b441-49aa-a841-53c164fa73eb","height":107,"num_floors":33,"class":"building","areaM2":20096,"sourceTile":"tile_2_2","sourceFeatureCount":29812,"heightEstimated":true},"geometry":{"type":"Polygon","coordinates":[[[114.365546,30.719819],[114.366238,30.719846],[114.366509,30.720334],[114.365096,30.720665],[114.364743,30.721186],[114.364096,30.721334],[114.363826,30.720471],[114.364559,30.720167],[114.364689,30.720339],[114.365261,30.720056],[114.364638,30.72009],[114.365343,30.719798],[114.365499,30.720078],[114.365546,30.719819]]]}},{"type":"Feature","id":"f236747d-8894-4d42-9b4a-4fe4d478e5ec","properties":{"id":"f236747d-8894-4d42-9b4a-4fe4d478e5ec","height":97,"num_floors":30,"class":"building","areaM2":14601,"sourceTile":"tile_2_2","sourceFeatureCount":29812,"heightEstimated":true},"geometry":{"type":"Polygon","coordinates":[[[114.363848,30.724124],[114.366964,30.722709],[114.367175,30.723056],[114.364059,30.724471],[114.363848,30.724124]]]}},{"type":"Feature","id":"0726f2ac-dfaa-4847-99ce-2557d4bebee3","properties":{"id":"0726f2ac-dfaa-4847-99ce-2557d4bebee3","height":102,"num_floors":32,"class":"building","areaM2":14330,"sourceTile":"tile_2_2","sourceFeatureCount":29812,"heightEstimated":true},"geometry":{"type":"Polygon","coordinates":[[[114.363754,30.723986],[114.363312,30.723255],[114.364769,30.722598],[114.36521,30.723329],[114.363754,30.723986]]]}},{"type":"Feature","id":"a2a68641-083d-489a-8202-8ce2bcbc0a3c","properties":{"id":"a2a68641-083d-489a-8202-8ce2bcbc0a3c","height":85,"num_floors":27,"class":"building","areaM2":10930,"sourceTile":"tile_2_2","sourceFeatureCount":29812,"heightEstimated":true},"geometry":{"type":"Polygon","coordinates":[[[114.368702,30.715494],[114.369081,30.715009],[114.368993,30.714736],[114.370349,30.714408],[114.370395,30.715155],[114.368702,30.715494]]]}},{"type":"Feature","id":"8a78caa3-1768-43bd-80bd-8b2900851624","properties":{"id":"8a78caa3-1768-43bd-80bd-8b2900851624","height":106,"num_floors":33,"class":"building","areaM2":16680,"sourceTile":"tile_2_2","sourceFeatureCount":29812,"heightEstimated":true},"geometry":{"type":"Polygon","coordinates":[[[114.368467,30.716198],[114.369459,30.715748],[114.369535,30.715982],[114.369586,30.715787],[114.369888,30.716571],[114.36759,30.717153],[114.368178,30.716057],[114.368467,30.716198]]]}},{"type":"Feature","id":"8d29aae6-e340-4a1a-8a48-a75bac5dbfaa","properties":{"id":"8d29aae6-e340-4a1a-8a48-a75bac5dbfaa","height":117,"num_floors":37,"class":"building","areaM2":18547,"sourceTile":"tile_2_2","sourceFeatureCount":29812,"heightEstimated":true},"geometry":{"type":"Polygon","coordinates":[[[114.369379,30.717628],[114.369596,30.717493],[114.368089,30.717858],[114.367685,30.717238],[114.368761,30.716945],[114.368852,30.717134],[114.368787,30.716925],[114.370071,30.716626],[114.369475,30.716947],[114.370124,30.716796],[114.370332,30.717462],[114.369379,30.717628]]]}},{"type":"Feature","id":"1b824407-4036-4857-b37c-4f4baf95c7df","properties":{"id":"1b824407-4036-4857-b37c-4f4baf95c7df","height":153,"num_floors":48,"class":"building","areaM2":38060,"sourceTile":"tile_2_2","sourceFeatureCount":29812,"heightEstimated":true},"geometry":{"type":"Polygon","coordinates":[[[114.370026,30.718157],[114.369946,30.717923],[114.370276,30.717839],[114.370189,30.718298],[114.370729,30.71816],[114.370416,30.717817],[114.370746,30.717733],[114.37085,30.717989],[114.370752,30.717703],[114.372267,30.717316],[114.372407,30.717675],[114.372287,30.717325],[114.372542,30.71726],[114.372756,30.717741],[114.372582,30.717235],[114.373856,30.716952],[114.374096,30.717652],[114.369086,30.718891],[114.368856,30.718217],[114.369256,30.7181],[114.369547,30.718759],[114.369413,30.71813],[114.369925,30.717957],[114.370026,30.718157]]]}},{"type":"Feature","id":"1401a009-cbb7-4622-a5fc-8a83ee3a9c1f","properties":{"id":"1401a009-cbb7-4622-a5fc-8a83ee3a9c1f","height":118,"num_floors":37,"class":"building","areaM2":16897,"sourceTile":"tile_2_2","sourceFeatureCount":29812,"heightEstimated":true},"geometry":{"type":"Polygon","coordinates":[[[114.371713,30.716959],[114.370538,30.717443],[114.370249,30.716558],[114.372193,30.71614],[114.372466,30.716972],[114.371713,30.716959]]]}},{"type":"Feature","id":"087cbe62-4cef-415d-b35a-051bcf9c297d","properties":{"id":"087cbe62-4cef-415d-b35a-051bcf9c297d","height":24,"num_floors":8,"class":"building","areaM2":63,"sourceTile":"tile_2_2","sourceFeatureCount":29812,"heightEstimated":true},"geometry":{"type":"Polygon","coordinates":[[[114.372385,30.717167],[114.372523,30.717247],[114.372399,30.717261],[114.372385,30.717167]]]}},{"type":"Feature","id":"f5992852-d5f3-4371-be76-ac6cbec01d0c","properties":{"id":"f5992852-d5f3-4371-be76-ac6cbec01d0c","height":90,"num_floors":28,"class":"building","areaM2":9638,"sourceTile":"tile_2_2","sourceFeatureCount":29812,"heightEstimated":true},"geometry":{"type":"Polygon","coordinates":[[[114.371504,30.714121],[114.371654,30.715051],[114.371124,30.71517],[114.370971,30.71466],[114.371066,30.715029],[114.370627,30.715128],[114.37041,30.714408],[114.371504,30.714121]]]}},{"type":"Feature","id":"6a0a64f9-139d-4bbc-9f6a-39ece1e141f6","properties":{"id":"6a0a64f9-139d-4bbc-9f6a-39ece1e141f6","height":107,"num_floors":33,"class":"building","areaM2":13525,"sourceTile":"tile_2_2","sourceFeatureCount":29812,"heightEstimated":true},"geometry":{"type":"Polygon","coordinates":[[[114.369292,30.714479],[114.369879,30.713822],[114.370014,30.713965],[114.370203,30.713409],[114.371094,30.7132],[114.37137,30.714073],[114.369292,30.714479]]]}},{"type":"Feature","id":"e401f91d-a201-454f-b551-0416fb223419","properties":{"id":"e401f91d-a201-454f-b551-0416fb223419","height":79,"num_floors":25,"class":"building","areaM2":9133,"sourceTile":"tile_2_2","sourceFeatureCount":29812,"heightEstimated":true},"geometry":{"type":"Polygon","coordinates":[[[114.372189,30.715241],[114.37295,30.714896],[114.373313,30.715408],[114.372924,30.715554],[114.373402,30.715426],[114.37349,30.715672],[114.37232,30.715928],[114.372079,30.715115],[114.372392,30.715031],[114.372189,30.715241]]]}},{"type":"Feature","id":"687cf78d-d61d-4bb8-b406-36aa4acb08a5","properties":{"id":"687cf78d-d61d-4bb8-b406-36aa4acb08a5","height":105,"num_floors":33,"class":"building","areaM2":17429,"sourceTile":"tile_2_2","sourceFeatureCount":29812,"heightEstimated":true},"geometry":{"type":"Polygon","coordinates":[[[114.373684,30.718696],[114.374987,30.718307],[114.374996,30.719703],[114.37348,30.719662],[114.373684,30.718696]]]}},{"type":"Feature","id":"1b2c4cb0-e9e9-48ee-b40d-4aedcc0b2880","properties":{"id":"1b2c4cb0-e9e9-48ee-b40d-4aedcc0b2880","height":60,"num_floors":19,"class":"building","areaM2":5263,"sourceTile":"tile_2_2","sourceFeatureCount":29812,"heightEstimated":true},"geometry":{"type":"Polygon","coordinates":[[[114.377432,30.717422],[114.37596,30.717791],[114.375855,30.717479],[114.377328,30.717111],[114.377432,30.717422]]]}},{"type":"Feature","id":"c5f4fb6b-22d9-479d-95c3-a68b17c42002","properties":{"id":"c5f4fb6b-22d9-479d-95c3-a68b17c42002","height":88,"num_floors":28,"class":"building","areaM2":10003,"sourceTile":"tile_2_2","sourceFeatureCount":29812,"heightEstimated":true},"geometry":{"type":"Polygon","coordinates":[[[114.37839,30.719887],[114.378418,30.720691],[114.3777,30.720666],[114.377686,30.720015],[114.377656,30.720665],[114.377125,30.720646],[114.377159,30.71993],[114.37839,30.719887]]]}},{"type":"Feature","id":"55f1861a-3e01-47ba-aee2-45de58ff2569","properties":{"id":"55f1861a-3e01-47ba-aee2-45de58ff2569","height":89,"num_floors":28,"class":"building","areaM2":8592,"sourceTile":"tile_2_2","sourceFeatureCount":29812,"heightEstimated":true},"geometry":{"type":"Polygon","coordinates":[[[114.377118,30.720708],[114.378438,30.720858],[114.378399,30.721459],[114.377078,30.721328],[114.377118,30.720708]]]}},{"type":"Feature","id":"ca601ddb-6d03-488f-af02-37039fa0c648","properties":{"id":"ca601ddb-6d03-488f-af02-37039fa0c648","height":91,"num_floors":28,"class":"building","areaM2":13167,"sourceTile":"tile_2_2","sourceFeatureCount":29812,"heightEstimated":true},"geometry":{"type":"Polygon","coordinates":[[[114.379792,30.721929],[114.378676,30.721878],[114.378583,30.72085],[114.379898,30.72091],[114.379792,30.721929]]]}},{"type":"Feature","id":"7fd570a2-4746-42ce-8558-8febef1cf4da","properties":{"id":"7fd570a2-4746-42ce-8558-8febef1cf4da","height":78,"num_floors":24,"class":"building","areaM2":9496,"sourceTile":"tile_2_2","sourceFeatureCount":29812,"heightEstimated":true},"geometry":{"type":"Polygon","coordinates":[[[114.378822,30.719969],[114.3793,30.719943],[114.378919,30.720002],[114.379958,30.720049],[114.379914,30.720765],[114.378588,30.720705],[114.378822,30.719969]]]}},{"type":"Feature","id":"225a6249-5fa0-4c40-a534-9cc3f298fdd0","properties":{"id":"225a6249-5fa0-4c40-a534-9cc3f298fdd0","height":95,"num_floors":30,"class":"building","areaM2":12718,"sourceTile":"tile_2_2","sourceFeatureCount":29812,"heightEstimated":true},"geometry":{"type":"Polygon","coordinates":[[[114.377204,30.718756],[114.378486,30.718811],[114.378432,30.719746],[114.37715,30.719691],[114.377204,30.718756]]]}},{"type":"Feature","id":"91dad3c2-bd5f-4fc5-a2f7-367b77ec3d0c","properties":{"id":"91dad3c2-bd5f-4fc5-a2f7-367b77ec3d0c","height":110,"num_floors":34,"class":"building","areaM2":13809,"sourceTile":"tile_2_2","sourceFeatureCount":29812,"heightEstimated":true},"geometry":{"type":"Polygon","coordinates":[[[114.377249,30.717692],[114.378552,30.717427],[114.378515,30.718583],[114.377221,30.718552],[114.377249,30.717692]]]}},{"type":"Feature","id":"b9d0159e-c1ed-48e4-ba0f-5282506aa211","properties":{"id":"b9d0159e-c1ed-48e4-ba0f-5282506aa211","height":84,"num_floors":26,"class":"building","areaM2":10428,"sourceTile":"tile_2_2","sourceFeatureCount":29812,"heightEstimated":true},"geometry":{"type":"Polygon","coordinates":[[[114.384246,30.713994],[114.383312,30.71395],[114.383169,30.71316],[114.384731,30.713218],[114.384246,30.713994]]]}},{"type":"Feature","id":"a2254ea2-20fd-4568-8206-e9fc81d56d73","properties":{"id":"a2254ea2-20fd-4568-8206-e9fc81d56d73","height":147,"num_floors":46,"class":"building","areaM2":36697,"sourceTile":"tile_2_2","sourceFeatureCount":29812,"heightEstimated":true},"geometry":{"type":"Polygon","coordinates":[[[114.385615,30.716671],[114.385758,30.716944],[114.385678,30.717712],[114.382283,30.718065],[114.382176,30.717178],[114.383982,30.716954],[114.383953,30.716712],[114.384363,30.716593],[114.38469,30.716564],[114.384737,30.716954],[114.385615,30.716671]]]}},{"type":"Feature","id":"ea6363c4-0881-4e1d-8119-0b0540aa16a7","properties":{"id":"ea6363c4-0881-4e1d-8119-0b0540aa16a7","height":168,"num_floors":53,"class":"building","areaM2":47044,"sourceTile":"tile_2_2","sourceFeatureCount":29812,"heightEstimated":true},"geometry":{"type":"Polygon","coordinates":[[[114.383241,30.718161],[114.3858,30.717971],[114.386049,30.719633],[114.385495,30.719831],[114.385951,30.71993],[114.38619,30.72079],[114.385966,30.720665],[114.38596,30.721047],[114.384908,30.720237],[114.384965,30.719877],[114.384438,30.719936],[114.384305,30.719051],[114.385035,30.718969],[114.385317,30.719701],[114.385203,30.718937],[114.385614,30.718837],[114.383364,30.718979],[114.383241,30.718161]]]}},{"type":"Feature","id":"cddabb7f-78cb-42c6-b0c2-5d879d666846","properties":{"id":"cddabb7f-78cb-42c6-b0c2-5d879d666846","height":98,"num_floors":31,"class":"building","areaM2":10354,"sourceTile":"tile_2_2","sourceFeatureCount":29812,"heightEstimated":true},"geometry":{"type":"Polygon","coordinates":[[[114.384253,30.720982],[114.384224,30.721632],[114.382898,30.721589],[114.382887,30.721072],[114.382862,30.721645],[114.382608,30.721637],[114.382634,30.721025],[114.384253,30.720982]]]}},{"type":"Feature","id":"867bd799-6e55-4573-a255-d0137c500482","properties":{"id":"867bd799-6e55-4573-a255-d0137c500482","height":84,"num_floors":26,"class":"building","areaM2":11931,"sourceTile":"tile_2_2","sourceFeatureCount":29812,"heightEstimated":true},"geometry":{"type":"Polygon","coordinates":[[[114.382646,30.720162],[114.384072,30.720208],[114.38425,30.72095],[114.382614,30.720897],[114.382646,30.720162]]]}},{"type":"Feature","id":"efb46e40-f075-4d26-b2fc-d970192b76f6","properties":{"id":"efb46e40-f075-4d26-b2fc-d970192b76f6","height":91,"num_floors":28,"class":"building","areaM2":10646,"sourceTile":"tile_2_2","sourceFeatureCount":29812,"heightEstimated":true},"geometry":{"type":"Polygon","coordinates":[[[114.382528,30.72014],[114.382491,30.720885],[114.381142,30.720834],[114.38118,30.720089],[114.382528,30.72014]]]}},{"type":"Feature","id":"e5365e25-5b65-4e17-ad7d-09f40ceddbe7","properties":{"id":"e5365e25-5b65-4e17-ad7d-09f40ceddbe7","height":113,"num_floors":35,"class":"building","areaM2":13672,"sourceTile":"tile_2_2","sourceFeatureCount":29812,"heightEstimated":true},"geometry":{"type":"Polygon","coordinates":[[[114.382458,30.721608],[114.382214,30.721621],[114.382265,30.722033],[114.381095,30.721964],[114.38113,30.720979],[114.382557,30.721018],[114.382458,30.721608]]]}},{"type":"Feature","id":"8872feee-de42-4374-9e4a-667dd5b08117","properties":{"id":"8872feee-de42-4374-9e4a-667dd5b08117","height":95,"num_floors":30,"class":"building","areaM2":11509,"sourceTile":"tile_2_2","sourceFeatureCount":29812,"heightEstimated":true},"geometry":{"type":"Polygon","coordinates":[[[114.378991,30.71725],[114.379934,30.717805],[114.379745,30.718616],[114.378783,30.718605],[114.378991,30.71725]]]}},{"type":"Feature","id":"8f784194-4e1a-4294-a513-d6691d707cf4","properties":{"id":"8f784194-4e1a-4294-a513-d6691d707cf4","height":83,"num_floors":26,"class":"building","areaM2":11841,"sourceTile":"tile_2_2","sourceFeatureCount":29812,"heightEstimated":true},"geometry":{"type":"Polygon","coordinates":[[[114.378694,30.719764],[114.378742,30.718828],[114.379935,30.718873],[114.379888,30.719809],[114.378694,30.719764]]]}},{"type":"Feature","id":"2ed42942-865c-406e-b825-3e112c2d538f","properties":{"id":"2ed42942-865c-406e-b825-3e112c2d538f","height":146,"num_floors":46,"class":"building","areaM2":26402,"sourceTile":"tile_2_2","sourceFeatureCount":29812,"heightEstimated":true},"geometry":{"type":"Polygon","coordinates":[[[114.380098,30.723599],[114.380128,30.724031],[114.380466,30.724123],[114.378444,30.724045],[114.378488,30.723272],[114.379593,30.723319],[114.379605,30.723109],[114.381858,30.723426],[114.382091,30.724192],[114.380483,30.724027],[114.380537,30.723465],[114.380983,30.723417],[114.37958,30.723357],[114.380098,30.723599]]]}},{"type":"Feature","id":"736ce8f9-21f2-4204-854d-d798247e6189","properties":{"id":"736ce8f9-21f2-4204-854d-d798247e6189","height":90,"num_floors":28,"class":"building","areaM2":10478,"sourceTile":"tile_2_2","sourceFeatureCount":29812,"heightEstimated":true},"geometry":{"type":"Polygon","coordinates":[[[114.382506,30.72712],[114.383489,30.727215],[114.383239,30.727469],[114.38367,30.727477],[114.38361,30.727677],[114.383761,30.727383],[114.384126,30.72739],[114.384113,30.727906],[114.382432,30.727864],[114.382506,30.72712]]]}},{"type":"Feature","id":"0e82b3b3-dca9-44e8-bf21-2991fb3b0d5e","properties":{"id":"0e82b3b3-dca9-44e8-bf21-2991fb3b0d5e","height":88,"num_floors":28,"class":"building","areaM2":9968,"sourceTile":"tile_2_2","sourceFeatureCount":29812,"heightEstimated":true},"geometry":{"type":"Polygon","coordinates":[[[114.383314,30.724932],[114.3846,30.725084],[114.384572,30.725724],[114.383251,30.725733],[114.383314,30.724932]]]}},{"type":"Feature","id":"25ade2ca-5a76-4dcf-a665-e7f8d1cbc15e","properties":{"id":"25ade2ca-5a76-4dcf-a665-e7f8d1cbc15e","height":93,"num_floors":29,"class":"building","areaM2":9769,"sourceTile":"tile_2_2","sourceFeatureCount":29812,"heightEstimated":true},"geometry":{"type":"Polygon","coordinates":[[[114.383368,30.723969],[114.384668,30.724086],[114.384628,30.724735],[114.383321,30.724733],[114.383368,30.723969]]]}},{"type":"Feature","id":"307246b5-212f-4c1e-a162-948b513736f5","properties":{"id":"307246b5-212f-4c1e-a162-948b513736f5","height":88,"num_floors":28,"class":"building","areaM2":11952,"sourceTile":"tile_2_2","sourceFeatureCount":29812,"heightEstimated":true},"geometry":{"type":"Polygon","coordinates":[[[114.379677,30.733237],[114.379636,30.732601],[114.38032,30.732531],[114.380472,30.733631],[114.379105,30.733773],[114.379029,30.733222],[114.379677,30.733237]]]}},{"type":"Feature","id":"156e260b-bd24-401b-bd40-0c281ddd9db5","properties":{"id":"156e260b-bd24-401b-bd40-0c281ddd9db5","height":99,"num_floors":31,"class":"building","areaM2":11434,"sourceTile":"tile_2_2","sourceFeatureCount":29812,"heightEstimated":true},"geometry":{"type":"Polygon","coordinates":[[[114.379576,30.73378],[114.379614,30.734117],[114.380081,30.734077],[114.380245,30.733724],[114.38059,30.734686],[114.379095,30.734813],[114.379171,30.733815],[114.379576,30.73378]]]}},{"type":"Feature","id":"b7387d88-34f1-4967-a382-22e25f169023","properties":{"id":"b7387d88-34f1-4967-a382-22e25f169023","height":118,"num_floors":37,"class":"building","areaM2":15880,"sourceTile":"tile_2_2","sourceFeatureCount":29812,"heightEstimated":true},"geometry":{"type":"Polygon","coordinates":[[[114.380257,30.735861],[114.379229,30.735945],[114.379167,30.73538],[114.379987,30.735258],[114.379146,30.735327],[114.379095,30.734869],[114.380606,30.734746],[114.380704,30.735634],[114.380034,30.735689],[114.380257,30.735861]]]}},{"type":"Feature","id":"39932a5e-0c52-4660-bd22-8fa7014d07e9","properties":{"id":"39932a5e-0c52-4660-bd22-8fa7014d07e9","height":120,"num_floors":38,"class":"building","areaM2":21838,"sourceTile":"tile_2_2","sourceFeatureCount":29812,"heightEstimated":true},"geometry":{"type":"Polygon","coordinates":[[[114.379372,30.737394],[114.379439,30.736589],[114.380781,30.736497],[114.380914,30.737953],[114.379448,30.738053],[114.379396,30.737487],[114.380214,30.737336],[114.379372,30.737394]]]}},{"type":"Feature","id":"f03b3aca-44f7-4c6e-aa5b-b0a1275c987b","properties":{"id":"f03b3aca-44f7-4c6e-aa5b-b0a1275c987b","height":96,"num_floors":30,"class":"building","areaM2":15265,"sourceTile":"tile_2_2","sourceFeatureCount":29812,"heightEstimated":true},"geometry":{"type":"Polygon","coordinates":[[[114.378246,30.738376],[114.379162,30.738274],[114.379275,30.738711],[114.379213,30.738296],[114.380906,30.738011],[114.380978,30.738494],[114.37834,30.739006],[114.378246,30.738376]]]}},{"type":"Feature","id":"666aee7b-fdef-4270-a27b-34fe35bc4308","properties":{"id":"666aee7b-fdef-4270-a27b-34fe35bc4308","height":95,"num_floors":30,"class":"building","areaM2":9603,"sourceTile":"tile_2_2","sourceFeatureCount":29812,"heightEstimated":true},"geometry":{"type":"Polygon","coordinates":[[[114.379115,30.737478],[114.379385,30.738147],[114.378207,30.738293],[114.378088,30.737312],[114.379115,30.737478]]]}},{"type":"Feature","id":"5f262397-0aa8-4c83-a75d-046b761d1d3b","properties":{"id":"5f262397-0aa8-4c83-a75d-046b761d1d3b","height":103,"num_floors":32,"class":"building","areaM2":10667,"sourceTile":"tile_2_2","sourceFeatureCount":29812,"heightEstimated":true},"geometry":{"type":"Polygon","coordinates":[[[114.375967,30.738533],[114.376018,30.738747],[114.37612,30.738307],[114.377228,30.738233],[114.377229,30.739128],[114.376183,30.739197],[114.376144,30.738752],[114.37591,30.738768],[114.375967,30.738533]]]}},{"type":"Feature","id":"2a9fff9b-c57e-4140-bc39-24f8fc023a40","properties":{"id":"2a9fff9b-c57e-4140-bc39-24f8fc023a40","height":106,"num_floors":33,"class":"building","areaM2":13767,"sourceTile":"tile_2_2","sourceFeatureCount":29812,"heightEstimated":true},"geometry":{"type":"Polygon","coordinates":[[[114.376356,30.737506],[114.375782,30.737428],[114.375763,30.73724],[114.37712,30.736986],[114.377241,30.738171],[114.375854,30.738277],[114.376356,30.737506]]]}},{"type":"Feature","id":"857d720f-c333-4180-8e5f-a706a87ddecd","properties":{"id":"857d720f-c333-4180-8e5f-a706a87ddecd","height":159,"num_floors":50,"class":"building","areaM2":39158,"sourceTile":"tile_2_2","sourceFeatureCount":29812,"heightEstimated":true},"geometry":{"type":"Polygon","coordinates":[[[114.377473,30.734646],[114.376879,30.734679],[114.376767,30.7342],[114.378706,30.733855],[114.378842,30.734862],[114.377742,30.735],[114.378954,30.734878],[114.379016,30.735334],[114.378223,30.735414],[114.379007,30.73539],[114.379082,30.73594],[114.377419,30.736108],[114.377741,30.735926],[114.377325,30.735995],[114.37696,30.734698],[114.377473,30.734646]]]}},{"type":"Feature","id":"35df326f-ccd7-4c43-bf08-4262da3f6a51","properties":{"id":"35df326f-ccd7-4c43-bf08-4262da3f6a51","height":22,"num_floors":7,"class":"building","areaM2":18,"sourceTile":"tile_2_2","sourceFeatureCount":29812,"heightEstimated":true},"geometry":{"type":"Polygon","coordinates":[[[114.377509,30.726636],[114.377595,30.726553],[114.377612,30.726575],[114.377509,30.726636]]]}},{"type":"Feature","id":"f9bc1827-c17f-41a1-bc6e-9391270a971e","properties":{"id":"f9bc1827-c17f-41a1-bc6e-9391270a971e","height":81,"num_floors":25,"class":"building","areaM2":12805,"sourceTile":"tile_2_2","sourceFeatureCount":29812,"heightEstimated":true},"geometry":{"type":"Polygon","coordinates":[[[114.375016,30.729967],[114.37501,30.730613],[114.374345,30.730812],[114.373768,30.72954],[114.374581,30.729296],[114.375016,30.729967]]]}},{"type":"Feature","id":"c7272ab8-3f8a-4f45-955b-beca19f65183","properties":{"id":"c7272ab8-3f8a-4f45-955b-beca19f65183","height":118,"num_floors":37,"class":"building","areaM2":16393,"sourceTile":"tile_2_2","sourceFeatureCount":29812,"heightEstimated":true},"geometry":{"type":"Polygon","coordinates":[[[114.372634,30.730674],[114.372598,30.730987],[114.372444,30.730618],[114.37265,30.730554],[114.372173,30.729969],[114.373204,30.729648],[114.373858,30.731097],[114.372975,30.731372],[114.372634,30.730674]]]}},{"type":"Feature","id":"0702bcc3-16bb-4306-a1f2-5487246041d9","properties":{"id":"0702bcc3-16bb-4306-a1f2-5487246041d9","height":107,"num_floors":33,"class":"building","areaM2":16115,"sourceTile":"tile_2_2","sourceFeatureCount":29812,"heightEstimated":true},"geometry":{"type":"Polygon","coordinates":[[[114.373885,30.731597],[114.373839,30.73141],[114.373005,30.731485],[114.373873,30.731212],[114.374215,30.732025],[114.373384,30.732186],[114.373278,30.732291],[114.374246,30.732059],[114.374589,30.732872],[114.373706,30.733149],[114.373732,30.732695],[114.373364,30.732811],[114.373043,30.732049],[114.373241,30.732044],[114.373102,30.731714],[114.373885,30.731597]]]}},{"type":"Feature","id":"f06f4e3e-8cea-4c5a-996a-45eb5c6b28a3","properties":{"id":"f06f4e3e-8cea-4c5a-996a-45eb5c6b28a3","height":106,"num_floors":33,"class":"building","areaM2":14791,"sourceTile":"tile_2_2","sourceFeatureCount":29812,"heightEstimated":true},"geometry":{"type":"Polygon","coordinates":[[[114.375016,30.735423],[114.374688,30.735644],[114.374276,30.734566],[114.374338,30.735246],[114.373874,30.733813],[114.374423,30.733656],[114.374576,30.733926],[114.374468,30.733643],[114.374869,30.733529],[114.375016,30.735423]]]}},{"type":"Feature","id":"630c1c0c-4935-453e-9202-fefae8079b92","properties":{"id":"630c1c0c-4935-453e-9202-fefae8079b92","height":95,"num_floors":30,"class":"building","areaM2":10136,"sourceTile":"tile_2_2","sourceFeatureCount":29812,"heightEstimated":true},"geometry":{"type":"Polygon","coordinates":[[[114.373662,30.737852],[114.373532,30.737268],[114.373778,30.737227],[114.373523,30.737228],[114.373297,30.736137],[114.373496,30.736104],[114.373867,30.736194],[114.374227,30.737813],[114.373662,30.737852]]]}},{"type":"Feature","id":"9071a16e-4ea4-495b-a545-1f487c7749a2","properties":{"id":"9071a16e-4ea4-495b-a545-1f487c7749a2","height":76,"num_floors":24,"class":"building","areaM2":10140,"sourceTile":"tile_2_2","sourceFeatureCount":29812,"heightEstimated":true},"geometry":{"type":"Polygon","coordinates":[[[114.376236,30.744178],[114.37569,30.744348],[114.376269,30.744225],[114.37654,30.744578],[114.375356,30.744888],[114.375097,30.744009],[114.376011,30.74377],[114.376236,30.744178]]]}},{"type":"Feature","id":"074fdcbe-bf71-4fae-9995-fb1dda2b91be","properties":{"id":"074fdcbe-bf71-4fae-9995-fb1dda2b91be","height":109,"num_floors":34,"class":"building","areaM2":13364,"sourceTile":"tile_2_2","sourceFeatureCount":29812,"heightEstimated":true},"geometry":{"type":"Polygon","coordinates":[[[114.376268,30.741184],[114.377702,30.741071],[114.377858,30.741954],[114.376471,30.742064],[114.376268,30.741184]]]}},{"type":"Feature","id":"afdd5ba9-9a9e-4ca7-ba45-27a9cb27ba93","properties":{"id":"afdd5ba9-9a9e-4ca7-ba45-27a9cb27ba93","height":75,"num_floors":23,"class":"building","areaM2":10612,"sourceTile":"tile_2_2","sourceFeatureCount":29812,"heightEstimated":true},"geometry":{"type":"Polygon","coordinates":[[[114.377994,30.742701],[114.376542,30.742789],[114.376486,30.742101],[114.377938,30.742013],[114.377994,30.742701]]]}},{"type":"Feature","id":"2c4cd252-f2d7-41bd-9390-32f80109d9a1","properties":{"id":"2c4cd252-f2d7-41bd-9390-32f80109d9a1","height":12,"num_floors":4,"class":"building","areaM2":9,"sourceTile":"tile_2_2","sourceFeatureCount":29812,"heightEstimated":true},"geometry":{"type":"Polygon","coordinates":[[[114.378634,30.74088],[114.378584,30.740838],[114.378614,30.740829],[114.378634,30.74088]]]}},{"type":"Feature","id":"7bfa410f-1b0d-4757-84d7-ff564ee6dacf","properties":{"id":"7bfa410f-1b0d-4757-84d7-ff564ee6dacf","height":80,"num_floors":25,"class":"building","areaM2":9129,"sourceTile":"tile_2_2","sourceFeatureCount":29812,"heightEstimated":true},"geometry":{"type":"Polygon","coordinates":[[[114.377002,30.744901],[114.376826,30.744382],[114.378358,30.743995],[114.378534,30.744514],[114.377002,30.744901]]]}},{"type":"Feature","id":"4887f0de-e8c9-41ab-b703-16d277e5a8cc","properties":{"id":"4887f0de-e8c9-41ab-b703-16d277e5a8cc","height":73,"num_floors":23,"class":"building","areaM2":9352,"sourceTile":"tile_2_2","sourceFeatureCount":29812,"heightEstimated":true},"geometry":{"type":"Polygon","coordinates":[[[114.378277,30.749986],[114.377078,30.750021],[114.376957,30.749395],[114.378115,30.749146],[114.378277,30.749986]]]}},{"type":"Feature","id":"d675eea4-8fee-46a7-8556-4f95b43cb813","properties":{"id":"d675eea4-8fee-46a7-8556-4f95b43cb813","height":90,"num_floors":28,"class":"building","areaM2":8995,"sourceTile":"tile_2_2","sourceFeatureCount":29812,"heightEstimated":true},"geometry":{"type":"Polygon","coordinates":[[[114.376243,30.749989],[114.375187,30.750023],[114.375054,30.749288],[114.376085,30.749121],[114.376243,30.749989]]]}},{"type":"Feature","id":"304eea7d-7dc7-4e0b-a867-b4b1cde783ea","properties":{"id":"304eea7d-7dc7-4e0b-a867-b4b1cde783ea","height":120,"num_floors":38,"class":"building","areaM2":27902,"sourceTile":"tile_2_2","sourceFeatureCount":29812,"heightEstimated":true},"geometry":{"type":"Polygon","coordinates":[[[114.379653,30.749988],[114.379271,30.748816],[114.378753,30.748921],[114.379216,30.749979],[114.378874,30.750021],[114.378765,30.749321],[114.37832,30.749341],[114.378482,30.748809],[114.379167,30.74867],[114.378463,30.748799],[114.378256,30.748035],[114.379556,30.747731],[114.379638,30.748034],[114.379235,30.748268],[114.379842,30.748312],[114.379927,30.748628],[114.379584,30.748725],[114.380011,30.748639],[114.380484,30.749793],[114.380164,30.749858],[114.380025,30.749524],[114.380132,30.749919],[114.379653,30.749988]]]}},{"type":"Feature","id":"82ef4b95-1e60-44c1-927e-3606cd0b4a53","properties":{"id":"82ef4b95-1e60-44c1-927e-3606cd0b4a53","height":33,"num_floors":10,"class":"building","areaM2":13,"sourceTile":"tile_2_2","sourceFeatureCount":29812,"heightEstimated":true},"geometry":{"type":"Polygon","coordinates":[[[114.395222,30.748357],[114.395142,30.74835],[114.395171,30.74832],[114.395222,30.748357]]]}},{"type":"Feature","id":"f3a9836d-f49e-4bdc-9cff-247e10f2b354","properties":{"id":"f3a9836d-f49e-4bdc-9cff-247e10f2b354","height":24,"num_floors":8,"class":"building","areaM2":34,"sourceTile":"tile_2_2","sourceFeatureCount":29812,"heightEstimated":true},"geometry":{"type":"Polygon","coordinates":[[[114.394724,30.730995],[114.394697,30.731099],[114.394654,30.731026],[114.394724,30.730995]]]}},{"type":"Feature","id":"b6dc319d-f735-4149-8d2b-7fe2227bfad4","properties":{"id":"b6dc319d-f735-4149-8d2b-7fe2227bfad4","height":13,"num_floors":4,"class":"building","areaM2":17,"sourceTile":"tile_2_2","sourceFeatureCount":29812,"heightEstimated":true},"geometry":{"type":"Polygon","coordinates":[[[114.391489,30.733598],[114.391576,30.733596],[114.391542,30.733633],[114.391489,30.733598]]]}},{"type":"Feature","id":"58dd8ecb-709a-4a96-90a4-a69637f45330","properties":{"id":"58dd8ecb-709a-4a96-90a4-a69637f45330","height":86,"num_floors":27,"class":"building","areaM2":9188,"sourceTile":"tile_2_2","sourceFeatureCount":29812,"heightEstimated":true},"geometry":{"type":"Polygon","coordinates":[[[114.38657,30.726164],[114.385356,30.726287],[114.385398,30.725504],[114.386691,30.725556],[114.38657,30.726164]]]}},{"type":"Feature","id":"6d7f0407-3137-4e1f-88a1-c38883eaceeb","properties":{"id":"6d7f0407-3137-4e1f-88a1-c38883eaceeb","height":102,"num_floors":32,"class":"building","areaM2":10229,"sourceTile":"tile_2_2","sourceFeatureCount":29812,"heightEstimated":true},"geometry":{"type":"Polygon","coordinates":[[[114.385957,30.72503],[114.386663,30.724739],[114.386723,30.725527],[114.385386,30.725462],[114.385445,30.724546],[114.385987,30.724572],[114.385957,30.72503]]]}},{"type":"Feature","id":"355f1b3b-3535-4c78-b9f9-7e9b3ef5a263","properties":{"id":"355f1b3b-3535-4c78-b9f9-7e9b3ef5a263","height":10,"num_floors":3,"class":"building","areaM2":201,"sourceTile":"tile_2_2","sourceFeatureCount":29812,"heightEstimated":true},"geometry":{"type":"Polygon","coordinates":[[[114.387255,30.720112],[114.387368,30.719851],[114.38741,30.720092],[114.387255,30.720112]]]}},{"type":"Feature","id":"3659ba1d-4596-42af-9306-77598ae5f25c","properties":{"id":"3659ba1d-4596-42af-9306-77598ae5f25c","height":104,"num_floors":33,"class":"building","areaM2":10614,"sourceTile":"tile_2_2","sourceFeatureCount":29812,"heightEstimated":true},"geometry":{"type":"Polygon","coordinates":[[[114.387712,30.717711],[114.387701,30.719099],[114.387079,30.719158],[114.3869,30.717761],[114.387712,30.717711]]]}},{"type":"Feature","id":"8d7f1180-9934-4044-a639-e6639d68306c","properties":{"id":"8d7f1180-9934-4044-a639-e6639d68306c","height":104,"num_floors":33,"class":"building","areaM2":13101,"sourceTile":"tile_2_2","sourceFeatureCount":29812,"heightEstimated":true},"geometry":{"type":"Polygon","coordinates":[[[114.386649,30.715956],[114.38742,30.715942],[114.387643,30.717512],[114.386882,30.717593],[114.386649,30.715956]]]}},{"type":"Feature","id":"334b3278-5494-4f99-b86d-e3a3dd7b23df","properties":{"id":"334b3278-5494-4f99-b86d-e3a3dd7b23df","height":116,"num_floors":36,"class":"building","areaM2":18784,"sourceTile":"tile_2_2","sourceFeatureCount":29812,"heightEstimated":true},"geometry":{"type":"Polygon","coordinates":[[[114.394384,30.722286],[114.394291,30.720893],[114.395561,30.72083],[114.395655,30.722223],[114.394384,30.722286]]]}},{"type":"Feature","id":"cbf633ee-50a8-43fb-996b-8f2065d8dcdf","properties":{"id":"cbf633ee-50a8-43fb-996b-8f2065d8dcdf","height":25,"num_floors":8,"class":"building","areaM2":36,"sourceTile":"tile_2_2","sourceFeatureCount":29812,"heightEstimated":true},"geometry":{"type":"Polygon","coordinates":[[[114.395935,30.719891],[114.396022,30.719968],[114.395934,30.719967],[114.395935,30.719891]]]}},{"type":"Feature","id":"b5eb2021-ee40-4f96-8be3-67b4af14d267","properties":{"id":"b5eb2021-ee40-4f96-8be3-67b4af14d267","height":110,"num_floors":34,"class":"building","areaM2":15301,"sourceTile":"tile_2_2","sourceFeatureCount":29812,"heightEstimated":true},"geometry":{"type":"Polygon","coordinates":[[[114.402531,30.715382],[114.40127,30.715477],[114.40127,30.714302],[114.402576,30.714302],[114.402531,30.715382]]]}},{"type":"Feature","id":"af9135a1-bce7-4395-afdb-784288526e14","properties":{"id":"af9135a1-bce7-4395-afdb-784288526e14","height":21,"num_floors":1,"class":"building","areaM2":205,"sourceTile":"tile_2_2","sourceFeatureCount":29812,"heightEstimated":true},"geometry":{"type":"Polygon","coordinates":[[[114.402065,30.723801],[114.401732,30.723921],[114.40173,30.723805],[114.402065,30.723801]]]}},{"type":"Feature","id":"c3237ff5-a942-4177-a7c5-0e4eca8a56ac","properties":{"id":"c3237ff5-a942-4177-a7c5-0e4eca8a56ac","height":82,"num_floors":26,"class":"building","areaM2":12912,"sourceTile":"tile_2_2","sourceFeatureCount":29812,"heightEstimated":true},"geometry":{"type":"Polygon","coordinates":[[[114.399385,30.71995],[114.401108,30.719833],[114.401176,30.720568],[114.399406,30.720609],[114.399385,30.71995]]]}},{"type":"Feature","id":"7be529ae-e45c-42b5-b754-11c5e3cdb7eb","properties":{"id":"7be529ae-e45c-42b5-b754-11c5e3cdb7eb","height":17,"num_floors":5,"class":"building","areaM2":474,"sourceTile":"tile_2_2","sourceFeatureCount":29812,"heightEstimated":true},"geometry":{"type":"Polygon","coordinates":[[[114.406591,30.736625],[114.407174,30.736463],[114.407177,30.736616],[114.406591,30.736625]]]}},{"type":"Feature","id":"26ffd100-345d-4b15-af70-bc7e78c4f247","properties":{"id":"26ffd100-345d-4b15-af70-bc7e78c4f247","height":27,"num_floors":8,"class":"building","areaM2":56,"sourceTile":"tile_2_2","sourceFeatureCount":29812,"heightEstimated":true},"geometry":{"type":"Polygon","coordinates":[[[114.40882,30.709297],[114.408932,30.709392],[114.408821,30.709393],[114.40882,30.709297]]]}},{"type":"Feature","id":"3615c332-94f0-4ec6-99b1-9a71249a4d13","properties":{"id":"3615c332-94f0-4ec6-99b1-9a71249a4d13","height":22,"num_floors":7,"class":"building","areaM2":211,"sourceTile":"tile_2_2","sourceFeatureCount":29812,"heightEstimated":true},"geometry":{"type":"Polygon","coordinates":[[[114.418107,30.70942],[114.417774,30.709308],[114.418103,30.709298],[114.418107,30.70942]]]}},{"type":"Feature","id":"089ca57f-8de3-4d41-ad04-a4ba535f1d9f","properties":{"id":"089ca57f-8de3-4d41-ad04-a4ba535f1d9f","height":10,"num_floors":3,"class":"building","areaM2":125,"sourceTile":"tile_2_2","sourceFeatureCount":29812,"heightEstimated":true},"geometry":{"type":"Polygon","coordinates":[[[114.417554,30.734052],[114.417345,30.7339],[114.417443,30.733858],[114.417554,30.734052]]]}},{"type":"Feature","id":"3380ff34-4b1c-414f-93e9-b70e7fd40918","properties":{"id":"3380ff34-4b1c-414f-93e9-b70e7fd40918","height":30,"num_floors":9,"class":"building","areaM2":94,"sourceTile":"tile_2_2","sourceFeatureCount":29812,"heightEstimated":true},"geometry":{"type":"Polygon","coordinates":[[[114.413608,30.742111],[114.413771,30.742217],[114.413616,30.742226],[114.413608,30.742111]]]}},{"type":"Feature","id":"2b00f9ae-e814-4acd-868c-dbe8ab9234f4","properties":{"id":"2b00f9ae-e814-4acd-868c-dbe8ab9234f4","height":17,"num_floors":5,"class":"building","areaM2":36,"sourceTile":"tile_2_2","sourceFeatureCount":29812,"heightEstimated":true},"geometry":{"type":"Polygon","coordinates":[[[114.414602,30.745181],[114.414727,30.745234],[114.414677,30.745267],[114.414602,30.745181]]]}},{"type":"Feature","id":"5d02d866-9c27-4050-a108-40f303c2dec7","properties":{"id":"5d02d866-9c27-4050-a108-40f303c2dec7","height":9,"num_floors":3,"class":"building","areaM2":63,"sourceTile":"tile_2_2","sourceFeatureCount":29812,"heightEstimated":true},"geometry":{"type":"Polygon","coordinates":[[[114.417577,30.741924],[114.417569,30.742121],[114.417517,30.741937],[114.417577,30.741924]]]}},{"type":"Feature","id":"79c03921-aaaf-46fd-8e14-538ab0ada3c6","properties":{"id":"79c03921-aaaf-46fd-8e14-538ab0ada3c6","height":32,"num_floors":10,"class":"building","areaM2":133,"sourceTile":"tile_2_2","sourceFeatureCount":29812,"heightEstimated":true},"geometry":{"type":"Polygon","coordinates":[[[114.423659,30.73944],[114.423856,30.739316],[114.423847,30.73945],[114.423659,30.73944]]]}},{"type":"Feature","id":"55524816-d920-4c2f-b026-9fff112f86e5","properties":{"id":"55524816-d920-4c2f-b026-9fff112f86e5","height":21,"num_floors":7,"class":"building","areaM2":101,"sourceTile":"tile_2_2","sourceFeatureCount":29812,"heightEstimated":true},"geometry":{"type":"Polygon","coordinates":[[[114.411174,30.744083],[114.411317,30.744029],[114.411359,30.744146],[114.411174,30.744083]]]}},{"type":"Feature","id":"d1be63b4-638b-4751-af1e-64e99f968019","properties":{"id":"d1be63b4-638b-4751-af1e-64e99f968019","height":12,"num_floors":4,"class":"building","areaM2":125,"sourceTile":"tile_2_2","sourceFeatureCount":29812,"heightEstimated":true},"geometry":{"type":"Polygon","coordinates":[[[114.40759,30.748648],[114.407279,30.748579],[114.407588,30.748572],[114.40759,30.748648]]]}},{"type":"Feature","id":"041805a1-3ac4-4393-855d-9a20a5b246d1","properties":{"id":"041805a1-3ac4-4393-855d-9a20a5b246d1","height":28,"num_floors":9,"class":"building","areaM2":17,"sourceTile":"tile_2_2","sourceFeatureCount":29812,"heightEstimated":true},"geometry":{"type":"Polygon","coordinates":[[[114.451014,30.745198],[114.451043,30.745123],[114.451074,30.745154],[114.451014,30.745198]]]}},{"type":"Feature","id":"0a26e845-5315-438c-a431-e9ac98eb3eb0","properties":{"id":"0a26e845-5315-438c-a431-e9ac98eb3eb0","height":20,"num_floors":6,"class":"building","areaM2":55,"sourceTile":"tile_2_2","sourceFeatureCount":29812,"heightEstimated":true},"geometry":{"type":"Polygon","coordinates":[[[114.435637,30.726474],[114.435683,30.726346],[114.435734,30.72643],[114.435637,30.726474]]]}},{"type":"Feature","id":"2da9987d-5d87-4202-9c89-45faa7a8c1c7","properties":{"id":"2da9987d-5d87-4202-9c89-45faa7a8c1c7","height":14,"num_floors":4,"class":"building","areaM2":149,"sourceTile":"tile_2_2","sourceFeatureCount":29812,"heightEstimated":true},"geometry":{"type":"Polygon","coordinates":[[[114.426883,30.733926],[114.426673,30.734061],[114.426672,30.733927],[114.426883,30.733926]]]}},{"type":"Feature","id":"9de3176d-6301-4834-8933-04b550cb165a","properties":{"id":"9de3176d-6301-4834-8933-04b550cb165a","height":97,"num_floors":30,"class":"building","areaM2":10915,"sourceTile":"tile_2_2","sourceFeatureCount":29812,"heightEstimated":true},"geometry":{"type":"Polygon","coordinates":[[[114.43161,30.717973],[114.432376,30.717968],[114.432387,30.719315],[114.431621,30.719319],[114.43161,30.717973]]]}},{"type":"Feature","id":"fee316fd-bccd-4232-a192-2274c089d790","properties":{"id":"fee316fd-bccd-4232-a192-2274c089d790","height":97,"num_floors":30,"class":"building","areaM2":9666,"sourceTile":"tile_2_2","sourceFeatureCount":29812,"heightEstimated":true},"geometry":{"type":"Polygon","coordinates":[[[114.42862,30.717684],[114.427736,30.717651],[114.427787,30.71662],[114.428671,30.716653],[114.42862,30.717684]]]}},{"type":"Feature","id":"6ad87f11-e864-4cd3-b9ba-eee144c33c29","properties":{"id":"6ad87f11-e864-4cd3-b9ba-eee144c33c29","height":116,"num_floors":36,"class":"building","areaM2":23133,"sourceTile":"tile_2_2","sourceFeatureCount":29812,"heightEstimated":true},"geometry":{"type":"Polygon","coordinates":[[[114.429668,30.715206],[114.427491,30.71523],[114.427476,30.714226],[114.429653,30.714202],[114.429668,30.715206]]]}},{"type":"Feature","id":"7e4c7509-a031-4e85-8e1f-29fec7a837a3","properties":{"id":"7e4c7509-a031-4e85-8e1f-29fec7a837a3","height":36,"num_floors":11,"class":"building","areaM2":197,"sourceTile":"tile_2_2","sourceFeatureCount":29812,"heightEstimated":true},"geometry":{"type":"Polygon","coordinates":[[[114.430288,30.710798],[114.430157,30.710691],[114.430511,30.710696],[114.430288,30.710798]]]}},{"type":"Feature","id":"b4c8bf31-1ff9-413d-a54d-f7135533ca7d","properties":{"id":"b4c8bf31-1ff9-413d-a54d-f7135533ca7d","height":114,"num_floors":36,"class":"building","areaM2":17772,"sourceTile":"tile_2_2","sourceFeatureCount":29812,"heightEstimated":true},"geometry":{"type":"Polygon","coordinates":[[[114.432993,30.715178],[114.431791,30.715206],[114.431866,30.713545],[114.432735,30.713591],[114.432993,30.715178]]]}},{"type":"Feature","id":"f0a230dd-e7b7-4ecd-a877-56fdaea411a6","properties":{"id":"f0a230dd-e7b7-4ecd-a877-56fdaea411a6","height":79,"num_floors":25,"class":"building","areaM2":9541,"sourceTile":"tile_2_2","sourceFeatureCount":29812,"heightEstimated":true},"geometry":{"type":"Polygon","coordinates":[[[114.432805,30.719241],[114.432816,30.717964],[114.433522,30.717968],[114.433511,30.719245],[114.432805,30.719241]]]}},{"type":"Feature","id":"ff821102-c3fa-4195-a5f2-2be58b1bcadf","properties":{"id":"ff821102-c3fa-4195-a5f2-2be58b1bcadf","height":85,"num_floors":27,"class":"building","areaM2":9639,"sourceTile":"tile_2_2","sourceFeatureCount":29812,"heightEstimated":true},"geometry":{"type":"Polygon","coordinates":[[[114.435953,30.720012],[114.435568,30.719593],[114.436089,30.719408],[114.436184,30.719608],[114.435794,30.719747],[114.436173,30.719656],[114.436078,30.719953],[114.43628,30.719881],[114.436631,30.720619],[114.43551,30.720929],[114.435404,30.720528],[114.436026,30.720307],[114.435454,30.72035],[114.435953,30.720012]],[[114.436168,30.720162],[114.436153,30.720022],[114.436109,30.720037],[114.436168,30.720162]],[[114.435879,30.720637],[114.435748,30.720684],[114.435885,30.72065],[114.435879,30.720637]]]}},{"type":"Feature","id":"130119fd-7691-40d2-b999-82efaaed8e95","properties":{"id":"130119fd-7691-40d2-b999-82efaaed8e95","height":96,"num_floors":30,"class":"building","areaM2":15024,"sourceTile":"tile_2_2","sourceFeatureCount":29812,"heightEstimated":true},"geometry":{"type":"Polygon","coordinates":[[[114.438691,30.719688],[114.437791,30.719575],[114.438252,30.719443],[114.438894,30.719616],[114.439566,30.721545],[114.439352,30.721848],[114.43913,30.721912],[114.438805,30.721407],[114.438546,30.720213],[114.438873,30.72012],[114.438482,30.720175],[114.438354,30.719841],[114.438691,30.719688]]]}},{"type":"Feature","id":"7acba968-7900-4761-b178-5f1a1b83c9eb","properties":{"id":"7acba968-7900-4761-b178-5f1a1b83c9eb","height":19,"num_floors":6,"class":"building","areaM2":17,"sourceTile":"tile_2_2","sourceFeatureCount":29812,"heightEstimated":true},"geometry":{"type":"Polygon","coordinates":[[[114.444734,30.715142],[114.444777,30.715073],[114.444781,30.71514],[114.444734,30.715142]]]}},{"type":"Feature","id":"a24acf4e-a3e3-474b-bc1d-c2f3edd407c6","properties":{"id":"a24acf4e-a3e3-474b-bc1d-c2f3edd407c6","height":101,"num_floors":32,"class":"building","areaM2":9886,"sourceTile":"tile_2_2","sourceFeatureCount":29812,"heightEstimated":true},"geometry":{"type":"Polygon","coordinates":[[[114.440659,30.725277],[114.44132,30.725068],[114.441529,30.725563],[114.440809,30.72579],[114.440321,30.724635],[114.441056,30.724403],[114.441313,30.725013],[114.440659,30.725277]]]}},{"type":"Feature","id":"76070d61-8c9e-4bc4-b1de-e783e95c6901","properties":{"id":"76070d61-8c9e-4bc4-b1de-e783e95c6901","height":120,"num_floors":38,"class":"building","areaM2":21524,"sourceTile":"tile_2_2","sourceFeatureCount":29812,"heightEstimated":true},"geometry":{"type":"Polygon","coordinates":[[[114.440261,30.726744],[114.440303,30.727928],[114.440611,30.727713],[114.441407,30.729563],[114.441503,30.729864],[114.441092,30.729859],[114.441375,30.730518],[114.439072,30.725244],[114.439278,30.72543],[114.439606,30.725202],[114.440261,30.726744]]]}},{"type":"Feature","id":"46cf136c-64e4-474e-af8e-15f8219b935e","properties":{"id":"46cf136c-64e4-474e-af8e-15f8219b935e","height":18,"num_floors":6,"class":"building","areaM2":302,"sourceTile":"tile_2_2","sourceFeatureCount":29812,"heightEstimated":true},"geometry":{"type":"Polygon","coordinates":[[[114.452311,30.731959],[114.452542,30.731924],[114.452566,30.732044],[114.452335,30.732078],[114.452311,30.731959]],[[114.452374,30.731997],[114.452445,30.731993],[114.452399,30.731966],[114.452374,30.731997]]]}},{"type":"Feature","id":"1618e06f-6582-45d3-88bc-4aa31e6e99f1","properties":{"id":"1618e06f-6582-45d3-88bc-4aa31e6e99f1","height":32,"num_floors":10,"class":"building","areaM2":40,"sourceTile":"tile_2_2","sourceFeatureCount":29812,"heightEstimated":true},"geometry":{"type":"Polygon","coordinates":[[[114.462967,30.714874],[114.462924,30.714702],[114.462968,30.714702],[114.462967,30.714874]]]}},{"type":"Feature","id":"a0ea1c5b-1efb-4ea5-a9d0-a78bc197e32a","properties":{"id":"a0ea1c5b-1efb-4ea5-a9d0-a78bc197e32a","height":32,"num_floors":10,"class":"building","areaM2":431,"sourceTile":"tile_2_2","sourceFeatureCount":29812,"heightEstimated":true},"geometry":{"type":"Polygon","coordinates":[[[114.472657,30.720942],[114.472029,30.720927],[114.472071,30.720798],[114.472657,30.720942]]]}},{"type":"Feature","id":"a7db00f4-b98b-4138-9844-c32312c8f66f","properties":{"id":"a7db00f4-b98b-4138-9844-c32312c8f66f","height":14,"num_floors":4,"class":"building","areaM2":89,"sourceTile":"tile_2_2","sourceFeatureCount":29812,"heightEstimated":true},"geometry":{"type":"Polygon","coordinates":[[[114.474356,30.720154],[114.474173,30.720023],[114.474384,30.720082],[114.474356,30.720154]]]}},{"type":"Feature","id":"cded292e-185f-42bd-a5d0-dfbb5fadba57","properties":{"id":"cded292e-185f-42bd-a5d0-dfbb5fadba57","height":39,"num_floors":12,"class":"building","areaM2":224,"sourceTile":"tile_2_2","sourceFeatureCount":29812,"heightEstimated":true},"geometry":{"type":"Polygon","coordinates":[[[114.528134,30.640923],[114.52781,30.640969],[114.52788,30.640829],[114.528134,30.640923]]]}},{"type":"Feature","id":"c691cdb2-cead-4401-891a-48451bbb7b0b","properties":{"id":"c691cdb2-cead-4401-891a-48451bbb7b0b","height":21,"num_floors":7,"class":"building","areaM2":8,"sourceTile":"tile_2_2","sourceFeatureCount":29812,"heightEstimated":true},"geometry":{"type":"Polygon","coordinates":[[[114.547493,30.666594],[114.547573,30.66659],[114.547568,30.666608],[114.547493,30.666594]]]}},{"type":"Feature","id":"f8776392-f610-4ed1-ac87-f073c418d27a","properties":{"id":"f8776392-f610-4ed1-ac87-f073c418d27a","height":95,"num_floors":30,"class":"building","areaM2":12015,"sourceTile":"tile_2_2","sourceFeatureCount":29812,"heightEstimated":true},"geometry":{"type":"Polygon","coordinates":[[[114.54965,30.676479],[114.548972,30.676146],[114.54981,30.674883],[114.550488,30.675215],[114.54965,30.676479]]]}},{"type":"Feature","id":"10e5f2e1-f777-4a61-b3b8-2bf6791aa675","properties":{"id":"10e5f2e1-f777-4a61-b3b8-2bf6791aa675","height":17,"num_floors":5,"class":"building","areaM2":152,"sourceTile":"tile_2_2","sourceFeatureCount":29812,"heightEstimated":true},"geometry":{"type":"Polygon","coordinates":[[[114.527937,30.652611],[114.527992,30.652829],[114.52784,30.65275],[114.527937,30.652611]]]}},{"type":"Feature","id":"34d18d3a-9fa0-421e-a8b0-cb36d37884c3","properties":{"id":"34d18d3a-9fa0-421e-a8b0-cb36d37884c3","height":80,"num_floors":25,"class":"building","areaM2":10651,"sourceTile":"tile_2_2","sourceFeatureCount":29812,"heightEstimated":true},"geometry":{"type":"Polygon","coordinates":[[[114.526275,30.65043],[114.526445,30.650894],[114.526831,30.650153],[114.527012,30.650224],[114.526305,30.651793],[114.525502,30.65145],[114.525974,30.650543],[114.526026,30.650815],[114.526275,30.65043]]]}},{"type":"Feature","id":"1c3c0684-4331-4a76-9528-980fa5f34e20","properties":{"id":"1c3c0684-4331-4a76-9528-980fa5f34e20","height":32,"num_floors":10,"class":"building","areaM2":20,"sourceTile":"tile_2_2","sourceFeatureCount":29812,"heightEstimated":true},"geometry":{"type":"Polygon","coordinates":[[[114.521132,30.656964],[114.520998,30.65701],[114.520993,30.656984],[114.521132,30.656964]]]}},{"type":"Feature","id":"6db432ea-f473-4cd4-b50f-e68bd32b58ef","properties":{"id":"6db432ea-f473-4cd4-b50f-e68bd32b58ef","height":22,"num_floors":7,"class":"building","areaM2":10,"sourceTile":"tile_2_2","sourceFeatureCount":29812,"heightEstimated":true},"geometry":{"type":"Polygon","coordinates":[[[114.513924,30.661435],[114.513857,30.661433],[114.513892,30.661405],[114.513924,30.661435]]]}},{"type":"Feature","id":"27dc25d3-d89a-4167-b067-8658fd535584","properties":{"id":"27dc25d3-d89a-4167-b067-8658fd535584","height":12,"num_floors":4,"class":"building","areaM2":9,"sourceTile":"tile_2_2","sourceFeatureCount":29812,"heightEstimated":true},"geometry":{"type":"Polygon","coordinates":[[[114.500845,30.661544],[114.500785,30.661449],[114.500859,30.661538],[114.500845,30.661544]]]}},{"type":"Feature","id":"fa9e6703-ccfa-4bc2-97da-665ca7830975","properties":{"id":"fa9e6703-ccfa-4bc2-97da-665ca7830975","height":45,"num_floors":14,"class":"building","areaM2":465,"sourceTile":"tile_2_2","sourceFeatureCount":29812,"heightEstimated":true},"geometry":{"type":"Polygon","coordinates":[[[114.508443,30.658742],[114.508613,30.658833],[114.508723,30.6591],[114.508605,30.659136],[114.508443,30.658742]]]}},{"type":"Feature","id":"9491468a-aee2-4d50-a660-ed6d937e2132","properties":{"id":"9491468a-aee2-4d50-a660-ed6d937e2132","height":25,"num_floors":8,"class":"building","areaM2":59,"sourceTile":"tile_2_2","sourceFeatureCount":29812,"heightEstimated":true},"geometry":{"type":"Polygon","coordinates":[[[114.504938,30.646078],[114.505102,30.646126],[114.504954,30.64615],[114.504938,30.646078]]]}},{"type":"Feature","id":"c00fd011-395e-484f-9e47-1d5acbb886cc","properties":{"id":"c00fd011-395e-484f-9e47-1d5acbb886cc","height":23,"num_floors":7,"class":"building","areaM2":347,"sourceTile":"tile_2_2","sourceFeatureCount":29812,"heightEstimated":true},"geometry":{"type":"Polygon","coordinates":[[[114.514153,30.658525],[114.514405,30.658908],[114.514252,30.658935],[114.514153,30.658525]]]}},{"type":"Feature","id":"a76e262a-18aa-4ce7-8f6b-52c83f2cabd0","properties":{"id":"a76e262a-18aa-4ce7-8f6b-52c83f2cabd0","height":11,"num_floors":3,"class":"building","areaM2":235,"sourceTile":"tile_2_2","sourceFeatureCount":29812,"heightEstimated":true},"geometry":{"type":"Polygon","coordinates":[[[114.513263,30.639291],[114.513693,30.639104],[114.513719,30.639196],[114.513263,30.639291]]]}},{"type":"Feature","id":"c8549ff3-05ac-4c66-9814-291ece95180d","properties":{"id":"c8549ff3-05ac-4c66-9814-291ece95180d","height":26,"num_floors":8,"class":"building","areaM2":45,"sourceTile":"tile_2_2","sourceFeatureCount":29812,"heightEstimated":true},"geometry":{"type":"Polygon","coordinates":[[[114.495423,30.642045],[114.495541,30.641977],[114.495533,30.642053],[114.495423,30.642045]]]}},{"type":"Feature","id":"e28b9a91-21af-4942-9e3f-284a91cfb191","properties":{"id":"e28b9a91-21af-4942-9e3f-284a91cfb191","height":76,"num_floors":24,"class":"building","areaM2":8859,"sourceTile":"tile_2_2","sourceFeatureCount":29812,"heightEstimated":true},"geometry":{"type":"Polygon","coordinates":[[[114.482958,30.642448],[114.483303,30.643289],[114.482419,30.64356],[114.482074,30.642719],[114.482958,30.642448]]]}},{"type":"Feature","id":"8b76602c-b160-4351-9c08-905dec6e30bd","properties":{"id":"8b76602c-b160-4351-9c08-905dec6e30bd","height":97,"num_floors":30,"class":"building","areaM2":13658,"sourceTile":"tile_2_2","sourceFeatureCount":29812,"heightEstimated":true},"geometry":{"type":"Polygon","coordinates":[[[114.485271,30.642097],[114.4838,30.642979],[114.483421,30.642106],[114.485045,30.641578],[114.485271,30.642097]]]}},{"type":"Feature","id":"99446121-2d3a-446e-853a-8a982fed97d6","properties":{"id":"99446121-2d3a-446e-853a-8a982fed97d6","height":87,"num_floors":27,"class":"building","areaM2":9810,"sourceTile":"tile_2_2","sourceFeatureCount":29812,"heightEstimated":true},"geometry":{"type":"Polygon","coordinates":[[[114.481913,30.651184],[114.482032,30.651809],[114.481432,30.652003],[114.481066,30.651154],[114.482063,30.650833],[114.482439,30.651708],[114.482175,30.651792],[114.481913,30.651184]]]}},{"type":"Feature","id":"e1c24652-efd0-45ec-b38d-4d10327474b5","properties":{"id":"e1c24652-efd0-45ec-b38d-4d10327474b5","height":98,"num_floors":31,"class":"building","areaM2":10435,"sourceTile":"tile_2_2","sourceFeatureCount":29812,"heightEstimated":true},"geometry":{"type":"Polygon","coordinates":[[[114.480197,30.657203],[114.481179,30.657618],[114.480598,30.658374],[114.479548,30.657772],[114.480197,30.657203]]]}},{"type":"Feature","id":"32aa9a62-ca24-4a6e-b46a-1265165ca3e4","properties":{"id":"32aa9a62-ca24-4a6e-b46a-1265165ca3e4","height":17,"num_floors":5,"class":"building","areaM2":67,"sourceTile":"tile_2_2","sourceFeatureCount":29812,"heightEstimated":true},"geometry":{"type":"Polygon","coordinates":[[[114.480257,30.659468],[114.480397,30.65938],[114.480365,30.659491],[114.480257,30.659468]]]}},{"type":"Feature","id":"e18717f5-c15d-4bd6-a8fe-e01de922f42a","properties":{"id":"e18717f5-c15d-4bd6-a8fe-e01de922f42a","height":167,"num_floors":52,"class":"building","areaM2":39697,"sourceTile":"tile_2_2","sourceFeatureCount":29812,"heightEstimated":true},"geometry":{"type":"Polygon","coordinates":[[[114.484185,30.65571],[114.486252,30.65527],[114.486428,30.655788],[114.485889,30.655784],[114.486083,30.656116],[114.484446,30.656574],[114.483793,30.654795],[114.485873,30.654154],[114.486232,30.655162],[114.484596,30.655577],[114.48464,30.65513],[114.484354,30.654864],[114.484535,30.655396],[114.484175,30.655487],[114.4845,30.65563],[114.484185,30.65571]]]}},{"type":"Feature","id":"319e0b5c-b41a-4f92-99ea-c05941214228","properties":{"id":"319e0b5c-b41a-4f92-99ea-c05941214228","height":121,"num_floors":38,"class":"building","areaM2":16134,"sourceTile":"tile_2_2","sourceFeatureCount":29812,"heightEstimated":true},"geometry":{"type":"Polygon","coordinates":[[[114.484726,30.657314],[114.485691,30.657267],[114.486104,30.658826],[114.485907,30.658985],[114.486133,30.659045],[114.485849,30.659121],[114.485285,30.657687],[114.485747,30.659063],[114.485375,30.659121],[114.484726,30.657314]]]}},{"type":"Feature","id":"bbe8b988-4b5b-45e1-88c3-09b7b4ea9ac1","properties":{"id":"bbe8b988-4b5b-45e1-88c3-09b7b4ea9ac1","height":13,"num_floors":4,"class":"building","areaM2":295,"sourceTile":"tile_2_2","sourceFeatureCount":29812,"heightEstimated":true},"geometry":{"type":"Polygon","coordinates":[[[114.488354,30.649575],[114.488681,30.649303],[114.488691,30.649465],[114.488354,30.649575]]]}},{"type":"Feature","id":"a2d345c3-31a4-4b2a-8083-b149b1d0d01d","properties":{"id":"a2d345c3-31a4-4b2a-8083-b149b1d0d01d","height":29,"num_floors":9,"class":"building","areaM2":89,"sourceTile":"tile_2_2","sourceFeatureCount":29812,"heightEstimated":true},"geometry":{"type":"Polygon","coordinates":[[[114.494439,30.646307],[114.494642,30.646352],[114.494473,30.646398],[114.494439,30.646307]]]}},{"type":"Feature","id":"4ab26d2b-39de-4617-b872-11e91b73bec4","properties":{"id":"4ab26d2b-39de-4617-b872-11e91b73bec4","height":99,"num_floors":31,"class":"building","areaM2":11199,"sourceTile":"tile_2_2","sourceFeatureCount":29812,"heightEstimated":true},"geometry":{"type":"Polygon","coordinates":[[[114.492682,30.658739],[114.492797,30.659133],[114.492394,30.659192],[114.492209,30.658333],[114.49464,30.65857],[114.494567,30.658957],[114.492682,30.658739]],[[114.492657,30.658513],[114.492648,30.658501],[114.492646,30.658511],[114.492657,30.658513]],[[114.492676,30.658593],[114.492657,30.658513],[114.492643,30.658588],[114.492676,30.658593]]]}},{"type":"Feature","id":"6d8db104-7776-45ee-8d61-4d95cd2b1de6","properties":{"id":"6d8db104-7776-45ee-8d61-4d95cd2b1de6","height":18,"num_floors":6,"class":"building","areaM2":78,"sourceTile":"tile_2_2","sourceFeatureCount":29812,"heightEstimated":true},"geometry":{"type":"Polygon","coordinates":[[[114.490142,30.664038],[114.489978,30.664122],[114.489988,30.664026],[114.490142,30.664038]]]}},{"type":"Feature","id":"0053b481-f37e-41b4-b409-833277824703","properties":{"id":"0053b481-f37e-41b4-b409-833277824703","height":72,"num_floors":23,"class":"building","areaM2":9409,"sourceTile":"tile_2_2","sourceFeatureCount":29812,"heightEstimated":true},"geometry":{"type":"Polygon","coordinates":[[[114.492713,30.667007],[114.493651,30.666707],[114.493678,30.667158],[114.492763,30.667095],[114.492796,30.667623],[114.491714,30.667572],[114.491956,30.666904],[114.491751,30.666808],[114.492713,30.667007]]]}},{"type":"Feature","id":"ec40756a-fe00-45e7-8a20-f7836d9be0c5","properties":{"id":"ec40756a-fe00-45e7-8a20-f7836d9be0c5","height":14,"num_floors":4,"class":"building","areaM2":277,"sourceTile":"tile_2_2","sourceFeatureCount":29812,"heightEstimated":true},"geometry":{"type":"Polygon","coordinates":[[[114.487632,30.667315],[114.487122,30.667229],[114.48761,30.667209],[114.487632,30.667315]]]}},{"type":"Feature","id":"68f3fd89-094a-4c5c-851d-8c3b16ac5395","properties":{"id":"68f3fd89-094a-4c5c-851d-8c3b16ac5395","height":33,"num_floors":10,"class":"building","areaM2":196,"sourceTile":"tile_2_2","sourceFeatureCount":29812,"heightEstimated":true},"geometry":{"type":"Polygon","coordinates":[[[114.485517,30.664091],[114.485788,30.66395],[114.485793,30.664084],[114.485517,30.664091]]]}},{"type":"Feature","id":"3fcfe2b4-32d9-4316-9d57-510d30febf1d","properties":{"id":"3fcfe2b4-32d9-4316-9d57-510d30febf1d","height":121,"num_floors":38,"class":"building","areaM2":19723,"sourceTile":"tile_2_2","sourceFeatureCount":29812,"heightEstimated":true},"geometry":{"type":"Polygon","coordinates":[[[114.484678,30.661711],[114.484142,30.661766],[114.483938,30.661226],[114.484424,30.661029],[114.483885,30.661169],[114.4835,30.660013],[114.484307,30.659845],[114.485155,30.66177],[114.48424,30.66205],[114.484168,30.661843],[114.484678,30.661711]]]}},{"type":"Feature","id":"b8ca45fb-fe36-4f52-9c5b-e203798ed3e2","properties":{"id":"b8ca45fb-fe36-4f52-9c5b-e203798ed3e2","height":104,"num_floors":33,"class":"building","areaM2":21133,"sourceTile":"tile_2_2","sourceFeatureCount":29812,"heightEstimated":true},"geometry":{"type":"Polygon","coordinates":[[[114.483708,30.662159],[114.483964,30.662192],[114.484379,30.663637],[114.48351,30.66386],[114.482855,30.661955],[114.482972,30.661629],[114.483541,30.661483],[114.483708,30.662159]]]}},{"type":"Feature","id":"dd67f38a-38a4-4fad-a39b-e085adf60836","properties":{"id":"dd67f38a-38a4-4fad-a39b-e085adf60836","height":25,"num_floors":8,"class":"building","areaM2":258,"sourceTile":"tile_2_2","sourceFeatureCount":29812,"heightEstimated":true},"geometry":{"type":"Polygon","coordinates":[[[114.480771,30.665418],[114.480536,30.665282],[114.480784,30.665218],[114.480771,30.665418]]]}},{"type":"Feature","id":"4f006925-db92-4004-a1d9-49e4a4e498cf","properties":{"id":"4f006925-db92-4004-a1d9-49e4a4e498cf","height":101,"num_floors":32,"class":"building","areaM2":15170,"sourceTile":"tile_2_2","sourceFeatureCount":29812,"heightEstimated":true},"geometry":{"type":"Polygon","coordinates":[[[114.481451,30.70872],[114.482472,30.70832],[114.482847,30.709423],[114.481631,30.709731],[114.481182,30.708408],[114.481422,30.708347],[114.481451,30.70872]]]}},{"type":"Feature","id":"af5d76a9-7008-457f-a09b-0e90883f9f1d","properties":{"id":"af5d76a9-7008-457f-a09b-0e90883f9f1d","height":79,"num_floors":25,"class":"building","areaM2":12080,"sourceTile":"tile_2_2","sourceFeatureCount":29812,"heightEstimated":true},"geometry":{"type":"Polygon","coordinates":[[[114.482621,30.70837],[114.483913,30.70832],[114.484178,30.709056],[114.482982,30.709377],[114.482621,30.70837]]]}},{"type":"Feature","id":"6be1d90c-7ee2-408c-bc1b-b419bf9fdb53","properties":{"id":"6be1d90c-7ee2-408c-bc1b-b419bf9fdb53","height":96,"num_floors":30,"class":"building","areaM2":13661,"sourceTile":"tile_2_2","sourceFeatureCount":29812,"heightEstimated":true},"geometry":{"type":"Polygon","coordinates":[[[114.483003,30.709966],[114.485648,30.709257],[114.485807,30.70971],[114.483157,30.710405],[114.483003,30.709966]]]}},{"type":"Feature","id":"dcf1f676-2e9b-4a35-b77f-af1b39f81659","properties":{"id":"dcf1f676-2e9b-4a35-b77f-af1b39f81659","height":99,"num_floors":31,"class":"building","areaM2":11054,"sourceTile":"tile_2_2","sourceFeatureCount":29812,"heightEstimated":true},"geometry":{"type":"Polygon","coordinates":[[[114.485381,30.70831],[114.484069,30.708351],[114.483837,30.707705],[114.485047,30.707381],[114.485381,30.70831]]]}},{"type":"Feature","id":"893c7621-37c9-4cdb-b4c5-dbc57822e90e","properties":{"id":"893c7621-37c9-4cdb-b4c5-dbc57822e90e","height":122,"num_floors":38,"class":"building","areaM2":16590,"sourceTile":"tile_2_2","sourceFeatureCount":29812,"heightEstimated":true},"geometry":{"type":"Polygon","coordinates":[[[114.484477,30.706936],[114.483725,30.707192],[114.484184,30.706981],[114.483662,30.707076],[114.483426,30.705385],[114.484249,30.705299],[114.484346,30.705997],[114.484657,30.705965],[114.484704,30.7063],[114.484647,30.706796],[114.484431,30.706043],[114.484477,30.706936]]]}},{"type":"Feature","id":"e394e216-b5d4-4421-b05d-7f79181bbd62","properties":{"id":"e394e216-b5d4-4421-b05d-7f79181bbd62","height":134,"num_floors":42,"class":"building","areaM2":33257,"sourceTile":"tile_2_2","sourceFeatureCount":29812,"heightEstimated":true},"geometry":{"type":"Polygon","coordinates":[[[114.483476,30.702719],[114.483498,30.701988],[114.487731,30.701328],[114.487878,30.702033],[114.483476,30.702719]]]}},{"type":"Feature","id":"0b83c698-108b-4bf2-91de-977f2eba839b","properties":{"id":"0b83c698-108b-4bf2-91de-977f2eba839b","height":116,"num_floors":36,"class":"building","areaM2":19747,"sourceTile":"tile_2_2","sourceFeatureCount":29812,"heightEstimated":true},"geometry":{"type":"Polygon","coordinates":[[[114.486297,30.706409],[114.484884,30.706556],[114.484702,30.705254],[114.486115,30.705107],[114.486297,30.706409]]]}},{"type":"Feature","id":"8b8765ca-9f7e-40ac-b66e-49f41ff1c4d3","properties":{"id":"8b8765ca-9f7e-40ac-b66e-49f41ff1c4d3","height":113,"num_floors":35,"class":"building","areaM2":16418,"sourceTile":"tile_2_2","sourceFeatureCount":29812,"heightEstimated":true},"geometry":{"type":"Polygon","coordinates":[[[114.486845,30.708311],[114.485522,30.708358],[114.485166,30.707335],[114.486395,30.707017],[114.486845,30.708311]]]}},{"type":"Feature","id":"2be4acdd-289b-41cd-93b1-6226bc0a5fe9","properties":{"id":"2be4acdd-289b-41cd-93b1-6226bc0a5fe9","height":99,"num_floors":31,"class":"building","areaM2":18663,"sourceTile":"tile_2_2","sourceFeatureCount":29812,"heightEstimated":true},"geometry":{"type":"Polygon","coordinates":[[[114.487718,30.70666],[114.488191,30.70799],[114.48698,30.708312],[114.486507,30.706981],[114.487718,30.70666]]]}},{"type":"Feature","id":"d587b9c7-559a-49e1-96d3-b9b676b7edef","properties":{"id":"d587b9c7-559a-49e1-96d3-b9b676b7edef","height":103,"num_floors":32,"class":"building","areaM2":17867,"sourceTile":"tile_2_2","sourceFeatureCount":29812,"heightEstimated":true},"geometry":{"type":"Polygon","coordinates":[[[114.485849,30.709168],[114.489227,30.708313],[114.489383,30.708753],[114.486019,30.709646],[114.485849,30.709168]]]}},{"type":"Feature","id":"dbda1243-9d8a-4c36-9713-4580691a2e0c","properties":{"id":"dbda1243-9d8a-4c36-9713-4580691a2e0c","height":105,"num_floors":33,"class":"building","areaM2":16537,"sourceTile":"tile_2_2","sourceFeatureCount":29812,"heightEstimated":true},"geometry":{"type":"Polygon","coordinates":[[[114.48625,30.710255],[114.486098,30.709828],[114.489448,30.708939],[114.489599,30.709366],[114.48625,30.710255]]]}},{"type":"Feature","id":"ae8d24f4-96f9-4728-a2d5-9f9b6915a7ea","properties":{"id":"ae8d24f4-96f9-4728-a2d5-9f9b6915a7ea","height":122,"num_floors":38,"class":"building","areaM2":18255,"sourceTile":"tile_2_2","sourceFeatureCount":29812,"heightEstimated":true},"geometry":{"type":"Polygon","coordinates":[[[114.488322,30.707942],[114.487854,30.706624],[114.48905,30.706307],[114.489518,30.707625],[114.488322,30.707942]]]}},{"type":"Feature","id":"09ac7e55-1dad-48bd-ae72-790a9802ae05","properties":{"id":"09ac7e55-1dad-48bd-ae72-790a9802ae05","height":98,"num_floors":31,"class":"building","areaM2":12313,"sourceTile":"tile_2_2","sourceFeatureCount":29812,"heightEstimated":true},"geometry":{"type":"Polygon","coordinates":[[[114.487888,30.70493],[114.488009,30.705789],[114.486673,30.705928],[114.486553,30.705069],[114.487888,30.70493]]]}},{"type":"Feature","id":"fd8d3632-92bf-448c-b43e-7284818d85b4","properties":{"id":"fd8d3632-92bf-448c-b43e-7284818d85b4","height":108,"num_floors":34,"class":"building","areaM2":12091,"sourceTile":"tile_2_2","sourceFeatureCount":29812,"heightEstimated":true},"geometry":{"type":"Polygon","coordinates":[[[114.487673,30.701143],[114.485899,30.701404],[114.485776,30.700778],[114.487549,30.700516],[114.487673,30.701143]]]}},{"type":"Feature","id":"110bac2d-a5a4-45b6-a501-ed83991b6027","properties":{"id":"110bac2d-a5a4-45b6-a501-ed83991b6027","height":8,"num_floors":3,"class":"building","areaM2":9,"sourceTile":"tile_2_2","sourceFeatureCount":29812,"heightEstimated":true},"geometry":{"type":"Polygon","coordinates":[[[114.507728,30.692062],[114.507785,30.692097],[114.507758,30.69211],[114.507728,30.692062]]]}},{"type":"Feature","id":"f38bfb1c-78af-4f46-bac5-c2e0fd6da41b","properties":{"id":"f38bfb1c-78af-4f46-bac5-c2e0fd6da41b","height":164,"num_floors":51,"class":"industrial","areaM2":45054,"sourceTile":"tile_2_2","sourceFeatureCount":29812,"heightEstimated":true},"geometry":{"type":"Polygon","coordinates":[[[114.519066,30.700383],[114.514184,30.700724],[114.514109,30.699932],[114.519344,30.699565],[114.519441,30.700586],[114.519087,30.700611],[114.519066,30.700383]]]}},{"type":"Feature","id":"09e0f7b8-9556-45e2-997e-f4238c6cfca3","properties":{"id":"09e0f7b8-9556-45e2-997e-f4238c6cfca3","height":168,"num_floors":53,"class":"building","areaM2":42270,"sourceTile":"tile_2_2","sourceFeatureCount":29812,"heightEstimated":true},"geometry":{"type":"Polygon","coordinates":[[[114.51412,30.701448],[114.516178,30.701304],[114.516188,30.703256],[114.514384,30.703599],[114.51412,30.701448]]]}},{"type":"Feature","id":"10b83c5f-d0be-4292-8800-6171ed52cfd7","properties":{"id":"10b83c5f-d0be-4292-8800-6171ed52cfd7","height":155,"num_floors":48,"class":"building","areaM2":35309,"sourceTile":"tile_2_2","sourceFeatureCount":29812,"heightEstimated":true},"geometry":{"type":"Polygon","coordinates":[[[114.51746,30.70153],[114.517726,30.703045],[114.517594,30.70144],[114.51874,30.701275],[114.518935,30.703065],[114.516813,30.703196],[114.51686,30.701486],[114.51746,30.70153]]]}},{"type":"Feature","id":"993e702f-641e-472a-bec2-0e0c27950f6b","properties":{"id":"993e702f-641e-472a-bec2-0e0c27950f6b","height":162,"num_floors":51,"class":"industrial","areaM2":35941,"sourceTile":"tile_2_2","sourceFeatureCount":29812,"heightEstimated":true},"geometry":{"type":"Polygon","coordinates":[[[114.514854,30.706124],[114.514768,30.705174],[114.515139,30.705149],[114.515167,30.705459],[114.519892,30.705142],[114.51995,30.705782],[114.514854,30.706124]]]}},{"type":"Feature","id":"902bd521-dfde-4ccc-a334-c8c93cff3531","properties":{"id":"902bd521-dfde-4ccc-a334-c8c93cff3531","height":168,"num_floors":53,"class":"industrial","areaM2":56634,"sourceTile":"tile_2_2","sourceFeatureCount":29812,"heightEstimated":true},"geometry":{"type":"Polygon","coordinates":[[[114.519685,30.704446],[114.513666,30.70485],[114.513583,30.703944],[114.516501,30.703942],[114.516479,30.703704],[114.519599,30.703494],[114.519685,30.704446]]]}},{"type":"Feature","id":"f506c358-835a-4d09-a697-d58c8ef081e8","properties":{"id":"f506c358-835a-4d09-a697-d58c8ef081e8","height":41,"num_floors":13,"class":"building","areaM2":537,"sourceTile":"tile_2_2","sourceFeatureCount":29812,"heightEstimated":true},"geometry":{"type":"Polygon","coordinates":[[[114.514699,30.709319],[114.51458,30.709092],[114.515022,30.70908],[114.514699,30.709319]]]}},{"type":"Feature","id":"3df31ca7-69d2-4567-a9c9-92c02d44e87a","properties":{"id":"3df31ca7-69d2-4567-a9c9-92c02d44e87a","height":72,"num_floors":23,"class":"building","areaM2":8637,"sourceTile":"tile_2_2","sourceFeatureCount":29812,"heightEstimated":true},"geometry":{"type":"Polygon","coordinates":[[[114.512285,30.706175],[114.512105,30.704601],[114.512618,30.704557],[114.512799,30.706131],[114.512285,30.706175]]]}},{"type":"Feature","id":"320a0157-c0e4-43e2-8350-5dff66e9acc1","properties":{"id":"320a0157-c0e4-43e2-8350-5dff66e9acc1","height":97,"num_floors":30,"class":"building","areaM2":12976,"sourceTile":"tile_2_2","sourceFeatureCount":29812,"heightEstimated":true},"geometry":{"type":"Polygon","coordinates":[[[114.510927,30.706543],[114.510763,30.705063],[114.511541,30.704998],[114.511724,30.70664],[114.510927,30.706543]]]}},{"type":"Feature","id":"aa248512-18a2-49a0-84d9-57285a716d93","properties":{"id":"aa248512-18a2-49a0-84d9-57285a716d93","height":96,"num_floors":30,"class":"building","areaM2":15016,"sourceTile":"tile_2_2","sourceFeatureCount":29812,"heightEstimated":true},"geometry":{"type":"Polygon","coordinates":[[[114.509617,30.704244],[114.51236,30.704035],[114.512418,30.704519],[114.509914,30.704747],[114.509705,30.70497],[114.509617,30.704244]]]}},{"type":"Feature","id":"4836a05e-8ffc-4d8c-8d84-c0a9ad60d495","properties":{"id":"4836a05e-8ffc-4d8c-8d84-c0a9ad60d495","height":23,"num_floors":7,"class":"building","areaM2":157,"sourceTile":"tile_2_2","sourceFeatureCount":29812,"heightEstimated":true},"geometry":{"type":"Polygon","coordinates":[[[114.506294,30.709347],[114.506338,30.709434],[114.506007,30.709454],[114.506294,30.709347]]]}},{"type":"Feature","id":"e1ff7a35-5b7a-4277-a47e-b19ec7c26239","properties":{"id":"e1ff7a35-5b7a-4277-a47e-b19ec7c26239","height":9,"num_floors":3,"class":"building","areaM2":47,"sourceTile":"tile_2_2","sourceFeatureCount":29812,"heightEstimated":true},"geometry":{"type":"Polygon","coordinates":[[[114.503427,30.710106],[114.503545,30.710176],[114.503436,30.710186],[114.503427,30.710106]]]}},{"type":"Feature","id":"c0e3044e-9f6a-4e5f-ba42-4a5da5a66079","properties":{"id":"c0e3044e-9f6a-4e5f-ba42-4a5da5a66079","height":38,"num_floors":12,"class":"building","areaM2":351,"sourceTile":"tile_2_2","sourceFeatureCount":29812,"heightEstimated":true},"geometry":{"type":"Polygon","coordinates":[[[114.509524,30.711323],[114.509888,30.711404],[114.509521,30.711504],[114.509524,30.711323]]]}},{"type":"Feature","id":"4deb76a3-28df-4cf1-93a5-24b4f07bfbab","properties":{"id":"4deb76a3-28df-4cf1-93a5-24b4f07bfbab","height":29,"num_floors":9,"class":"building","areaM2":381,"sourceTile":"tile_2_2","sourceFeatureCount":29812,"heightEstimated":true},"geometry":{"type":"Polygon","coordinates":[[[114.517524,30.714525],[114.517026,30.714416],[114.517508,30.714377],[114.517524,30.714525]]]}},{"type":"Feature","id":"fc7818ed-114c-489f-8a63-612385319f76","properties":{"id":"fc7818ed-114c-489f-8a63-612385319f76","height":93,"num_floors":29,"class":"building","areaM2":12658,"sourceTile":"tile_2_2","sourceFeatureCount":29812,"heightEstimated":true},"geometry":{"type":"Polygon","coordinates":[[[114.497131,30.712236],[114.495707,30.712421],[114.495573,30.711591],[114.496999,30.71142],[114.497131,30.712236]]]}},{"type":"Feature","id":"f82a9b80-4e96-451c-b885-32a5fd110871","properties":{"id":"f82a9b80-4e96-451c-b885-32a5fd110871","height":92,"num_floors":29,"class":"building","areaM2":14668,"sourceTile":"tile_2_2","sourceFeatureCount":29812,"heightEstimated":true},"geometry":{"type":"Polygon","coordinates":[[[114.494963,30.713271],[114.494909,30.712854],[114.49517,30.712679],[114.496274,30.712573],[114.496407,30.713363],[114.494541,30.713542],[114.494458,30.712898],[114.494862,30.712858],[114.494963,30.713271]]]}},{"type":"Feature","id":"80c6e4d9-b759-49ba-a623-39e2d61ecff1","properties":{"id":"80c6e4d9-b759-49ba-a623-39e2d61ecff1","height":102,"num_floors":32,"class":"building","areaM2":12417,"sourceTile":"tile_2_2","sourceFeatureCount":29812,"heightEstimated":true},"geometry":{"type":"Polygon","coordinates":[[[114.493301,30.713001],[114.493971,30.712948],[114.493994,30.713163],[114.494409,30.712926],[114.494475,30.713545],[114.49253,30.713715],[114.492788,30.712907],[114.493256,30.712869],[114.49336,30.713553],[114.493301,30.713001]]]}},{"type":"Feature","id":"7fa89eea-47d2-4646-a54a-5b08a6355b2b","properties":{"id":"7fa89eea-47d2-4646-a54a-5b08a6355b2b","height":131,"num_floors":41,"class":"building","areaM2":20794,"sourceTile":"tile_2_2","sourceFeatureCount":29812,"heightEstimated":true},"geometry":{"type":"Polygon","coordinates":[[[114.492941,30.712118],[114.495541,30.711663],[114.495655,30.712495],[114.493029,30.712762],[114.492941,30.712118]]]}},{"type":"Feature","id":"197a1f79-e33e-4b76-937e-7e23a48fae10","properties":{"id":"197a1f79-e33e-4b76-937e-7e23a48fae10","height":112,"num_floors":35,"class":"building","areaM2":13859,"sourceTile":"tile_2_2","sourceFeatureCount":29812,"heightEstimated":true},"geometry":{"type":"Polygon","coordinates":[[[114.485898,30.709888],[114.486046,30.710344],[114.483392,30.711029],[114.483244,30.710573],[114.485898,30.709888]]]}},{"type":"Feature","id":"558e2528-f8e6-4d7a-ad19-cd3d741d95c4","properties":{"id":"558e2528-f8e6-4d7a-ad19-cd3d741d95c4","height":32,"num_floors":10,"class":"building","areaM2":67,"sourceTile":"tile_2_2","sourceFeatureCount":29812,"heightEstimated":true},"geometry":{"type":"Polygon","coordinates":[[[114.526843,30.746407],[114.526827,30.746569],[114.526753,30.746527],[114.526843,30.746407]]]}},{"type":"Feature","id":"708270ac-343b-4f9f-b221-61149d953e44","properties":{"id":"708270ac-343b-4f9f-b221-61149d953e44","height":120,"num_floors":38,"class":"building","areaM2":15567,"sourceTile":"tile_2_2","sourceFeatureCount":29812,"heightEstimated":true},"geometry":{"type":"Polygon","coordinates":[[[114.548359,30.733996],[114.548381,30.734531],[114.54759,30.734411],[114.547612,30.733846],[114.549768,30.733781],[114.549797,30.734497],[114.548492,30.734537],[114.548359,30.733996]]]}},{"type":"Feature","id":"43079e94-fed7-4f9c-917b-2e688272ef87","properties":{"id":"43079e94-fed7-4f9c-917b-2e688272ef87","height":106,"num_floors":33,"class":"building","areaM2":14682,"sourceTile":"tile_2_2","sourceFeatureCount":29812,"heightEstimated":true},"geometry":{"type":"Polygon","coordinates":[[[114.549125,30.728167],[114.549437,30.727901],[114.548926,30.727921],[114.548654,30.727375],[114.549507,30.727368],[114.549272,30.727197],[114.549609,30.727094],[114.550313,30.728564],[114.54912,30.728721],[114.549125,30.728167]],[[114.549516,30.727406],[114.549507,30.727368],[114.549505,30.727406],[114.549516,30.727406]],[[114.549569,30.727456],[114.549516,30.727406],[114.549514,30.727454],[114.549569,30.727456]]]}},{"type":"Feature","id":"b49dae96-057b-4fbb-8501-1ee16ffc7517","properties":{"id":"b49dae96-057b-4fbb-8501-1ee16ffc7517","height":25,"num_floors":8,"class":"building","areaM2":165,"sourceTile":"tile_2_2","sourceFeatureCount":29812,"heightEstimated":true},"geometry":{"type":"Polygon","coordinates":[[[114.543358,30.718539],[114.543106,30.718417],[114.543356,30.718415],[114.543358,30.718539]]]}},{"type":"Feature","id":"18f30879-d2cf-4eae-8a34-4bb8de8009a4","properties":{"id":"18f30879-d2cf-4eae-8a34-4bb8de8009a4","height":95,"num_floors":30,"class":"building","areaM2":11295,"sourceTile":"tile_2_2","sourceFeatureCount":29812,"heightEstimated":true},"geometry":{"type":"Polygon","coordinates":[[[114.545408,30.710703],[114.543914,30.711539],[114.543534,30.711037],[114.545028,30.710201],[114.545408,30.710703]]]}},{"type":"Feature","id":"b645e5ac-6348-447d-9042-e6f7fcc56316","properties":{"id":"b645e5ac-6348-447d-9042-e6f7fcc56316","height":118,"num_floors":37,"class":"building","areaM2":16941,"sourceTile":"tile_2_2","sourceFeatureCount":29812,"heightEstimated":true},"geometry":{"type":"Polygon","coordinates":[[[114.543395,30.710857],[114.542828,30.710117],[114.544338,30.709262],[114.544905,30.710003],[114.543395,30.710857]]]}},{"type":"Feature","id":"57f66edd-de41-439b-8424-2961c009124e","properties":{"id":"57f66edd-de41-439b-8424-2961c009124e","height":157,"num_floors":49,"class":"building","areaM2":39484,"sourceTile":"tile_2_2","sourceFeatureCount":29812,"heightEstimated":true},"geometry":{"type":"Polygon","coordinates":[[[114.540629,30.712177],[114.539798,30.711007],[114.54212,30.709788],[114.542951,30.710959],[114.540629,30.712177]]]}},{"type":"Feature","id":"2b62d61b-2065-485d-9317-fc7c98bb6138","properties":{"id":"2b62d61b-2065-485d-9317-fc7c98bb6138","height":19,"num_floors":6,"class":"building","areaM2":319,"sourceTile":"tile_2_2","sourceFeatureCount":29812,"heightEstimated":true},"geometry":{"type":"Polygon","coordinates":[[[114.539041,30.728063],[114.538644,30.727877],[114.539061,30.727921],[114.539041,30.728063]]]}},{"type":"Feature","id":"155968f4-ee97-419a-a40a-274845845ad3","properties":{"id":"155968f4-ee97-419a-a40a-274845845ad3","height":103,"num_floors":32,"class":"building","areaM2":12192,"sourceTile":"tile_2_2","sourceFeatureCount":29812,"heightEstimated":true},"geometry":{"type":"Polygon","coordinates":[[[114.541254,30.733616],[114.540754,30.733188],[114.541227,30.732793],[114.54067,30.732976],[114.541008,30.732675],[114.540637,30.732383],[114.541007,30.73215],[114.542304,30.733154],[114.541254,30.733616]]]}},{"type":"Feature","id":"01735f56-a3d7-440e-baac-f1268b9b5afc","properties":{"id":"01735f56-a3d7-440e-baac-f1268b9b5afc","height":115,"num_floors":36,"class":"building","areaM2":22541,"sourceTile":"tile_2_2","sourceFeatureCount":29812,"heightEstimated":true},"geometry":{"type":"Polygon","coordinates":[[[114.541564,30.732128],[114.541361,30.731253],[114.541662,30.731323],[114.54159,30.731133],[114.542873,30.731105],[114.543849,30.731552],[114.543751,30.731965],[114.542755,30.731987],[114.541972,30.732463],[114.541564,30.732128]]]}},{"type":"Feature","id":"a34b2b0f-9b56-49d4-a750-9ab3b8cb295f","properties":{"id":"a34b2b0f-9b56-49d4-a750-9ab3b8cb295f","height":41,"num_floors":13,"class":"building","areaM2":403,"sourceTile":"tile_2_2","sourceFeatureCount":29812,"heightEstimated":true},"geometry":{"type":"Polygon","coordinates":[[[114.532462,30.73548],[114.532576,30.735609],[114.53239,30.735732],[114.532275,30.735603],[114.532462,30.73548]],[[114.5324,30.735589],[114.53236,30.735633],[114.53241,30.7356],[114.5324,30.735589]]]}},{"type":"Feature","id":"07a928f3-9a4f-4a97-93dc-661966f84c12","properties":{"id":"07a928f3-9a4f-4a97-93dc-661966f84c12","height":20,"num_floors":6,"class":"building","areaM2":9,"sourceTile":"tile_2_2","sourceFeatureCount":29812,"heightEstimated":true},"geometry":{"type":"Polygon","coordinates":[[[114.523122,30.716996],[114.523066,30.717032],[114.523061,30.717005],[114.523122,30.716996]]]}},{"type":"Feature","id":"818e3352-8d5f-4f53-8e5d-d51e15501591","properties":{"id":"818e3352-8d5f-4f53-8e5d-d51e15501591","height":26,"num_floors":8,"class":"building","areaM2":705,"sourceTile":"tile_2_2","sourceFeatureCount":29812,"heightEstimated":true},"geometry":{"type":"Polygon","coordinates":[[[114.52579,30.714248],[114.526711,30.714072],[114.526718,30.714215],[114.52579,30.714248]]]}},{"type":"Feature","id":"170f3ecc-4c11-47fa-ba12-1326c69a877c","properties":{"id":"170f3ecc-4c11-47fa-ba12-1326c69a877c","height":32,"num_floors":10,"class":"building","areaM2":28,"sourceTile":"tile_2_2","sourceFeatureCount":29812,"heightEstimated":true},"geometry":{"type":"Polygon","coordinates":[[[114.528038,30.715152],[114.528065,30.71506],[114.528105,30.715118],[114.528038,30.715152]]]}},{"type":"Feature","id":"8ca93c74-5296-4905-a664-4888117db78d","properties":{"id":"8ca93c74-5296-4905-a664-4888117db78d","height":21,"num_floors":7,"class":"building","areaM2":11,"sourceTile":"tile_2_2","sourceFeatureCount":29812,"heightEstimated":true},"geometry":{"type":"Polygon","coordinates":[[[114.536499,30.713602],[114.536389,30.713621],[114.536389,30.713602],[114.536499,30.713602]]]}},{"type":"Feature","id":"0f2f7eb0-0ba0-4fe5-8533-abbd365d555d","properties":{"id":"0f2f7eb0-0ba0-4fe5-8533-abbd365d555d","height":12,"num_floors":4,"class":"building","areaM2":28,"sourceTile":"tile_2_2","sourceFeatureCount":29812,"heightEstimated":true},"geometry":{"type":"Polygon","coordinates":[[[114.531484,30.69434],[114.531568,30.694403],[114.53149,30.694408],[114.531484,30.69434]]]}},{"type":"Feature","id":"a2093dd7-9251-4bc2-8c84-cafba5308506","properties":{"id":"a2093dd7-9251-4bc2-8c84-cafba5308506","height":75,"num_floors":23,"class":"building","areaM2":9949,"sourceTile":"tile_2_2","sourceFeatureCount":29812,"heightEstimated":true},"geometry":{"type":"Polygon","coordinates":[[[114.529234,30.703214],[114.528932,30.7031],[114.528877,30.702656],[114.52922,30.702725],[114.529027,30.702406],[114.529408,30.702416],[114.529656,30.703683],[114.528492,30.703916],[114.528328,30.703471],[114.529048,30.703332],[114.529136,30.70369],[114.529234,30.703214]],[[114.529178,30.702757],[114.529216,30.702903],[114.529193,30.702755],[114.529178,30.702757]],[[114.529096,30.702992],[114.529095,30.702883],[114.529079,30.702885],[114.529096,30.702992]],[[114.528813,30.703646],[114.528893,30.70365],[114.52884,30.703616],[114.528813,30.703646]],[[114.529433,30.703225],[114.529356,30.703138],[114.529371,30.703232],[114.529433,30.703225]],[[114.529415,30.703309],[114.529375,30.703259],[114.529384,30.703312],[114.529415,30.703309]]]}},{"type":"Feature","id":"b0420969-7ca5-4c31-b826-3432cb1c1fb3","properties":{"id":"b0420969-7ca5-4c31-b826-3432cb1c1fb3","height":35,"num_floors":11,"class":"building","areaM2":75,"sourceTile":"tile_2_2","sourceFeatureCount":29812,"heightEstimated":true},"geometry":{"type":"Polygon","coordinates":[[[114.531766,30.706287],[114.531598,30.70637],[114.5316,30.706284],[114.531766,30.706287]]]}},{"type":"Feature","id":"2fa8007c-4531-4f12-8dcb-059c4daed509","properties":{"id":"2fa8007c-4531-4f12-8dcb-059c4daed509","height":104,"num_floors":33,"class":"building","areaM2":20781,"sourceTile":"tile_2_2","sourceFeatureCount":29812,"heightEstimated":true},"geometry":{"type":"Polygon","coordinates":[[[114.522528,30.7053],[114.522505,30.705044],[114.520571,30.705174],[114.520532,30.704729],[114.522777,30.704579],[114.52288,30.705724],[114.520915,30.705856],[114.520875,30.705411],[114.522528,30.7053]]]}},{"type":"Feature","id":"bd274918-806d-4606-af16-3a901100c71a","properties":{"id":"bd274918-806d-4606-af16-3a901100c71a","height":168,"num_floors":53,"class":"warehouse","areaM2":98145,"sourceTile":"tile_2_2","sourceFeatureCount":29812,"heightEstimated":true},"geometry":{"type":"Polygon","coordinates":[[[114.524638,30.700356],[114.519986,30.700692],[114.519886,30.699666],[114.52063,30.699612],[114.520519,30.698477],[114.524427,30.698195],[114.524638,30.700356]]]}},{"type":"Feature","id":"5c58029c-8b91-49f6-84ea-f5100427759b","properties":{"id":"5c58029c-8b91-49f6-84ea-f5100427759b","height":23,"num_floors":7,"class":"building","areaM2":39,"sourceTile":"tile_2_2","sourceFeatureCount":29812,"heightEstimated":true},"geometry":{"type":"Polygon","coordinates":[[[114.521907,30.696269],[114.521807,30.696347],[114.521799,30.69628],[114.521907,30.696269]]]}},{"type":"Feature","id":"8d68e215-42a9-413b-8b97-ea72c07a725b","properties":{"id":"8d68e215-42a9-413b-8b97-ea72c07a725b","height":165,"num_floors":52,"class":"building","areaM2":44039,"sourceTile":"tile_2_2","sourceFeatureCount":29812,"heightEstimated":true},"geometry":{"type":"Polygon","coordinates":[[[114.525103,30.697751],[114.524838,30.697767],[114.524698,30.697382],[114.524733,30.697827],[114.521474,30.698047],[114.521336,30.696307],[114.521633,30.69629],[114.521683,30.696923],[114.524726,30.696744],[114.525006,30.696524],[114.525103,30.697751]]]}},{"type":"Feature","id":"d37f45b7-2321-4571-83c6-067d9f4095a1","properties":{"id":"d37f45b7-2321-4571-83c6-067d9f4095a1","height":71,"num_floors":22,"class":"building","areaM2":8750,"sourceTile":"tile_2_2","sourceFeatureCount":29812,"heightEstimated":true},"geometry":{"type":"Polygon","coordinates":[[[114.542166,30.677725],[114.541886,30.678037],[114.5412,30.678059],[114.541206,30.677639],[114.540786,30.677568],[114.541558,30.676916],[114.541711,30.677051],[114.541385,30.677459],[114.541908,30.677187],[114.542166,30.677725]]]}},{"type":"Feature","id":"11b32046-fc22-440d-ae08-9741997e3706","properties":{"id":"11b32046-fc22-440d-ae08-9741997e3706","height":86,"num_floors":27,"class":"building","areaM2":12108,"sourceTile":"tile_2_2","sourceFeatureCount":29812,"heightEstimated":true},"geometry":{"type":"Polygon","coordinates":[[[114.547073,30.684392],[114.546112,30.684402],[114.546096,30.68321],[114.547056,30.683201],[114.547073,30.684392]]]}},{"type":"Feature","id":"8b0312c3-8b75-4b5a-9150-4b81b3ee0e6b","properties":{"id":"8b0312c3-8b75-4b5a-9150-4b81b3ee0e6b","height":96,"num_floors":30,"class":"building","areaM2":12108,"sourceTile":"tile_2_2","sourceFeatureCount":29812,"heightEstimated":true},"geometry":{"type":"Polygon","coordinates":[[[114.547093,30.686083],[114.546133,30.686093],[114.546117,30.684902],[114.547077,30.684892],[114.547093,30.686083]]]}},{"type":"Feature","id":"fbab2f61-ea03-4943-a86b-df6b1c711017","properties":{"id":"fbab2f61-ea03-4943-a86b-df6b1c711017","height":12,"num_floors":4,"class":"building","areaM2":8,"sourceTile":"tile_2_2","sourceFeatureCount":29812,"heightEstimated":true},"geometry":{"type":"Polygon","coordinates":[[[114.544694,30.691056],[114.544673,30.690989],[114.544695,30.69099],[114.544694,30.691056]]]}},{"type":"Feature","id":"2542083a-f9d9-47db-a79c-98a7bd70bb09","properties":{"id":"2542083a-f9d9-47db-a79c-98a7bd70bb09","height":118,"num_floors":37,"class":"building","areaM2":19396,"sourceTile":"tile_2_2","sourceFeatureCount":29812,"heightEstimated":true},"geometry":{"type":"Polygon","coordinates":[[[114.54047,30.691729],[114.540546,30.690592],[114.540767,30.690572],[114.540524,30.690525],[114.540534,30.689731],[114.541187,30.689731],[114.541188,30.690648],[114.540789,30.690658],[114.541188,30.690658],[114.541188,30.691442],[114.540812,30.690916],[114.540813,30.691796],[114.539972,30.691796],[114.540171,30.691395],[114.539971,30.690936],[114.540281,30.690974],[114.540336,30.690496],[114.540335,30.690209],[114.539971,30.690238],[114.53997,30.689732],[114.540468,30.689732],[114.54047,30.691729]]]}},{"type":"Feature","id":"e3d3a0a6-e455-438f-815a-eeaa621dac33","properties":{"id":"e3d3a0a6-e455-438f-815a-eeaa621dac33","height":101,"num_floors":32,"class":"building","areaM2":9973,"sourceTile":"tile_2_2","sourceFeatureCount":29812,"heightEstimated":true},"geometry":{"type":"Polygon","coordinates":[[[114.540797,30.68795],[114.540787,30.687356],[114.542373,30.687337],[114.542383,30.687931],[114.540797,30.68795]]]}},{"type":"Feature","id":"aa357b34-9465-4360-8c6e-86a806971d00","properties":{"id":"aa357b34-9465-4360-8c6e-86a806971d00","height":82,"num_floors":26,"class":"building","areaM2":9158,"sourceTile":"tile_2_2","sourceFeatureCount":29812,"heightEstimated":true},"geometry":{"type":"Polygon","coordinates":[[[114.541502,30.696534],[114.541584,30.697463],[114.54061,30.697479],[114.54064,30.696523],[114.541502,30.696534]]]}},{"type":"Feature","id":"0b0dfa23-7743-4ceb-be40-6f0b4d835bd8","properties":{"id":"0b0dfa23-7743-4ceb-be40-6f0b4d835bd8","height":37,"num_floors":12,"class":"building","areaM2":101,"sourceTile":"tile_2_2","sourceFeatureCount":29812,"heightEstimated":true},"geometry":{"type":"Polygon","coordinates":[[[114.538368,30.709137],[114.538374,30.709004],[114.538417,30.708989],[114.53847,30.709102],[114.538368,30.709137]]]}},{"type":"Feature","id":"ee57ffd5-5023-44fc-8fa7-1703af50932b","properties":{"id":"ee57ffd5-5023-44fc-8fa7-1703af50932b","height":80,"num_floors":25,"class":"building","areaM2":11961,"sourceTile":"tile_2_2","sourceFeatureCount":29812,"heightEstimated":true},"geometry":{"type":"Polygon","coordinates":[[[114.546193,30.700863],[114.545479,30.700857],[114.545498,30.699273],[114.546212,30.699279],[114.546193,30.700863]]]}},{"type":"Feature","id":"60f1ac9e-e58f-45b6-ae53-858686b8b0ca","properties":{"id":"60f1ac9e-e58f-45b6-ae53-858686b8b0ca","height":86,"num_floors":27,"class":"building","areaM2":10267,"sourceTile":"tile_2_2","sourceFeatureCount":29812,"heightEstimated":true},"geometry":{"type":"Polygon","coordinates":[[[114.544758,30.695915],[114.545344,30.695908],[114.545335,30.697504],[114.544715,30.69754],[114.544758,30.695915]]]}},{"type":"Feature","id":"54376aea-209d-4e8e-8b25-40709b610ad9","properties":{"id":"54376aea-209d-4e8e-8b25-40709b610ad9","height":30,"num_floors":9,"class":"building","areaM2":196,"sourceTile":"tile_2_2","sourceFeatureCount":29812,"heightEstimated":true},"geometry":{"type":"Polygon","coordinates":[[[114.548064,30.704932],[114.548633,30.704912],[114.548089,30.704996],[114.548064,30.704932]]]}},{"type":"Feature","id":"8d3ccd0f-437e-4183-91d4-d42791fe7e65","properties":{"id":"8d3ccd0f-437e-4183-91d4-d42791fe7e65","height":108,"num_floors":34,"class":"building","areaM2":11947,"sourceTile":"tile_2_2","sourceFeatureCount":29812,"heightEstimated":true},"geometry":{"type":"Polygon","coordinates":[[[114.549822,30.684485],[114.549823,30.68382],[114.551522,30.683823],[114.551521,30.684487],[114.549822,30.684485]]]}},{"type":"Feature","id":"568a0edd-18c1-44d6-acaa-9ee4da0870a4","properties":{"id":"568a0edd-18c1-44d6-acaa-9ee4da0870a4","height":85,"num_floors":27,"class":"building","areaM2":12543,"sourceTile":"tile_2_2","sourceFeatureCount":29812,"heightEstimated":true},"geometry":{"type":"Polygon","coordinates":[[[114.551783,30.68262],[114.549746,30.682417],[114.549823,30.681843],[114.55186,30.682046],[114.551783,30.68262]]]}},{"type":"Feature","id":"1e44e80e-e464-4fda-911f-dfed8fe7aff2","properties":{"id":"1e44e80e-e464-4fda-911f-dfed8fe7aff2","height":92,"num_floors":29,"class":"building","areaM2":12765,"sourceTile":"tile_2_2","sourceFeatureCount":29812,"heightEstimated":true},"geometry":{"type":"Polygon","coordinates":[[[114.551429,30.683441],[114.549733,30.683271],[114.549828,30.682569],[114.551524,30.682739],[114.551429,30.683441]]]}},{"type":"Feature","id":"8fefadca-ceba-4c06-96e9-a9a7c0d7b8cb","properties":{"id":"8fefadca-ceba-4c06-96e9-a9a7c0d7b8cb","height":99,"num_floors":31,"class":"building","areaM2":11922,"sourceTile":"tile_2_2","sourceFeatureCount":29812,"heightEstimated":true},"geometry":{"type":"Polygon","coordinates":[[[114.551915,30.681589],[114.549935,30.681391],[114.55001,30.68083],[114.551991,30.681028],[114.551915,30.681589]]]}}]}