{"type":"FeatureCollection","name":"wuhan-building-display-tile_2_0","source":"data/geospatial/wuhan/buildings/low/tile_2_0.geojson","sourceFeatureCount":23278,"displayFeatureCount":336,"generatedAt":"2026-06-03T12:54:11.986Z","features":[{"type":"Feature","id":"a420984d-f1bf-4115-b51f-c378277050f2","properties":{"id":"a420984d-f1bf-4115-b51f-c378277050f2","height":25,"num_floors":8,"class":"building","areaM2":17,"sourceTile":"tile_2_0","sourceFeatureCount":23278,"heightEstimated":true},"geometry":{"type":"Polygon","coordinates":[[[113.950865,30.638725],[113.950813,30.63879],[113.950794,30.638753],[113.950865,30.638725]]]}},{"type":"Feature","id":"e3376320-17e4-41d5-b882-e5bfc47348da","properties":{"id":"e3376320-17e4-41d5-b882-e5bfc47348da","height":20,"num_floors":6,"class":"building","areaM2":28,"sourceTile":"tile_2_0","sourceFeatureCount":23278,"heightEstimated":true},"geometry":{"type":"Polygon","coordinates":[[[113.953127,30.657453],[113.953027,30.657412],[113.953101,30.65739],[113.953127,30.657453]]]}},{"type":"Feature","id":"4bbc3d7c-7eff-404e-924d-2f42f6baf4c2","properties":{"id":"4bbc3d7c-7eff-404e-924d-2f42f6baf4c2","height":13,"num_floors":4,"class":"building","areaM2":7,"sourceTile":"tile_2_0","sourceFeatureCount":23278,"heightEstimated":true},"geometry":{"type":"Polygon","coordinates":[[[113.953378,30.657483],[113.953342,30.657447],[113.953375,30.657445],[113.953378,30.657483]]]}},{"type":"Feature","id":"eea19de2-ce85-4c44-ab7d-119165860ed2","properties":{"id":"eea19de2-ce85-4c44-ab7d-119165860ed2","height":9,"num_floors":3,"class":"building","areaM2":40,"sourceTile":"tile_2_0","sourceFeatureCount":23278,"heightEstimated":true},"geometry":{"type":"Polygon","coordinates":[[[113.964369,30.651907],[113.964246,30.651986],[113.964232,30.651934],[113.964369,30.651907]]]}},{"type":"Feature","id":"b599a396-4985-4006-9aff-595d21ecde02","properties":{"id":"b599a396-4985-4006-9aff-595d21ecde02","height":32,"num_floors":10,"class":"building","areaM2":20,"sourceTile":"tile_2_0","sourceFeatureCount":23278,"heightEstimated":true},"geometry":{"type":"Polygon","coordinates":[[[113.9632,30.665583],[113.963147,30.665515],[113.963212,30.665526],[113.9632,30.665583]]]}},{"type":"Feature","id":"9bfb526c-0760-4b55-a53f-b59f4b3fbb10","properties":{"id":"9bfb526c-0760-4b55-a53f-b59f4b3fbb10","height":27,"num_floors":8,"class":"building","areaM2":25,"sourceTile":"tile_2_0","sourceFeatureCount":23278,"heightEstimated":true},"geometry":{"type":"Polygon","coordinates":[[[113.959743,30.674909],[113.959728,30.67502],[113.959688,30.675003],[113.959743,30.674909]]]}},{"type":"Feature","id":"66eedc79-b772-4b06-bd59-e83bc09304d6","properties":{"id":"66eedc79-b772-4b06-bd59-e83bc09304d6","height":66,"num_floors":21,"class":"building","areaM2":4686,"sourceTile":"tile_2_0","sourceFeatureCount":23278,"heightEstimated":true},"geometry":{"type":"Polygon","coordinates":[[[113.960562,30.673987],[113.960708,30.673566],[113.961672,30.673817],[113.961525,30.674238],[113.960562,30.673987]]]}},{"type":"Feature","id":"8d9acdbf-67a8-4327-9732-afb71b55eeaa","properties":{"id":"8d9acdbf-67a8-4327-9732-afb71b55eeaa","height":86,"num_floors":27,"class":"building","areaM2":12081,"sourceTile":"tile_2_0","sourceFeatureCount":23278,"heightEstimated":true},"geometry":{"type":"Polygon","coordinates":[[[113.964767,30.683392],[113.965591,30.683682],[113.964837,30.684741],[113.963927,30.684231],[113.964767,30.683392]]]}},{"type":"Feature","id":"98bf8682-e90d-4ae3-bbd6-54a1bee924bb","properties":{"id":"98bf8682-e90d-4ae3-bbd6-54a1bee924bb","height":18,"num_floors":6,"class":"building","areaM2":107,"sourceTile":"tile_2_0","sourceFeatureCount":23278,"heightEstimated":true},"geometry":{"type":"Polygon","coordinates":[[[113.967849,30.687042],[113.967861,30.6868],[113.967944,30.686827],[113.967849,30.687042]]]}},{"type":"Feature","id":"8482180e-854b-4852-8994-24e3471d0f95","properties":{"id":"8482180e-854b-4852-8994-24e3471d0f95","height":64,"num_floors":20,"class":"building","areaM2":8035,"sourceTile":"tile_2_0","sourceFeatureCount":23278,"heightEstimated":true},"geometry":{"type":"Polygon","coordinates":[[[113.971485,30.680368],[113.970932,30.681162],[113.97023,30.680798],[113.970783,30.680003],[113.971485,30.680368]]]}},{"type":"Feature","id":"b98f1786-e12d-4377-bc12-cc9aecc11402","properties":{"id":"b98f1786-e12d-4377-bc12-cc9aecc11402","height":11,"num_floors":3,"class":"building","areaM2":60,"sourceTile":"tile_2_0","sourceFeatureCount":23278,"heightEstimated":true},"geometry":{"type":"Polygon","coordinates":[[[113.969101,30.673012],[113.969253,30.673077],[113.969171,30.673117],[113.969101,30.673012]]]}},{"type":"Feature","id":"00057a66-2695-4f55-90a3-e5f60729072a","properties":{"id":"00057a66-2695-4f55-90a3-e5f60729072a","height":34,"num_floors":11,"class":"building","areaM2":27,"sourceTile":"tile_2_0","sourceFeatureCount":23278,"heightEstimated":true},"geometry":{"type":"Polygon","coordinates":[[[113.964562,30.65242],[113.964621,30.65234],[113.964628,30.652416],[113.964562,30.65242]]]}},{"type":"Feature","id":"59e733f2-7d4e-437b-a430-12a79089cc5e","properties":{"id":"59e733f2-7d4e-437b-a430-12a79089cc5e","height":28,"num_floors":9,"class":"building","areaM2":39,"sourceTile":"tile_2_0","sourceFeatureCount":23278,"heightEstimated":true},"geometry":{"type":"Polygon","coordinates":[[[113.970138,30.647269],[113.970131,30.647153],[113.970199,30.647227],[113.970138,30.647269]]]}},{"type":"Feature","id":"705347b0-4751-414b-8123-57580647f06c","properties":{"id":"705347b0-4751-414b-8123-57580647f06c","height":28,"num_floors":9,"class":"school","areaM2":193,"sourceTile":"tile_2_0","sourceFeatureCount":23278,"heightEstimated":true},"geometry":{"type":"Polygon","coordinates":[[[113.960304,30.643894],[113.959985,30.644079],[113.959952,30.643983],[113.960304,30.643894]]]}},{"type":"Feature","id":"04a3601f-13db-4b2f-abff-caa478a80036","properties":{"id":"04a3601f-13db-4b2f-abff-caa478a80036","height":114,"num_floors":36,"class":"school","areaM2":23006,"sourceTile":"tile_2_0","sourceFeatureCount":23278,"heightEstimated":true},"geometry":{"type":"Polygon","coordinates":[[[113.96154,30.643948],[113.959827,30.644431],[113.959461,30.643281],[113.961183,30.642775],[113.96154,30.643948]]]}},{"type":"Feature","id":"ed9f8c2a-4e0c-4387-a7c4-423f8bd65878","properties":{"id":"ed9f8c2a-4e0c-4387-a7c4-423f8bd65878","height":17,"num_floors":5,"class":"building","areaM2":49,"sourceTile":"tile_2_0","sourceFeatureCount":23278,"heightEstimated":true},"geometry":{"type":"Polygon","coordinates":[[[113.981825,30.647928],[113.981803,30.6478],[113.981881,30.647835],[113.981825,30.647928]]]}},{"type":"Feature","id":"e366374e-9836-471a-8b95-cc6a9b74a352","properties":{"id":"e366374e-9836-471a-8b95-cc6a9b74a352","height":11,"num_floors":3,"class":"building","areaM2":54,"sourceTile":"tile_2_0","sourceFeatureCount":23278,"heightEstimated":true},"geometry":{"type":"Polygon","coordinates":[[[113.977409,30.633449],[113.977256,30.633421],[113.977327,30.633368],[113.977409,30.633449]]]}},{"type":"Feature","id":"bfe408c8-8bc6-4098-905b-e32277747fb3","properties":{"id":"bfe408c8-8bc6-4098-905b-e32277747fb3","height":8,"num_floors":3,"class":"building","areaM2":97,"sourceTile":"tile_2_0","sourceFeatureCount":23278,"heightEstimated":true},"geometry":{"type":"Polygon","coordinates":[[[113.974111,30.635421],[113.974386,30.635564],[113.974077,30.635471],[113.974111,30.635421]]]}},{"type":"Feature","id":"d41d6836-d80a-4f37-b0e8-009a3cddb9c2","properties":{"id":"d41d6836-d80a-4f37-b0e8-009a3cddb9c2","height":30,"num_floors":9,"class":"building","areaM2":51,"sourceTile":"tile_2_0","sourceFeatureCount":23278,"heightEstimated":true},"geometry":{"type":"Polygon","coordinates":[[[113.979457,30.663846],[113.979383,30.66372],[113.979501,30.663791],[113.979457,30.663846]]]}},{"type":"Feature","id":"2c903deb-4a89-472d-9bcb-fa0c1858bc32","properties":{"id":"2c903deb-4a89-472d-9bcb-fa0c1858bc32","height":115,"num_floors":36,"class":"building","areaM2":24457,"sourceTile":"tile_2_0","sourceFeatureCount":23278,"heightEstimated":true},"geometry":{"type":"Polygon","coordinates":[[[113.973656,30.68592],[113.973612,30.686127],[113.973535,30.684653],[113.974823,30.684494],[113.974978,30.686125],[113.974558,30.686168],[113.974584,30.686438],[113.973726,30.686499],[113.973889,30.686229],[113.973656,30.68592]]]}},{"type":"Feature","id":"e0aba82e-d352-4c4d-bf4a-d63bbd214522","properties":{"id":"e0aba82e-d352-4c4d-bf4a-d63bbd214522","height":70,"num_floors":22,"class":"building","areaM2":9111,"sourceTile":"tile_2_0","sourceFeatureCount":23278,"heightEstimated":true},"geometry":{"type":"Polygon","coordinates":[[[113.97384,30.687334],[113.975073,30.68726],[113.975121,30.687975],[113.973934,30.688034],[113.97384,30.687334]]]}},{"type":"Feature","id":"2d1d77a4-c49b-48f7-b945-557313674a04","properties":{"id":"2d1d77a4-c49b-48f7-b945-557313674a04","height":91,"num_floors":28,"class":"building","areaM2":15396,"sourceTile":"tile_2_0","sourceFeatureCount":23278,"heightEstimated":true},"geometry":{"type":"Polygon","coordinates":[[[113.974045,30.681847],[113.975973,30.682594],[113.975717,30.68325],[113.973722,30.682445],[113.974045,30.681847]]]}},{"type":"Feature","id":"1d5a8534-9748-4f84-b567-79af9b1533d2","properties":{"id":"1d5a8534-9748-4f84-b567-79af9b1533d2","height":34,"num_floors":11,"class":"building","areaM2":413,"sourceTile":"tile_2_0","sourceFeatureCount":23278,"heightEstimated":true},"geometry":{"type":"Polygon","coordinates":[[[113.977079,30.68315],[113.976699,30.683425],[113.976901,30.683073],[113.977079,30.68315]]]}},{"type":"Feature","id":"f193507f-42d9-4192-b54f-f633295b72ad","properties":{"id":"f193507f-42d9-4192-b54f-f633295b72ad","height":83,"num_floors":26,"class":"building","areaM2":11424,"sourceTile":"tile_2_0","sourceFeatureCount":23278,"heightEstimated":true},"geometry":{"type":"Polygon","coordinates":[[[113.975941,30.682406],[113.97643,30.682101],[113.977611,30.682582],[113.977347,30.683056],[113.975244,30.68218],[113.975503,30.681715],[113.975912,30.681885],[113.975941,30.682406]]]}},{"type":"Feature","id":"5e1ee19d-1918-4f8e-9a46-5e4bc6583dfc","properties":{"id":"5e1ee19d-1918-4f8e-9a46-5e4bc6583dfc","height":19,"num_floors":6,"class":"building","areaM2":63,"sourceTile":"tile_2_0","sourceFeatureCount":23278,"heightEstimated":true},"geometry":{"type":"Polygon","coordinates":[[[113.982527,30.677357],[113.98244,30.677222],[113.982573,30.677291],[113.982527,30.677357]]]}},{"type":"Feature","id":"679f34f0-54c9-4bee-b3e8-243757274da3","properties":{"id":"679f34f0-54c9-4bee-b3e8-243757274da3","height":109,"num_floors":34,"class":"building","areaM2":22428,"sourceTile":"tile_2_0","sourceFeatureCount":23278,"heightEstimated":true},"geometry":{"type":"Polygon","coordinates":[[[113.981463,30.680166],[113.981138,30.680923],[113.980435,30.680621],[113.980868,30.679847],[113.980316,30.68057],[113.979553,30.680243],[113.98039,30.678787],[113.981133,30.679106],[113.980913,30.679812],[113.981463,30.680166]]]}},{"type":"Feature","id":"78189804-fb5b-4b75-a540-b4202f91e19a","properties":{"id":"78189804-fb5b-4b75-a540-b4202f91e19a","height":100,"num_floors":31,"class":"building","areaM2":16746,"sourceTile":"tile_2_0","sourceFeatureCount":23278,"heightEstimated":true},"geometry":{"type":"Polygon","coordinates":[[[113.980979,30.686667],[113.980118,30.688176],[113.979274,30.687817],[113.980136,30.686308],[113.980979,30.686667]]]}},{"type":"Feature","id":"542674b5-39e0-437a-91f9-8a4ddec54216","properties":{"id":"542674b5-39e0-437a-91f9-8a4ddec54216","height":74,"num_floors":23,"class":"building","areaM2":8964,"sourceTile":"tile_2_0","sourceFeatureCount":23278,"heightEstimated":true},"geometry":{"type":"Polygon","coordinates":[[[113.98196,30.687071],[113.981439,30.687957],[113.980679,30.687624],[113.981201,30.686737],[113.98196,30.687071]]]}},{"type":"Feature","id":"d650b2c3-3312-429a-a9dd-2c8411710fb7","properties":{"id":"d650b2c3-3312-429a-a9dd-2c8411710fb7","height":12,"num_floors":4,"class":"building","areaM2":40,"sourceTile":"tile_2_0","sourceFeatureCount":23278,"heightEstimated":true},"geometry":{"type":"Polygon","coordinates":[[[113.986573,30.680974],[113.986609,30.681085],[113.98653,30.681051],[113.986573,30.680974]]]}},{"type":"Feature","id":"07197f44-71a2-4fa6-bf56-d7426b1274bc","properties":{"id":"07197f44-71a2-4fa6-bf56-d7426b1274bc","height":129,"num_floors":40,"class":"building","areaM2":27747,"sourceTile":"tile_2_0","sourceFeatureCount":23278,"heightEstimated":true},"geometry":{"type":"Polygon","coordinates":[[[113.989594,30.684475],[113.989926,30.68387],[113.989696,30.683776],[113.989324,30.684565],[113.989424,30.684182],[113.989242,30.684468],[113.988743,30.684263],[113.989439,30.682993],[113.991289,30.683751],[113.990578,30.685047],[113.989594,30.684475]]]}},{"type":"Feature","id":"852aff3c-13cb-401e-a65f-43d980dced57","properties":{"id":"852aff3c-13cb-401e-a65f-43d980dced57","height":8,"num_floors":3,"class":"building","areaM2":9,"sourceTile":"tile_2_0","sourceFeatureCount":23278,"heightEstimated":true},"geometry":{"type":"Polygon","coordinates":[[[113.990909,30.685591],[113.991,30.685599],[113.990992,30.685617],[113.990909,30.685591]]]}},{"type":"Feature","id":"34e2865b-7335-4992-895a-3ba790afcc49","properties":{"id":"34e2865b-7335-4992-895a-3ba790afcc49","height":112,"num_floors":35,"class":"building","areaM2":14836,"sourceTile":"tile_2_0","sourceFeatureCount":23278,"heightEstimated":true},"geometry":{"type":"Polygon","coordinates":[[[113.991865,30.683233],[113.992503,30.683543],[113.991543,30.685298],[113.990911,30.685043],[113.991865,30.683233]]]}},{"type":"Feature","id":"d77cd3e4-f3da-44fc-9b1c-4a991573ddd4","properties":{"id":"d77cd3e4-f3da-44fc-9b1c-4a991573ddd4","height":86,"num_floors":27,"class":"building","areaM2":11121,"sourceTile":"tile_2_0","sourceFeatureCount":23278,"heightEstimated":true},"geometry":{"type":"Polygon","coordinates":[[[114.002953,30.668001],[114.002712,30.668251],[114.002857,30.66843],[114.002701,30.668592],[114.002592,30.668376],[114.002143,30.668887],[114.001276,30.668263],[114.001637,30.667888],[114.002507,30.66839],[114.001984,30.667976],[114.002366,30.667579],[114.002953,30.668001]]]}},{"type":"Feature","id":"ee6dddd3-afe4-41d5-80be-83eadb176cd9","properties":{"id":"ee6dddd3-afe4-41d5-80be-83eadb176cd9","height":77,"num_floors":24,"class":"building","areaM2":10555,"sourceTile":"tile_2_0","sourceFeatureCount":23278,"heightEstimated":true},"geometry":{"type":"Polygon","coordinates":[[[114.003118,30.662788],[114.00279,30.663124],[114.001056,30.661861],[114.001384,30.661524],[114.003118,30.662788]]]}},{"type":"Feature","id":"816b5573-bb87-429c-a72a-7c92fb314ba8","properties":{"id":"816b5573-bb87-429c-a72a-7c92fb314ba8","height":113,"num_floors":35,"class":"building","areaM2":17515,"sourceTile":"tile_2_0","sourceFeatureCount":23278,"heightEstimated":true},"geometry":{"type":"Polygon","coordinates":[[[113.996117,30.656854],[113.995753,30.657519],[113.993815,30.656768],[113.994223,30.656025],[113.996117,30.656854]]]}},{"type":"Feature","id":"183b1f77-aa56-4b86-8f6e-980416f28f1e","properties":{"id":"183b1f77-aa56-4b86-8f6e-980416f28f1e","height":89,"num_floors":28,"class":"building","areaM2":9997,"sourceTile":"tile_2_0","sourceFeatureCount":23278,"heightEstimated":true},"geometry":{"type":"Polygon","coordinates":[[[114.000014,30.652568],[113.999806,30.653044],[113.998108,30.652325],[113.998365,30.65187],[114.000014,30.652568]]]}},{"type":"Feature","id":"890b8890-d188-4f47-87e0-56f70e27fc07","properties":{"id":"890b8890-d188-4f47-87e0-56f70e27fc07","height":93,"num_floors":29,"class":"building","areaM2":8525,"sourceTile":"tile_2_0","sourceFeatureCount":23278,"heightEstimated":true},"geometry":{"type":"Polygon","coordinates":[[[113.999377,30.653595],[113.998026,30.653024],[113.998298,30.652543],[113.999649,30.653114],[113.999377,30.653595]]]}},{"type":"Feature","id":"58d939ce-44fa-4a65-9e1e-813aa255ae3b","properties":{"id":"58d939ce-44fa-4a65-9e1e-813aa255ae3b","height":110,"num_floors":34,"class":"building","areaM2":16648,"sourceTile":"tile_2_0","sourceFeatureCount":23278,"heightEstimated":true},"geometry":{"type":"Polygon","coordinates":[[[114.000963,30.654404],[114.001387,30.653466],[114.002122,30.653666],[114.002058,30.653385],[114.002766,30.65368],[114.002168,30.654863],[114.000963,30.654404]]]}},{"type":"Feature","id":"2ff0a2b9-40ff-49b7-9828-e5ea5f990b1b","properties":{"id":"2ff0a2b9-40ff-49b7-9828-e5ea5f990b1b","height":35,"num_floors":11,"class":"building","areaM2":172,"sourceTile":"tile_2_0","sourceFeatureCount":23278,"heightEstimated":true},"geometry":{"type":"Polygon","coordinates":[[[114.002156,30.645733],[114.001825,30.645706],[114.001879,30.645612],[114.002156,30.645733]]]}},{"type":"Feature","id":"3e0796d4-70a1-4f19-a475-25cdafab2c6d","properties":{"id":"3e0796d4-70a1-4f19-a475-25cdafab2c6d","height":38,"num_floors":12,"class":"building","areaM2":598,"sourceTile":"tile_2_0","sourceFeatureCount":23278,"heightEstimated":true},"geometry":{"type":"Polygon","coordinates":[[[113.991229,30.64189],[113.992128,30.642236],[113.991175,30.641995],[113.991229,30.64189]]]}},{"type":"Feature","id":"af0f94b2-c3a8-43f3-888a-42cdd883ea58","properties":{"id":"af0f94b2-c3a8-43f3-888a-42cdd883ea58","height":38,"num_floors":12,"class":"building","areaM2":1106,"sourceTile":"tile_2_0","sourceFeatureCount":23278,"heightEstimated":true},"geometry":{"type":"Polygon","coordinates":[[[113.99267,30.639494],[113.993023,30.639691],[113.992867,30.6399],[113.992514,30.639702],[113.99267,30.639494]]]}},{"type":"Feature","id":"6b49c795-c630-42a8-a0c4-38885a41d6f8","properties":{"id":"6b49c795-c630-42a8-a0c4-38885a41d6f8","height":63,"num_floors":20,"class":"building","areaM2":5781,"sourceTile":"tile_2_0","sourceFeatureCount":23278,"heightEstimated":true},"geometry":{"type":"Polygon","coordinates":[[[113.955283,30.694465],[113.955578,30.694259],[113.954789,30.695206],[113.95451,30.695032],[113.954853,30.694998],[113.954592,30.694836],[113.955562,30.693672],[113.955769,30.6938],[113.955283,30.694465]]]}},{"type":"Feature","id":"2b882c46-3e2e-4127-86d3-c08493b27711","properties":{"id":"2b882c46-3e2e-4127-86d3-c08493b27711","height":90,"num_floors":28,"class":"building","areaM2":8165,"sourceTile":"tile_2_0","sourceFeatureCount":23278,"heightEstimated":true},"geometry":{"type":"Polygon","coordinates":[[[113.957641,30.689],[113.956874,30.689374],[113.956336,30.688973],[113.956952,30.688194],[113.957641,30.689]]]}},{"type":"Feature","id":"ffa336de-1a50-4aa9-9943-f762aa68b479","properties":{"id":"ffa336de-1a50-4aa9-9943-f762aa68b479","height":48,"num_floors":15,"class":"building","areaM2":4169,"sourceTile":"tile_2_0","sourceFeatureCount":23278,"heightEstimated":true},"geometry":{"type":"Polygon","coordinates":[[[113.957824,30.690755],[113.957113,30.69187],[113.956865,30.691765],[113.957516,30.690624],[113.957824,30.690755]]]}},{"type":"Feature","id":"9fab4999-f909-457f-be30-68883c3061bf","properties":{"id":"9fab4999-f909-457f-be30-68883c3061bf","height":122,"num_floors":38,"class":"building","areaM2":20197,"sourceTile":"tile_2_0","sourceFeatureCount":23278,"heightEstimated":true},"geometry":{"type":"Polygon","coordinates":[[[113.961277,30.698451],[113.960335,30.700118],[113.959406,30.699716],[113.960367,30.698057],[113.961277,30.698451]]]}},{"type":"Feature","id":"e8d589ba-c4af-4ff5-bdbb-c3715e412725","properties":{"id":"e8d589ba-c4af-4ff5-bdbb-c3715e412725","height":32,"num_floors":10,"class":"building","areaM2":45,"sourceTile":"tile_2_0","sourceFeatureCount":23278,"heightEstimated":true},"geometry":{"type":"Polygon","coordinates":[[[113.958495,30.710454],[113.958457,30.710336],[113.958547,30.710392],[113.958495,30.710454]]]}},{"type":"Feature","id":"058d8fa8-9feb-4b61-96c0-8886a2740887","properties":{"id":"058d8fa8-9feb-4b61-96c0-8886a2740887","height":71,"num_floors":22,"class":"building","areaM2":9753,"sourceTile":"tile_2_0","sourceFeatureCount":23278,"heightEstimated":true},"geometry":{"type":"Polygon","coordinates":[[[113.952992,30.727156],[113.952982,30.728103],[113.952019,30.728112],[113.952007,30.727166],[113.952992,30.727156]]]}},{"type":"Feature","id":"babf3208-1740-4336-a9aa-d38cb52acf0c","properties":{"id":"babf3208-1740-4336-a9aa-d38cb52acf0c","height":26,"num_floors":8,"class":"building","areaM2":50,"sourceTile":"tile_2_0","sourceFeatureCount":23278,"heightEstimated":true},"geometry":{"type":"Polygon","coordinates":[[[113.951384,30.736543],[113.951456,30.736418],[113.951462,30.73654],[113.951384,30.736543]]]}},{"type":"Feature","id":"5758fd83-5186-4d51-b7f7-45b3dc162b02","properties":{"id":"5758fd83-5186-4d51-b7f7-45b3dc162b02","height":145,"num_floors":45,"class":"building","areaM2":26098,"sourceTile":"tile_2_0","sourceFeatureCount":23278,"heightEstimated":true},"geometry":{"type":"Polygon","coordinates":[[[113.956496,30.739918],[113.953208,30.740068],[113.953212,30.739236],[113.9565,30.739248],[113.956496,30.739918]]]}},{"type":"Feature","id":"a63a598b-7c92-4045-89ee-8227297aab19","properties":{"id":"a63a598b-7c92-4045-89ee-8227297aab19","height":18,"num_floors":6,"class":"building","areaM2":22,"sourceTile":"tile_2_0","sourceFeatureCount":23278,"heightEstimated":true},"geometry":{"type":"Polygon","coordinates":[[[113.952334,30.744025],[113.952382,30.74412],[113.952338,30.744121],[113.952334,30.744025]]]}},{"type":"Feature","id":"af86e63c-4134-4eb2-8f61-296841c9602d","properties":{"id":"af86e63c-4134-4eb2-8f61-296841c9602d","height":14,"num_floors":4,"class":"building","areaM2":50,"sourceTile":"tile_2_0","sourceFeatureCount":23278,"heightEstimated":true},"geometry":{"type":"Polygon","coordinates":[[[113.950609,30.732914],[113.950448,30.732846],[113.950614,30.732857],[113.950609,30.732914]]]}},{"type":"Feature","id":"08ca220c-8e55-4fde-bd9f-0b4947b931a8","properties":{"id":"08ca220c-8e55-4fde-bd9f-0b4947b931a8","height":92,"num_floors":29,"class":"building","areaM2":9251,"sourceTile":"tile_2_0","sourceFeatureCount":23278,"heightEstimated":true},"geometry":{"type":"Polygon","coordinates":[[[113.97621,30.741349],[113.976941,30.741365],[113.976927,30.742522],[113.976152,30.742515],[113.97621,30.741349]]]}},{"type":"Feature","id":"6c8a47ae-f996-4ba3-8df0-e9ee695a88b9","properties":{"id":"6c8a47ae-f996-4ba3-8df0-e9ee695a88b9","height":106,"num_floors":33,"class":"building","areaM2":12729,"sourceTile":"tile_2_0","sourceFeatureCount":23278,"heightEstimated":true},"geometry":{"type":"Polygon","coordinates":[[[113.980133,30.742134],[113.980171,30.740862],[113.98109,30.740853],[113.981107,30.742124],[113.980133,30.742134]]]}},{"type":"Feature","id":"8c94acb1-e228-4fa5-ade9-398c5d29fb0c","properties":{"id":"8c94acb1-e228-4fa5-ade9-398c5d29fb0c","height":78,"num_floors":24,"class":"building","areaM2":7952,"sourceTile":"tile_2_0","sourceFeatureCount":23278,"heightEstimated":true},"geometry":{"type":"Polygon","coordinates":[[[113.972811,30.741562],[113.973522,30.741358],[113.973508,30.742524],[113.9728,30.742518],[113.972811,30.741562]]]}},{"type":"Feature","id":"0536b97d-6111-4667-b2b9-0d303e46f392","properties":{"id":"0536b97d-6111-4667-b2b9-0d303e46f392","height":9,"num_floors":3,"class":"building","areaM2":67,"sourceTile":"tile_2_0","sourceFeatureCount":23278,"heightEstimated":true},"geometry":{"type":"Polygon","coordinates":[[[113.972971,30.744218],[113.973077,30.744336],[113.972966,30.744333],[113.972971,30.744218]]]}},{"type":"Feature","id":"2b38fcb5-333a-477e-9231-1e32efe59457","properties":{"id":"2b38fcb5-333a-477e-9231-1e32efe59457","height":90,"num_floors":28,"class":"building","areaM2":9439,"sourceTile":"tile_2_0","sourceFeatureCount":23278,"heightEstimated":true},"geometry":{"type":"Polygon","coordinates":[[[113.974939,30.74253],[113.974936,30.741344],[113.975689,30.741343],[113.975692,30.742528],[113.974939,30.74253]]]}},{"type":"Feature","id":"7076253f-f160-44a3-aee7-594c3449e314","properties":{"id":"7076253f-f160-44a3-aee7-594c3449e314","height":74,"num_floors":23,"class":"building","areaM2":9023,"sourceTile":"tile_2_0","sourceFeatureCount":23278,"heightEstimated":true},"geometry":{"type":"Polygon","coordinates":[[[113.974707,30.74253],[113.973988,30.742527],[113.973993,30.741342],[113.974713,30.741344],[113.974707,30.74253]]]}},{"type":"Feature","id":"2dada3f2-cab1-47f0-99c0-5795e675ae7d","properties":{"id":"2dada3f2-cab1-47f0-99c0-5795e675ae7d","height":32,"num_floors":10,"class":"building","areaM2":25,"sourceTile":"tile_2_0","sourceFeatureCount":23278,"heightEstimated":true},"geometry":{"type":"Polygon","coordinates":[[[113.970277,30.747983],[113.970293,30.748194],[113.970271,30.748194],[113.970277,30.747983]]]}},{"type":"Feature","id":"46108bb9-1742-4008-8976-d5ce6345cd8b","properties":{"id":"46108bb9-1742-4008-8976-d5ce6345cd8b","height":64,"num_floors":20,"class":"building","areaM2":3393,"sourceTile":"tile_2_0","sourceFeatureCount":23278,"heightEstimated":true},"geometry":{"type":"Polygon","coordinates":[[[113.962335,30.744095],[113.962702,30.743994],[113.962689,30.744816],[113.962214,30.744811],[113.962335,30.744095]]]}},{"type":"Feature","id":"62ad96db-fd34-434b-87cf-4e7c0b1973cd","properties":{"id":"62ad96db-fd34-434b-87cf-4e7c0b1973cd","height":30,"num_floors":9,"class":"building","areaM2":381,"sourceTile":"tile_2_0","sourceFeatureCount":23278,"heightEstimated":true},"geometry":{"type":"Polygon","coordinates":[[[113.964958,30.721517],[113.964018,30.7216],[113.964018,30.721523],[113.964958,30.721517]]]}},{"type":"Feature","id":"729ff15a-b7ea-4784-b512-53aafb5bcb3d","properties":{"id":"729ff15a-b7ea-4784-b512-53aafb5bcb3d","height":13,"num_floors":4,"class":"building","areaM2":6,"sourceTile":"tile_2_0","sourceFeatureCount":23278,"heightEstimated":true},"geometry":{"type":"Polygon","coordinates":[[[113.9613,30.710696],[113.961241,30.71069],[113.961252,30.710673],[113.9613,30.710696]]]}},{"type":"Feature","id":"4a35f270-2f92-46e7-8b7d-0a3d9451f9e9","properties":{"id":"4a35f270-2f92-46e7-8b7d-0a3d9451f9e9","height":96,"num_floors":30,"class":"building","areaM2":12962,"sourceTile":"tile_2_0","sourceFeatureCount":23278,"heightEstimated":true},"geometry":{"type":"Polygon","coordinates":[[[113.961822,30.698681],[113.962421,30.698928],[113.9615,30.700593],[113.960901,30.700346],[113.961822,30.698681]]]}},{"type":"Feature","id":"2d2957bd-f7b1-4dfa-a47e-b387e09deed7","properties":{"id":"2d2957bd-f7b1-4dfa-a47e-b387e09deed7","height":86,"num_floors":27,"class":"building","areaM2":12141,"sourceTile":"tile_2_0","sourceFeatureCount":23278,"heightEstimated":true},"geometry":{"type":"Polygon","coordinates":[[[113.961536,30.69729],[113.961818,30.696792],[113.963676,30.697578],[113.963394,30.698076],[113.961536,30.69729]]]}},{"type":"Feature","id":"c82df0fd-4ea6-41ab-977d-5a38382c68d0","properties":{"id":"c82df0fd-4ea6-41ab-977d-5a38382c68d0","height":18,"num_floors":6,"class":"building","areaM2":406,"sourceTile":"tile_2_0","sourceFeatureCount":23278,"heightEstimated":true},"geometry":{"type":"Polygon","coordinates":[[[113.974641,30.697693],[113.975307,30.697953],[113.974591,30.697789],[113.974641,30.697693]]]}},{"type":"Feature","id":"e6c546de-ff05-4c04-ab0f-02de7fca58cc","properties":{"id":"e6c546de-ff05-4c04-ab0f-02de7fca58cc","height":35,"num_floors":11,"class":"building","areaM2":73,"sourceTile":"tile_2_0","sourceFeatureCount":23278,"heightEstimated":true},"geometry":{"type":"Polygon","coordinates":[[[113.973449,30.702233],[113.973273,30.702273],[113.973317,30.702185],[113.973449,30.702233]]]}},{"type":"Feature","id":"f55848a6-e1dc-47e4-b941-f0ad71295e0e","properties":{"id":"f55848a6-e1dc-47e4-b941-f0ad71295e0e","height":109,"num_floors":34,"class":"building","areaM2":21773,"sourceTile":"tile_2_0","sourceFeatureCount":23278,"heightEstimated":true},"geometry":{"type":"Polygon","coordinates":[[[113.977757,30.705418],[113.980539,30.706597],[113.980332,30.706967],[113.980118,30.707154],[113.979719,30.706988],[113.979848,30.706713],[113.979699,30.70698],[113.977416,30.706029],[113.977757,30.705418]]]}},{"type":"Feature","id":"c973c652-d29d-4429-af5a-fd307efd20ac","properties":{"id":"c973c652-d29d-4429-af5a-fd307efd20ac","height":66,"num_floors":21,"class":"building","areaM2":3636,"sourceTile":"tile_2_0","sourceFeatureCount":23278,"heightEstimated":true},"geometry":{"type":"Polygon","coordinates":[[[113.979435,30.696966],[113.980116,30.697006],[113.979843,30.69754],[113.979207,30.697412],[113.979435,30.696966]]]}},{"type":"Feature","id":"94e07299-e6dd-4b08-a448-55a059e38eef","properties":{"id":"94e07299-e6dd-4b08-a448-55a059e38eef","height":133,"num_floors":42,"class":"building","areaM2":23199,"sourceTile":"tile_2_0","sourceFeatureCount":23278,"heightEstimated":true},"geometry":{"type":"Polygon","coordinates":[[[113.978031,30.690037],[113.979196,30.687964],[113.980052,30.688324],[113.978887,30.690396],[113.978031,30.690037]]]}},{"type":"Feature","id":"6fe4fe48-9f94-4977-be74-e5d25f380fb2","properties":{"id":"6fe4fe48-9f94-4977-be74-e5d25f380fb2","height":22,"num_floors":7,"class":"building","areaM2":49,"sourceTile":"tile_2_0","sourceFeatureCount":23278,"heightEstimated":true},"geometry":{"type":"Polygon","coordinates":[[[113.980487,30.694741],[113.980342,30.694774],[113.980419,30.694693],[113.980487,30.694741]]]}},{"type":"Feature","id":"6464b971-5464-4419-b967-b84a49772651","properties":{"id":"6464b971-5464-4419-b967-b84a49772651","height":99,"num_floors":31,"class":"building","areaM2":14306,"sourceTile":"tile_2_0","sourceFeatureCount":23278,"heightEstimated":true},"geometry":{"type":"Polygon","coordinates":[[[113.981679,30.688694],[113.981969,30.688178],[113.984089,30.689067],[113.983799,30.689583],[113.981679,30.688694]]]}},{"type":"Feature","id":"62a2ece7-53ac-460c-a57b-25614f244b5a","properties":{"id":"62a2ece7-53ac-460c-a57b-25614f244b5a","height":98,"num_floors":31,"class":"building","areaM2":10975,"sourceTile":"tile_2_0","sourceFeatureCount":23278,"heightEstimated":true},"geometry":{"type":"Polygon","coordinates":[[[113.983951,30.695666],[113.984805,30.696027],[113.984251,30.697006],[113.983396,30.696645],[113.983951,30.695666]]]}},{"type":"Feature","id":"13a0dcce-6350-408a-bda0-b999dbd377ee","properties":{"id":"13a0dcce-6350-408a-bda0-b999dbd377ee","height":79,"num_floors":25,"class":"building","areaM2":10981,"sourceTile":"tile_2_0","sourceFeatureCount":23278,"heightEstimated":true},"geometry":{"type":"Polygon","coordinates":[[[113.982889,30.695341],[113.983842,30.695616],[113.983283,30.696604],[113.982388,30.696226],[113.982889,30.695341]]]}},{"type":"Feature","id":"33961367-79ef-4914-9179-333ffd2c6e6a","properties":{"id":"33961367-79ef-4914-9179-333ffd2c6e6a","height":73,"num_floors":23,"class":"building","areaM2":10434,"sourceTile":"tile_2_0","sourceFeatureCount":23278,"heightEstimated":true},"geometry":{"type":"Polygon","coordinates":[[[113.984763,30.697075],[113.985303,30.696229],[113.986144,30.696593],[113.985584,30.697559],[113.984763,30.697075]]]}},{"type":"Feature","id":"77fbfa11-cd05-4c3d-b177-4c8bd6bddce3","properties":{"id":"77fbfa11-cd05-4c3d-b177-4c8bd6bddce3","height":79,"num_floors":25,"class":"building","areaM2":8664,"sourceTile":"tile_2_0","sourceFeatureCount":23278,"heightEstimated":true},"geometry":{"type":"Polygon","coordinates":[[[113.985456,30.693193],[113.985874,30.692455],[113.986768,30.692833],[113.98635,30.693572],[113.985456,30.693193]]]}},{"type":"Feature","id":"6f79c769-235b-4e96-8fce-795a49c9812f","properties":{"id":"6f79c769-235b-4e96-8fce-795a49c9812f","height":81,"num_floors":25,"class":"building","areaM2":10016,"sourceTile":"tile_2_0","sourceFeatureCount":23278,"heightEstimated":true},"geometry":{"type":"Polygon","coordinates":[[[113.984465,30.691218],[113.985483,30.691576],[113.98485,30.69266],[113.984257,30.692402],[113.984651,30.691728],[113.984874,30.691793],[113.984281,30.691534],[113.984465,30.691218]]]}},{"type":"Feature","id":"30783fd2-a68f-4764-977d-9e7a1d6bc9f0","properties":{"id":"30783fd2-a68f-4764-977d-9e7a1d6bc9f0","height":94,"num_floors":29,"class":"building","areaM2":8850,"sourceTile":"tile_2_0","sourceFeatureCount":23278,"heightEstimated":true},"geometry":{"type":"Polygon","coordinates":[[[113.986725,30.692616],[113.987008,30.692107],[113.988344,30.692663],[113.98806,30.693172],[113.986725,30.692616]]]}},{"type":"Feature","id":"86a6953b-db74-45ab-a2e2-11ef940a0a8f","properties":{"id":"86a6953b-db74-45ab-a2e2-11ef940a0a8f","height":16,"num_floors":5,"class":"building","areaM2":40,"sourceTile":"tile_2_0","sourceFeatureCount":23278,"heightEstimated":true},"geometry":{"type":"Polygon","coordinates":[[[113.989335,30.6954],[113.989438,30.695308],[113.989398,30.695417],[113.989335,30.6954]]]}},{"type":"Feature","id":"dc6e1718-7b42-4f81-ba82-19a9a03a060f","properties":{"id":"dc6e1718-7b42-4f81-ba82-19a9a03a060f","height":17,"num_floors":5,"class":"building","areaM2":262,"sourceTile":"tile_2_0","sourceFeatureCount":23278,"heightEstimated":true},"geometry":{"type":"Polygon","coordinates":[[[113.98201,30.726947],[113.982439,30.727069],[113.982007,30.727061],[113.98201,30.726947]]]}},{"type":"Feature","id":"25d82015-ed7f-4f6a-8bc5-d6c7f0d1e932","properties":{"id":"25d82015-ed7f-4f6a-8bc5-d6c7f0d1e932","height":142,"num_floors":44,"class":"building","areaM2":34973,"sourceTile":"tile_2_0","sourceFeatureCount":23278,"heightEstimated":true},"geometry":{"type":"Polygon","coordinates":[[[113.983726,30.733937],[113.98391,30.732807],[113.98473,30.732856],[113.984665,30.732092],[113.986259,30.732076],[113.986167,30.734372],[113.985337,30.73438],[113.985052,30.73292],[113.984334,30.733004],[113.984169,30.733933],[113.983726,30.733937]]]}},{"type":"Feature","id":"1388756a-b7a2-48bd-a4ee-a342a3e94c4f","properties":{"id":"1388756a-b7a2-48bd-a4ee-a342a3e94c4f","height":98,"num_floors":31,"class":"building","areaM2":11687,"sourceTile":"tile_2_0","sourceFeatureCount":23278,"heightEstimated":true},"geometry":{"type":"Polygon","coordinates":[[[113.984018,30.730872],[113.9862,30.730801],[113.986192,30.731355],[113.984011,30.731331],[113.984018,30.730872]]]}},{"type":"Feature","id":"c62d478d-717e-47e7-b973-60c2634dbfd7","properties":{"id":"c62d478d-717e-47e7-b973-60c2634dbfd7","height":42,"num_floors":13,"class":"building","areaM2":289,"sourceTile":"tile_2_0","sourceFeatureCount":23278,"heightEstimated":true},"geometry":{"type":"Polygon","coordinates":[[[113.986479,30.731267],[113.986329,30.731674],[113.986346,30.731263],[113.986479,30.731267]]]}},{"type":"Feature","id":"3b0ed918-1c62-4575-90f7-28e2a5162eb2","properties":{"id":"3b0ed918-1c62-4575-90f7-28e2a5162eb2","height":96,"num_floors":30,"class":"building","areaM2":8843,"sourceTile":"tile_2_0","sourceFeatureCount":23278,"heightEstimated":true},"geometry":{"type":"Polygon","coordinates":[[[113.985785,30.735365],[113.986337,30.735254],[113.986341,30.735608],[113.985003,30.735717],[113.984991,30.734789],[113.985611,30.734783],[113.985785,30.735365]]]}},{"type":"Feature","id":"166a3991-c64a-41d5-86b4-7b22aed0c8b2","properties":{"id":"166a3991-c64a-41d5-86b4-7b22aed0c8b2","height":28,"num_floors":9,"class":"building","areaM2":36,"sourceTile":"tile_2_0","sourceFeatureCount":23278,"heightEstimated":true},"geometry":{"type":"Polygon","coordinates":[[[113.982157,30.732797],[113.982062,30.732868],[113.982068,30.732792],[113.982157,30.732797]]]}},{"type":"Feature","id":"0f27a1cd-ae56-494e-9599-553442fbbc4b","properties":{"id":"0f27a1cd-ae56-494e-9599-553442fbbc4b","height":22,"num_floors":7,"class":"building","areaM2":39,"sourceTile":"tile_2_0","sourceFeatureCount":23278,"heightEstimated":true},"geometry":{"type":"Polygon","coordinates":[[[113.987605,30.742514],[113.987536,30.742614],[113.987527,30.74252],[113.987605,30.742514]]]}},{"type":"Feature","id":"197033c6-5480-49c8-a4ba-5b51fafac0a6","properties":{"id":"197033c6-5480-49c8-a4ba-5b51fafac0a6","height":15,"num_floors":5,"class":"building","areaM2":13,"sourceTile":"tile_2_0","sourceFeatureCount":23278,"heightEstimated":true},"geometry":{"type":"Polygon","coordinates":[[[113.996617,30.72428],[113.996581,30.724219],[113.996625,30.724223],[113.996617,30.72428]]]}},{"type":"Feature","id":"1443422c-6d04-413b-b8b8-11677b6f92a9","properties":{"id":"1443422c-6d04-413b-b8b8-11677b6f92a9","height":9,"num_floors":3,"class":"building","areaM2":9,"sourceTile":"tile_2_0","sourceFeatureCount":23278,"heightEstimated":true},"geometry":{"type":"Polygon","coordinates":[[[113.993097,30.73454],[113.993042,30.734577],[113.993036,30.734551],[113.993097,30.73454]]]}},{"type":"Feature","id":"c08b54cb-9d8e-4457-a74c-f4a24509f38c","properties":{"id":"c08b54cb-9d8e-4457-a74c-f4a24509f38c","height":157,"num_floors":49,"class":"building","areaM2":44569,"sourceTile":"tile_2_0","sourceFeatureCount":23278,"heightEstimated":true},"geometry":{"type":"Polygon","coordinates":[[[113.99512,30.710817],[113.995001,30.711449],[113.995879,30.711611],[113.995629,30.712767],[113.993094,30.712413],[113.993437,30.710582],[113.99512,30.710817]]]}},{"type":"Feature","id":"4fbdee6d-b4ad-4f7f-9d35-7e0fb9e9cfdd","properties":{"id":"4fbdee6d-b4ad-4f7f-9d35-7e0fb9e9cfdd","height":8,"num_floors":3,"class":"building","areaM2":128,"sourceTile":"tile_2_0","sourceFeatureCount":23278,"heightEstimated":true},"geometry":{"type":"Polygon","coordinates":[[[114.056696,30.634452],[114.056386,30.634474],[114.056661,30.634377],[114.056696,30.634452]]]}},{"type":"Feature","id":"e2ad60ca-0305-4308-a530-3b455459adeb","properties":{"id":"e2ad60ca-0305-4308-a530-3b455459adeb","height":131,"num_floors":41,"class":"building","areaM2":19955,"sourceTile":"tile_2_0","sourceFeatureCount":23278,"heightEstimated":true},"geometry":{"type":"Polygon","coordinates":[[[114.055733,30.633798],[114.054488,30.63198],[114.055258,30.63159],[114.056502,30.633408],[114.055733,30.633798]]]}},{"type":"Feature","id":"edf6f632-3d8f-4bf2-929d-d37f36c6f189","properties":{"id":"edf6f632-3d8f-4bf2-929d-d37f36c6f189","height":131,"num_floors":41,"class":"building","areaM2":29650,"sourceTile":"tile_2_0","sourceFeatureCount":23278,"heightEstimated":true},"geometry":{"type":"Polygon","coordinates":[[[114.06025,30.635284],[114.06028,30.636003],[114.059251,30.636517],[114.058116,30.63482],[114.059672,30.634339],[114.06025,30.635284]]]}},{"type":"Feature","id":"8c5bdebc-9325-4307-98b3-be268f62039b","properties":{"id":"8c5bdebc-9325-4307-98b3-be268f62039b","height":122,"num_floors":38,"class":"building","areaM2":18690,"sourceTile":"tile_2_0","sourceFeatureCount":23278,"heightEstimated":true},"geometry":{"type":"Polygon","coordinates":[[[114.062428,30.634511],[114.062513,30.636584],[114.06214,30.636755],[114.061129,30.635107],[114.062428,30.634511]]]}},{"type":"Feature","id":"d709b626-99f9-4688-84a5-a351172bdbc2","properties":{"id":"d709b626-99f9-4688-84a5-a351172bdbc2","height":168,"num_floors":53,"class":"building","areaM2":41086,"sourceTile":"tile_2_0","sourceFeatureCount":23278,"heightEstimated":true},"geometry":{"type":"Polygon","coordinates":[[[114.062518,30.636576],[114.06247,30.634502],[114.063849,30.633894],[114.064844,30.635549],[114.062518,30.636576]]]}},{"type":"Feature","id":"95f953eb-8eaf-4e3a-a32f-b329234c5ed4","properties":{"id":"95f953eb-8eaf-4e3a-a32f-b329234c5ed4","height":98,"num_floors":31,"class":"building","areaM2":17335,"sourceTile":"tile_2_0","sourceFeatureCount":23278,"heightEstimated":true},"geometry":{"type":"Polygon","coordinates":[[[114.062703,30.633549],[114.062479,30.631664],[114.062913,30.631449],[114.06391,30.632949],[114.062703,30.633549]]]}},{"type":"Feature","id":"2eeefbbb-b7e9-41b0-885f-b6c10a0b40bf","properties":{"id":"2eeefbbb-b7e9-41b0-885f-b6c10a0b40bf","height":109,"num_floors":34,"class":"building","areaM2":22641,"sourceTile":"tile_2_0","sourceFeatureCount":23278,"heightEstimated":true},"geometry":{"type":"Polygon","coordinates":[[[114.095472,30.63289],[114.095561,30.634983],[114.094513,30.635041],[114.094461,30.634345],[114.095288,30.634299],[114.094515,30.634323],[114.094478,30.632945],[114.095472,30.63289]]]}},{"type":"Feature","id":"80271718-7a96-4cc5-87e4-b5e48193427e","properties":{"id":"80271718-7a96-4cc5-87e4-b5e48193427e","height":99,"num_floors":31,"class":"building","areaM2":9603,"sourceTile":"tile_2_0","sourceFeatureCount":23278,"heightEstimated":true},"geometry":{"type":"Polygon","coordinates":[[[114.091095,30.633035],[114.091025,30.634277],[114.090296,30.634246],[114.090366,30.633004],[114.091095,30.633035]]]}},{"type":"Feature","id":"65684a5a-d12e-4214-8cae-38860fcfce04","properties":{"id":"65684a5a-d12e-4214-8cae-38860fcfce04","height":78,"num_floors":24,"class":"building","areaM2":8864,"sourceTile":"tile_2_0","sourceFeatureCount":23278,"heightEstimated":true},"geometry":{"type":"Polygon","coordinates":[[[114.090135,30.634233],[114.089406,30.6342],[114.089476,30.633055],[114.090204,30.633087],[114.090135,30.634233]]]}},{"type":"Feature","id":"43f86778-ff2c-4684-9843-da7e78673e91","properties":{"id":"43f86778-ff2c-4684-9843-da7e78673e91","height":79,"num_floors":25,"class":"building","areaM2":8113,"sourceTile":"tile_2_0","sourceFeatureCount":23278,"heightEstimated":true},"geometry":{"type":"Polygon","coordinates":[[[114.087052,30.634448],[114.087582,30.634466],[114.087515,30.635909],[114.086985,30.635891],[114.087052,30.634448]]]}},{"type":"Feature","id":"1b6fcc00-4f1a-42a2-9834-ce99ff5a2fe1","properties":{"id":"1b6fcc00-4f1a-42a2-9834-ce99ff5a2fe1","height":76,"num_floors":24,"class":"building","areaM2":10125,"sourceTile":"tile_2_0","sourceFeatureCount":23278,"heightEstimated":true},"geometry":{"type":"Polygon","coordinates":[[[114.077684,30.633964],[114.077675,30.632348],[114.078261,30.632363],[114.078305,30.633914],[114.077684,30.633964]]]}},{"type":"Feature","id":"34aadbfc-b738-45ce-bc64-71453f184c85","properties":{"id":"34aadbfc-b738-45ce-bc64-71453f184c85","height":72,"num_floors":23,"class":"building","areaM2":8189,"sourceTile":"tile_2_0","sourceFeatureCount":23278,"heightEstimated":true},"geometry":{"type":"Polygon","coordinates":[[[114.081133,30.634985],[114.081169,30.634393],[114.082471,30.634452],[114.082436,30.635044],[114.081133,30.634985]]]}},{"type":"Feature","id":"8ea1aea7-a88a-439d-9515-11b1e7fbc640","properties":{"id":"8ea1aea7-a88a-439d-9515-11b1e7fbc640","height":28,"num_floors":9,"class":"building","areaM2":7,"sourceTile":"tile_2_0","sourceFeatureCount":23278,"heightEstimated":true},"geometry":{"type":"Polygon","coordinates":[[[114.079262,30.63552],[114.07933,30.635536],[114.079318,30.635552],[114.079262,30.63552]]]}},{"type":"Feature","id":"29a33bc5-6070-45a6-aa46-36d0c9782e54","properties":{"id":"29a33bc5-6070-45a6-aa46-36d0c9782e54","height":23,"num_floors":7,"class":"building","areaM2":28,"sourceTile":"tile_2_0","sourceFeatureCount":23278,"heightEstimated":true},"geometry":{"type":"Polygon","coordinates":[[[114.090496,30.641948],[114.090564,30.641873],[114.090574,30.64194],[114.090496,30.641948]]]}},{"type":"Feature","id":"666cd17b-46ac-441c-a4d7-cda5b4346826","properties":{"id":"666cd17b-46ac-441c-a4d7-cda5b4346826","height":16,"num_floors":5,"class":"building","areaM2":9,"sourceTile":"tile_2_0","sourceFeatureCount":23278,"heightEstimated":true},"geometry":{"type":"Polygon","coordinates":[[[114.070046,30.645555],[114.070096,30.645598],[114.070066,30.645606],[114.070046,30.645555]]]}},{"type":"Feature","id":"7072572a-10b9-4bb2-a35c-0d672fe28993","properties":{"id":"7072572a-10b9-4bb2-a35c-0d672fe28993","height":67,"num_floors":21,"class":"building","areaM2":8031,"sourceTile":"tile_2_0","sourceFeatureCount":23278,"heightEstimated":true},"geometry":{"type":"Polygon","coordinates":[[[114.072928,30.637399],[114.072631,30.636833],[114.073741,30.636397],[114.074038,30.636963],[114.072928,30.637399]]]}},{"type":"Feature","id":"7ec68348-c7ec-4051-a348-608433038fa6","properties":{"id":"7ec68348-c7ec-4051-a348-608433038fa6","height":78,"num_floors":24,"class":"building","areaM2":8168,"sourceTile":"tile_2_0","sourceFeatureCount":23278,"heightEstimated":true},"geometry":{"type":"Polygon","coordinates":[[[114.071601,30.638072],[114.072868,30.637574],[114.073133,30.638079],[114.071866,30.638576],[114.071601,30.638072]]]}},{"type":"Feature","id":"695e4955-0249-4690-be3a-0a655f8148c1","properties":{"id":"695e4955-0249-4690-be3a-0a655f8148c1","height":106,"num_floors":33,"class":"building","areaM2":11517,"sourceTile":"tile_2_0","sourceFeatureCount":23278,"heightEstimated":true},"geometry":{"type":"Polygon","coordinates":[[[114.067917,30.637145],[114.067603,30.636221],[114.068538,30.635811],[114.069033,30.636656],[114.067917,30.637145]]]}},{"type":"Feature","id":"19b0d6eb-1e30-493b-89d4-d8f9de98cbb0","properties":{"id":"19b0d6eb-1e30-493b-89d4-d8f9de98cbb0","height":98,"num_floors":31,"class":"building","areaM2":11866,"sourceTile":"tile_2_0","sourceFeatureCount":23278,"heightEstimated":true},"geometry":{"type":"Polygon","coordinates":[[[114.068791,30.639765],[114.067101,30.640452],[114.066803,30.639911],[114.068493,30.639223],[114.068791,30.639765]]]}},{"type":"Feature","id":"da63a8c7-82fa-4722-80bf-346ed7375790","properties":{"id":"da63a8c7-82fa-4722-80bf-346ed7375790","height":96,"num_floors":30,"class":"building","areaM2":8599,"sourceTile":"tile_2_0","sourceFeatureCount":23278,"heightEstimated":true},"geometry":{"type":"Polygon","coordinates":[[[114.060148,30.636854],[114.059903,30.637213],[114.060076,30.63747],[114.059623,30.637763],[114.058979,30.636867],[114.059599,30.636552],[114.059685,30.636759],[114.059871,30.636445],[114.060148,30.636854]]]}},{"type":"Feature","id":"bd1e701a-9c31-4829-aef3-8e9b823eb317","properties":{"id":"bd1e701a-9c31-4829-aef3-8e9b823eb317","height":69,"num_floors":22,"class":"building","areaM2":8294,"sourceTile":"tile_2_0","sourceFeatureCount":23278,"heightEstimated":true},"geometry":{"type":"Polygon","coordinates":[[[114.060846,30.637039],[114.060252,30.636243],[114.06094,30.635894],[114.061572,30.636827],[114.060846,30.637039]]]}},{"type":"Feature","id":"18f748fe-2e8a-47be-92d9-2455f2ed4d0d","properties":{"id":"18f748fe-2e8a-47be-92d9-2455f2ed4d0d","height":78,"num_floors":24,"class":"building","areaM2":9214,"sourceTile":"tile_2_0","sourceFeatureCount":23278,"heightEstimated":true},"geometry":{"type":"Polygon","coordinates":[[[114.059165,30.637972],[114.058496,30.638295],[114.057856,30.637303],[114.058525,30.63698],[114.059165,30.637972]]]}},{"type":"Feature","id":"5074a678-4114-47aa-9d47-310096b314bb","properties":{"id":"5074a678-4114-47aa-9d47-310096b314bb","height":102,"num_floors":32,"class":"building","areaM2":10883,"sourceTile":"tile_2_0","sourceFeatureCount":23278,"heightEstimated":true},"geometry":{"type":"Polygon","coordinates":[[[114.057449,30.638232],[114.05769,30.638766],[114.056642,30.639279],[114.056157,30.638538],[114.056974,30.638138],[114.057449,30.638232]]]}},{"type":"Feature","id":"7e4e5ae2-532c-4e92-b9a4-4da4c8d049b3","properties":{"id":"7e4e5ae2-532c-4e92-b9a4-4da4c8d049b3","height":85,"num_floors":27,"class":"building","areaM2":13466,"sourceTile":"tile_2_0","sourceFeatureCount":23278,"heightEstimated":true},"geometry":{"type":"Polygon","coordinates":[[[114.056094,30.63855],[114.056566,30.639314],[114.055269,30.639912],[114.054798,30.639149],[114.056094,30.63855]]]}},{"type":"Feature","id":"3a88e1cb-94a5-47b7-8c8d-c5115b49a186","properties":{"id":"3a88e1cb-94a5-47b7-8c8d-c5115b49a186","height":89,"num_floors":28,"class":"building","areaM2":12692,"sourceTile":"tile_2_0","sourceFeatureCount":23278,"heightEstimated":true},"geometry":{"type":"Polygon","coordinates":[[[114.055791,30.638289],[114.05455,30.638862],[114.054108,30.638147],[114.055474,30.637516],[114.055791,30.638289]]]}},{"type":"Feature","id":"4aae73da-17cf-483e-8b0a-073ee48ed1c3","properties":{"id":"4aae73da-17cf-483e-8b0a-073ee48ed1c3","height":65,"num_floors":20,"class":"building","areaM2":7952,"sourceTile":"tile_2_0","sourceFeatureCount":23278,"heightEstimated":true},"geometry":{"type":"Polygon","coordinates":[[[114.05661,30.636331],[114.056212,30.636729],[114.055388,30.635548],[114.055884,30.635289],[114.05661,30.636331]]]}},{"type":"Feature","id":"6de7b189-fb54-4349-adb9-8d13c4b4ac8d","properties":{"id":"6de7b189-fb54-4349-adb9-8d13c4b4ac8d","height":77,"num_floors":24,"class":"building","areaM2":9431,"sourceTile":"tile_2_0","sourceFeatureCount":23278,"heightEstimated":true},"geometry":{"type":"Polygon","coordinates":[[[114.055404,30.635837],[114.056186,30.63673],[114.055427,30.63711],[114.054773,30.636002],[114.055404,30.635837]]]}},{"type":"Feature","id":"f2c0418d-6fd8-44b8-965d-4ccc1c2bd75c","properties":{"id":"f2c0418d-6fd8-44b8-965d-4ccc1c2bd75c","height":95,"num_floors":30,"class":"building","areaM2":11283,"sourceTile":"tile_2_0","sourceFeatureCount":23278,"heightEstimated":true},"geometry":{"type":"Polygon","coordinates":[[[114.056869,30.636889],[114.056983,30.637748],[114.055964,30.638191],[114.055542,30.637466],[114.056869,30.636889]]]}},{"type":"Feature","id":"4e0cb257-76a0-4828-89cc-d5de34845d1a","properties":{"id":"4e0cb257-76a0-4828-89cc-d5de34845d1a","height":109,"num_floors":34,"class":"building","areaM2":11994,"sourceTile":"tile_2_0","sourceFeatureCount":23278,"heightEstimated":true},"geometry":{"type":"Polygon","coordinates":[[[114.054361,30.637283],[114.053617,30.636186],[114.054386,30.635796],[114.05513,30.636893],[114.054361,30.637283]]]}},{"type":"Feature","id":"13925a47-257f-422e-9416-57e8212c4c88","properties":{"id":"13925a47-257f-422e-9416-57e8212c4c88","height":10,"num_floors":3,"class":"building","areaM2":17,"sourceTile":"tile_2_0","sourceFeatureCount":23278,"heightEstimated":true},"geometry":{"type":"Polygon","coordinates":[[[114.056458,30.639995],[114.056523,30.63994],[114.056534,30.63998],[114.056458,30.639995]]]}},{"type":"Feature","id":"78dd37d3-a111-4165-a95b-878ff77526cb","properties":{"id":"78dd37d3-a111-4165-a95b-878ff77526cb","height":81,"num_floors":25,"class":"building","areaM2":8697,"sourceTile":"tile_2_0","sourceFeatureCount":23278,"heightEstimated":true},"geometry":{"type":"Polygon","coordinates":[[[114.043942,30.643375],[114.045327,30.643974],[114.045071,30.64444],[114.043672,30.643867],[114.043942,30.643375]]]}},{"type":"Feature","id":"bf8c452c-0622-461d-a1b3-4d1f8853e887","properties":{"id":"bf8c452c-0622-461d-a1b3-4d1f8853e887","height":96,"num_floors":30,"class":"industrial","areaM2":11417,"sourceTile":"tile_2_0","sourceFeatureCount":23278,"heightEstimated":true},"geometry":{"type":"Polygon","coordinates":[[[114.041252,30.64975],[114.03983,30.648941],[114.040236,30.648414],[114.041657,30.649222],[114.041252,30.64975]]]}},{"type":"Feature","id":"df50432e-9a5f-418a-a6e1-682e73a781c3","properties":{"id":"df50432e-9a5f-418a-a6e1-682e73a781c3","height":110,"num_floors":34,"class":"industrial","areaM2":13972,"sourceTile":"tile_2_0","sourceFeatureCount":23278,"heightEstimated":true},"geometry":{"type":"Polygon","coordinates":[[[114.042075,30.64878],[114.040586,30.64794],[114.041058,30.64732],[114.042548,30.64816],[114.042075,30.64878]]]}},{"type":"Feature","id":"7132a44c-3e26-4299-ac50-bdd45296d7be","properties":{"id":"7132a44c-3e26-4299-ac50-bdd45296d7be","height":153,"num_floors":48,"class":"industrial","areaM2":38739,"sourceTile":"tile_2_0","sourceFeatureCount":23278,"heightEstimated":true},"geometry":{"type":"Polygon","coordinates":[[[114.04176,30.650014],[114.043149,30.648133],[114.04454,30.648939],[114.043094,30.650787],[114.04176,30.650014]]]}},{"type":"Feature","id":"267c3d63-dcdb-4089-94cb-b411fead723a","properties":{"id":"267c3d63-dcdb-4089-94cb-b411fead723a","height":52,"num_floors":16,"class":"building","areaM2":4998,"sourceTile":"tile_2_0","sourceFeatureCount":23278,"heightEstimated":true},"geometry":{"type":"Polygon","coordinates":[[[114.027439,30.651113],[114.027039,30.650825],[114.027711,30.650127],[114.02811,30.650415],[114.027439,30.651113]]]}},{"type":"Feature","id":"1ec2fc5e-3731-4a14-9dbf-09330d4980b4","properties":{"id":"1ec2fc5e-3731-4a14-9dbf-09330d4980b4","height":69,"num_floors":22,"class":"building","areaM2":3549,"sourceTile":"tile_2_0","sourceFeatureCount":23278,"heightEstimated":true},"geometry":{"type":"Polygon","coordinates":[[[114.028864,30.6452],[114.029173,30.644875],[114.029175,30.644617],[114.0295,30.644848],[114.028742,30.645584],[114.028443,30.645372],[114.028984,30.644803],[114.028864,30.6452]]]}},{"type":"Feature","id":"0f9fa0d6-e617-459e-8a2a-73ad6e2fae0a","properties":{"id":"0f9fa0d6-e617-459e-8a2a-73ad6e2fae0a","height":66,"num_floors":21,"class":"building","areaM2":7969,"sourceTile":"tile_2_0","sourceFeatureCount":23278,"heightEstimated":true},"geometry":{"type":"Polygon","coordinates":[[[114.033923,30.64516],[114.033513,30.645299],[114.032476,30.644786],[114.032892,30.644331],[114.033948,30.644853],[114.033923,30.64516]]]}},{"type":"Feature","id":"73d757c3-ce9c-46bc-8e8b-864348648fcc","properties":{"id":"73d757c3-ce9c-46bc-8e8b-864348648fcc","height":23,"num_floors":7,"class":"building","areaM2":20,"sourceTile":"tile_2_0","sourceFeatureCount":23278,"heightEstimated":true},"geometry":{"type":"Polygon","coordinates":[[[114.036694,30.641414],[114.036591,30.641383],[114.036621,30.641355],[114.036694,30.641414]]]}},{"type":"Feature","id":"d861dece-27e4-4044-b8c6-960be16c8627","properties":{"id":"d861dece-27e4-4044-b8c6-960be16c8627","height":165,"num_floors":52,"class":"building","areaM2":36467,"sourceTile":"tile_2_0","sourceFeatureCount":23278,"heightEstimated":true},"geometry":{"type":"Polygon","coordinates":[[[114.032339,30.641027],[114.031419,30.640627],[114.031739,30.640286],[114.032945,30.641095],[114.030416,30.643728],[114.029686,30.643216],[114.030697,30.642079],[114.031115,30.642347],[114.030385,30.641835],[114.030942,30.641241],[114.031691,30.641778],[114.032339,30.641027]]]}},{"type":"Feature","id":"3d39ca87-a840-4f25-8509-a9fc64f1df7b","properties":{"id":"3d39ca87-a840-4f25-8509-a9fc64f1df7b","height":78,"num_floors":24,"class":"building","areaM2":10423,"sourceTile":"tile_2_0","sourceFeatureCount":23278,"heightEstimated":true},"geometry":{"type":"Polygon","coordinates":[[[114.029841,30.640627],[114.030331,30.640058],[114.030866,30.640444],[114.029747,30.641591],[114.029246,30.641231],[114.029769,30.640687],[114.029956,30.640821],[114.029841,30.640627]]]}},{"type":"Feature","id":"a58be0b3-300b-408c-b463-3217d1e8a028","properties":{"id":"a58be0b3-300b-408c-b463-3217d1e8a028","height":137,"num_floors":43,"class":"building","areaM2":25398,"sourceTile":"tile_2_0","sourceFeatureCount":23278,"heightEstimated":true},"geometry":{"type":"Polygon","coordinates":[[[114.028307,30.640598],[114.028015,30.640125],[114.027433,30.640726],[114.027361,30.641485],[114.026091,30.640653],[114.027482,30.639216],[114.02863,30.640072],[114.028307,30.640598]]]}},{"type":"Feature","id":"4280022a-fb7b-40c3-ae57-d4566d34570c","properties":{"id":"4280022a-fb7b-40c3-ae57-d4566d34570c","height":162,"num_floors":51,"class":"building","areaM2":46983,"sourceTile":"tile_2_0","sourceFeatureCount":23278,"heightEstimated":true},"geometry":{"type":"Polygon","coordinates":[[[114.03299,30.638502],[114.033268,30.63862],[114.032932,30.639426],[114.033279,30.63886],[114.03447,30.639367],[114.033961,30.640259],[114.031362,30.639109],[114.031817,30.638311],[114.032928,30.638785],[114.032375,30.638176],[114.032751,30.637516],[114.034606,30.638306],[114.034175,30.638932],[114.03299,30.638502]]]}},{"type":"Feature","id":"586a4b57-4a66-4122-8f86-c9903f966743","properties":{"id":"586a4b57-4a66-4122-8f86-c9903f966743","height":111,"num_floors":35,"class":"building","areaM2":22487,"sourceTile":"tile_2_0","sourceFeatureCount":23278,"heightEstimated":true},"geometry":{"type":"Polygon","coordinates":[[[114.02949,30.63801],[114.031335,30.636516],[114.03197,30.636978],[114.030352,30.638638],[114.02949,30.63801]]]}},{"type":"Feature","id":"bd856c65-d64c-4f2e-8ede-a01da129bc6c","properties":{"id":"bd856c65-d64c-4f2e-8ede-a01da129bc6c","height":23,"num_floors":7,"class":"building","areaM2":141,"sourceTile":"tile_2_0","sourceFeatureCount":23278,"heightEstimated":true},"geometry":{"type":"Polygon","coordinates":[[[114.03939,30.639334],[114.039066,30.639304],[114.039107,30.639225],[114.03939,30.639334]]]}},{"type":"Feature","id":"f38bf327-c1b2-40f0-932c-36eec130877d","properties":{"id":"f38bf327-c1b2-40f0-932c-36eec130877d","height":108,"num_floors":34,"class":"building","areaM2":12535,"sourceTile":"tile_2_0","sourceFeatureCount":23278,"heightEstimated":true},"geometry":{"type":"Polygon","coordinates":[[[114.040825,30.636819],[114.041269,30.6364],[114.043139,30.637184],[114.042864,30.637674],[114.040825,30.636819]]]}},{"type":"Feature","id":"4e22666c-c9d4-4cf0-9e19-46e572dcb9d2","properties":{"id":"4e22666c-c9d4-4cf0-9e19-46e572dcb9d2","height":74,"num_floors":23,"class":"building","areaM2":9943,"sourceTile":"tile_2_0","sourceFeatureCount":23278,"heightEstimated":true},"geometry":{"type":"Polygon","coordinates":[[[114.042915,30.63671],[114.04241,30.635932],[114.042196,30.63599],[114.043027,30.635586],[114.043847,30.636847],[114.043424,30.637052],[114.043133,30.636604],[114.042915,30.63671]]]}},{"type":"Feature","id":"c65c82a3-7e44-4580-9bf5-72192c3d2c0a","properties":{"id":"c65c82a3-7e44-4580-9bf5-72192c3d2c0a","height":92,"num_floors":29,"class":"building","areaM2":8634,"sourceTile":"tile_2_0","sourceFeatureCount":23278,"heightEstimated":true},"geometry":{"type":"Polygon","coordinates":[[[114.047525,30.641525],[114.047251,30.642026],[114.045922,30.641482],[114.046196,30.64098],[114.047525,30.641525]]]}},{"type":"Feature","id":"f7fe1313-632f-47c1-8e7a-f13ffce34390","properties":{"id":"f7fe1313-632f-47c1-8e7a-f13ffce34390","height":79,"num_floors":25,"class":"building","areaM2":9161,"sourceTile":"tile_2_0","sourceFeatureCount":23278,"heightEstimated":true},"geometry":{"type":"Polygon","coordinates":[[[114.046649,30.63724],[114.046901,30.637924],[114.046042,30.638179],[114.045334,30.637978],[114.045627,30.637882],[114.04551,30.637616],[114.04653,30.637236],[114.046258,30.637341],[114.046649,30.63724]]]}},{"type":"Feature","id":"1d53632c-bdca-4e9e-9ec3-f3e515efddfe","properties":{"id":"1d53632c-bdca-4e9e-9ec3-f3e515efddfe","height":11,"num_floors":3,"class":"building","areaM2":12,"sourceTile":"tile_2_0","sourceFeatureCount":23278,"heightEstimated":true},"geometry":{"type":"Polygon","coordinates":[[[114.034961,30.633443],[114.034838,30.633451],[114.034841,30.633432],[114.034961,30.633443]]]}},{"type":"Feature","id":"176f80a2-12c3-4274-aea7-0a2af3e98faf","properties":{"id":"176f80a2-12c3-4274-aea7-0a2af3e98faf","height":133,"num_floors":42,"class":"building","areaM2":25276,"sourceTile":"tile_2_0","sourceFeatureCount":23278,"heightEstimated":true},"geometry":{"type":"Polygon","coordinates":[[[114.03609,30.633768],[114.036432,30.634272],[114.036779,30.633868],[114.038174,30.634574],[114.037588,30.635528],[114.03541,30.634528],[114.035775,30.634056],[114.036,30.63416],[114.03609,30.633768]]]}},{"type":"Feature","id":"b8c8af77-f3f9-4bd2-84e0-60f7adb11580","properties":{"id":"b8c8af77-f3f9-4bd2-84e0-60f7adb11580","height":168,"num_floors":53,"class":"building","areaM2":42340,"sourceTile":"tile_2_0","sourceFeatureCount":23278,"heightEstimated":true},"geometry":{"type":"Polygon","coordinates":[[[114.031687,30.634447],[114.031966,30.634277],[114.03346,30.635428],[114.032379,30.636478],[114.030901,30.63534],[114.03155,30.634149],[114.030173,30.635342],[114.029843,30.635088],[114.031203,30.633767],[114.031847,30.634134],[114.031687,30.634447]]]}},{"type":"Feature","id":"5653263a-af7a-416e-aa37-5477b054851c","properties":{"id":"5653263a-af7a-416e-aa37-5477b054851c","height":93,"num_floors":29,"class":"building","areaM2":8588,"sourceTile":"tile_2_0","sourceFeatureCount":23278,"heightEstimated":true},"geometry":{"type":"Polygon","coordinates":[[[114.030232,30.633607],[114.02962,30.634198],[114.029359,30.634006],[114.029546,30.633817],[114.028805,30.633271],[114.029214,30.632856],[114.030232,30.633607]]]}},{"type":"Feature","id":"2bf3b11a-01cf-4ab1-a536-51c7948fec73","properties":{"id":"2bf3b11a-01cf-4ab1-a536-51c7948fec73","height":79,"num_floors":25,"class":"building","areaM2":12213,"sourceTile":"tile_2_0","sourceFeatureCount":23278,"heightEstimated":true},"geometry":{"type":"Polygon","coordinates":[[[114.027406,30.633086],[114.027822,30.632263],[114.028615,30.632844],[114.027692,30.633785],[114.0269,30.633204],[114.027178,30.632919],[114.027406,30.633086]]]}},{"type":"Feature","id":"47bd382e-e215-4a49-b7c3-7798dc0f05c4","properties":{"id":"47bd382e-e215-4a49-b7c3-7798dc0f05c4","height":102,"num_floors":32,"class":"building","areaM2":10961,"sourceTile":"tile_2_0","sourceFeatureCount":23278,"heightEstimated":true},"geometry":{"type":"Polygon","coordinates":[[[114.025352,30.634328],[114.026166,30.634918],[114.025442,30.635665],[114.024628,30.635076],[114.025352,30.634328]]]}},{"type":"Feature","id":"efda64e7-a158-4991-9ee3-c7b1482060a2","properties":{"id":"efda64e7-a158-4991-9ee3-c7b1482060a2","height":105,"num_floors":33,"class":"building","areaM2":18711,"sourceTile":"tile_2_0","sourceFeatureCount":23278,"heightEstimated":true},"geometry":{"type":"Polygon","coordinates":[[[114.022673,30.633661],[114.023463,30.632824],[114.024037,30.633229],[114.023701,30.633585],[114.024243,30.633375],[114.024794,30.633789],[114.024011,30.634618],[114.023403,30.634189],[114.023572,30.633752],[114.02323,30.634054],[114.022673,30.633661]]]}},{"type":"Feature","id":"b8527f06-9fe2-4de5-92d2-92fef6e1fd11","properties":{"id":"b8527f06-9fe2-4de5-92d2-92fef6e1fd11","height":114,"num_floors":36,"class":"building","areaM2":19824,"sourceTile":"tile_2_0","sourceFeatureCount":23278,"heightEstimated":true},"geometry":{"type":"Polygon","coordinates":[[[114.023859,30.634643],[114.02364,30.63457],[114.023867,30.634737],[114.023056,30.635559],[114.022484,30.635137],[114.02248,30.634833],[114.022308,30.635007],[114.021753,30.634598],[114.022564,30.633776],[114.023859,30.634643]]]}},{"type":"Feature","id":"cdf87477-ff61-4884-9a19-e6ff184f52e6","properties":{"id":"cdf87477-ff61-4884-9a19-e6ff184f52e6","height":95,"num_floors":30,"class":"building","areaM2":14517,"sourceTile":"tile_2_0","sourceFeatureCount":23278,"heightEstimated":true},"geometry":{"type":"Polygon","coordinates":[[[114.00278,30.633395],[114.003011,30.633397],[114.002808,30.633062],[114.004618,30.632291],[114.004973,30.632879],[114.003351,30.63361],[114.00278,30.633395]]]}},{"type":"Feature","id":"0f947a07-0a9d-4f5f-8e90-c3e8027622a5","properties":{"id":"0f947a07-0a9d-4f5f-8e90-c3e8027622a5","height":51,"num_floors":16,"class":"building","areaM2":4615,"sourceTile":"tile_2_0","sourceFeatureCount":23278,"heightEstimated":true},"geometry":{"type":"Polygon","coordinates":[[[114.005489,30.639003],[114.004742,30.639522],[114.0047,30.638865],[114.005029,30.638774],[114.00466,30.638526],[114.005254,30.638342],[114.005155,30.639012],[114.005489,30.639003]]]}},{"type":"Feature","id":"10a0f6fd-b178-4468-b594-d2ea92304185","properties":{"id":"10a0f6fd-b178-4468-b594-d2ea92304185","height":77,"num_floors":24,"class":"building","areaM2":9426,"sourceTile":"tile_2_0","sourceFeatureCount":23278,"heightEstimated":true},"geometry":{"type":"Polygon","coordinates":[[[114.012195,30.638828],[114.011774,30.639152],[114.011178,30.638636],[114.012019,30.637967],[114.012218,30.638139],[114.01214,30.637805],[114.012726,30.638312],[114.012439,30.638331],[114.012427,30.638627],[114.012029,30.638321],[114.012383,30.638627],[114.012195,30.638789],[114.011609,30.63832],[114.012195,30.638828]]]}},{"type":"Feature","id":"cf3ee716-e418-46d3-997c-b72b35c19981","properties":{"id":"cf3ee716-e418-46d3-997c-b72b35c19981","height":69,"num_floors":22,"class":"building","areaM2":9223,"sourceTile":"tile_2_0","sourceFeatureCount":23278,"heightEstimated":true},"geometry":{"type":"Polygon","coordinates":[[[114.011573,30.637316],[114.011993,30.637717],[114.010799,30.638651],[114.010379,30.63825],[114.011573,30.637316]]]}},{"type":"Feature","id":"bb1beeb5-5cef-4952-bfdc-1923107c195b","properties":{"id":"bb1beeb5-5cef-4952-bfdc-1923107c195b","height":96,"num_floors":30,"class":"building","areaM2":16437,"sourceTile":"tile_2_0","sourceFeatureCount":23278,"heightEstimated":true},"geometry":{"type":"Polygon","coordinates":[[[114.026217,30.636981],[114.025099,30.636519],[114.02594,30.63533],[114.026908,30.63573],[114.026631,30.63623],[114.025731,30.635975],[114.026579,30.636325],[114.026217,30.636981]]]}},{"type":"Feature","id":"9ba5a080-3c5b-4675-8e5a-60233e0ecc7a","properties":{"id":"9ba5a080-3c5b-4675-8e5a-60233e0ecc7a","height":110,"num_floors":34,"class":"building","areaM2":19907,"sourceTile":"tile_2_0","sourceFeatureCount":23278,"heightEstimated":true},"geometry":{"type":"Polygon","coordinates":[[[114.023334,30.63706],[114.023541,30.636755],[114.02521,30.637603],[114.025002,30.637908],[114.024278,30.637595],[114.024958,30.638029],[114.024639,30.638499],[114.022952,30.637642],[114.023271,30.637172],[114.024192,30.637496],[114.023334,30.63706]]]}},{"type":"Feature","id":"7bc00ca2-1fba-48f9-811f-1c3c06518b58","properties":{"id":"7bc00ca2-1fba-48f9-811f-1c3c06518b58","height":93,"num_floors":29,"class":"building","areaM2":8154,"sourceTile":"tile_2_0","sourceFeatureCount":23278,"heightEstimated":true},"geometry":{"type":"Polygon","coordinates":[[[114.021754,30.638895],[114.023079,30.63927],[114.022924,30.639875],[114.021532,30.639291],[114.021754,30.638895]]]}},{"type":"Feature","id":"26ac6964-e904-4db0-a069-b023455cb64b","properties":{"id":"26ac6964-e904-4db0-a069-b023455cb64b","height":30,"num_floors":9,"class":"building","areaM2":8,"sourceTile":"tile_2_0","sourceFeatureCount":23278,"heightEstimated":true},"geometry":{"type":"Polygon","coordinates":[[[114.023311,30.643152],[114.023292,30.643085],[114.023314,30.643085],[114.023311,30.643152]]]}},{"type":"Feature","id":"66f76def-5ff2-46c8-9134-0c798a83a2cf","properties":{"id":"66f76def-5ff2-46c8-9134-0c798a83a2cf","height":113,"num_floors":35,"class":"building","areaM2":14667,"sourceTile":"tile_2_0","sourceFeatureCount":23278,"heightEstimated":true},"geometry":{"type":"Polygon","coordinates":[[[114.024057,30.640815],[114.024719,30.641501],[114.023889,30.642347],[114.024011,30.642636],[114.022999,30.641894],[114.024057,30.640815]]]}},{"type":"Feature","id":"a79cbb2a-01f4-4dda-8787-19ab61d11c9e","properties":{"id":"a79cbb2a-01f4-4dda-8787-19ab61d11c9e","height":80,"num_floors":25,"class":"building","areaM2":11229,"sourceTile":"tile_2_0","sourceFeatureCount":23278,"heightEstimated":true},"geometry":{"type":"Polygon","coordinates":[[[114.020185,30.64148],[114.020939,30.64209],[114.020127,30.64284],[114.019373,30.64223],[114.020185,30.64148]]]}},{"type":"Feature","id":"32efb694-ae7c-4a2a-b9bb-cc7e857340eb","properties":{"id":"32efb694-ae7c-4a2a-b9bb-cc7e857340eb","height":103,"num_floors":32,"class":"building","areaM2":14765,"sourceTile":"tile_2_0","sourceFeatureCount":23278,"heightEstimated":true},"geometry":{"type":"Polygon","coordinates":[[[114.018948,30.642393],[114.018496,30.642138],[114.020601,30.640194],[114.020989,30.640508],[114.018948,30.642393]]]}},{"type":"Feature","id":"91c0ca30-5bfe-476c-8135-76977354e314","properties":{"id":"91c0ca30-5bfe-476c-8135-76977354e314","height":24,"num_floors":8,"class":"building","areaM2":10,"sourceTile":"tile_2_0","sourceFeatureCount":23278,"heightEstimated":true},"geometry":{"type":"Polygon","coordinates":[[[114.023541,30.650516],[114.023642,30.650526],[114.023635,30.650544],[114.023541,30.650516]]]}},{"type":"Feature","id":"51b719c0-f51a-4703-94ab-f4cfb63ef083","properties":{"id":"51b719c0-f51a-4703-94ab-f4cfb63ef083","height":21,"num_floors":7,"class":"building","areaM2":60,"sourceTile":"tile_2_0","sourceFeatureCount":23278,"heightEstimated":true},"geometry":{"type":"Polygon","coordinates":[[[114.013864,30.646531],[114.013938,30.6464],[114.013985,30.646469],[114.013864,30.646531]]]}},{"type":"Feature","id":"33c814f1-e34a-4d53-8ba4-3286b488ba28","properties":{"id":"33c814f1-e34a-4d53-8ba4-3286b488ba28","height":13,"num_floors":4,"class":"building","areaM2":36,"sourceTile":"tile_2_0","sourceFeatureCount":23278,"heightEstimated":true},"geometry":{"type":"Polygon","coordinates":[[[114.004319,30.64693],[114.004201,30.646965],[114.00424,30.646897],[114.004319,30.64693]]]}},{"type":"Feature","id":"106aa369-5d04-43a4-ae8b-686d4276d123","properties":{"id":"106aa369-5d04-43a4-ae8b-686d4276d123","height":111,"num_floors":35,"class":"building","areaM2":14355,"sourceTile":"tile_2_0","sourceFeatureCount":23278,"heightEstimated":true},"geometry":{"type":"Polygon","coordinates":[[[114.005789,30.656842],[114.005423,30.657262],[114.005025,30.657003],[114.005637,30.656301],[114.007873,30.657755],[114.007261,30.658458],[114.007102,30.658355],[114.007468,30.657934],[114.005789,30.656842]]]}},{"type":"Feature","id":"a74dc0be-dd67-457d-b2b8-c701e6df5089","properties":{"id":"a74dc0be-dd67-457d-b2b8-c701e6df5089","height":8,"num_floors":3,"class":"building","areaM2":10,"sourceTile":"tile_2_0","sourceFeatureCount":23278,"heightEstimated":true},"geometry":{"type":"Polygon","coordinates":[[[114.003343,30.662219],[114.003277,30.662219],[114.00331,30.662191],[114.003343,30.662219]]]}},{"type":"Feature","id":"03f95a88-a763-4c07-ae44-aaf314529a30","properties":{"id":"03f95a88-a763-4c07-ae44-aaf314529a30","height":127,"num_floors":40,"class":"building","areaM2":25055,"sourceTile":"tile_2_0","sourceFeatureCount":23278,"heightEstimated":true},"geometry":{"type":"Polygon","coordinates":[[[114.002693,30.665183],[114.004443,30.666432],[114.003268,30.666688],[114.001341,30.66655],[114.002693,30.665183]]]}},{"type":"Feature","id":"975c250d-1e9f-4945-8331-d90f5be9d35e","properties":{"id":"975c250d-1e9f-4945-8331-d90f5be9d35e","height":165,"num_floors":52,"class":"building","areaM2":36535,"sourceTile":"tile_2_0","sourceFeatureCount":23278,"heightEstimated":true},"geometry":{"type":"Polygon","coordinates":[[[114.008776,30.658515],[114.011003,30.660027],[114.010125,30.660986],[114.007905,30.659467],[114.008776,30.658515]]]}},{"type":"Feature","id":"b86a291f-bbd4-4c72-bfe0-5c2f997ad185","properties":{"id":"b86a291f-bbd4-4c72-bfe0-5c2f997ad185","height":85,"num_floors":27,"class":"building","areaM2":8405,"sourceTile":"tile_2_0","sourceFeatureCount":23278,"heightEstimated":true},"geometry":{"type":"Polygon","coordinates":[[[114.019099,30.665669],[114.019656,30.666106],[114.019224,30.666646],[114.018095,30.666625],[114.019099,30.665669]]]}},{"type":"Feature","id":"93264c93-7417-4f77-8704-b44c334a3fda","properties":{"id":"93264c93-7417-4f77-8704-b44c334a3fda","height":128,"num_floors":40,"class":"building","areaM2":24248,"sourceTile":"tile_2_0","sourceFeatureCount":23278,"heightEstimated":true},"geometry":{"type":"Polygon","coordinates":[[[114.024036,30.664816],[114.02663,30.665912],[114.026227,30.666625],[114.023633,30.665529],[114.024036,30.664816]]]}},{"type":"Feature","id":"faa10944-d05e-41bc-8205-9241862c4987","properties":{"id":"faa10944-d05e-41bc-8205-9241862c4987","height":139,"num_floors":43,"class":"building","areaM2":23976,"sourceTile":"tile_2_0","sourceFeatureCount":23278,"heightEstimated":true},"geometry":{"type":"Polygon","coordinates":[[[114.027204,30.665698],[114.024702,30.664723],[114.024982,30.663895],[114.02749,30.664946],[114.027204,30.665698]]]}},{"type":"Feature","id":"1d4571b9-649b-4e8f-ad31-7eb1094c4a64","properties":{"id":"1d4571b9-649b-4e8f-ad31-7eb1094c4a64","height":93,"num_floors":29,"class":"building","areaM2":15847,"sourceTile":"tile_2_0","sourceFeatureCount":23278,"heightEstimated":true},"geometry":{"type":"Polygon","coordinates":[[[114.027756,30.663944],[114.027647,30.664581],[114.025416,30.66367],[114.025758,30.66308],[114.027756,30.663944]]]}},{"type":"Feature","id":"cd4620eb-cf03-4abd-aea3-90a6d3225f6c","properties":{"id":"cd4620eb-cf03-4abd-aea3-90a6d3225f6c","height":125,"num_floors":39,"class":"building","areaM2":21419,"sourceTile":"tile_2_0","sourceFeatureCount":23278,"heightEstimated":true},"geometry":{"type":"Polygon","coordinates":[[[114.021593,30.65818],[114.022787,30.658739],[114.021514,30.66005],[114.021012,30.659778],[114.021133,30.659553],[114.020924,30.659763],[114.020916,30.659492],[114.02044,30.659517],[114.021086,30.658837],[114.021774,30.659348],[114.021114,30.658795],[114.021593,30.65818]]]}},{"type":"Feature","id":"9b9a7881-4382-45b9-b22d-c4d542790eb0","properties":{"id":"9b9a7881-4382-45b9-b22d-c4d542790eb0","height":25,"num_floors":8,"class":"building","areaM2":22,"sourceTile":"tile_2_0","sourceFeatureCount":23278,"heightEstimated":true},"geometry":{"type":"Polygon","coordinates":[[[114.017339,30.654412],[114.017476,30.654488],[114.017336,30.65444],[114.017339,30.654412]]]}},{"type":"Feature","id":"50401440-2977-4d98-a313-bcd26736c6b8","properties":{"id":"50401440-2977-4d98-a313-bcd26736c6b8","height":19,"num_floors":6,"class":"building","areaM2":5,"sourceTile":"tile_2_0","sourceFeatureCount":23278,"heightEstimated":true},"geometry":{"type":"Polygon","coordinates":[[[114.023371,30.652436],[114.023404,30.652399],[114.023404,30.652427],[114.023371,30.652436]]]}},{"type":"Feature","id":"84963b0a-3e48-4a4a-8878-470a4da9119e","properties":{"id":"84963b0a-3e48-4a4a-8878-470a4da9119e","height":13,"num_floors":4,"class":"building","areaM2":9,"sourceTile":"tile_2_0","sourceFeatureCount":23278,"heightEstimated":true},"geometry":{"type":"Polygon","coordinates":[[[114.041611,30.651775],[114.041578,30.651722],[114.041609,30.651721],[114.041611,30.651775]]]}},{"type":"Feature","id":"786826ae-01e6-47be-8aff-f6bc0f155a63","properties":{"id":"786826ae-01e6-47be-8aff-f6bc0f155a63","height":10,"num_floors":3,"class":"building","areaM2":72,"sourceTile":"tile_2_0","sourceFeatureCount":23278,"heightEstimated":true},"geometry":{"type":"Polygon","coordinates":[[[114.034564,30.664808],[114.034398,30.664715],[114.034574,30.664732],[114.034564,30.664808]]]}},{"type":"Feature","id":"a3dbee1d-4063-469e-970f-76f20c170a9f","properties":{"id":"a3dbee1d-4063-469e-970f-76f20c170a9f","height":77,"num_floors":24,"class":"building","areaM2":9415,"sourceTile":"tile_2_0","sourceFeatureCount":23278,"heightEstimated":true},"geometry":{"type":"Polygon","coordinates":[[[114.027907,30.66667],[114.02912,30.667116],[114.028766,30.667733],[114.027508,30.667193],[114.027907,30.66667]]]}},{"type":"Feature","id":"4a52cbf2-885b-40d0-af58-c428ea597b14","properties":{"id":"4a52cbf2-885b-40d0-af58-c428ea597b14","height":81,"num_floors":25,"class":"building","areaM2":9029,"sourceTile":"tile_2_0","sourceFeatureCount":23278,"heightEstimated":true},"geometry":{"type":"Polygon","coordinates":[[[114.030234,30.667568],[114.030118,30.668305],[114.028912,30.667803],[114.029267,30.667166],[114.030234,30.667568]]]}},{"type":"Feature","id":"12ff4783-e713-4200-8d27-885d88a57a4c","properties":{"id":"12ff4783-e713-4200-8d27-885d88a57a4c","height":44,"num_floors":14,"class":"building","areaM2":454,"sourceTile":"tile_2_0","sourceFeatureCount":23278,"heightEstimated":true},"geometry":{"type":"Polygon","coordinates":[[[114.031637,30.667213],[114.032273,30.667391],[114.032185,30.667502],[114.031637,30.667213]],[[114.032128,30.667422],[114.032122,30.66743],[114.032174,30.667449],[114.032128,30.667422]]]}},{"type":"Feature","id":"85940337-5299-4984-b6d8-58a948d04f5a","properties":{"id":"85940337-5299-4984-b6d8-58a948d04f5a","height":26,"num_floors":8,"class":"building","areaM2":8,"sourceTile":"tile_2_0","sourceFeatureCount":23278,"heightEstimated":true},"geometry":{"type":"Polygon","coordinates":[[[114.04476,30.67748],[114.044759,30.677425],[114.044788,30.677439],[114.04476,30.67748]]]}},{"type":"Feature","id":"a3f58cef-7897-4438-b827-29636b2714eb","properties":{"id":"a3f58cef-7897-4438-b827-29636b2714eb","height":157,"num_floors":49,"class":"building","areaM2":44071,"sourceTile":"tile_2_0","sourceFeatureCount":23278,"heightEstimated":true},"geometry":{"type":"Polygon","coordinates":[[[114.021134,30.676987],[114.020793,30.676892],[114.018928,30.675497],[114.019503,30.67494],[114.020732,30.675831],[114.021014,30.675536],[114.020085,30.674872],[114.020529,30.674408],[114.022507,30.675822],[114.022056,30.676293],[114.021126,30.675629],[114.021992,30.676359],[114.021134,30.676987]]]}},{"type":"Feature","id":"bdd3c1ad-40c0-4eec-aac6-ce68817c2f3a","properties":{"id":"bdd3c1ad-40c0-4eec-aac6-ce68817c2f3a","height":77,"num_floors":24,"class":"building","areaM2":10096,"sourceTile":"tile_2_0","sourceFeatureCount":23278,"heightEstimated":true},"geometry":{"type":"Polygon","coordinates":[[[114.021915,30.673796],[114.0226,30.67431],[114.021802,30.675104],[114.021117,30.67459],[114.021915,30.673796]]]}},{"type":"Feature","id":"11e91be7-f3a7-4786-8ab6-a30e168b39dd","properties":{"id":"11e91be7-f3a7-4786-8ab6-a30e168b39dd","height":96,"num_floors":30,"class":"building","areaM2":10464,"sourceTile":"tile_2_0","sourceFeatureCount":23278,"heightEstimated":true},"geometry":{"type":"Polygon","coordinates":[[[114.021944,30.675205],[114.022769,30.67438],[114.023455,30.674892],[114.022631,30.675717],[114.021944,30.675205]]]}},{"type":"Feature","id":"6035a940-3f18-4aa4-b79e-f1b636129b42","properties":{"id":"6035a940-3f18-4aa4-b79e-f1b636129b42","height":134,"num_floors":42,"class":"building","areaM2":27222,"sourceTile":"tile_2_0","sourceFeatureCount":23278,"heightEstimated":true},"geometry":{"type":"Polygon","coordinates":[[[114.023919,30.673979],[114.022413,30.673333],[114.0232,30.671962],[114.024706,30.672609],[114.023919,30.673979]]]}},{"type":"Feature","id":"30861bff-1970-4559-82a7-2dd5d4d29bed","properties":{"id":"30861bff-1970-4559-82a7-2dd5d4d29bed","height":82,"num_floors":26,"class":"building","areaM2":9277,"sourceTile":"tile_2_0","sourceFeatureCount":23278,"heightEstimated":true},"geometry":{"type":"Polygon","coordinates":[[[114.021751,30.66994],[114.020944,30.670753],[114.020323,30.670292],[114.02113,30.66948],[114.021751,30.66994]]]}},{"type":"Feature","id":"f92235df-b806-40c0-b835-3bcec028955f","properties":{"id":"f92235df-b806-40c0-b835-3bcec028955f","height":115,"num_floors":36,"class":"building","areaM2":23139,"sourceTile":"tile_2_0","sourceFeatureCount":23278,"heightEstimated":true},"geometry":{"type":"Polygon","coordinates":[[[114.023259,30.671851],[114.023924,30.670684],[114.025432,30.671326],[114.024767,30.672493],[114.023259,30.671851]]]}},{"type":"Feature","id":"c0b54799-c5e5-4127-9497-bb4dfc4b1320","properties":{"id":"c0b54799-c5e5-4127-9497-bb4dfc4b1320","height":29,"num_floors":9,"class":"building","areaM2":277,"sourceTile":"tile_2_0","sourceFeatureCount":23278,"heightEstimated":true},"geometry":{"type":"Polygon","coordinates":[[[114.025202,30.669331],[114.024916,30.669214],[114.025204,30.669149],[114.025202,30.669331]]]}},{"type":"Feature","id":"162b6b6d-4089-4232-8598-fc9851992735","properties":{"id":"162b6b6d-4089-4232-8598-fc9851992735","height":142,"num_floors":44,"class":"building","areaM2":27510,"sourceTile":"tile_2_0","sourceFeatureCount":23278,"heightEstimated":true},"geometry":{"type":"Polygon","coordinates":[[[114.027029,30.667597],[114.027748,30.66815],[114.025702,30.670185],[114.024975,30.669639],[114.027029,30.667597]]]}},{"type":"Feature","id":"e2c32f57-9b29-41b8-bbbb-8253970985f6","properties":{"id":"e2c32f57-9b29-41b8-bbbb-8253970985f6","height":90,"num_floors":28,"class":"building","areaM2":12368,"sourceTile":"tile_2_0","sourceFeatureCount":23278,"heightEstimated":true},"geometry":{"type":"Polygon","coordinates":[[[114.02407,30.667679],[114.024652,30.666723],[114.025634,30.667141],[114.025111,30.668059],[114.02407,30.667679]]]}},{"type":"Feature","id":"fd88a756-3c9c-4edc-8638-304d4c9f4c36","properties":{"id":"fd88a756-3c9c-4edc-8638-304d4c9f4c36","height":101,"num_floors":32,"class":"building","areaM2":12061,"sourceTile":"tile_2_0","sourceFeatureCount":23278,"heightEstimated":true},"geometry":{"type":"Polygon","coordinates":[[[114.022508,30.666647],[114.02448,30.666708],[114.023973,30.667601],[114.022361,30.666882],[114.022508,30.666647]]]}},{"type":"Feature","id":"9fa70173-b9d5-4993-b628-137c62e47446","properties":{"id":"9fa70173-b9d5-4993-b628-137c62e47446","height":91,"num_floors":28,"class":"building","areaM2":11070,"sourceTile":"tile_2_0","sourceFeatureCount":23278,"heightEstimated":true},"geometry":{"type":"Polygon","coordinates":[[[114.019069,30.666733],[114.019997,30.666672],[114.020581,30.666785],[114.019619,30.667772],[114.019044,30.667353],[114.019272,30.667119],[114.018769,30.667041],[114.019069,30.666733]]]}},{"type":"Feature","id":"53c6632b-a8d3-4655-b80e-fe94528a7a38","properties":{"id":"53c6632b-a8d3-4655-b80e-fe94528a7a38","height":112,"num_floors":35,"class":"building","areaM2":14954,"sourceTile":"tile_2_0","sourceFeatureCount":23278,"heightEstimated":true},"geometry":{"type":"Polygon","coordinates":[[[114.01623,30.669457],[114.0147,30.668686],[114.01522,30.667986],[114.016708,30.668813],[114.01623,30.669457]]]}},{"type":"Feature","id":"0b6e18e4-f90c-4280-adef-86e83c2a0a07","properties":{"id":"0b6e18e4-f90c-4280-adef-86e83c2a0a07","height":135,"num_floors":42,"class":"building","areaM2":21597,"sourceTile":"tile_2_0","sourceFeatureCount":23278,"heightEstimated":true},"geometry":{"type":"Polygon","coordinates":[[[114.017564,30.668141],[114.018736,30.668531],[114.017317,30.670071],[114.016484,30.669598],[114.017564,30.668141]]]}},{"type":"Feature","id":"0435cbef-03a3-415c-befa-391dcccfbf81","properties":{"id":"0435cbef-03a3-415c-befa-391dcccfbf81","height":82,"num_floors":26,"class":"building","areaM2":9849,"sourceTile":"tile_2_0","sourceFeatureCount":23278,"heightEstimated":true},"geometry":{"type":"Polygon","coordinates":[[[114.015868,30.670385],[114.015681,30.670639],[114.014519,30.670003],[114.015017,30.66933],[114.016204,30.66998],[114.016014,30.670237],[114.015215,30.669799],[114.015095,30.669962],[114.015868,30.670385]]]}},{"type":"Feature","id":"b5fcab7f-bca4-47e9-85ac-0d9ac4cf13e7","properties":{"id":"b5fcab7f-bca4-47e9-85ac-0d9ac4cf13e7","height":99,"num_floors":31,"class":"building","areaM2":15467,"sourceTile":"tile_2_0","sourceFeatureCount":23278,"heightEstimated":true},"geometry":{"type":"Polygon","coordinates":[[[114.019771,30.670207],[114.018372,30.671639],[114.017775,30.671198],[114.019182,30.669773],[114.019771,30.670207]]]}},{"type":"Feature","id":"78c70161-b36b-4759-81eb-2c6ef0a20918","properties":{"id":"78c70161-b36b-4759-81eb-2c6ef0a20918","height":98,"num_floors":31,"class":"building","areaM2":11126,"sourceTile":"tile_2_0","sourceFeatureCount":23278,"heightEstimated":true},"geometry":{"type":"Polygon","coordinates":[[[114.01921,30.671416],[114.020196,30.670509],[114.020788,30.67094],[114.01979,30.671963],[114.01921,30.671416]]]}},{"type":"Feature","id":"6899e149-6146-4bcb-a76e-8d2e0e0e73a2","properties":{"id":"6899e149-6146-4bcb-a76e-8d2e0e0e73a2","height":93,"num_floors":29,"class":"building","areaM2":8207,"sourceTile":"tile_2_0","sourceFeatureCount":23278,"heightEstimated":true},"geometry":{"type":"Polygon","coordinates":[[[114.020013,30.67213],[114.021064,30.671135],[114.021489,30.67147],[114.020437,30.672466],[114.020013,30.67213]]]}},{"type":"Feature","id":"89538151-85da-4ad4-88fb-a31d7c29c4ac","properties":{"id":"89538151-85da-4ad4-88fb-a31d7c29c4ac","height":153,"num_floors":48,"class":"building","areaM2":45011,"sourceTile":"tile_2_0","sourceFeatureCount":23278,"heightEstimated":true},"geometry":{"type":"Polygon","coordinates":[[[114.003859,30.667011],[114.004882,30.666722],[114.006218,30.667497],[114.005461,30.668235],[114.004809,30.667792],[114.004166,30.668498],[114.001576,30.666736],[114.004091,30.666756],[114.003859,30.667011]]]}},{"type":"Feature","id":"7b0660ae-a235-4e67-8466-37f004d263cf","properties":{"id":"7b0660ae-a235-4e67-8466-37f004d263cf","height":20,"num_floors":6,"class":"building","areaM2":162,"sourceTile":"tile_2_0","sourceFeatureCount":23278,"heightEstimated":true},"geometry":{"type":"Polygon","coordinates":[[[114.004259,30.688492],[114.004003,30.6883],[114.0043,30.688403],[114.004259,30.688492]]]}},{"type":"Feature","id":"2bfa39e7-864b-4d7e-8846-f0c632e3df43","properties":{"id":"2bfa39e7-864b-4d7e-8846-f0c632e3df43","height":10,"num_floors":3,"class":"building","areaM2":57,"sourceTile":"tile_2_0","sourceFeatureCount":23278,"heightEstimated":true},"geometry":{"type":"Polygon","coordinates":[[[114.007009,30.689295],[114.006889,30.689157],[114.007046,30.689247],[114.007009,30.689295]]]}},{"type":"Feature","id":"59e21138-e117-42b9-adf7-20678f3144bf","properties":{"id":"59e21138-e117-42b9-adf7-20678f3144bf","height":36,"num_floors":11,"class":"building","areaM2":64,"sourceTile":"tile_2_0","sourceFeatureCount":23278,"heightEstimated":true},"geometry":{"type":"Polygon","coordinates":[[[114.024228,30.698916],[114.02408,30.698774],[114.024262,30.698866],[114.024228,30.698916]]]}},{"type":"Feature","id":"31efd3f1-09bb-4db1-b782-385f69f7d7ce","properties":{"id":"31efd3f1-09bb-4db1-b782-385f69f7d7ce","height":122,"num_floors":38,"class":"building","areaM2":25113,"sourceTile":"tile_2_0","sourceFeatureCount":23278,"heightEstimated":true},"geometry":{"type":"Polygon","coordinates":[[[114.038243,30.711409],[114.036741,30.711511],[114.036586,30.710816],[114.03843,30.710677],[114.038456,30.712207],[114.037295,30.712234],[114.03723,30.71193],[114.037029,30.712221],[114.036733,30.711616],[114.038243,30.711409]]]}},{"type":"Feature","id":"ee13bda8-dc25-4274-a5ad-80b1564e56c2","properties":{"id":"ee13bda8-dc25-4274-a5ad-80b1564e56c2","height":28,"num_floors":9,"class":"building","areaM2":36,"sourceTile":"tile_2_0","sourceFeatureCount":23278,"heightEstimated":true},"geometry":{"type":"Polygon","coordinates":[[[114.045299,30.706046],[114.045204,30.705975],[114.045293,30.705969],[114.045299,30.706046]]]}},{"type":"Feature","id":"98fabb6a-2864-451c-b6e1-e796bde6df95","properties":{"id":"98fabb6a-2864-451c-b6e1-e796bde6df95","height":21,"num_floors":7,"class":"building","areaM2":16,"sourceTile":"tile_2_0","sourceFeatureCount":23278,"heightEstimated":true},"geometry":{"type":"Polygon","coordinates":[[[114.044174,30.708197],[114.044174,30.708332],[114.044152,30.70833],[114.044174,30.708197]]]}},{"type":"Feature","id":"118754ff-96b4-43a2-9615-2acaf29da8fb","properties":{"id":"118754ff-96b4-43a2-9615-2acaf29da8fb","height":34,"num_floors":11,"class":"building","areaM2":975,"sourceTile":"tile_2_0","sourceFeatureCount":23278,"heightEstimated":true},"geometry":{"type":"Polygon","coordinates":[[[114.045283,30.705742],[114.045465,30.705524],[114.045861,30.705444],[114.045908,30.705616],[114.045283,30.705742]],[[114.04571,30.70551],[114.045569,30.70558],[114.045721,30.705549],[114.04571,30.70551]]]}},{"type":"Feature","id":"8548237c-e8ae-4fa0-8573-f84b842b5291","properties":{"id":"8548237c-e8ae-4fa0-8573-f84b842b5291","height":9,"num_floors":3,"class":"building","areaM2":13,"sourceTile":"tile_2_0","sourceFeatureCount":23278,"heightEstimated":true},"geometry":{"type":"Polygon","coordinates":[[[114.049222,30.681847],[114.049142,30.681853],[114.049164,30.68182],[114.049222,30.681847]]]}},{"type":"Feature","id":"87e94747-2d63-4d7e-b1d0-8df19bd4e79c","properties":{"id":"87e94747-2d63-4d7e-b1d0-8df19bd4e79c","height":8,"num_floors":3,"class":"building","areaM2":112,"sourceTile":"tile_2_0","sourceFeatureCount":23278,"heightEstimated":true},"geometry":{"type":"Polygon","coordinates":[[[114.072246,30.705437],[114.072386,30.705261],[114.072356,30.70545],[114.072246,30.705437]]]}},{"type":"Feature","id":"db4ca24e-cfc1-40f9-85f1-023f7416582d","properties":{"id":"db4ca24e-cfc1-40f9-85f1-023f7416582d","height":29,"num_floors":9,"class":"building","areaM2":36,"sourceTile":"tile_2_0","sourceFeatureCount":23278,"heightEstimated":true},"geometry":{"type":"Polygon","coordinates":[[[114.09749,30.70744],[114.09759,30.707445],[114.097388,30.707503],[114.09749,30.70744]]]}},{"type":"Feature","id":"cbf8a978-c16e-4720-b181-1bcb39e465ac","properties":{"id":"cbf8a978-c16e-4720-b181-1bcb39e465ac","height":23,"num_floors":7,"class":"building","areaM2":25,"sourceTile":"tile_2_0","sourceFeatureCount":23278,"heightEstimated":true},"geometry":{"type":"Polygon","coordinates":[[[114.09428,30.68449],[114.094404,30.68446],[114.094401,30.684498],[114.09428,30.68449]]]}},{"type":"Feature","id":"8a76d3f8-e84e-4258-b011-fead75443408","properties":{"id":"8a76d3f8-e84e-4258-b011-fead75443408","height":49,"num_floors":15,"class":"building","areaM2":2499,"sourceTile":"tile_2_0","sourceFeatureCount":23278,"heightEstimated":true},"geometry":{"type":"Polygon","coordinates":[[[114.068918,30.677851],[114.069386,30.67782],[114.06927,30.678289],[114.069468,30.678398],[114.06892,30.678407],[114.068918,30.677851]]]}},{"type":"Feature","id":"608ad058-c480-48ac-b7cf-b9a240ef545e","properties":{"id":"608ad058-c480-48ac-b7cf-b9a240ef545e","height":10,"num_floors":3,"class":"building","areaM2":7,"sourceTile":"tile_2_0","sourceFeatureCount":23278,"heightEstimated":true},"geometry":{"type":"Polygon","coordinates":[[[114.07241,30.668954],[114.072342,30.668967],[114.072344,30.668948],[114.07241,30.668954]]]}},{"type":"Feature","id":"4482b4e8-2826-4924-8809-017ce5fd2c30","properties":{"id":"4482b4e8-2826-4924-8809-017ce5fd2c30","height":8,"num_floors":3,"class":"building","areaM2":44,"sourceTile":"tile_2_0","sourceFeatureCount":23278,"heightEstimated":true},"geometry":{"type":"Polygon","coordinates":[[[114.055268,30.6641],[114.055157,30.664002],[114.055291,30.664046],[114.055268,30.6641]]]}},{"type":"Feature","id":"75bffb0f-021a-4b62-96ee-1785f6a9b0a9","properties":{"id":"75bffb0f-021a-4b62-96ee-1785f6a9b0a9","height":31,"num_floors":10,"class":"building","areaM2":40,"sourceTile":"tile_2_0","sourceFeatureCount":23278,"heightEstimated":true},"geometry":{"type":"Polygon","coordinates":[[[114.110922,30.653576],[114.110849,30.653688],[114.110856,30.653574],[114.110922,30.653576]]]}},{"type":"Feature","id":"f28cd837-90a4-42a3-9448-87134ca544d0","properties":{"id":"f28cd837-90a4-42a3-9448-87134ca544d0","height":56,"num_floors":18,"class":"building","areaM2":2585,"sourceTile":"tile_2_0","sourceFeatureCount":23278,"heightEstimated":true},"geometry":{"type":"Polygon","coordinates":[[[114.134088,30.655283],[114.134553,30.655275],[114.134566,30.6558],[114.134102,30.655809],[114.134088,30.655283]]]}},{"type":"Feature","id":"b1db74bc-0324-40a4-9cc2-7e4e3045a0a4","properties":{"id":"b1db74bc-0324-40a4-9cc2-7e4e3045a0a4","height":87,"num_floors":27,"class":"building","areaM2":13788,"sourceTile":"tile_2_0","sourceFeatureCount":23278,"heightEstimated":true},"geometry":{"type":"Polygon","coordinates":[[[114.137564,30.658221],[114.137538,30.656749],[114.138422,30.656737],[114.138449,30.658209],[114.137564,30.658221]]]}},{"type":"Feature","id":"dc4533ac-6efa-49a0-a869-d4f168cb4b27","properties":{"id":"dc4533ac-6efa-49a0-a869-d4f168cb4b27","height":85,"num_floors":27,"class":"building","areaM2":13345,"sourceTile":"tile_2_0","sourceFeatureCount":23278,"heightEstimated":true},"geometry":{"type":"Polygon","coordinates":[[[114.136386,30.654976],[114.136488,30.656083],[114.135339,30.656149],[114.135302,30.655002],[114.136386,30.654976]]]}},{"type":"Feature","id":"b5ab5034-4c32-4d80-884b-febbfd3473a4","properties":{"id":"b5ab5034-4c32-4d80-884b-febbfd3473a4","height":22,"num_floors":7,"class":"building","areaM2":130,"sourceTile":"tile_2_0","sourceFeatureCount":23278,"heightEstimated":true},"geometry":{"type":"Polygon","coordinates":[[[114.144238,30.654105],[114.14388,30.654174],[114.143905,30.654101],[114.144238,30.654105]]]}},{"type":"Feature","id":"63cf2689-eb3b-4ada-afe7-209c77002847","properties":{"id":"63cf2689-eb3b-4ada-afe7-209c77002847","height":71,"num_floors":22,"class":"building","areaM2":9729,"sourceTile":"tile_2_0","sourceFeatureCount":23278,"heightEstimated":true},"geometry":{"type":"Polygon","coordinates":[[[114.147717,30.654853],[114.147655,30.653649],[114.14844,30.65364],[114.148457,30.654844],[114.147717,30.654853]]]}},{"type":"Feature","id":"855d1be6-7128-4269-b427-24a47c397858","properties":{"id":"855d1be6-7128-4269-b427-24a47c397858","height":11,"num_floors":3,"class":"building","areaM2":20,"sourceTile":"tile_2_0","sourceFeatureCount":23278,"heightEstimated":true},"geometry":{"type":"Polygon","coordinates":[[[114.14835,30.656856],[114.148276,30.656907],[114.148284,30.656849],[114.14835,30.656856]]]}},{"type":"Feature","id":"77336bf2-1808-4c76-b391-7335457e6468","properties":{"id":"77336bf2-1808-4c76-b391-7335457e6468","height":77,"num_floors":24,"class":"building","areaM2":9962,"sourceTile":"tile_2_0","sourceFeatureCount":23278,"heightEstimated":true},"geometry":{"type":"Polygon","coordinates":[[[114.138711,30.655378],[114.13966,30.655477],[114.139644,30.656423],[114.138693,30.656411],[114.138711,30.655378]]]}},{"type":"Feature","id":"44d53269-ceaa-4398-8242-591c87c3ba98","properties":{"id":"44d53269-ceaa-4398-8242-591c87c3ba98","height":100,"num_floors":31,"class":"building","areaM2":11443,"sourceTile":"tile_2_0","sourceFeatureCount":23278,"heightEstimated":true},"geometry":{"type":"Polygon","coordinates":[[[114.140752,30.656697],[114.140808,30.657854],[114.139846,30.657854],[114.139845,30.656698],[114.140752,30.656697]]]}},{"type":"Feature","id":"0c3f03c9-53b9-488f-9cab-21cf61f5f943","properties":{"id":"0c3f03c9-53b9-488f-9cab-21cf61f5f943","height":140,"num_floors":44,"class":"building","areaM2":32659,"sourceTile":"tile_2_0","sourceFeatureCount":23278,"heightEstimated":true},"geometry":{"type":"Polygon","coordinates":[[[114.139405,30.659656],[114.137867,30.659807],[114.137879,30.65865],[114.138074,30.659043],[114.138099,30.658671],[114.138731,30.658542],[114.140654,30.658671],[114.140853,30.659782],[114.140167,30.659776],[114.14028,30.659624],[114.138068,30.659598],[114.139405,30.659656]]]}},{"type":"Feature","id":"ce11ccf3-c57d-4a9d-af28-b32a5ef1a0dc","properties":{"id":"ce11ccf3-c57d-4a9d-af28-b32a5ef1a0dc","height":93,"num_floors":29,"class":"building","areaM2":13637,"sourceTile":"tile_2_0","sourceFeatureCount":23278,"heightEstimated":true},"geometry":{"type":"Polygon","coordinates":[[[114.139285,30.661939],[114.139993,30.661935],[114.139994,30.662126],[114.139099,30.662131],[114.139176,30.660639],[114.140005,30.660635],[114.140015,30.661906],[114.139285,30.661939]]]}},{"type":"Feature","id":"e6232203-78ec-49ce-9e6a-5b1b844adac6","properties":{"id":"e6232203-78ec-49ce-9e6a-5b1b844adac6","height":73,"num_floors":23,"class":"building","areaM2":9731,"sourceTile":"tile_2_0","sourceFeatureCount":23278,"heightEstimated":true},"geometry":{"type":"Polygon","coordinates":[[[114.141012,30.660783],[114.140965,30.661987],[114.140203,30.661964],[114.140249,30.66076],[114.141012,30.660783]]]}},{"type":"Feature","id":"9caf24d0-1145-488a-9a39-b61b57bb6e04","properties":{"id":"9caf24d0-1145-488a-9a39-b61b57bb6e04","height":94,"num_floors":29,"class":"building","areaM2":12678,"sourceTile":"tile_2_0","sourceFeatureCount":23278,"heightEstimated":true},"geometry":{"type":"Polygon","coordinates":[[[114.142264,30.661826],[114.142263,30.660908],[114.143568,30.660908],[114.143569,30.661826],[114.142264,30.661826]]]}},{"type":"Feature","id":"00fed8a8-ee6a-4e3d-9664-67d58fad8488","properties":{"id":"00fed8a8-ee6a-4e3d-9664-67d58fad8488","height":9,"num_floors":3,"class":"building","areaM2":90,"sourceTile":"tile_2_0","sourceFeatureCount":23278,"heightEstimated":true},"geometry":{"type":"Polygon","coordinates":[[[114.148363,30.660643],[114.148585,30.660569],[114.148584,30.660645],[114.148363,30.660643]]]}},{"type":"Feature","id":"f56d9a70-7798-464a-b6e1-d5999e0d3a1c","properties":{"id":"f56d9a70-7798-464a-b6e1-d5999e0d3a1c","height":90,"num_floors":28,"class":"building","areaM2":13381,"sourceTile":"tile_2_0","sourceFeatureCount":23278,"heightEstimated":true},"geometry":{"type":"Polygon","coordinates":[[[114.140648,30.662287],[114.141633,30.662294],[114.141637,30.663498],[114.140531,30.663501],[114.140648,30.662287]]]}},{"type":"Feature","id":"0c8f406c-7ae9-4178-92ba-916d61500e73","properties":{"id":"0c8f406c-7ae9-4178-92ba-916d61500e73","height":118,"num_floors":37,"class":"building","areaM2":17004,"sourceTile":"tile_2_0","sourceFeatureCount":23278,"heightEstimated":true},"geometry":{"type":"Polygon","coordinates":[[[114.141522,30.664079],[114.141481,30.664758],[114.139136,30.664765],[114.139133,30.664086],[114.141522,30.664079]]]}},{"type":"Feature","id":"aa070e81-2bc0-48d9-b2a9-220a89f57728","properties":{"id":"aa070e81-2bc0-48d9-b2a9-220a89f57728","height":105,"num_floors":33,"class":"building","areaM2":19280,"sourceTile":"tile_2_0","sourceFeatureCount":23278,"heightEstimated":true},"geometry":{"type":"Polygon","coordinates":[[[114.140294,30.665098],[114.140322,30.666637],[114.139139,30.666653],[114.139111,30.665114],[114.140294,30.665098]]]}},{"type":"Feature","id":"f3abbad3-15e4-40ec-ac92-b2ff0b587091","properties":{"id":"f3abbad3-15e4-40ec-ac92-b2ff0b587091","height":140,"num_floors":44,"class":"building","areaM2":29267,"sourceTile":"tile_2_0","sourceFeatureCount":23278,"heightEstimated":true},"geometry":{"type":"Polygon","coordinates":[[[114.136921,30.66531],[114.138481,30.665367],[114.138481,30.666189],[114.135207,30.66618],[114.135207,30.665301],[114.136788,30.665348],[114.136789,30.665778],[114.136921,30.66531]]]}},{"type":"Feature","id":"ec58cdc6-d730-4884-91dd-1c6b2c5a0b7e","properties":{"id":"ec58cdc6-d730-4884-91dd-1c6b2c5a0b7e","height":30,"num_floors":9,"class":"building","areaM2":11,"sourceTile":"tile_2_0","sourceFeatureCount":23278,"heightEstimated":true},"geometry":{"type":"Polygon","coordinates":[[[114.149393,30.671118],[114.149419,30.671175],[114.149377,30.671164],[114.149393,30.671118]]]}},{"type":"Feature","id":"16315f62-6460-49f7-84f3-4142668ca0ad","properties":{"id":"16315f62-6460-49f7-84f3-4142668ca0ad","height":66,"num_floors":21,"class":"building","areaM2":8502,"sourceTile":"tile_2_0","sourceFeatureCount":23278,"heightEstimated":true},"geometry":{"type":"Polygon","coordinates":[[[114.1383,30.676696],[114.138237,30.675387],[114.138857,30.675273],[114.138853,30.676698],[114.1383,30.676696]]]}},{"type":"Feature","id":"529fb906-b358-41bc-8f5b-812607250b45","properties":{"id":"529fb906-b358-41bc-8f5b-812607250b45","height":83,"num_floors":26,"class":"building","areaM2":8373,"sourceTile":"tile_2_0","sourceFeatureCount":23278,"heightEstimated":true},"geometry":{"type":"Polygon","coordinates":[[[114.139478,30.676966],[114.139498,30.676134],[114.140449,30.676151],[114.140429,30.676983],[114.139478,30.676966]]]}},{"type":"Feature","id":"5300d13b-f68d-4744-bc2f-5a18266a178f","properties":{"id":"5300d13b-f68d-4744-bc2f-5a18266a178f","height":85,"num_floors":27,"class":"building","areaM2":8339,"sourceTile":"tile_2_0","sourceFeatureCount":23278,"heightEstimated":true},"geometry":{"type":"Polygon","coordinates":[[[114.14322,30.676732],[114.142623,30.676724],[114.142646,30.675405],[114.143243,30.675413],[114.14322,30.676732]]]}},{"type":"Feature","id":"3f4016b7-746a-4b36-9276-09096c7daca8","properties":{"id":"3f4016b7-746a-4b36-9276-09096c7daca8","height":64,"num_floors":20,"class":"building","areaM2":8048,"sourceTile":"tile_2_0","sourceFeatureCount":23278,"heightEstimated":true},"geometry":{"type":"Polygon","coordinates":[[[114.143698,30.675219],[114.144218,30.67523],[114.144177,30.676692],[114.143658,30.676682],[114.143698,30.675219]]]}},{"type":"Feature","id":"5507d0b9-2823-4e14-a119-af1c70f94769","properties":{"id":"5507d0b9-2823-4e14-a119-af1c70f94769","height":137,"num_floors":43,"class":"building","areaM2":22739,"sourceTile":"tile_2_0","sourceFeatureCount":23278,"heightEstimated":true},"geometry":{"type":"Polygon","coordinates":[[[114.150714,30.675525],[114.150685,30.677189],[114.149778,30.677177],[114.149793,30.676326],[114.148986,30.676316],[114.148999,30.675523],[114.150714,30.675525]]]}},{"type":"Feature","id":"8db61c0c-12d1-4ed1-aff2-9cf67418ae36","properties":{"id":"8db61c0c-12d1-4ed1-aff2-9cf67418ae36","height":28,"num_floors":9,"class":"building","areaM2":95,"sourceTile":"tile_2_0","sourceFeatureCount":23278,"heightEstimated":true},"geometry":{"type":"Polygon","coordinates":[[[114.146444,30.677064],[114.146553,30.6769],[114.146555,30.677063],[114.146444,30.677064]]]}},{"type":"Feature","id":"1ba38243-726c-4b1b-90f2-9e79cb5f9f91","properties":{"id":"1ba38243-726c-4b1b-90f2-9e79cb5f9f91","height":75,"num_floors":23,"class":"building","areaM2":8257,"sourceTile":"tile_2_0","sourceFeatureCount":23278,"heightEstimated":true},"geometry":{"type":"Polygon","coordinates":[[[114.143777,30.678597],[114.143793,30.678138],[114.145109,30.678148],[114.145104,30.678702],[114.143588,30.678691],[114.143592,30.678289],[114.143777,30.678597]]]}},{"type":"Feature","id":"7416a993-07bf-4248-849c-518754d18ec8","properties":{"id":"7416a993-07bf-4248-849c-518754d18ec8","height":82,"num_floors":26,"class":"building","areaM2":8517,"sourceTile":"tile_2_0","sourceFeatureCount":23278,"heightEstimated":true},"geometry":{"type":"Polygon","coordinates":[[[114.143589,30.679342],[114.143782,30.678799],[114.145165,30.678809],[114.145159,30.679354],[114.143589,30.679342]]]}},{"type":"Feature","id":"1e8af39b-792c-46a0-9eeb-423b568cde9f","properties":{"id":"1e8af39b-792c-46a0-9eeb-423b568cde9f","height":112,"num_floors":35,"class":"building","areaM2":13633,"sourceTile":"tile_2_0","sourceFeatureCount":23278,"heightEstimated":true},"geometry":{"type":"Polygon","coordinates":[[[114.146474,30.679173],[114.146302,30.679399],[114.146512,30.678208],[114.147497,30.678228],[114.147461,30.67949],[114.146523,30.679403],[114.146474,30.679173]]]}},{"type":"Feature","id":"4f325660-d89b-4713-8cac-4d9363befa5b","properties":{"id":"4f325660-d89b-4713-8cac-4d9363befa5b","height":81,"num_floors":25,"class":"building","areaM2":8663,"sourceTile":"tile_2_0","sourceFeatureCount":23278,"heightEstimated":true},"geometry":{"type":"Polygon","coordinates":[[[114.149715,30.67828],[114.149776,30.679187],[114.148803,30.679201],[114.149231,30.679003],[114.148799,30.67899],[114.148786,30.678292],[114.149715,30.67828]]]}},{"type":"Feature","id":"cdc7301d-fcc8-4758-94cc-e81b7cea6202","properties":{"id":"cdc7301d-fcc8-4758-94cc-e81b7cea6202","height":92,"num_floors":29,"class":"building","areaM2":15295,"sourceTile":"tile_2_0","sourceFeatureCount":23278,"heightEstimated":true},"geometry":{"type":"Polygon","coordinates":[[[114.140211,30.678178],[114.1402,30.678837],[114.139625,30.67883],[114.139615,30.679403],[114.139338,30.6794],[114.139348,30.678807],[114.138187,30.678792],[114.138198,30.678171],[114.140211,30.678178]]]}},{"type":"Feature","id":"7d9a2710-008b-4052-a08c-fa556acdee58","properties":{"id":"7d9a2710-008b-4052-a08c-fa556acdee58","height":19,"num_floors":6,"class":"building","areaM2":27,"sourceTile":"tile_2_0","sourceFeatureCount":23278,"heightEstimated":true},"geometry":{"type":"Polygon","coordinates":[[[114.137681,30.679268],[114.137772,30.679211],[114.137774,30.679265],[114.137681,30.679268]]]}},{"type":"Feature","id":"72b823b3-f73d-4d58-a3f9-949e6a7d237a","properties":{"id":"72b823b3-f73d-4d58-a3f9-949e6a7d237a","height":79,"num_floors":25,"class":"building","areaM2":10542,"sourceTile":"tile_2_0","sourceFeatureCount":23278,"heightEstimated":true},"geometry":{"type":"Polygon","coordinates":[[[114.127863,30.677603],[114.126781,30.677602],[114.126781,30.676682],[114.127864,30.676683],[114.127863,30.677603]]]}},{"type":"Feature","id":"917db085-33c3-4b5c-8ae0-937df1f5500a","properties":{"id":"917db085-33c3-4b5c-8ae0-937df1f5500a","height":87,"num_floors":27,"class":"building","areaM2":12174,"sourceTile":"tile_2_0","sourceFeatureCount":23278,"heightEstimated":true},"geometry":{"type":"Polygon","coordinates":[[[114.127896,30.681146],[114.126741,30.681151],[114.126736,30.680155],[114.127891,30.68015],[114.127896,30.681146]]]}},{"type":"Feature","id":"26ef09c0-9734-401e-9a23-a124da8e1bc4","properties":{"id":"26ef09c0-9734-401e-9a23-a124da8e1bc4","height":14,"num_floors":4,"class":"building","areaM2":49,"sourceTile":"tile_2_0","sourceFeatureCount":23278,"heightEstimated":true},"geometry":{"type":"Polygon","coordinates":[[[114.116745,30.667459],[114.116789,30.667306],[114.116807,30.667454],[114.116745,30.667459]]]}},{"type":"Feature","id":"3de30c19-a15e-4ec5-b44f-217eb47d7a3a","properties":{"id":"3de30c19-a15e-4ec5-b44f-217eb47d7a3a","height":90,"num_floors":28,"class":"building","areaM2":8890,"sourceTile":"tile_2_0","sourceFeatureCount":23278,"heightEstimated":true},"geometry":{"type":"Polygon","coordinates":[[[114.123963,30.683372],[114.122933,30.68395],[114.122913,30.68286],[114.123953,30.682846],[114.123963,30.683372]]]}},{"type":"Feature","id":"586458bd-d2e1-4180-a3cd-d3745861edb8","properties":{"id":"586458bd-d2e1-4180-a3cd-d3745861edb8","height":8,"num_floors":3,"class":"building","areaM2":18,"sourceTile":"tile_2_0","sourceFeatureCount":23278,"heightEstimated":true},"geometry":{"type":"Polygon","coordinates":[[[114.11795,30.690543],[114.117865,30.690521],[114.11792,30.690496],[114.11795,30.690543]]]}},{"type":"Feature","id":"f416dba3-3b61-4632-b6db-1a0de1694555","properties":{"id":"f416dba3-3b61-4632-b6db-1a0de1694555","height":31,"num_floors":10,"class":"building","areaM2":18,"sourceTile":"tile_2_0","sourceFeatureCount":23278,"heightEstimated":true},"geometry":{"type":"Polygon","coordinates":[[[114.124759,30.701003],[114.124858,30.701005],[114.124838,30.701039],[114.124759,30.701003]]]}},{"type":"Feature","id":"141dfcc8-466d-451d-8cf1-168a5ed8dd9d","properties":{"id":"141dfcc8-466d-451d-8cf1-168a5ed8dd9d","height":168,"num_floors":53,"class":"industrial","areaM2":64333,"sourceTile":"tile_2_0","sourceFeatureCount":23278,"heightEstimated":true},"geometry":{"type":"Polygon","coordinates":[[[114.124319,30.701109],[114.12245,30.700371],[114.123883,30.697684],[114.125753,30.698421],[114.124319,30.701109]]]}},{"type":"Feature","id":"9a27673e-cfa2-4cc8-bcdb-5305ed2b67a7","properties":{"id":"9a27673e-cfa2-4cc8-bcdb-5305ed2b67a7","height":28,"num_floors":9,"class":"building","areaM2":60,"sourceTile":"tile_2_0","sourceFeatureCount":23278,"heightEstimated":true},"geometry":{"type":"Polygon","coordinates":[[[114.12344,30.697754],[114.123427,30.697935],[114.123365,30.697913],[114.12344,30.697754]]]}},{"type":"Feature","id":"82ccf46f-3695-4fa6-a690-64e0cb5969cd","properties":{"id":"82ccf46f-3695-4fa6-a690-64e0cb5969cd","height":168,"num_floors":53,"class":"industrial","areaM2":87644,"sourceTile":"tile_2_0","sourceFeatureCount":23278,"heightEstimated":true},"geometry":{"type":"Polygon","coordinates":[[[114.127695,30.701994],[114.124771,30.700753],[114.126078,30.698475],[114.129002,30.699715],[114.127695,30.701994]]]}},{"type":"Feature","id":"1df32045-c72b-4d21-bdb3-9065cd2efd68","properties":{"id":"1df32045-c72b-4d21-bdb3-9065cd2efd68","height":90,"num_floors":28,"class":"building","areaM2":11836,"sourceTile":"tile_2_0","sourceFeatureCount":23278,"heightEstimated":true},"geometry":{"type":"Polygon","coordinates":[[[114.138262,30.70006],[114.138012,30.700324],[114.138123,30.700634],[114.137479,30.700805],[114.137337,30.700405],[114.137128,30.70046],[114.137279,30.700887],[114.136846,30.701002],[114.136737,30.700097],[114.138023,30.699756],[114.138262,30.70006]]]}},{"type":"Feature","id":"b791ed43-9708-429d-b8c1-9d5e31c38a4d","properties":{"id":"b791ed43-9708-429d-b8c1-9d5e31c38a4d","height":22,"num_floors":7,"class":"building","areaM2":64,"sourceTile":"tile_2_0","sourceFeatureCount":23278,"heightEstimated":true},"geometry":{"type":"Polygon","coordinates":[[[114.137891,30.7027],[114.138011,30.702939],[114.137852,30.702722],[114.137891,30.7027]]]}},{"type":"Feature","id":"698e2164-e608-4cb5-b88a-64c31212d816","properties":{"id":"698e2164-e608-4cb5-b88a-64c31212d816","height":168,"num_floors":53,"class":"industrial","areaM2":113222,"sourceTile":"tile_2_0","sourceFeatureCount":23278,"heightEstimated":true},"geometry":{"type":"Polygon","coordinates":[[[114.131487,30.703884],[114.127973,30.702472],[114.129332,30.699972],[114.132846,30.701384],[114.131487,30.703884]]]}},{"type":"Feature","id":"e4b04740-793e-480d-a3f2-fe5517a76fce","properties":{"id":"e4b04740-793e-480d-a3f2-fe5517a76fce","height":74,"num_floors":23,"class":"building","areaM2":9274,"sourceTile":"tile_2_0","sourceFeatureCount":23278,"heightEstimated":true},"geometry":{"type":"Polygon","coordinates":[[[114.130459,30.710287],[114.129515,30.70942],[114.129978,30.709017],[114.13111,30.709989],[114.130459,30.710287]]]}},{"type":"Feature","id":"129a431b-fb2f-4181-8a25-71042dfdd433","properties":{"id":"129a431b-fb2f-4181-8a25-71042dfdd433","height":22,"num_floors":7,"class":"building","areaM2":277,"sourceTile":"tile_2_0","sourceFeatureCount":23278,"heightEstimated":true},"geometry":{"type":"Polygon","coordinates":[[[114.13637,30.709826],[114.13594,30.709728],[114.13602,30.709625],[114.13637,30.709826]]]}},{"type":"Feature","id":"aec3977f-3a9e-4901-ab27-4522cfbb0bb9","properties":{"id":"aec3977f-3a9e-4901-ab27-4522cfbb0bb9","height":113,"num_floors":35,"class":"building","areaM2":15105,"sourceTile":"tile_2_0","sourceFeatureCount":23278,"heightEstimated":true},"geometry":{"type":"Polygon","coordinates":[[[114.138582,30.703739],[114.139361,30.703391],[114.140252,30.70482],[114.139481,30.705179],[114.138582,30.703739]]]}},{"type":"Feature","id":"c7ec8721-d5aa-4918-a10c-70169f46069f","properties":{"id":"c7ec8721-d5aa-4918-a10c-70169f46069f","height":81,"num_floors":25,"class":"building","areaM2":8555,"sourceTile":"tile_2_0","sourceFeatureCount":23278,"heightEstimated":true},"geometry":{"type":"Polygon","coordinates":[[[114.138152,30.698231],[114.138619,30.698166],[114.138563,30.699943],[114.138098,30.699932],[114.138152,30.698231]]]}},{"type":"Feature","id":"444c9b82-57b1-413d-a27d-4a387a2e7799","properties":{"id":"444c9b82-57b1-413d-a27d-4a387a2e7799","height":98,"num_floors":31,"class":"building","areaM2":13641,"sourceTile":"tile_2_0","sourceFeatureCount":23278,"heightEstimated":true},"geometry":{"type":"Polygon","coordinates":[[[114.13802,30.696831],[114.137951,30.697507],[114.137564,30.697492],[114.137612,30.696594],[114.138687,30.69657],[114.13862,30.69784],[114.138356,30.698021],[114.137958,30.698005],[114.13802,30.696831]]]}},{"type":"Feature","id":"a26a8dcb-bb1e-4e25-8aa4-1ceab8a5fd69","properties":{"id":"a26a8dcb-bb1e-4e25-8aa4-1ceab8a5fd69","height":13,"num_floors":4,"class":"building","areaM2":151,"sourceTile":"tile_2_0","sourceFeatureCount":23278,"heightEstimated":true},"geometry":{"type":"Polygon","coordinates":[[[114.145727,30.698681],[114.145416,30.698742],[114.145431,30.698647],[114.145727,30.698681]]]}},{"type":"Feature","id":"086b4376-a09e-4320-96ee-d7f8ce61807c","properties":{"id":"086b4376-a09e-4320-96ee-d7f8ce61807c","height":107,"num_floors":33,"class":"building","areaM2":12730,"sourceTile":"tile_2_0","sourceFeatureCount":23278,"heightEstimated":true},"geometry":{"type":"Polygon","coordinates":[[[114.142677,30.690283],[114.143211,30.689431],[114.143482,30.689632],[114.143292,30.689913],[114.143798,30.689583],[114.14519,30.690381],[114.144951,30.690692],[114.144207,30.690139],[114.143865,30.690585],[114.143185,30.690001],[114.14288,30.690399],[114.142677,30.690283]]]}},{"type":"Feature","id":"8c47fd5e-5ea2-470f-96ab-fceff7b45e8d","properties":{"id":"8c47fd5e-5ea2-470f-96ab-fceff7b45e8d","height":117,"num_floors":37,"class":"building","areaM2":26635,"sourceTile":"tile_2_0","sourceFeatureCount":23278,"heightEstimated":true},"geometry":{"type":"Polygon","coordinates":[[[114.140518,30.69524],[114.142467,30.696145],[114.141828,30.69715],[114.139889,30.696229],[114.140518,30.69524]]]}},{"type":"Feature","id":"825feb41-c1d8-4963-bdf9-ec471d571aea","properties":{"id":"825feb41-c1d8-4963-bdf9-ec471d571aea","height":38,"num_floors":12,"class":"building","areaM2":168,"sourceTile":"tile_2_0","sourceFeatureCount":23278,"heightEstimated":true},"geometry":{"type":"Polygon","coordinates":[[[114.135264,30.696429],[114.135054,30.696572],[114.135043,30.696428],[114.135264,30.696429]]]}},{"type":"Feature","id":"b4cb2150-d482-4f60-a8bf-9aad8e4be579","properties":{"id":"b4cb2150-d482-4f60-a8bf-9aad8e4be579","height":79,"num_floors":25,"class":"building","areaM2":9340,"sourceTile":"tile_2_0","sourceFeatureCount":23278,"heightEstimated":true},"geometry":{"type":"Polygon","coordinates":[[[114.136868,30.683294],[114.136956,30.682273],[114.137796,30.682299],[114.137753,30.683321],[114.136868,30.683294]]]}},{"type":"Feature","id":"54dba595-0f9b-49cb-a3b5-1140d70f3461","properties":{"id":"54dba595-0f9b-49cb-a3b5-1140d70f3461","height":136,"num_floors":43,"class":"building","areaM2":29368,"sourceTile":"tile_2_0","sourceFeatureCount":23278,"heightEstimated":true},"geometry":{"type":"Polygon","coordinates":[[[114.139387,30.685299],[114.139334,30.686446],[114.13692,30.686363],[114.136973,30.685216],[114.139387,30.685299]]]}},{"type":"Feature","id":"6d094f3d-e17d-4fc5-af6c-649503de2be5","properties":{"id":"6d094f3d-e17d-4fc5-af6c-649503de2be5","height":58,"num_floors":18,"class":"building","areaM2":2410,"sourceTile":"tile_2_0","sourceFeatureCount":23278,"heightEstimated":true},"geometry":{"type":"Polygon","coordinates":[[[114.14271,30.687579],[114.142931,30.687641],[114.14272,30.688205],[114.142053,30.688279],[114.142155,30.688007],[114.142513,30.688106],[114.14271,30.687579]]]}},{"type":"Feature","id":"937a981c-1732-4ec3-963d-674f41e63b4e","properties":{"id":"937a981c-1732-4ec3-963d-674f41e63b4e","height":95,"num_floors":30,"class":"building","areaM2":9079,"sourceTile":"tile_2_0","sourceFeatureCount":23278,"heightEstimated":true},"geometry":{"type":"Polygon","coordinates":[[[114.142933,30.685213],[114.142933,30.685672],[114.141064,30.685673],[114.141064,30.685214],[114.142933,30.685213]]]}},{"type":"Feature","id":"3183d99f-de2e-4b0c-b6f3-cae2a936076c","properties":{"id":"3183d99f-de2e-4b0c-b6f3-cae2a936076c","height":144,"num_floors":45,"class":"building","areaM2":38825,"sourceTile":"tile_2_0","sourceFeatureCount":23278,"heightEstimated":true},"geometry":{"type":"Polygon","coordinates":[[[114.144204,30.688539],[114.14383,30.688317],[114.144223,30.687656],[114.146861,30.689369],[114.146423,30.689665],[114.14604,30.689437],[114.145305,30.690358],[114.14386,30.689508],[114.144589,30.688595],[114.144116,30.688313],[114.144204,30.688539]]]}},{"type":"Feature","id":"74e4a766-f3fa-43b1-b7db-6c69b97c1f39","properties":{"id":"74e4a766-f3fa-43b1-b7db-6c69b97c1f39","height":122,"num_floors":38,"class":"building","areaM2":20140,"sourceTile":"tile_2_0","sourceFeatureCount":23278,"heightEstimated":true},"geometry":{"type":"Polygon","coordinates":[[[114.143758,30.682932],[114.14492,30.683065],[114.14492,30.683763],[114.143659,30.683763],[114.143658,30.682186],[114.144908,30.682185],[114.144908,30.682931],[114.143758,30.682932]]]}},{"type":"Feature","id":"7191d52f-b16f-4137-abb0-2ef5d98a6b48","properties":{"id":"7191d52f-b16f-4137-abb0-2ef5d98a6b48","height":20,"num_floors":6,"class":"building","areaM2":6,"sourceTile":"tile_2_0","sourceFeatureCount":23278,"heightEstimated":true},"geometry":{"type":"Polygon","coordinates":[[[114.143857,30.650546],[114.143803,30.650566],[114.143802,30.650547],[114.143857,30.650546]]]}},{"type":"Feature","id":"99918d53-52c1-4f23-85dc-576a4c55dee7","properties":{"id":"99918d53-52c1-4f23-85dc-576a4c55dee7","height":14,"num_floors":4,"class":"building","areaM2":9,"sourceTile":"tile_2_0","sourceFeatureCount":23278,"heightEstimated":true},"geometry":{"type":"Polygon","coordinates":[[[114.148796,30.646717],[114.148843,30.646672],[114.148854,30.646697],[114.148796,30.646717]]]}},{"type":"Feature","id":"190557ce-188e-404a-91b1-11c433635703","properties":{"id":"190557ce-188e-404a-91b1-11c433635703","height":8,"num_floors":3,"class":"building","areaM2":6,"sourceTile":"tile_2_0","sourceFeatureCount":23278,"heightEstimated":true},"geometry":{"type":"Polygon","coordinates":[[[114.145798,30.638607],[114.145817,30.638656],[114.145795,30.638655],[114.145798,30.638607]]]}},{"type":"Feature","id":"93ae29b0-695c-4f9e-a499-4bc53770d7e8","properties":{"id":"93ae29b0-695c-4f9e-a499-4bc53770d7e8","height":44,"num_floors":14,"class":"building","areaM2":404,"sourceTile":"tile_2_0","sourceFeatureCount":23278,"heightEstimated":true},"geometry":{"type":"Polygon","coordinates":[[[114.140215,30.640501],[114.140785,30.6404],[114.140287,30.640622],[114.140215,30.640501]]]}},{"type":"Feature","id":"c0e0d859-2622-484b-a962-44020cf87a54","properties":{"id":"c0e0d859-2622-484b-a962-44020cf87a54","height":35,"num_floors":11,"class":"building","areaM2":237,"sourceTile":"tile_2_0","sourceFeatureCount":23278,"heightEstimated":true},"geometry":{"type":"Polygon","coordinates":[[[114.137946,30.636957],[114.137434,30.636699],[114.137979,30.636886],[114.137946,30.636957]]]}},{"type":"Feature","id":"06143526-e249-44c8-b61c-46c1336283f5","properties":{"id":"06143526-e249-44c8-b61c-46c1336283f5","height":70,"num_floors":22,"class":"building","areaM2":8330,"sourceTile":"tile_2_0","sourceFeatureCount":23278,"heightEstimated":true},"geometry":{"type":"Polygon","coordinates":[[[114.133769,30.638888],[114.134422,30.63894],[114.134296,30.639954],[114.133398,30.639857],[114.133769,30.638888]]]}},{"type":"Feature","id":"0a177828-c98b-4833-8dd6-8c1f6311a323","properties":{"id":"0a177828-c98b-4833-8dd6-8c1f6311a323","height":164,"num_floors":51,"class":"stadium","areaM2":37514,"sourceTile":"tile_2_0","sourceFeatureCount":23278,"heightEstimated":true},"geometry":{"type":"Polygon","coordinates":[[[114.129562,30.63906],[114.12933,30.639832],[114.128508,30.640203],[114.127659,30.639797],[114.127419,30.639064],[114.127668,30.638295],[114.128443,30.637908],[114.129321,30.638279],[114.129562,30.63906]],[[114.128034,30.639717],[114.128769,30.639893],[114.129091,30.639514],[114.129128,30.63861],[114.128753,30.638222],[114.128286,30.638231],[114.127889,30.638637],[114.128034,30.639717]]]}},{"type":"Feature","id":"c2ab6d6e-ffca-4bb9-9226-b51e3749e72d","properties":{"id":"c2ab6d6e-ffca-4bb9-9226-b51e3749e72d","height":109,"num_floors":34,"class":"building","areaM2":12532,"sourceTile":"tile_2_0","sourceFeatureCount":23278,"heightEstimated":true},"geometry":{"type":"Polygon","coordinates":[[[114.128839,30.642591],[114.128946,30.642115],[114.128668,30.641922],[114.129719,30.641871],[114.13025,30.642369],[114.130234,30.642803],[114.129601,30.642979],[114.128839,30.642591]]]}},{"type":"Feature","id":"588c4834-6c8d-428a-a29d-a174793c7bb1","properties":{"id":"588c4834-6c8d-428a-a29d-a174793c7bb1","height":78,"num_floors":24,"class":"building","areaM2":8892,"sourceTile":"tile_2_0","sourceFeatureCount":23278,"heightEstimated":true},"geometry":{"type":"Polygon","coordinates":[[[114.1273,30.643129],[114.127166,30.641902],[114.128121,30.641957],[114.12826,30.642391],[114.127456,30.642474],[114.128126,30.642926],[114.1273,30.643129]]]}},{"type":"Feature","id":"60c45a9b-2eca-4d44-a562-c1591b2debc9","properties":{"id":"60c45a9b-2eca-4d44-a562-c1591b2debc9","height":91,"num_floors":28,"class":"library","areaM2":10045,"sourceTile":"tile_2_0","sourceFeatureCount":23278,"heightEstimated":true},"geometry":{"type":"Polygon","coordinates":[[[114.128627,30.643934],[114.128482,30.644581],[114.127679,30.644207],[114.127151,30.643335],[114.128286,30.643556],[114.128627,30.643934]]]}},{"type":"Feature","id":"87addd35-43d5-4e2d-ab12-044f7c69c5eb","properties":{"id":"87addd35-43d5-4e2d-ab12-044f7c69c5eb","height":26,"num_floors":8,"class":"building","areaM2":134,"sourceTile":"tile_2_0","sourceFeatureCount":23278,"heightEstimated":true},"geometry":{"type":"Polygon","coordinates":[[[114.137042,30.646554],[114.137192,30.646387],[114.137198,30.64655],[114.137042,30.646554]]]}},{"type":"Feature","id":"f0c4ab08-6bd7-4d30-b1fb-b99a96d2b867","properties":{"id":"f0c4ab08-6bd7-4d30-b1fb-b99a96d2b867","height":104,"num_floors":33,"class":"building","areaM2":16795,"sourceTile":"tile_2_0","sourceFeatureCount":23278,"heightEstimated":true},"geometry":{"type":"Polygon","coordinates":[[[114.135902,30.646566],[114.135472,30.646546],[114.135334,30.646071],[114.13538,30.6466],[114.134568,30.646659],[114.134587,30.646344],[114.134974,30.646361],[114.134967,30.646102],[114.134954,30.646322],[114.134536,30.646265],[114.134376,30.647273],[114.134222,30.647266],[114.134272,30.646435],[114.134147,30.646477],[114.134035,30.647248],[114.134115,30.645911],[114.135981,30.645803],[114.136058,30.64618],[114.136408,30.646071],[114.136386,30.646444],[114.135719,30.64649],[114.135902,30.646566]]]}},{"type":"Feature","id":"5918b3de-16a4-49ec-9da0-27d97fa112f1","properties":{"id":"5918b3de-16a4-49ec-9da0-27d97fa112f1","height":16,"num_floors":5,"class":"building","areaM2":36,"sourceTile":"tile_2_0","sourceFeatureCount":23278,"heightEstimated":true},"geometry":{"type":"Polygon","coordinates":[[[114.120063,30.650521],[114.120058,30.650641],[114.120006,30.650543],[114.120063,30.650521]]]}},{"type":"Feature","id":"8b3e2291-606a-4f47-a7d2-8956ac4c7f1e","properties":{"id":"8b3e2291-606a-4f47-a7d2-8956ac4c7f1e","height":14,"num_floors":4,"class":"building","areaM2":130,"sourceTile":"tile_2_0","sourceFeatureCount":23278,"heightEstimated":true},"geometry":{"type":"Polygon","coordinates":[[[114.117717,30.649778],[114.11763,30.64939],[114.117692,30.649387],[114.117717,30.649778]]]}},{"type":"Feature","id":"624df846-c0e9-408d-8e23-7209f4eb4629","properties":{"id":"624df846-c0e9-408d-8e23-7209f4eb4629","height":84,"num_floors":26,"class":"building","areaM2":9524,"sourceTile":"tile_2_0","sourceFeatureCount":23278,"heightEstimated":true},"geometry":{"type":"Polygon","coordinates":[[[114.105529,30.637071],[114.106856,30.637263],[114.106839,30.637511],[114.105405,30.637439],[114.105469,30.636475],[114.106032,30.636503],[114.105914,30.636784],[114.106399,30.636809],[114.106434,30.637117],[114.105529,30.637071]]]}},{"type":"Feature","id":"00f5972f-f9be-4ee7-b92c-de5972ae3a98","properties":{"id":"00f5972f-f9be-4ee7-b92c-de5972ae3a98","height":11,"num_floors":3,"class":"building","areaM2":227,"sourceTile":"tile_2_0","sourceFeatureCount":23278,"heightEstimated":true},"geometry":{"type":"Polygon","coordinates":[[[114.115646,30.636783],[114.11533,30.636642],[114.11565,30.636649],[114.115646,30.636783]]]}},{"type":"Feature","id":"84f08dba-c364-43ad-824e-627eac34b808","properties":{"id":"84f08dba-c364-43ad-824e-627eac34b808","height":33,"num_floors":10,"class":"building","areaM2":125,"sourceTile":"tile_2_0","sourceFeatureCount":23278,"heightEstimated":true},"geometry":{"type":"Polygon","coordinates":[[[114.119431,30.633443],[114.119597,30.633256],[114.11965,30.633339],[114.119431,30.633443]]]}},{"type":"Feature","id":"e713292a-2d97-431b-9de4-a22e012f505d","properties":{"id":"e713292a-2d97-431b-9de4-a22e012f505d","height":25,"num_floors":8,"class":"building","areaM2":62,"sourceTile":"tile_2_0","sourceFeatureCount":23278,"heightEstimated":true},"geometry":{"type":"Polygon","coordinates":[[[114.138224,30.633564],[114.137796,30.633732],[114.138147,30.633581],[114.137787,30.633584],[114.138224,30.633564]]]}},{"type":"Feature","id":"12117c60-3d83-4520-8484-81a0851b3ec4","properties":{"id":"12117c60-3d83-4520-8484-81a0851b3ec4","height":94,"num_floors":29,"class":"building","areaM2":10414,"sourceTile":"tile_2_0","sourceFeatureCount":23278,"heightEstimated":true},"geometry":{"type":"Polygon","coordinates":[[[114.012414,30.721059],[114.012408,30.721806],[114.011413,30.721674],[114.011427,30.721884],[114.011007,30.721905],[114.010956,30.721141],[114.012414,30.721059]]]}},{"type":"Feature","id":"539c3737-7a1d-44f7-b2af-42811e3158b2","properties":{"id":"539c3737-7a1d-44f7-b2af-42811e3158b2","height":16,"num_floors":5,"class":"building","areaM2":8,"sourceTile":"tile_2_0","sourceFeatureCount":23278,"heightEstimated":true},"geometry":{"type":"Polygon","coordinates":[[[114.013008,30.719139],[114.012989,30.719045],[114.013004,30.719044],[114.013008,30.719139]]]}},{"type":"Feature","id":"fd565858-0663-44d8-be85-e0a3176500cb","properties":{"id":"fd565858-0663-44d8-be85-e0a3176500cb","height":77,"num_floors":24,"class":"building","areaM2":7937,"sourceTile":"tile_2_0","sourceFeatureCount":23278,"heightEstimated":true},"geometry":{"type":"Polygon","coordinates":[[[114.014747,30.719132],[114.013786,30.719181],[114.013764,30.718387],[114.014726,30.718367],[114.014747,30.719132]]]}},{"type":"Feature","id":"de5afa62-f00a-49f0-8a0f-ead71be8e217","properties":{"id":"de5afa62-f00a-49f0-8a0f-ead71be8e217","height":86,"num_floors":27,"class":"building","areaM2":8605,"sourceTile":"tile_2_0","sourceFeatureCount":23278,"heightEstimated":true},"geometry":{"type":"Polygon","coordinates":[[[114.013773,30.717174],[114.01457,30.717536],[114.014727,30.718301],[114.013776,30.718303],[114.013773,30.717174]]]}},{"type":"Feature","id":"6a804016-f7bc-4275-a4f9-5c727f863322","properties":{"id":"6a804016-f7bc-4275-a4f9-5c727f863322","height":95,"num_floors":30,"class":"building","areaM2":9528,"sourceTile":"tile_2_0","sourceFeatureCount":23278,"heightEstimated":true},"geometry":{"type":"Polygon","coordinates":[[[114.014949,30.717476],[114.016153,30.717422],[114.016166,30.71818],[114.014994,30.718232],[114.014949,30.717476]]]}},{"type":"Feature","id":"f17be0fa-3f3d-434e-9653-5b997331830e","properties":{"id":"f17be0fa-3f3d-434e-9653-5b997331830e","height":71,"num_floors":22,"class":"building","areaM2":9762,"sourceTile":"tile_2_0","sourceFeatureCount":23278,"heightEstimated":true},"geometry":{"type":"Polygon","coordinates":[[[114.016145,30.718245],[114.016158,30.719016],[114.014987,30.719084],[114.014927,30.718315],[114.016145,30.718245]]]}},{"type":"Feature","id":"3d83dbcb-7193-4ca5-9e27-4b7458b4f4c1","properties":{"id":"3d83dbcb-7193-4ca5-9e27-4b7458b4f4c1","height":12,"num_floors":4,"class":"building","areaM2":56,"sourceTile":"tile_2_0","sourceFeatureCount":23278,"heightEstimated":true},"geometry":{"type":"Polygon","coordinates":[[[114.018085,30.723078],[114.017922,30.723022],[114.018078,30.72301],[114.018085,30.723078]]]}},{"type":"Feature","id":"c9a57114-1af7-410e-8c0e-d4606e349023","properties":{"id":"c9a57114-1af7-410e-8c0e-d4606e349023","height":81,"num_floors":25,"class":"building","areaM2":9550,"sourceTile":"tile_2_0","sourceFeatureCount":23278,"heightEstimated":true},"geometry":{"type":"Polygon","coordinates":[[[114.016175,30.719845],[114.014981,30.719898],[114.014936,30.719144],[114.01613,30.719091],[114.016175,30.719845]]]}},{"type":"Feature","id":"d01cfd4c-c47d-4da8-b478-08aa57867b37","properties":{"id":"d01cfd4c-c47d-4da8-b478-08aa57867b37","height":81,"num_floors":25,"class":"building","areaM2":7994,"sourceTile":"tile_2_0","sourceFeatureCount":23278,"heightEstimated":true},"geometry":{"type":"Polygon","coordinates":[[[114.015626,30.720519],[114.015923,30.720659],[114.01502,30.720742],[114.014946,30.720014],[114.016131,30.719924],[114.016175,30.720355],[114.015626,30.720519]]]}},{"type":"Feature","id":"5a188735-1f8d-44ef-9a6d-4297f7d6b59e","properties":{"id":"5a188735-1f8d-44ef-9a6d-4297f7d6b59e","height":8,"num_floors":3,"class":"building","areaM2":25,"sourceTile":"tile_2_0","sourceFeatureCount":23278,"heightEstimated":true},"geometry":{"type":"Polygon","coordinates":[[[114.017759,30.728756],[114.017807,30.728861],[114.017762,30.728862],[114.017759,30.728756]]]}},{"type":"Feature","id":"dd056837-cfc4-4b10-a76d-8a0c2e63d4d0","properties":{"id":"dd056837-cfc4-4b10-a76d-8a0c2e63d4d0","height":31,"num_floors":10,"class":"building","areaM2":45,"sourceTile":"tile_2_0","sourceFeatureCount":23278,"heightEstimated":true},"geometry":{"type":"Polygon","coordinates":[[[114.023441,30.732975],[114.023509,30.733108],[114.023446,30.73311],[114.023441,30.732975]]]}},{"type":"Feature","id":"3f22975e-00d7-4630-9fa0-6816daf49a79","properties":{"id":"3f22975e-00d7-4630-9fa0-6816daf49a79","height":23,"num_floors":7,"class":"building","areaM2":22,"sourceTile":"tile_2_0","sourceFeatureCount":23278,"heightEstimated":true},"geometry":{"type":"Polygon","coordinates":[[[114.020943,30.734693],[114.020985,30.734826],[114.020954,30.734828],[114.020943,30.734693]]]}},{"type":"Feature","id":"ec09c104-be90-4813-901b-effd3e995d52","properties":{"id":"ec09c104-be90-4813-901b-effd3e995d52","height":18,"num_floors":6,"class":"building","areaM2":27,"sourceTile":"tile_2_0","sourceFeatureCount":23278,"heightEstimated":true},"geometry":{"type":"Polygon","coordinates":[[[114.021574,30.739478],[114.021529,30.739363],[114.021573,30.739363],[114.021574,30.739478]]]}},{"type":"Feature","id":"2a58b0e8-74d0-4c8b-a883-149ae1965b86","properties":{"id":"2a58b0e8-74d0-4c8b-a883-149ae1965b86","height":11,"num_floors":3,"class":"building","areaM2":12,"sourceTile":"tile_2_0","sourceFeatureCount":23278,"heightEstimated":true},"geometry":{"type":"Polygon","coordinates":[[[114.017378,30.734753],[114.017377,30.734646],[114.017398,30.734649],[114.017378,30.734753]]]}},{"type":"Feature","id":"0a287a22-c4b1-47c8-b356-1e072becc59c","properties":{"id":"0a287a22-c4b1-47c8-b356-1e072becc59c","height":10,"num_floors":3,"class":"building","areaM2":118,"sourceTile":"tile_2_0","sourceFeatureCount":23278,"heightEstimated":true},"geometry":{"type":"Polygon","coordinates":[[[114.010727,30.741124],[114.010561,30.74099],[114.010727,30.74099],[114.010727,30.741124]]]}},{"type":"Feature","id":"217b19ec-876c-4376-9ddf-78fcd2151f3f","properties":{"id":"217b19ec-876c-4376-9ddf-78fcd2151f3f","height":30,"num_floors":9,"class":"building","areaM2":22,"sourceTile":"tile_2_0","sourceFeatureCount":23278,"heightEstimated":true},"geometry":{"type":"Polygon","coordinates":[[[114.011578,30.742697],[114.011465,30.742729],[114.011468,30.742691],[114.011578,30.742697]]]}},{"type":"Feature","id":"ddfe6bd7-e0d2-4e22-88d2-1aa7057ba11f","properties":{"id":"ddfe6bd7-e0d2-4e22-88d2-1aa7057ba11f","height":92,"num_floors":29,"class":"building","areaM2":10591,"sourceTile":"tile_2_0","sourceFeatureCount":23278,"heightEstimated":true},"geometry":{"type":"Polygon","coordinates":[[[114.016684,30.747764],[114.017084,30.747364],[114.01708,30.748176],[114.016472,30.747993],[114.016471,30.748184],[114.014977,30.748179],[114.014979,30.747644],[114.016684,30.747764]]]}},{"type":"Feature","id":"0ce9382a-2c21-46a1-9657-ae51c0e0c742","properties":{"id":"0ce9382a-2c21-46a1-9657-ae51c0e0c742","height":24,"num_floors":8,"class":"building","areaM2":17,"sourceTile":"tile_2_0","sourceFeatureCount":23278,"heightEstimated":true},"geometry":{"type":"Polygon","coordinates":[[[114.014093,30.743079],[114.014038,30.743136],[114.014037,30.743079],[114.014093,30.743079]]]}},{"type":"Feature","id":"400e257b-f114-4dc4-bd7c-04a3d2815dc9","properties":{"id":"400e257b-f114-4dc4-bd7c-04a3d2815dc9","height":23,"num_floors":7,"class":"building","areaM2":111,"sourceTile":"tile_2_0","sourceFeatureCount":23278,"heightEstimated":true},"geometry":{"type":"Polygon","coordinates":[[[114.037102,30.749454],[114.03729,30.749558],[114.037119,30.749575],[114.037102,30.749454]]]}},{"type":"Feature","id":"6bc3c10c-a25c-41db-8af8-34a37d861b5f","properties":{"id":"6bc3c10c-a25c-41db-8af8-34a37d861b5f","height":14,"num_floors":4,"class":"building","areaM2":49,"sourceTile":"tile_2_0","sourceFeatureCount":23278,"heightEstimated":true},"geometry":{"type":"Polygon","coordinates":[[[114.044935,30.733429],[114.044908,30.733151],[114.044941,30.733152],[114.044935,30.733429]]]}},{"type":"Feature","id":"f748151d-fdf9-47ed-9fac-e439ca2fd054","properties":{"id":"f748151d-fdf9-47ed-9fac-e439ca2fd054","height":90,"num_floors":28,"class":"building","areaM2":9859,"sourceTile":"tile_2_0","sourceFeatureCount":23278,"heightEstimated":true},"geometry":{"type":"Polygon","coordinates":[[[114.043208,30.731863],[114.042799,30.731922],[114.042798,30.731549],[114.042665,30.731721],[114.042333,30.731493],[114.042376,30.731177],[114.043925,30.731173],[114.043927,30.73191],[114.043152,30.731663],[114.043208,30.731863]]]}},{"type":"Feature","id":"1bc6fa85-7c3a-4c49-9787-62b41c68889d","properties":{"id":"1bc6fa85-7c3a-4c49-9787-62b41c68889d","height":10,"num_floors":3,"class":"building","areaM2":108,"sourceTile":"tile_2_0","sourceFeatureCount":23278,"heightEstimated":true},"geometry":{"type":"Polygon","coordinates":[[[114.040676,30.728097],[114.040499,30.727982],[114.040676,30.727983],[114.040676,30.728097]]]}},{"type":"Feature","id":"e666ce79-ec24-45b5-85e9-2f5f05bf3c42","properties":{"id":"e666ce79-ec24-45b5-85e9-2f5f05bf3c42","height":32,"num_floors":10,"class":"building","areaM2":27,"sourceTile":"tile_2_0","sourceFeatureCount":23278,"heightEstimated":true},"geometry":{"type":"Polygon","coordinates":[[[114.040164,30.739789],[114.040127,30.739628],[114.040158,30.739627],[114.040164,30.739789]]]}},{"type":"Feature","id":"30ed1aed-7d9c-448b-ba5f-7c6be13398f9","properties":{"id":"30ed1aed-7d9c-448b-ba5f-7c6be13398f9","height":25,"num_floors":8,"class":"building","areaM2":13,"sourceTile":"tile_2_0","sourceFeatureCount":23278,"heightEstimated":true},"geometry":{"type":"Polygon","coordinates":[[[114.02879,30.724352],[114.028741,30.724298],[114.028786,30.724295],[114.02879,30.724352]]]}},{"type":"Feature","id":"473f6200-b093-424c-acd2-bedd10cd031b","properties":{"id":"473f6200-b093-424c-acd2-bedd10cd031b","height":24,"num_floors":8,"class":"building","areaM2":130,"sourceTile":"tile_2_0","sourceFeatureCount":23278,"heightEstimated":true},"geometry":{"type":"Polygon","coordinates":[[[114.039144,30.717864],[114.039232,30.717587],[114.039232,30.717864],[114.039144,30.717864]]]}},{"type":"Feature","id":"9401936f-3b10-4c2b-9351-8cddb399955a","properties":{"id":"9401936f-3b10-4c2b-9351-8cddb399955a","height":13,"num_floors":4,"class":"building","areaM2":6,"sourceTile":"tile_2_0","sourceFeatureCount":23278,"heightEstimated":true},"geometry":{"type":"Polygon","coordinates":[[[114.040722,30.724037],[114.0406,30.724045],[114.0406,30.724035],[114.040722,30.724037]]]}},{"type":"Feature","id":"11b590c7-d44c-409b-bea4-3cd03cf88170","properties":{"id":"11b590c7-d44c-409b-bea4-3cd03cf88170","height":71,"num_floors":22,"class":"building","areaM2":8031,"sourceTile":"tile_2_0","sourceFeatureCount":23278,"heightEstimated":true},"geometry":{"type":"Polygon","coordinates":[[[114.052257,30.715488],[114.052332,30.714745],[114.053346,30.714821],[114.053271,30.715563],[114.052257,30.715488]]]}},{"type":"Feature","id":"14eb6d65-fb70-46a5-9648-3f2ad1d1a364","properties":{"id":"14eb6d65-fb70-46a5-9648-3f2ad1d1a364","height":8,"num_floors":3,"class":"building","areaM2":34,"sourceTile":"tile_2_0","sourceFeatureCount":23278,"heightEstimated":true},"geometry":{"type":"Polygon","coordinates":[[[114.056799,30.718277],[114.056689,30.718217],[114.0568,30.718219],[114.056799,30.718277]]]}},{"type":"Feature","id":"01e40c4d-e9b9-46f6-abe9-82849b63c4f9","properties":{"id":"01e40c4d-e9b9-46f6-abe9-82849b63c4f9","height":32,"num_floors":10,"class":"building","areaM2":13,"sourceTile":"tile_2_0","sourceFeatureCount":23278,"heightEstimated":true},"geometry":{"type":"Polygon","coordinates":[[[114.055943,30.741331],[114.056023,30.741338],[114.055995,30.741368],[114.055943,30.741331]]]}},{"type":"Feature","id":"ef5aedd5-b763-4e89-84ea-bbf9d491f7e8","properties":{"id":"ef5aedd5-b763-4e89-84ea-bbf9d491f7e8","height":29,"num_floors":9,"class":"building","areaM2":67,"sourceTile":"tile_2_0","sourceFeatureCount":23278,"heightEstimated":true},"geometry":{"type":"Polygon","coordinates":[[[114.059808,30.737108],[114.059649,30.73703],[114.059806,30.737026],[114.059808,30.737108]]]}},{"type":"Feature","id":"f0babce7-4b55-4123-858c-05410c86b538","properties":{"id":"f0babce7-4b55-4123-858c-05410c86b538","height":22,"num_floors":7,"class":"building","areaM2":40,"sourceTile":"tile_2_0","sourceFeatureCount":23278,"heightEstimated":true},"geometry":{"type":"Polygon","coordinates":[[[114.061502,30.734896],[114.061592,30.734812],[114.061596,30.734893],[114.061502,30.734896]]]}},{"type":"Feature","id":"ddad7e09-706e-43f2-8ce0-f0e5d0e9ecf2","properties":{"id":"ddad7e09-706e-43f2-8ce0-f0e5d0e9ecf2","height":15,"num_floors":5,"class":"building","areaM2":34,"sourceTile":"tile_2_0","sourceFeatureCount":23278,"heightEstimated":true},"geometry":{"type":"Polygon","coordinates":[[[114.069562,30.714419],[114.069593,30.714565],[114.069548,30.714562],[114.069562,30.714419]]]}},{"type":"Feature","id":"d456cd53-3fa5-4ef1-8d3c-97f1896ff495","properties":{"id":"d456cd53-3fa5-4ef1-8d3c-97f1896ff495","height":8,"num_floors":3,"class":"building","areaM2":17,"sourceTile":"tile_2_0","sourceFeatureCount":23278,"heightEstimated":true},"geometry":{"type":"Polygon","coordinates":[[[114.085743,30.717535],[114.085674,30.71758],[114.085676,30.717533],[114.085743,30.717535]]]}},{"type":"Feature","id":"b186cccb-163f-4b04-956d-42af04d1e804","properties":{"id":"b186cccb-163f-4b04-956d-42af04d1e804","height":42,"num_floors":13,"class":"building","areaM2":280,"sourceTile":"tile_2_0","sourceFeatureCount":23278,"heightEstimated":true},"geometry":{"type":"Polygon","coordinates":[[[114.086219,30.721491],[114.085658,30.721543],[114.085668,30.721447],[114.086219,30.721491]]]}},{"type":"Feature","id":"9c81751a-6c3d-49c8-a434-2f250beb009b","properties":{"id":"9c81751a-6c3d-49c8-a434-2f250beb009b","height":27,"num_floors":8,"class":"building","areaM2":12,"sourceTile":"tile_2_0","sourceFeatureCount":23278,"heightEstimated":true},"geometry":{"type":"Polygon","coordinates":[[[114.069958,30.74409],[114.069957,30.744197],[114.069935,30.744194],[114.069958,30.74409]]]}},{"type":"Feature","id":"15960d05-5af7-4dcc-b22d-db6b1ace7015","properties":{"id":"15960d05-5af7-4dcc-b22d-db6b1ace7015","height":23,"num_floors":7,"class":"building","areaM2":58,"sourceTile":"tile_2_0","sourceFeatureCount":23278,"heightEstimated":true},"geometry":{"type":"Polygon","coordinates":[[[114.054542,30.742972],[114.054463,30.742842],[114.054587,30.742906],[114.054542,30.742972]]]}},{"type":"Feature","id":"da8e55d7-a938-4c6d-8d0d-1bd05e72cd10","properties":{"id":"da8e55d7-a938-4c6d-8d0d-1bd05e72cd10","height":15,"num_floors":5,"class":"building","areaM2":6,"sourceTile":"tile_2_0","sourceFeatureCount":23278,"heightEstimated":true},"geometry":{"type":"Polygon","coordinates":[[[114.122007,30.742924],[114.121929,30.742939],[114.121928,30.742926],[114.122007,30.742924]]]}},{"type":"Feature","id":"f474e25e-14c0-41d9-bfa7-f630e0cc70a9","properties":{"id":"f474e25e-14c0-41d9-bfa7-f630e0cc70a9","height":99,"num_floors":31,"class":"building","areaM2":11284,"sourceTile":"tile_2_0","sourceFeatureCount":23278,"heightEstimated":true},"geometry":{"type":"Polygon","coordinates":[[[114.118457,30.74471],[114.11814,30.744501],[114.118522,30.744068],[114.118032,30.744418],[114.117724,30.744216],[114.118266,30.7436],[114.119429,30.744363],[114.118873,30.744995],[114.118565,30.744792],[114.118947,30.744359],[114.118457,30.74471]]]}},{"type":"Feature","id":"1c865512-0661-40ff-be6f-0f0b8256d936","properties":{"id":"1c865512-0661-40ff-be6f-0f0b8256d936","height":13,"num_floors":4,"class":"building","areaM2":107,"sourceTile":"tile_2_0","sourceFeatureCount":23278,"heightEstimated":true},"geometry":{"type":"Polygon","coordinates":[[[114.108934,30.746306],[114.109193,30.746398],[114.109135,30.746456],[114.108934,30.746306]]]}},{"type":"Feature","id":"b11ca4c4-61da-4f54-a9cc-b13bdff44bf0","properties":{"id":"b11ca4c4-61da-4f54-a9cc-b13bdff44bf0","height":10,"num_floors":3,"class":"building","areaM2":187,"sourceTile":"tile_2_0","sourceFeatureCount":23278,"heightEstimated":true},"geometry":{"type":"Polygon","coordinates":[[[114.112382,30.728321],[114.112778,30.728359],[114.112603,30.72842],[114.112843,30.728548],[114.112382,30.728321]]]}},{"type":"Feature","id":"9d3e9b57-6bf1-4148-8c5d-6b89c1be2529","properties":{"id":"9d3e9b57-6bf1-4148-8c5d-6b89c1be2529","height":29,"num_floors":9,"class":"building","areaM2":39,"sourceTile":"tile_2_0","sourceFeatureCount":23278,"heightEstimated":true},"geometry":{"type":"Polygon","coordinates":[[[114.097298,30.740026],[114.097218,30.74012],[114.097194,30.740055],[114.097298,30.740026]]]}},{"type":"Feature","id":"3290a477-d147-487b-b748-f963eaefe635","properties":{"id":"3290a477-d147-487b-b748-f963eaefe635","height":23,"num_floors":7,"class":"building","areaM2":36,"sourceTile":"tile_2_0","sourceFeatureCount":23278,"heightEstimated":true},"geometry":{"type":"Polygon","coordinates":[[[114.103859,30.723543],[114.103979,30.723604],[114.103926,30.723633],[114.103859,30.723543]]]}},{"type":"Feature","id":"d84be776-a537-4b79-8127-2a440c81ff31","properties":{"id":"d84be776-a537-4b79-8127-2a440c81ff31","height":18,"num_floors":6,"class":"building","areaM2":45,"sourceTile":"tile_2_0","sourceFeatureCount":23278,"heightEstimated":true},"geometry":{"type":"Polygon","coordinates":[[[114.121725,30.714712],[114.121787,30.714822],[114.121701,30.714805],[114.121725,30.714712]]]}},{"type":"Feature","id":"8445d27d-505a-4795-b87b-b76babf81a9f","properties":{"id":"8445d27d-505a-4795-b87b-b76babf81a9f","height":19,"num_floors":6,"class":"building","areaM2":258,"sourceTile":"tile_2_0","sourceFeatureCount":23278,"heightEstimated":true},"geometry":{"type":"Polygon","coordinates":[[[114.123208,30.720669],[114.123127,30.720334],[114.123279,30.72036],[114.123208,30.720669]]]}},{"type":"Feature","id":"80fc87c2-281b-4044-a48e-27ec4ed1034f","properties":{"id":"80fc87c2-281b-4044-a48e-27ec4ed1034f","height":8,"num_floors":3,"class":"building","areaM2":108,"sourceTile":"tile_2_0","sourceFeatureCount":23278,"heightEstimated":true},"geometry":{"type":"Polygon","coordinates":[[[114.116232,30.725092],[114.116101,30.724933],[114.116227,30.72493],[114.116232,30.725092]]]}},{"type":"Feature","id":"0392664e-b5ee-4190-80a6-cb23e3b964fb","properties":{"id":"0392664e-b5ee-4190-80a6-cb23e3b964fb","height":29,"num_floors":9,"class":"building","areaM2":18,"sourceTile":"tile_2_0","sourceFeatureCount":23278,"heightEstimated":true},"geometry":{"type":"Polygon","coordinates":[[[114.117374,30.728781],[114.117248,30.728787],[114.117255,30.728759],[114.117374,30.728781]]]}},{"type":"Feature","id":"c94219ef-6617-4c3c-8b58-b762dc749fc2","properties":{"id":"c94219ef-6617-4c3c-8b58-b762dc749fc2","height":27,"num_floors":8,"class":"building","areaM2":94,"sourceTile":"tile_2_0","sourceFeatureCount":23278,"heightEstimated":true},"geometry":{"type":"Polygon","coordinates":[[[114.114496,30.730666],[114.1147,30.730665],[114.114614,30.730752],[114.114496,30.730666]]]}},{"type":"Feature","id":"e0627cf2-de15-4859-be5c-2597520db48b","properties":{"id":"e0627cf2-de15-4859-be5c-2597520db48b","height":24,"num_floors":8,"class":"building","areaM2":180,"sourceTile":"tile_2_0","sourceFeatureCount":23278,"heightEstimated":true},"geometry":{"type":"Polygon","coordinates":[[[114.119475,30.738643],[114.119772,30.738843],[114.119682,30.738898],[114.119475,30.738643]]]}},{"type":"Feature","id":"4ac99d66-c198-4b71-8885-c0d229451f9d","properties":{"id":"4ac99d66-c198-4b71-8885-c0d229451f9d","height":14,"num_floors":4,"class":"building","areaM2":78,"sourceTile":"tile_2_0","sourceFeatureCount":23278,"heightEstimated":true},"geometry":{"type":"Polygon","coordinates":[[[114.119546,30.727334],[114.119645,30.727475],[114.119502,30.727422],[114.119546,30.727334]]]}},{"type":"Feature","id":"778bddeb-8df4-40ce-b810-9cd74eabfb92","properties":{"id":"778bddeb-8df4-40ce-b810-9cd74eabfb92","height":8,"num_floors":3,"class":"building","areaM2":34,"sourceTile":"tile_2_0","sourceFeatureCount":23278,"heightEstimated":true},"geometry":{"type":"Polygon","coordinates":[[[114.132868,30.73494],[114.132919,30.734844],[114.132953,30.734905],[114.132868,30.73494]]]}},{"type":"Feature","id":"a28a6508-0dc3-410f-8e90-efa8053bfa72","properties":{"id":"a28a6508-0dc3-410f-8e90-efa8053bfa72","height":32,"num_floors":10,"class":"building","areaM2":49,"sourceTile":"tile_2_0","sourceFeatureCount":23278,"heightEstimated":true},"geometry":{"type":"Polygon","coordinates":[[[114.13136,30.721144],[114.131249,30.721018],[114.131309,30.721002],[114.13136,30.721144]]]}},{"type":"Feature","id":"5faf6534-f30f-4676-8cd1-0886fc1af248","properties":{"id":"5faf6534-f30f-4676-8cd1-0886fc1af248","height":88,"num_floors":28,"class":"building","areaM2":8092,"sourceTile":"tile_2_0","sourceFeatureCount":23278,"heightEstimated":true},"geometry":{"type":"Polygon","coordinates":[[[114.131438,30.7267],[114.131357,30.726405],[114.130654,30.726473],[114.130859,30.725553],[114.131478,30.725656],[114.131371,30.726339],[114.131528,30.725635],[114.131811,30.725682],[114.131438,30.7267]]]}},{"type":"Feature","id":"ea957d42-8e91-455e-b867-dcc3eaa30c6d","properties":{"id":"ea957d42-8e91-455e-b867-dcc3eaa30c6d","height":26,"num_floors":8,"class":"building","areaM2":45,"sourceTile":"tile_2_0","sourceFeatureCount":23278,"heightEstimated":true},"geometry":{"type":"Polygon","coordinates":[[[114.148058,30.732387],[114.148004,30.732505],[114.147981,30.732399],[114.148058,30.732387]]]}},{"type":"Feature","id":"7644fda6-add3-44de-8d01-d65b94527477","properties":{"id":"7644fda6-add3-44de-8d01-d65b94527477","height":21,"num_floors":7,"class":"building","areaM2":77,"sourceTile":"tile_2_0","sourceFeatureCount":23278,"heightEstimated":true},"geometry":{"type":"Polygon","coordinates":[[[114.138764,30.738726],[114.139014,30.738655],[114.139018,30.738712],[114.138764,30.738726]]]}}]}