{"type":"FeatureCollection","name":"wuhan-building-display-tile_0_2","source":"data/geospatial/wuhan/buildings/low/tile_0_2.geojson","sourceFeatureCount":38153,"displayFeatureCount":430,"generatedAt":"2026-06-03T12:54:11.195Z","features":[{"type":"Feature","id":"7ababbfe-7b4a-438e-8e29-cb1a6599e176","properties":{"id":"7ababbfe-7b4a-438e-8e29-cb1a6599e176","height":13,"num_floors":4,"class":"building","areaM2":208,"sourceTile":"tile_0_2","sourceFeatureCount":38153,"heightEstimated":true},"geometry":{"type":"Polygon","coordinates":[[[114.352207,30.450612],[114.352627,30.450388],[114.35266,30.450464],[114.352207,30.450612]]]}},{"type":"Feature","id":"3b3976b3-7416-406f-80f5-9fe4fc0a8206","properties":{"id":"3b3976b3-7416-406f-80f5-9fe4fc0a8206","height":10,"num_floors":3,"class":"building","areaM2":18,"sourceTile":"tile_0_2","sourceFeatureCount":38153,"heightEstimated":true},"geometry":{"type":"Polygon","coordinates":[[[114.351893,30.462793],[114.351857,30.462863],[114.351835,30.462813],[114.351893,30.462793]]]}},{"type":"Feature","id":"a56b3e8a-2bce-4270-b3fa-73d5dc932cc9","properties":{"id":"a56b3e8a-2bce-4270-b3fa-73d5dc932cc9","height":102,"num_floors":32,"class":"library","areaM2":10102,"sourceTile":"tile_0_2","sourceFeatureCount":38153,"heightEstimated":true},"geometry":{"type":"Polygon","coordinates":[[[114.352329,30.473235],[114.352324,30.47359],[114.35164,30.473594],[114.351646,30.4741],[114.350699,30.474108],[114.350692,30.473375],[114.352329,30.473235]]]}},{"type":"Feature","id":"91c8fcf6-3c52-485c-b3d7-31f0f9710135","properties":{"id":"91c8fcf6-3c52-485c-b3d7-31f0f9710135","height":89,"num_floors":28,"class":"university","areaM2":9690,"sourceTile":"tile_0_2","sourceFeatureCount":38153,"heightEstimated":true},"geometry":{"type":"Polygon","coordinates":[[[114.35476,30.473619],[114.354749,30.473011],[114.354427,30.473013],[114.354432,30.472774],[114.355534,30.472774],[114.355542,30.473804],[114.354433,30.473804],[114.35476,30.473619]],[[114.354836,30.473085],[114.355359,30.473082],[114.35536,30.472991],[114.3549,30.472915],[114.354836,30.473085]],[[114.355398,30.473403],[114.355401,30.4732],[114.354907,30.473197],[114.354911,30.473401],[114.355398,30.473403]],[[114.354832,30.473519],[114.355297,30.473687],[114.355347,30.473523],[114.354832,30.473519]]]}},{"type":"Feature","id":"869a345e-ca09-47bd-b39a-84ebf4e9a10d","properties":{"id":"869a345e-ca09-47bd-b39a-84ebf4e9a10d","height":97,"num_floors":30,"class":"university","areaM2":10352,"sourceTile":"tile_0_2","sourceFeatureCount":38153,"heightEstimated":true},"geometry":{"type":"Polygon","coordinates":[[[114.353901,30.474108],[114.353598,30.474451],[114.353907,30.474451],[114.353907,30.474691],[114.35355,30.474696],[114.353828,30.47503],[114.353279,30.475036],[114.353499,30.474696],[114.35285,30.474696],[114.352842,30.473778],[114.353899,30.473761],[114.353608,30.474113],[114.353901,30.474108]],[[114.353056,30.474227],[114.353555,30.474227],[114.353554,30.474],[114.353058,30.474],[114.353056,30.474227]],[[114.353551,30.474337],[114.353056,30.474337],[114.353054,30.474564],[114.353553,30.474564],[114.353551,30.474337]]]}},{"type":"Feature","id":"87121335-3ce1-4071-896d-076ba6aa391a","properties":{"id":"87121335-3ce1-4071-896d-076ba6aa391a","height":24,"num_floors":8,"class":"building","areaM2":318,"sourceTile":"tile_0_2","sourceFeatureCount":38153,"heightEstimated":true},"geometry":{"type":"Polygon","coordinates":[[[114.356448,30.478881],[114.355838,30.478791],[114.356446,30.478782],[114.356448,30.478881]]]}},{"type":"Feature","id":"32efb269-c93d-44a5-b1ba-d76441355b12","properties":{"id":"32efb269-c93d-44a5-b1ba-d76441355b12","height":23,"num_floors":7,"class":"building","areaM2":118,"sourceTile":"tile_0_2","sourceFeatureCount":38153,"heightEstimated":true},"geometry":{"type":"Polygon","coordinates":[[[114.355683,30.462854],[114.355502,30.463013],[114.355464,30.462925],[114.355683,30.462854]]]}},{"type":"Feature","id":"71eced4b-0c74-4977-a609-17b0eb322870","properties":{"id":"71eced4b-0c74-4977-a609-17b0eb322870","height":26,"num_floors":8,"class":"building","areaM2":107,"sourceTile":"tile_0_2","sourceFeatureCount":38153,"heightEstimated":true},"geometry":{"type":"Polygon","coordinates":[[[114.357226,30.416927],[114.357446,30.416909],[114.357377,30.417007],[114.357226,30.416927]]]}},{"type":"Feature","id":"50d0860e-b87f-4f70-8cf6-d98e8c472d67","properties":{"id":"50d0860e-b87f-4f70-8cf6-d98e8c472d67","height":30,"num_floors":9,"class":"building","areaM2":102,"sourceTile":"tile_0_2","sourceFeatureCount":38153,"heightEstimated":true},"geometry":{"type":"Polygon","coordinates":[[[114.356758,30.407508],[114.356907,30.407638],[114.356753,30.407633],[114.356758,30.407508]]]}},{"type":"Feature","id":"6586a4e3-f506-4930-b9a3-42dcf3cd37e4","properties":{"id":"6586a4e3-f506-4930-b9a3-42dcf3cd37e4","height":104,"num_floors":33,"class":"building","areaM2":12621,"sourceTile":"tile_0_2","sourceFeatureCount":38153,"heightEstimated":true},"geometry":{"type":"Polygon","coordinates":[[[114.359209,30.403112],[114.358961,30.402514],[114.360721,30.401964],[114.36097,30.402562],[114.359209,30.403112]]]}},{"type":"Feature","id":"08e56e95-7c5a-45f2-ae88-cf71c3a0a12f","properties":{"id":"08e56e95-7c5a-45f2-ae88-cf71c3a0a12f","height":124,"num_floors":39,"class":"building","areaM2":17599,"sourceTile":"tile_0_2","sourceFeatureCount":38153,"heightEstimated":true},"geometry":{"type":"Polygon","coordinates":[[[114.361383,30.403557],[114.359608,30.404111],[114.359264,30.403285],[114.36104,30.40273],[114.361383,30.403557]]]}},{"type":"Feature","id":"c3735f77-c8a5-4f4d-80ae-a5e14910bc88","properties":{"id":"c3735f77-c8a5-4f4d-80ae-a5e14910bc88","height":35,"num_floors":11,"class":"building","areaM2":111,"sourceTile":"tile_0_2","sourceFeatureCount":38153,"heightEstimated":true},"geometry":{"type":"Polygon","coordinates":[[[114.35826,30.415275],[114.358464,30.41535],[114.35834,30.415406],[114.35826,30.415275]]]}},{"type":"Feature","id":"ddec5be3-d912-4b92-9bd9-ffc855e2ce6e","properties":{"id":"ddec5be3-d912-4b92-9bd9-ffc855e2ce6e","height":8,"num_floors":3,"class":"building","areaM2":101,"sourceTile":"tile_0_2","sourceFeatureCount":38153,"heightEstimated":true},"geometry":{"type":"Polygon","coordinates":[[[114.363233,30.412944],[114.363524,30.412943],[114.363254,30.413009],[114.363233,30.412944]]]}},{"type":"Feature","id":"a8a85dc1-47ac-4b95-b800-7c4103f1bef2","properties":{"id":"a8a85dc1-47ac-4b95-b800-7c4103f1bef2","height":120,"num_floors":38,"class":"building","areaM2":16129,"sourceTile":"tile_0_2","sourceFeatureCount":38153,"heightEstimated":true},"geometry":{"type":"Polygon","coordinates":[[[114.363492,30.407418],[114.365489,30.406797],[114.365768,30.407457],[114.363783,30.408104],[114.363492,30.407418]]]}},{"type":"Feature","id":"f9cbcfc8-5ffa-4c6b-8776-ef0aa2893a01","properties":{"id":"f9cbcfc8-5ffa-4c6b-8776-ef0aa2893a01","height":100,"num_floors":31,"class":"building","areaM2":13694,"sourceTile":"tile_0_2","sourceFeatureCount":38153,"heightEstimated":true},"geometry":{"type":"Polygon","coordinates":[[[114.364953,30.405481],[114.365189,30.406054],[114.363191,30.406672],[114.362955,30.406099],[114.364953,30.405481]]]}},{"type":"Feature","id":"8668a491-0d77-4a7e-bdd6-6324ccf5524c","properties":{"id":"8668a491-0d77-4a7e-bdd6-6324ccf5524c","height":10,"num_floors":3,"class":"building","areaM2":78,"sourceTile":"tile_0_2","sourceFeatureCount":38153,"heightEstimated":true},"geometry":{"type":"Polygon","coordinates":[[[114.367387,30.403344],[114.367278,30.403209],[114.367388,30.40321],[114.367387,30.403344]]]}},{"type":"Feature","id":"fac4543a-fbdd-48f3-a2c9-256c3e457aaf","properties":{"id":"fac4543a-fbdd-48f3-a2c9-256c3e457aaf","height":13,"num_floors":4,"class":"building","areaM2":54,"sourceTile":"tile_0_2","sourceFeatureCount":38153,"heightEstimated":true},"geometry":{"type":"Polygon","coordinates":[[[114.372961,30.408135],[114.373146,30.408108],[114.373134,30.408164],[114.372961,30.408135]]]}},{"type":"Feature","id":"91aa2e99-6dad-4643-a967-6ceb207bae96","properties":{"id":"91aa2e99-6dad-4643-a967-6ceb207bae96","height":110,"num_floors":34,"class":"building","areaM2":23440,"sourceTile":"tile_0_2","sourceFeatureCount":38153,"heightEstimated":true},"geometry":{"type":"Polygon","coordinates":[[[114.373397,30.415515],[114.37129,30.41553],[114.37128,30.414431],[114.373387,30.414473],[114.372925,30.414639],[114.373389,30.414674],[114.373397,30.415515]]]}},{"type":"Feature","id":"13107bba-ec88-49c5-b628-2434267562cd","properties":{"id":"13107bba-ec88-49c5-b628-2434267562cd","height":19,"num_floors":6,"class":"building","areaM2":84,"sourceTile":"tile_0_2","sourceFeatureCount":38153,"heightEstimated":true},"geometry":{"type":"Polygon","coordinates":[[[114.365924,30.414583],[114.365755,30.414673],[114.365758,30.414578],[114.365924,30.414583]]]}},{"type":"Feature","id":"bfade0f5-f237-41e6-a72c-45430f8d6dc9","properties":{"id":"bfade0f5-f237-41e6-a72c-45430f8d6dc9","height":20,"num_floors":6,"class":"building","areaM2":28,"sourceTile":"tile_0_2","sourceFeatureCount":38153,"heightEstimated":true},"geometry":{"type":"Polygon","coordinates":[[[114.370055,30.420538],[114.369968,30.420479],[114.370045,30.420471],[114.370055,30.420538]]]}},{"type":"Feature","id":"5ba3743c-64dc-4338-be4c-6b106cd2934e","properties":{"id":"5ba3743c-64dc-4338-be4c-6b106cd2934e","height":23,"num_floors":7,"class":"building","areaM2":16,"sourceTile":"tile_0_2","sourceFeatureCount":38153,"heightEstimated":true},"geometry":{"type":"Polygon","coordinates":[[[114.360666,30.416832],[114.360749,30.416804],[114.360742,30.416842],[114.360666,30.416832]]]}},{"type":"Feature","id":"3b5a65cd-f466-44b9-be2f-6830f53ef556","properties":{"id":"3b5a65cd-f466-44b9-be2f-6830f53ef556","height":27,"num_floors":8,"class":"building","areaM2":13,"sourceTile":"tile_0_2","sourceFeatureCount":38153,"heightEstimated":true},"geometry":{"type":"Polygon","coordinates":[[[114.365664,30.454411],[114.365578,30.454444],[114.365576,30.454415],[114.365664,30.454411]]]}},{"type":"Feature","id":"3f9d3c24-6629-4ca1-b916-f0ea24432155","properties":{"id":"3f9d3c24-6629-4ca1-b916-f0ea24432155","height":113,"num_floors":35,"class":"building","areaM2":13469,"sourceTile":"tile_0_2","sourceFeatureCount":38153,"heightEstimated":true},"geometry":{"type":"Polygon","coordinates":[[[114.362574,30.463712],[114.360769,30.463552],[114.361277,30.462828],[114.362632,30.462865],[114.362574,30.463712]]]}},{"type":"Feature","id":"ad642baa-44bb-4c1c-bf60-2bce4de31797","properties":{"id":"ad642baa-44bb-4c1c-bf60-2bce4de31797","height":32,"num_floors":10,"class":"building","areaM2":37,"sourceTile":"tile_0_2","sourceFeatureCount":38153,"heightEstimated":true},"geometry":{"type":"Polygon","coordinates":[[[114.360149,30.463742],[114.360286,30.463728],[114.360262,30.463781],[114.360149,30.463742]]]}},{"type":"Feature","id":"4a2fb1d4-08ef-4cf4-bda1-f945b5ab74c7","properties":{"id":"4a2fb1d4-08ef-4cf4-bda1-f945b5ab74c7","height":21,"num_floors":7,"class":"building","areaM2":794,"sourceTile":"tile_0_2","sourceFeatureCount":38153,"heightEstimated":true},"geometry":{"type":"Polygon","coordinates":[[[114.36712,30.467692],[114.367785,30.467969],[114.36686,30.467809],[114.36712,30.467692]]]}},{"type":"Feature","id":"e2c7d410-77ed-47bc-982f-6e75a109b18e","properties":{"id":"e2c7d410-77ed-47bc-982f-6e75a109b18e","height":14,"num_floors":3,"class":"building","areaM2":174,"sourceTile":"tile_0_2","sourceFeatureCount":38153,"heightEstimated":true},"geometry":{"type":"Polygon","coordinates":[[[114.371819,30.470296],[114.371539,30.470415],[114.371538,30.470298],[114.371819,30.470296]]]}},{"type":"Feature","id":"ef46b905-24df-48f0-9c87-7ac182e6c2db","properties":{"id":"ef46b905-24df-48f0-9c87-7ac182e6c2db","height":17,"num_floors":5,"class":"building","areaM2":118,"sourceTile":"tile_0_2","sourceFeatureCount":38153,"heightEstimated":true},"geometry":{"type":"Polygon","coordinates":[[[114.373177,30.452555],[114.373011,30.45269],[114.37301,30.452557],[114.373177,30.452555]]]}},{"type":"Feature","id":"70aba5cc-6b8e-4328-82d2-267a24615bf4","properties":{"id":"70aba5cc-6b8e-4328-82d2-267a24615bf4","height":27,"num_floors":8,"class":"building","areaM2":391,"sourceTile":"tile_0_2","sourceFeatureCount":38153,"heightEstimated":true},"geometry":{"type":"Polygon","coordinates":[[[114.366661,30.460176],[114.367065,30.460411],[114.366625,30.460338],[114.366661,30.460176]]]}},{"type":"Feature","id":"3286819f-27de-4614-b58a-2667d7e07193","properties":{"id":"3286819f-27de-4614-b58a-2667d7e07193","height":24,"num_floors":8,"class":"building","areaM2":102,"sourceTile":"tile_0_2","sourceFeatureCount":38153,"heightEstimated":true},"geometry":{"type":"Polygon","coordinates":[[[114.368915,30.452737],[114.36881,30.452896],[114.368763,30.452783],[114.368915,30.452737]]]}},{"type":"Feature","id":"8d438881-39bd-42db-a88a-100738d6e85a","properties":{"id":"8d438881-39bd-42db-a88a-100738d6e85a","height":28,"num_floors":9,"class":"building","areaM2":92,"sourceTile":"tile_0_2","sourceFeatureCount":38153,"heightEstimated":true},"geometry":{"type":"Polygon","coordinates":[[[114.367963,30.440967],[114.368074,30.441111],[114.367935,30.441087],[114.367963,30.440967]]]}},{"type":"Feature","id":"5c68e41e-4ea7-4ccb-98c0-e9e29c412d3f","properties":{"id":"5c68e41e-4ea7-4ccb-98c0-e9e29c412d3f","height":34,"num_floors":11,"class":"building","areaM2":163,"sourceTile":"tile_0_2","sourceFeatureCount":38153,"heightEstimated":true},"geometry":{"type":"Polygon","coordinates":[[[114.371565,30.449237],[114.371711,30.449432],[114.371534,30.449408],[114.371565,30.449237]]]}},{"type":"Feature","id":"edb8d5c8-b948-4ef0-9516-71ae34adc00a","properties":{"id":"edb8d5c8-b948-4ef0-9516-71ae34adc00a","height":37,"num_floors":12,"class":"building","areaM2":118,"sourceTile":"tile_0_2","sourceFeatureCount":38153,"heightEstimated":true},"geometry":{"type":"Polygon","coordinates":[[[114.37352,30.450955],[114.373353,30.451089],[114.373352,30.450957],[114.37352,30.450955]]]}},{"type":"Feature","id":"c5201ce1-c7a5-48cf-ad2b-8bfa081b7e39","properties":{"id":"c5201ce1-c7a5-48cf-ad2b-8bfa081b7e39","height":10,"num_floors":3,"class":"building","areaM2":121,"sourceTile":"tile_0_2","sourceFeatureCount":38153,"heightEstimated":true},"geometry":{"type":"Polygon","coordinates":[[[114.379866,30.444997],[114.380159,30.44496],[114.379908,30.445069],[114.379866,30.444997]]]}},{"type":"Feature","id":"a3a0431d-3635-488f-bdf6-f13858dcee33","properties":{"id":"a3a0431d-3635-488f-bdf6-f13858dcee33","height":33,"num_floors":10,"class":"building","areaM2":1429,"sourceTile":"tile_0_2","sourceFeatureCount":38153,"heightEstimated":true},"geometry":{"type":"Polygon","coordinates":[[[114.377011,30.461914],[114.377447,30.46196],[114.377404,30.462264],[114.376969,30.462219],[114.377011,30.461914]]]}},{"type":"Feature","id":"5bd5f1b8-e640-4e8e-bfc4-3be286e84377","properties":{"id":"5bd5f1b8-e640-4e8e-bfc4-3be286e84377","height":18,"num_floors":6,"class":"building","areaM2":110,"sourceTile":"tile_0_2","sourceFeatureCount":38153,"heightEstimated":true},"geometry":{"type":"Polygon","coordinates":[[[114.374827,30.465801],[114.374558,30.465858],[114.374567,30.46578],[114.374827,30.465801]]]}},{"type":"Feature","id":"ba7480ff-1b2b-434a-8344-e690a0835650","properties":{"id":"ba7480ff-1b2b-434a-8344-e690a0835650","height":79,"num_floors":25,"class":"school","areaM2":10453,"sourceTile":"tile_0_2","sourceFeatureCount":38153,"heightEstimated":true},"geometry":{"type":"Polygon","coordinates":[[[114.377398,30.4757],[114.377426,30.476323],[114.378002,30.476424],[114.37799,30.476752],[114.376635,30.476744],[114.376604,30.476516],[114.377103,30.476353],[114.376596,30.476353],[114.376613,30.475983],[114.377106,30.476149],[114.377105,30.475928],[114.376647,30.475927],[114.376627,30.475594],[114.377398,30.4757]]]}},{"type":"Feature","id":"70d8885b-add4-4836-96bc-8226ad5efb0e","properties":{"id":"70d8885b-add4-4836-96bc-8226ad5efb0e","height":22,"num_floors":7,"class":"building","areaM2":131,"sourceTile":"tile_0_2","sourceFeatureCount":38153,"heightEstimated":true},"geometry":{"type":"Polygon","coordinates":[[[114.378193,30.478353],[114.377968,30.478265],[114.378168,30.478233],[114.378193,30.478353]]]}},{"type":"Feature","id":"aaf2bb58-3b87-47e9-941b-d827bfe36eff","properties":{"id":"aaf2bb58-3b87-47e9-941b-d827bfe36eff","height":99,"num_floors":31,"class":"apartments","areaM2":9828,"sourceTile":"tile_0_2","sourceFeatureCount":38153,"heightEstimated":true},"geometry":{"type":"Polygon","coordinates":[[[114.379938,30.478809],[114.380879,30.478843],[114.381198,30.479587],[114.379729,30.479603],[114.379938,30.478809]],[[114.379975,30.479406],[114.380348,30.479402],[114.380334,30.479004],[114.38004,30.479008],[114.379975,30.479406]],[[114.380786,30.479001],[114.38072,30.479434],[114.381064,30.479434],[114.380786,30.479001]]]}},{"type":"Feature","id":"65d4d591-4a5e-46d7-9eda-9364b88d7b69","properties":{"id":"65d4d591-4a5e-46d7-9eda-9364b88d7b69","height":21,"num_floors":7,"class":"building","areaM2":6,"sourceTile":"tile_0_2","sourceFeatureCount":38153,"heightEstimated":true},"geometry":{"type":"Polygon","coordinates":[[[114.380257,30.472693],[114.3802,30.472708],[114.380202,30.472689],[114.380257,30.472693]]]}},{"type":"Feature","id":"efbd0acd-eca2-4bea-8631-ee74d1e2350e","properties":{"id":"efbd0acd-eca2-4bea-8631-ee74d1e2350e","height":61,"num_floors":19,"class":"building","areaM2":2893,"sourceTile":"tile_0_2","sourceFeatureCount":38153,"heightEstimated":true},"geometry":{"type":"Polygon","coordinates":[[[114.384056,30.473347],[114.38362,30.47333],[114.383652,30.472698],[114.384075,30.47271],[114.384056,30.473347]]]}},{"type":"Feature","id":"f6026a23-76dd-42c2-8e66-3d37d0704bba","properties":{"id":"f6026a23-76dd-42c2-8e66-3d37d0704bba","height":53,"num_floors":17,"class":"building","areaM2":1410,"sourceTile":"tile_0_2","sourceFeatureCount":38153,"heightEstimated":true},"geometry":{"type":"Polygon","coordinates":[[[114.385798,30.485215],[114.385817,30.484872],[114.386203,30.484887],[114.386184,30.485231],[114.385798,30.485215]]]}},{"type":"Feature","id":"24e1b857-22d1-4fc0-ab03-b9a805225ae3","properties":{"id":"24e1b857-22d1-4fc0-ab03-b9a805225ae3","height":100,"num_floors":31,"class":"apartments","areaM2":17119,"sourceTile":"tile_0_2","sourceFeatureCount":38153,"heightEstimated":true},"geometry":{"type":"Polygon","coordinates":[[[114.38879,30.482058],[114.384022,30.481928],[114.384006,30.481632],[114.387996,30.481651],[114.388769,30.48178],[114.38879,30.482058]]]}},{"type":"Feature","id":"610ab8e6-d3ce-4e83-8a81-e656be6ad894","properties":{"id":"610ab8e6-d3ce-4e83-8a81-e656be6ad894","height":35,"num_floors":11,"class":"building","areaM2":52,"sourceTile":"tile_0_2","sourceFeatureCount":38153,"heightEstimated":true},"geometry":{"type":"Polygon","coordinates":[[[114.384895,30.459876],[114.385,30.45997],[114.384895,30.459969],[114.384895,30.459876]]]}},{"type":"Feature","id":"8a8df636-3a58-46e9-baec-1d9ea1efae95","properties":{"id":"8a8df636-3a58-46e9-baec-1d9ea1efae95","height":97,"num_floors":30,"class":"building","areaM2":10064,"sourceTile":"tile_0_2","sourceFeatureCount":38153,"heightEstimated":true},"geometry":{"type":"Polygon","coordinates":[[[114.381833,30.450486],[114.381538,30.45085],[114.381269,30.450015],[114.381733,30.45019],[114.382219,30.449798],[114.381991,30.45029],[114.382729,30.45029],[114.382956,30.451017],[114.383557,30.451307],[114.382413,30.451671],[114.382343,30.451441],[114.382938,30.451192],[114.382607,30.450572],[114.381833,30.450486]]]}},{"type":"Feature","id":"d1bc3848-ce30-40a2-86ef-c42ffff71a40","properties":{"id":"d1bc3848-ce30-40a2-86ef-c42ffff71a40","height":93,"num_floors":29,"class":"building","areaM2":11386,"sourceTile":"tile_0_2","sourceFeatureCount":38153,"heightEstimated":true},"geometry":{"type":"Polygon","coordinates":[[[114.385976,30.446786],[114.385674,30.447221],[114.383859,30.446281],[114.384162,30.445846],[114.385976,30.446786]]]}},{"type":"Feature","id":"fb40a578-9463-4f7d-8df3-89e2a577e75c","properties":{"id":"fb40a578-9463-4f7d-8df3-89e2a577e75c","height":8,"num_floors":3,"class":"building","areaM2":5,"sourceTile":"tile_0_2","sourceFeatureCount":38153,"heightEstimated":true},"geometry":{"type":"Polygon","coordinates":[[[114.388007,30.446338],[114.388045,30.446306],[114.388039,30.446334],[114.388007,30.446338]]]}},{"type":"Feature","id":"dbe65db5-c928-43e3-b705-5198061a9a4a","properties":{"id":"dbe65db5-c928-43e3-b705-5198061a9a4a","height":12,"num_floors":4,"class":"building","areaM2":49,"sourceTile":"tile_0_2","sourceFeatureCount":38153,"heightEstimated":true},"geometry":{"type":"Polygon","coordinates":[[[114.384403,30.433796],[114.384405,30.433954],[114.384345,30.433815],[114.384403,30.433796]]]}},{"type":"Feature","id":"f88f2ecf-d501-40c7-b37d-8a6270e49aa5","properties":{"id":"f88f2ecf-d501-40c7-b37d-8a6270e49aa5","height":113,"num_floors":35,"class":"building","areaM2":14102,"sourceTile":"tile_0_2","sourceFeatureCount":38153,"heightEstimated":true},"geometry":{"type":"Polygon","coordinates":[[[114.376972,30.438345],[114.376403,30.437497],[114.378119,30.43734],[114.378234,30.43821],[114.376972,30.438345]]]}},{"type":"Feature","id":"03799e88-855f-4ad8-a44d-5ad5307b53fb","properties":{"id":"03799e88-855f-4ad8-a44d-5ad5307b53fb","height":143,"num_floors":45,"class":"building","areaM2":32307,"sourceTile":"tile_0_2","sourceFeatureCount":38153,"heightEstimated":true},"geometry":{"type":"Polygon","coordinates":[[[114.376403,30.437497],[114.375743,30.435502],[114.376097,30.435308],[114.376226,30.435696],[114.377528,30.43602],[114.378011,30.436344],[114.378119,30.43734],[114.376403,30.437497]]]}},{"type":"Feature","id":"d1101dfb-8bbb-415d-bc8f-18ad11d2c35c","properties":{"id":"d1101dfb-8bbb-415d-bc8f-18ad11d2c35c","height":20,"num_floors":6,"class":"building","areaM2":157,"sourceTile":"tile_0_2","sourceFeatureCount":38153,"heightEstimated":true},"geometry":{"type":"Polygon","coordinates":[[[114.376216,30.41318],[114.376546,30.413165],[114.376257,30.413267],[114.376216,30.41318]]]}},{"type":"Feature","id":"8e42516f-eb5d-458e-8df8-541de2a9a663","properties":{"id":"8e42516f-eb5d-458e-8df8-541de2a9a663","height":35,"num_floors":11,"class":"building","areaM2":762,"sourceTile":"tile_0_2","sourceFeatureCount":38153,"heightEstimated":true},"geometry":{"type":"Polygon","coordinates":[[[114.37395,30.403144],[114.374393,30.403378],[114.373699,30.403336],[114.37395,30.403144]]]}},{"type":"Feature","id":"aff33909-89ad-4e08-982f-9d97604e5520","properties":{"id":"aff33909-89ad-4e08-982f-9d97604e5520","height":164,"num_floors":51,"class":"building","areaM2":49336,"sourceTile":"tile_0_2","sourceFeatureCount":38153,"heightEstimated":true},"geometry":{"type":"Polygon","coordinates":[[[114.391069,30.408251],[114.390403,30.408829],[114.389026,30.408733],[114.388476,30.40807],[114.388547,30.407257],[114.389206,30.406672],[114.390318,30.406635],[114.39115,30.407439],[114.391069,30.408251]]]}},{"type":"Feature","id":"e3dc28a2-64b7-4c3b-b9d9-102da4ceb447","properties":{"id":"e3dc28a2-64b7-4c3b-b9d9-102da4ceb447","height":24,"num_floors":8,"class":"building","areaM2":55,"sourceTile":"tile_0_2","sourceFeatureCount":38153,"heightEstimated":true},"geometry":{"type":"Polygon","coordinates":[[[114.400246,30.410068],[114.400243,30.410202],[114.400167,30.410134],[114.400246,30.410068]]]}},{"type":"Feature","id":"24370005-b6bf-46ce-b51a-c5f25ac00213","properties":{"id":"24370005-b6bf-46ce-b51a-c5f25ac00213","height":27,"num_floors":8,"class":"building","areaM2":31,"sourceTile":"tile_0_2","sourceFeatureCount":38153,"heightEstimated":true},"geometry":{"type":"Polygon","coordinates":[[[114.402158,30.409751],[114.402037,30.409723],[114.402142,30.409699],[114.402158,30.409751]]]}},{"type":"Feature","id":"31d9de6a-98cf-44f6-bdda-77ace60d133c","properties":{"id":"31d9de6a-98cf-44f6-bdda-77ace60d133c","height":33,"num_floors":10,"class":"building","areaM2":67,"sourceTile":"tile_0_2","sourceFeatureCount":38153,"heightEstimated":true},"geometry":{"type":"Polygon","coordinates":[[[114.399776,30.411966],[114.399879,30.411836],[114.399918,30.41191],[114.399776,30.411966]]]}},{"type":"Feature","id":"d326e7bb-d187-4d96-a81b-df7c3998793c","properties":{"id":"d326e7bb-d187-4d96-a81b-df7c3998793c","height":12,"num_floors":4,"class":"building","areaM2":266,"sourceTile":"tile_0_2","sourceFeatureCount":38153,"heightEstimated":true},"geometry":{"type":"Polygon","coordinates":[[[114.399818,30.428925],[114.400301,30.428713],[114.40033,30.428804],[114.399818,30.428925]]]}},{"type":"Feature","id":"07214989-1eb5-413f-961b-851f2f4bc48b","properties":{"id":"07214989-1eb5-413f-961b-851f2f4bc48b","height":17,"num_floors":5,"class":"building","areaM2":308,"sourceTile":"tile_0_2","sourceFeatureCount":38153,"heightEstimated":true},"geometry":{"type":"Polygon","coordinates":[[[114.39002,30.438255],[114.38966,30.438542],[114.389598,30.43843],[114.39002,30.438255]]]}},{"type":"Feature","id":"1690aaae-01da-4700-a402-d8b643dce4d0","properties":{"id":"1690aaae-01da-4700-a402-d8b643dce4d0","height":87,"num_floors":27,"class":"building","areaM2":10267,"sourceTile":"tile_0_2","sourceFeatureCount":38153,"heightEstimated":true},"geometry":{"type":"Polygon","coordinates":[[[114.39026,30.446038],[114.389662,30.446529],[114.388724,30.445682],[114.389322,30.44519],[114.39026,30.446038]]]}},{"type":"Feature","id":"fdaafe13-443a-438c-ba4e-0d7eb9f3b627","properties":{"id":"fdaafe13-443a-438c-ba4e-0d7eb9f3b627","height":107,"num_floors":33,"class":"building","areaM2":19250,"sourceTile":"tile_0_2","sourceFeatureCount":38153,"heightEstimated":true},"geometry":{"type":"Polygon","coordinates":[[[114.388167,30.452134],[114.387272,30.451288],[114.387555,30.451228],[114.387708,30.451567],[114.387775,30.451141],[114.389078,30.450285],[114.389426,30.450608],[114.38979,30.450366],[114.390102,30.450723],[114.387956,30.451887],[114.388167,30.452134]]]}},{"type":"Feature","id":"f448faed-94bd-43db-afc8-23118accad0d","properties":{"id":"f448faed-94bd-43db-afc8-23118accad0d","height":90,"num_floors":28,"class":"building","areaM2":9525,"sourceTile":"tile_0_2","sourceFeatureCount":38153,"heightEstimated":true},"geometry":{"type":"Polygon","coordinates":[[[114.391409,30.441594],[114.391145,30.441816],[114.390161,30.440942],[114.390836,30.440514],[114.391635,30.441224],[114.391263,30.441464],[114.391409,30.441594]]]}},{"type":"Feature","id":"74e324d7-c859-4a69-8803-1b232305ebbf","properties":{"id":"74e324d7-c859-4a69-8803-1b232305ebbf","height":13,"num_floors":4,"class":"building","areaM2":41,"sourceTile":"tile_0_2","sourceFeatureCount":38153,"heightEstimated":true},"geometry":{"type":"Polygon","coordinates":[[[114.393674,30.456683],[114.393805,30.456704],[114.393729,30.45675],[114.393674,30.456683]]]}},{"type":"Feature","id":"5e78b7a6-116a-4f01-8443-b40b8ab89ecf","properties":{"id":"5e78b7a6-116a-4f01-8443-b40b8ab89ecf","height":20,"num_floors":6,"class":"building","areaM2":122,"sourceTile":"tile_0_2","sourceFeatureCount":38153,"heightEstimated":true},"geometry":{"type":"Polygon","coordinates":[[[114.390579,30.45168],[114.390601,30.451897],[114.390479,30.451736],[114.390579,30.45168]]]}},{"type":"Feature","id":"03db59db-18ee-4f65-b229-7c57fd5d4abf","properties":{"id":"03db59db-18ee-4f65-b229-7c57fd5d4abf","height":117,"num_floors":37,"class":"building","areaM2":14820,"sourceTile":"tile_0_2","sourceFeatureCount":38153,"heightEstimated":true},"geometry":{"type":"Polygon","coordinates":[[[114.392025,30.45497],[114.39066,30.455754],[114.390112,30.455045],[114.391477,30.454261],[114.392025,30.45497]]]}},{"type":"Feature","id":"9c083375-abbc-49c4-aa9a-79a5200ad7e6","properties":{"id":"9c083375-abbc-49c4-aa9a-79a5200ad7e6","height":97,"num_floors":30,"class":"building","areaM2":11577,"sourceTile":"tile_0_2","sourceFeatureCount":38153,"heightEstimated":true},"geometry":{"type":"Polygon","coordinates":[[[114.390237,30.455895],[114.388782,30.456546],[114.38862,30.456277],[114.389077,30.456073],[114.388957,30.455686],[114.389458,30.455461],[114.389255,30.455125],[114.389664,30.454942],[114.390237,30.455895]]]}},{"type":"Feature","id":"9ab7fd89-f666-4c36-90c6-a603b4292d45","properties":{"id":"9ab7fd89-f666-4c36-90c6-a603b4292d45","height":23,"num_floors":7,"class":"building","areaM2":85,"sourceTile":"tile_0_2","sourceFeatureCount":38153,"heightEstimated":true},"geometry":{"type":"Polygon","coordinates":[[[114.391074,30.474585],[114.391097,30.474847],[114.391014,30.474601],[114.391074,30.474585]]]}},{"type":"Feature","id":"6524e4e3-8824-4797-af2e-77cddeba652b","properties":{"id":"6524e4e3-8824-4797-af2e-77cddeba652b","height":73,"num_floors":23,"class":"building","areaM2":10230,"sourceTile":"tile_0_2","sourceFeatureCount":38153,"heightEstimated":true},"geometry":{"type":"Polygon","coordinates":[[[114.390612,30.47441],[114.390353,30.474465],[114.389453,30.47132],[114.388756,30.471468],[114.3887,30.471273],[114.389715,30.471271],[114.390612,30.47441]]]}},{"type":"Feature","id":"700d373a-c449-448a-a188-cc9d23c9ee2f","properties":{"id":"700d373a-c449-448a-a188-cc9d23c9ee2f","height":168,"num_floors":53,"class":"building","areaM2":42368,"sourceTile":"tile_0_2","sourceFeatureCount":38153,"heightEstimated":true},"geometry":{"type":"Polygon","coordinates":[[[114.388115,30.473199],[114.387707,30.471834],[114.389318,30.471531],[114.39005,30.473981],[114.388378,30.474352],[114.388061,30.47329],[114.388923,30.473098],[114.389219,30.473367],[114.389304,30.472663],[114.388115,30.473199]]]}},{"type":"Feature","id":"484c2c5b-e8d5-4830-ad0b-1a79c7509f02","properties":{"id":"484c2c5b-e8d5-4830-ad0b-1a79c7509f02","height":34,"num_floors":11,"class":"building","areaM2":357,"sourceTile":"tile_0_2","sourceFeatureCount":38153,"heightEstimated":true},"geometry":{"type":"Polygon","coordinates":[[[114.39305,30.475979],[114.39272,30.476184],[114.392718,30.475982],[114.39305,30.475979]]]}},{"type":"Feature","id":"10de177c-14bc-4f37-bda1-b342126108d8","properties":{"id":"10de177c-14bc-4f37-bda1-b342126108d8","height":112,"num_floors":35,"class":"building","areaM2":20634,"sourceTile":"tile_0_2","sourceFeatureCount":38153,"heightEstimated":true},"geometry":{"type":"Polygon","coordinates":[[[114.395921,30.470633],[114.393928,30.470634],[114.393927,30.469547],[114.39592,30.469768],[114.395921,30.470633]]]}},{"type":"Feature","id":"142dc7f0-d7ec-44ea-8494-552e39e231e0","properties":{"id":"142dc7f0-d7ec-44ea-8494-552e39e231e0","height":38,"num_floors":12,"class":"building","areaM2":383,"sourceTile":"tile_0_2","sourceFeatureCount":38153,"heightEstimated":true},"geometry":{"type":"Polygon","coordinates":[[[114.393773,30.473205],[114.394201,30.473534],[114.393706,30.473322],[114.393773,30.473205]]]}},{"type":"Feature","id":"985a6826-0bd3-43a6-9e01-7762dab1fcc2","properties":{"id":"985a6826-0bd3-43a6-9e01-7762dab1fcc2","height":142,"num_floors":44,"class":"building","areaM2":34410,"sourceTile":"tile_0_2","sourceFeatureCount":38153,"heightEstimated":true},"geometry":{"type":"Polygon","coordinates":[[[114.3958,30.469046],[114.393607,30.469075],[114.393487,30.467504],[114.394291,30.467345],[114.394535,30.467707],[114.395545,30.467725],[114.395539,30.467974],[114.395825,30.467979],[114.3958,30.469046]]]}},{"type":"Feature","id":"18449e86-3151-494f-af2a-407930d617d1","properties":{"id":"18449e86-3151-494f-af2a-407930d617d1","height":84,"num_floors":26,"class":"building","areaM2":6106,"sourceTile":"tile_0_2","sourceFeatureCount":38153,"heightEstimated":true},"geometry":{"type":"Polygon","coordinates":[[[114.396951,30.47774],[114.396035,30.477709],[114.396791,30.477654],[114.396739,30.477322],[114.395993,30.477254],[114.396746,30.477183],[114.396706,30.476882],[114.396263,30.476992],[114.395917,30.476833],[114.396706,30.476754],[114.396652,30.476477],[114.395884,30.476409],[114.396394,30.476038],[114.396731,30.476221],[114.396951,30.47774]]]}},{"type":"Feature","id":"2cd93e11-85e2-4cc1-b051-560fa79115ff","properties":{"id":"2cd93e11-85e2-4cc1-b051-560fa79115ff","height":131,"num_floors":41,"class":"building","areaM2":19670,"sourceTile":"tile_0_2","sourceFeatureCount":38153,"heightEstimated":true},"geometry":{"type":"Polygon","coordinates":[[[114.397535,30.482723],[114.397535,30.483781],[114.395781,30.483781],[114.395781,30.482723],[114.397535,30.482723]]]}},{"type":"Feature","id":"fec7f959-21ff-4452-a4e4-32427f501ead","properties":{"id":"fec7f959-21ff-4452-a4e4-32427f501ead","height":95,"num_floors":30,"class":"building","areaM2":10161,"sourceTile":"tile_0_2","sourceFeatureCount":38153,"heightEstimated":true},"geometry":{"type":"Polygon","coordinates":[[[114.397458,30.484919],[114.397035,30.484931],[114.397584,30.484679],[114.397536,30.48428],[114.396181,30.484319],[114.396047,30.484085],[114.397696,30.484065],[114.397846,30.485468],[114.397079,30.485804],[114.397086,30.486163],[114.396355,30.486165],[114.39691,30.486003],[114.397083,30.48549],[114.397663,30.485253],[114.397458,30.484919]]]}},{"type":"Feature","id":"bcd7cd9b-0c13-4573-8a4a-dada88aa9c04","properties":{"id":"bcd7cd9b-0c13-4573-8a4a-dada88aa9c04","height":8,"num_floors":3,"class":"building","areaM2":4,"sourceTile":"tile_0_2","sourceFeatureCount":38153,"heightEstimated":true},"geometry":{"type":"Polygon","coordinates":[[[114.402598,30.486893],[114.402561,30.486921],[114.402561,30.486902],[114.402598,30.486893]]]}},{"type":"Feature","id":"44231919-58f1-47c3-b56e-853cde9e9878","properties":{"id":"44231919-58f1-47c3-b56e-853cde9e9878","height":15,"num_floors":5,"class":"residential","areaM2":10421,"sourceTile":"tile_0_2","sourceFeatureCount":38153,"heightEstimated":false},"geometry":{"type":"Polygon","coordinates":[[[114.404296,30.487262],[114.403085,30.487371],[114.402996,30.486506],[114.404203,30.486509],[114.404296,30.487262]]]}},{"type":"Feature","id":"f54fde9b-dec9-4607-899d-d403b22574c9","properties":{"id":"f54fde9b-dec9-4607-899d-d403b22574c9","height":96,"num_floors":30,"class":"building","areaM2":10876,"sourceTile":"tile_0_2","sourceFeatureCount":38153,"heightEstimated":true},"geometry":{"type":"Polygon","coordinates":[[[114.40247,30.468502],[114.400932,30.468403],[114.400971,30.468128],[114.40133,30.46823],[114.401325,30.467714],[114.402461,30.467573],[114.40247,30.468502]]]}},{"type":"Feature","id":"a3ab6f87-7654-47c1-b0b7-040aacdf63a9","properties":{"id":"a3ab6f87-7654-47c1-b0b7-040aacdf63a9","height":12,"num_floors":4,"class":"building","areaM2":101,"sourceTile":"tile_0_2","sourceFeatureCount":38153,"heightEstimated":true},"geometry":{"type":"Polygon","coordinates":[[[114.403297,30.459944],[114.403072,30.459923],[114.403139,30.459844],[114.403297,30.459944]]]}},{"type":"Feature","id":"dbbdddf7-db4a-4cd2-ac74-a969d3cbf7ab","properties":{"id":"dbbdddf7-db4a-4cd2-ac74-a969d3cbf7ab","height":35,"num_floors":11,"class":"building","areaM2":1292,"sourceTile":"tile_0_2","sourceFeatureCount":38153,"heightEstimated":true},"geometry":{"type":"Polygon","coordinates":[[[114.39801,30.457713],[114.397807,30.45783],[114.397485,30.457415],[114.397688,30.457298],[114.39801,30.457713]]]}},{"type":"Feature","id":"b1ec9a2b-2dc4-416d-a16a-1ee3bfaffbd3","properties":{"id":"b1ec9a2b-2dc4-416d-a16a-1ee3bfaffbd3","height":21,"num_floors":7,"class":"building","areaM2":135,"sourceTile":"tile_0_2","sourceFeatureCount":38153,"heightEstimated":true},"geometry":{"type":"Polygon","coordinates":[[[114.410061,30.459803],[114.409836,30.459935],[114.409955,30.459752],[114.410061,30.459803]]]}},{"type":"Feature","id":"0993e0fa-1342-438a-bbc4-796b5070b2d2","properties":{"id":"0993e0fa-1342-438a-bbc4-796b5070b2d2","height":24,"num_floors":8,"class":"building","areaM2":99,"sourceTile":"tile_0_2","sourceFeatureCount":38153,"heightEstimated":true},"geometry":{"type":"Polygon","coordinates":[[[114.405654,30.455216],[114.405438,30.455238],[114.405503,30.455146],[114.405654,30.455216]]]}},{"type":"Feature","id":"f13f4a63-212e-4a69-a4a8-e3e017e6a92c","properties":{"id":"f13f4a63-212e-4a69-a4a8-e3e017e6a92c","height":31,"num_floors":10,"class":"building","areaM2":186,"sourceTile":"tile_0_2","sourceFeatureCount":38153,"heightEstimated":true},"geometry":{"type":"Polygon","coordinates":[[[114.406783,30.472584],[114.406466,30.47272],[114.406453,30.472615],[114.406783,30.472584]]]}},{"type":"Feature","id":"6395a5a7-ebeb-40a4-9523-8e5073116083","properties":{"id":"6395a5a7-ebeb-40a4-9523-8e5073116083","height":152,"num_floors":48,"class":"building","areaM2":29828,"sourceTile":"tile_0_2","sourceFeatureCount":38153,"heightEstimated":true},"geometry":{"type":"Polygon","coordinates":[[[114.405616,30.481063],[114.404882,30.48113],[114.404763,30.48015],[114.4052,30.479923],[114.404726,30.479922],[114.404493,30.477966],[114.40492,30.477834],[114.404482,30.477877],[114.404442,30.477558],[114.405302,30.477478],[114.405616,30.481063]]]}},{"type":"Feature","id":"4dbca195-835a-4a57-a10a-33d8dccaeb6c","properties":{"id":"4dbca195-835a-4a57-a10a-33d8dccaeb6c","height":30,"num_floors":9,"class":"building","areaM2":45,"sourceTile":"tile_0_2","sourceFeatureCount":38153,"heightEstimated":true},"geometry":{"type":"Polygon","coordinates":[[[114.409406,30.480676],[114.409502,30.480766],[114.409414,30.480772],[114.409406,30.480676]]]}},{"type":"Feature","id":"12fc8565-cb1f-4b5e-8e19-5c4ec8ea2ce7","properties":{"id":"12fc8565-cb1f-4b5e-8e19-5c4ec8ea2ce7","height":34,"num_floors":11,"class":"building","areaM2":57,"sourceTile":"tile_0_2","sourceFeatureCount":38153,"heightEstimated":true},"geometry":{"type":"Polygon","coordinates":[[[114.407839,30.471379],[114.407655,30.471314],[114.407842,30.471322],[114.407839,30.471379]]]}},{"type":"Feature","id":"69bd1df1-fa91-42ab-bfe6-f20afde633c7","properties":{"id":"69bd1df1-fa91-42ab-bfe6-f20afde633c7","height":120,"num_floors":38,"class":"building","areaM2":22045,"sourceTile":"tile_0_2","sourceFeatureCount":38153,"heightEstimated":true},"geometry":{"type":"Polygon","coordinates":[[[114.414209,30.475115],[114.41349,30.475643],[114.413286,30.475497],[114.413209,30.472656],[114.413939,30.472674],[114.413883,30.474499],[114.414209,30.47467],[114.414209,30.475115]]]}},{"type":"Feature","id":"82b5d1c8-ed0b-4b04-9185-88750493301e","properties":{"id":"82b5d1c8-ed0b-4b04-9185-88750493301e","height":26,"num_floors":8,"class":"building","areaM2":1148,"sourceTile":"tile_0_2","sourceFeatureCount":38153,"heightEstimated":true},"geometry":{"type":"Polygon","coordinates":[[[114.411985,30.481659],[114.41201,30.481915],[114.41159,30.481946],[114.411565,30.48169],[114.411985,30.481659]]]}},{"type":"Feature","id":"8fcf2ae4-8b08-4c61-8f6f-cac49b5be721","properties":{"id":"8fcf2ae4-8b08-4c61-8f6f-cac49b5be721","height":91,"num_floors":28,"class":"building","areaM2":14072,"sourceTile":"tile_0_2","sourceFeatureCount":38153,"heightEstimated":true},"geometry":{"type":"Polygon","coordinates":[[[114.419447,30.484175],[114.4183,30.484285],[114.418153,30.483142],[114.419301,30.483033],[114.419447,30.484175]]]}},{"type":"Feature","id":"17fcc148-9b8f-4f77-a2be-73138bf8379c","properties":{"id":"17fcc148-9b8f-4f77-a2be-73138bf8379c","height":104,"num_floors":33,"class":"building","areaM2":10951,"sourceTile":"tile_0_2","sourceFeatureCount":38153,"heightEstimated":true},"geometry":{"type":"Polygon","coordinates":[[[114.419722,30.471647],[114.418299,30.471649],[114.418298,30.470923],[114.41972,30.470921],[114.419722,30.471647]]]}},{"type":"Feature","id":"ec7e49c5-8ab6-464d-91cb-635e10c8b67a","properties":{"id":"ec7e49c5-8ab6-464d-91cb-635e10c8b67a","height":87,"num_floors":27,"class":"building","areaM2":10365,"sourceTile":"tile_0_2","sourceFeatureCount":38153,"heightEstimated":true},"geometry":{"type":"Polygon","coordinates":[[[114.418177,30.473632],[114.417032,30.473679],[114.416921,30.472864],[114.418057,30.472749],[114.418177,30.473632]]]}},{"type":"Feature","id":"fa7ae910-97f1-46cc-8851-5ff0dcef1f59","properties":{"id":"fa7ae910-97f1-46cc-8851-5ff0dcef1f59","height":124,"num_floors":39,"class":"building","areaM2":21096,"sourceTile":"tile_0_2","sourceFeatureCount":38153,"heightEstimated":true},"geometry":{"type":"Polygon","coordinates":[[[114.418406,30.475632],[114.417406,30.475728],[114.417166,30.473856],[114.418162,30.473761],[114.41827,30.474603],[114.418462,30.474585],[114.418406,30.475632]]]}},{"type":"Feature","id":"86dd619f-6c2c-4e5f-9c14-5be098830ec3","properties":{"id":"86dd619f-6c2c-4e5f-9c14-5be098830ec3","height":79,"num_floors":25,"class":"building","areaM2":10615,"sourceTile":"tile_0_2","sourceFeatureCount":38153,"heightEstimated":true},"geometry":{"type":"Polygon","coordinates":[[[114.416434,30.474945],[114.415349,30.474939],[114.415264,30.474053],[114.416441,30.47406],[114.416434,30.474945]]]}},{"type":"Feature","id":"ab7b1276-329b-48c5-ad18-c8963df37597","properties":{"id":"ab7b1276-329b-48c5-ad18-c8963df37597","height":13,"num_floors":4,"class":"building","areaM2":20,"sourceTile":"tile_0_2","sourceFeatureCount":38153,"heightEstimated":true},"geometry":{"type":"Polygon","coordinates":[[[114.416382,30.459977],[114.416324,30.459913],[114.41639,30.45992],[114.416382,30.459977]]]}},{"type":"Feature","id":"94bbc9ef-21f5-49d0-82b4-13ea165eacf2","properties":{"id":"94bbc9ef-21f5-49d0-82b4-13ea165eacf2","height":22,"num_floors":7,"class":"building","areaM2":111,"sourceTile":"tile_0_2","sourceFeatureCount":38153,"heightEstimated":true},"geometry":{"type":"Polygon","coordinates":[[[114.412686,30.447535],[114.412762,30.447753],[114.412663,30.447744],[114.412686,30.447535]]]}},{"type":"Feature","id":"55c36e09-afa5-4a8c-9b54-bbc9a6a9e7e2","properties":{"id":"55c36e09-afa5-4a8c-9b54-bbc9a6a9e7e2","height":15,"num_floors":5,"class":"commercial","areaM2":10735,"sourceTile":"tile_0_2","sourceFeatureCount":38153,"heightEstimated":false},"geometry":{"type":"Polygon","coordinates":[[[114.417501,30.447184],[114.417442,30.447841],[114.415918,30.447619],[114.415934,30.446976],[114.417501,30.447184]]]}},{"type":"Feature","id":"6326ba80-62a5-42da-a983-d88f5d83c088","properties":{"id":"6326ba80-62a5-42da-a983-d88f5d83c088","height":90,"num_floors":28,"class":"building","areaM2":15025,"sourceTile":"tile_0_2","sourceFeatureCount":38153,"heightEstimated":true},"geometry":{"type":"Polygon","coordinates":[[[114.418697,30.435032],[114.417839,30.435883],[114.416905,30.435167],[114.41779,30.434306],[114.418697,30.435032]]]}},{"type":"Feature","id":"675d43a7-63b6-4776-8ce8-4919097df8d9","properties":{"id":"675d43a7-63b6-4776-8ce8-4919097df8d9","height":42,"num_floors":13,"class":"building","areaM2":1091,"sourceTile":"tile_0_2","sourceFeatureCount":38153,"heightEstimated":true},"geometry":{"type":"Polygon","coordinates":[[[114.416177,30.436047],[114.41639,30.435768],[114.41662,30.4359],[114.416357,30.436243],[114.416177,30.436047]]]}},{"type":"Feature","id":"0c9f0fd6-0085-4cbf-8b36-7ecc466a2e5c","properties":{"id":"0c9f0fd6-0085-4cbf-8b36-7ecc466a2e5c","height":106,"num_floors":33,"class":"building","areaM2":11768,"sourceTile":"tile_0_2","sourceFeatureCount":38153,"heightEstimated":true},"geometry":{"type":"Polygon","coordinates":[[[114.418483,30.432857],[114.418275,30.433137],[114.417,30.432435],[114.417213,30.432148],[114.418311,30.432579],[114.417265,30.43201],[114.417474,30.431729],[114.418784,30.432448],[114.418291,30.432751],[114.418483,30.432857]]]}},{"type":"Feature","id":"c2431546-d964-4bf5-b694-ff0d260db99e","properties":{"id":"c2431546-d964-4bf5-b694-ff0d260db99e","height":96,"num_floors":30,"class":"building","areaM2":13771,"sourceTile":"tile_0_2","sourceFeatureCount":38153,"heightEstimated":true},"geometry":{"type":"Polygon","coordinates":[[[114.414077,30.429106],[114.415147,30.429732],[114.414702,30.430622],[114.413528,30.429959],[114.414077,30.429106]]]}},{"type":"Feature","id":"ee6f35b5-7f03-43a5-ad64-18dc8e663db5","properties":{"id":"ee6f35b5-7f03-43a5-ad64-18dc8e663db5","height":30,"num_floors":9,"class":"building","areaM2":131,"sourceTile":"tile_0_2","sourceFeatureCount":38153,"heightEstimated":true},"geometry":{"type":"Polygon","coordinates":[[[114.413279,30.433985],[114.413524,30.434007],[114.413433,30.4341],[114.413279,30.433985]]]}},{"type":"Feature","id":"9bb2fc62-b534-4d7b-a76a-b9bec29ddb66","properties":{"id":"9bb2fc62-b534-4d7b-a76a-b9bec29ddb66","height":93,"num_floors":29,"class":"building","areaM2":15853,"sourceTile":"tile_0_2","sourceFeatureCount":38153,"heightEstimated":true},"geometry":{"type":"Polygon","coordinates":[[[114.408713,30.436011],[114.409397,30.435154],[114.410582,30.435836],[114.409916,30.436704],[114.408713,30.436011]]]}},{"type":"Feature","id":"5c5252d8-a684-4090-8b2d-ec32867623c3","properties":{"id":"5c5252d8-a684-4090-8b2d-ec32867623c3","height":63,"num_floors":20,"class":"building","areaM2":2655,"sourceTile":"tile_0_2","sourceFeatureCount":38153,"heightEstimated":true},"geometry":{"type":"Polygon","coordinates":[[[114.405704,30.431649],[114.404629,30.431013],[114.404851,30.430902],[114.405835,30.431483],[114.405704,30.431649]],[[114.405608,30.4315],[114.405633,30.431468],[114.405308,30.431322],[114.405608,30.4315]]]}},{"type":"Feature","id":"ea3fcd87-341d-4421-aa3c-3237fd1afe71","properties":{"id":"ea3fcd87-341d-4421-aa3c-3237fd1afe71","height":37,"num_floors":12,"class":"building","areaM2":86,"sourceTile":"tile_0_2","sourceFeatureCount":38153,"heightEstimated":true},"geometry":{"type":"Polygon","coordinates":[[[114.40946,30.423716],[114.40961,30.423836],[114.409504,30.42386],[114.40946,30.423716]]]}},{"type":"Feature","id":"afbda971-0df0-4688-b930-01a2ad285bfe","properties":{"id":"afbda971-0df0-4688-b930-01a2ad285bfe","height":15,"num_floors":5,"class":"building","areaM2":298,"sourceTile":"tile_0_2","sourceFeatureCount":38153,"heightEstimated":true},"geometry":{"type":"Polygon","coordinates":[[[114.405135,30.403163],[114.405289,30.403169],[114.405756,30.40355],[114.405135,30.403163]]]}},{"type":"Feature","id":"4f86dda0-d7c2-473a-9b9f-237a294dee80","properties":{"id":"4f86dda0-d7c2-473a-9b9f-237a294dee80","height":12,"num_floors":4,"class":"building","areaM2":54,"sourceTile":"tile_0_2","sourceFeatureCount":38153,"heightEstimated":true},"geometry":{"type":"Polygon","coordinates":[[[114.413038,30.408079],[114.413193,30.408068],[114.4131,30.40814],[114.413038,30.408079]]]}},{"type":"Feature","id":"47528112-ce45-4d5d-a9f4-4ffe16bb43e5","properties":{"id":"47528112-ce45-4d5d-a9f4-4ffe16bb43e5","height":20,"num_floors":6,"class":"building","areaM2":141,"sourceTile":"tile_0_2","sourceFeatureCount":38153,"heightEstimated":true},"geometry":{"type":"Polygon","coordinates":[[[114.423035,30.41253],[114.423441,30.41256],[114.423042,30.412595],[114.423035,30.41253]]]}},{"type":"Feature","id":"cf686113-4a35-47df-8340-a7db3c7bd75b","properties":{"id":"cf686113-4a35-47df-8340-a7db3c7bd75b","height":24,"num_floors":8,"class":"building","areaM2":152,"sourceTile":"tile_0_2","sourceFeatureCount":38153,"heightEstimated":true},"geometry":{"type":"Polygon","coordinates":[[[114.428404,30.407885],[114.428784,30.407833],[114.428777,30.407909],[114.428404,30.407885]]]}},{"type":"Feature","id":"c8b9d636-0a03-4bf2-a93a-31e8c1df7fd9","properties":{"id":"c8b9d636-0a03-4bf2-a93a-31e8c1df7fd9","height":79,"num_floors":25,"class":"library","areaM2":10692,"sourceTile":"tile_0_2","sourceFeatureCount":38153,"heightEstimated":true},"geometry":{"type":"Polygon","coordinates":[[[114.430073,30.419847],[114.430211,30.419322],[114.430766,30.419448],[114.431334,30.420398],[114.430507,30.420914],[114.430502,30.420244],[114.430073,30.419847]]]}},{"type":"Feature","id":"003973fb-1e2d-43e4-b341-142f0ed3b800","properties":{"id":"003973fb-1e2d-43e4-b341-142f0ed3b800","height":102,"num_floors":32,"class":"building","areaM2":10457,"sourceTile":"tile_0_2","sourceFeatureCount":38153,"heightEstimated":true},"geometry":{"type":"Polygon","coordinates":[[[114.432325,30.418637],[114.4312,30.418735],[114.431378,30.418305],[114.431176,30.418095],[114.432,30.418085],[114.432007,30.418566],[114.433205,30.418495],[114.433209,30.419133],[114.432428,30.419143],[114.432325,30.418637]]]}},{"type":"Feature","id":"8be8a708-7d0f-49b0-bb36-d0fb2c537e18","properties":{"id":"8be8a708-7d0f-49b0-bb36-d0fb2c537e18","height":95,"num_floors":30,"class":"building","areaM2":10402,"sourceTile":"tile_0_2","sourceFeatureCount":38153,"heightEstimated":true},"geometry":{"type":"Polygon","coordinates":[[[114.434339,30.421189],[114.433154,30.421288],[114.433351,30.421095],[114.433153,30.420649],[114.433977,30.420638],[114.433986,30.421125],[114.435155,30.421042],[114.43515,30.421691],[114.434348,30.421701],[114.434339,30.421189]]]}},{"type":"Feature","id":"42881b1d-3585-4334-8536-18b85bfec441","properties":{"id":"42881b1d-3585-4334-8536-18b85bfec441","height":35,"num_floors":11,"class":"building","areaM2":493,"sourceTile":"tile_0_2","sourceFeatureCount":38153,"heightEstimated":true},"geometry":{"type":"Polygon","coordinates":[[[114.433666,30.436902],[114.433197,30.437317],[114.433111,30.437195],[114.433666,30.436902]]]}},{"type":"Feature","id":"83924d81-b1e2-468f-ad7e-c458187ed190","properties":{"id":"83924d81-b1e2-468f-ad7e-c458187ed190","height":168,"num_floors":53,"class":"building","areaM2":52120,"sourceTile":"tile_0_2","sourceFeatureCount":38153,"heightEstimated":true},"geometry":{"type":"Polygon","coordinates":[[[114.434426,30.438402],[114.434077,30.439628],[114.430137,30.438669],[114.430452,30.437562],[114.434426,30.438402]]]}},{"type":"Feature","id":"55b1721f-002e-486c-914c-2244c3b54ff0","properties":{"id":"55b1721f-002e-486c-914c-2244c3b54ff0","height":80,"num_floors":25,"class":"building","areaM2":10916,"sourceTile":"tile_0_2","sourceFeatureCount":38153,"heightEstimated":true},"geometry":{"type":"Polygon","coordinates":[[[114.429339,30.438369],[114.42909,30.439214],[114.427946,30.438962],[114.428195,30.438118],[114.429339,30.438369]]]}},{"type":"Feature","id":"07629e2d-42fe-4242-8d04-a4352e0abd3d","properties":{"id":"07629e2d-42fe-4242-8d04-a4352e0abd3d","height":86,"num_floors":27,"class":"building","areaM2":10916,"sourceTile":"tile_0_2","sourceFeatureCount":38153,"heightEstimated":true},"geometry":{"type":"Polygon","coordinates":[[[114.429612,30.437407],[114.429362,30.438251],[114.428218,30.438],[114.428468,30.437155],[114.429612,30.437407]]]}},{"type":"Feature","id":"f0312494-6678-44e2-8daa-1340834ccdad","properties":{"id":"f0312494-6678-44e2-8daa-1340834ccdad","height":121,"num_floors":38,"class":"building","areaM2":16339,"sourceTile":"tile_0_2","sourceFeatureCount":38153,"heightEstimated":true},"geometry":{"type":"Polygon","coordinates":[[[114.426965,30.430752],[114.425734,30.42981],[114.426613,30.429123],[114.427697,30.430143],[114.426965,30.430752]]]}},{"type":"Feature","id":"1ff769e9-0990-4c88-86db-6abfc247cdf0","properties":{"id":"1ff769e9-0990-4c88-86db-6abfc247cdf0","height":80,"num_floors":25,"class":"building","areaM2":9992,"sourceTile":"tile_0_2","sourceFeatureCount":38153,"heightEstimated":true},"geometry":{"type":"Polygon","coordinates":[[[114.422429,30.427403],[114.422758,30.427134],[114.424408,30.428646],[114.42408,30.428916],[114.422429,30.427403]]]}},{"type":"Feature","id":"de3e0b2a-493a-43bf-9401-3684c3e3807d","properties":{"id":"de3e0b2a-493a-43bf-9401-3684c3e3807d","height":29,"num_floors":9,"class":"building","areaM2":73,"sourceTile":"tile_0_2","sourceFeatureCount":38153,"heightEstimated":true},"geometry":{"type":"Polygon","coordinates":[[[114.4252,30.430535],[114.425394,30.430619],[114.425336,30.430665],[114.4252,30.430535]]]}},{"type":"Feature","id":"e7c09376-849a-4e44-83f7-9a41cab891d4","properties":{"id":"e7c09376-849a-4e44-83f7-9a41cab891d4","height":105,"num_floors":33,"class":"building","areaM2":14022,"sourceTile":"tile_0_2","sourceFeatureCount":38153,"heightEstimated":true},"geometry":{"type":"Polygon","coordinates":[[[114.425548,30.428682],[114.424578,30.42779],[114.425366,30.427152],[114.426336,30.428044],[114.425548,30.428682]]]}},{"type":"Feature","id":"75a11152-4479-4515-98d5-febbd0d69cd1","properties":{"id":"75a11152-4479-4515-98d5-febbd0d69cd1","height":90,"num_floors":28,"class":"building","areaM2":13959,"sourceTile":"tile_0_2","sourceFeatureCount":38153,"heightEstimated":true},"geometry":{"type":"Polygon","coordinates":[[[114.425107,30.426925],[114.424334,30.42756],[114.423349,30.426668],[114.424122,30.426033],[114.425107,30.426925]]]}},{"type":"Feature","id":"9128b2d4-6084-4097-9881-1245f09c20e4","properties":{"id":"9128b2d4-6084-4097-9881-1245f09c20e4","height":31,"num_floors":10,"class":"building","areaM2":39,"sourceTile":"tile_0_2","sourceFeatureCount":38153,"heightEstimated":true},"geometry":{"type":"Polygon","coordinates":[[[114.419165,30.422986],[114.419152,30.423102],[114.419094,30.423057],[114.419165,30.422986]]]}},{"type":"Feature","id":"4ae71910-3e04-413a-b15e-bd581e995cc1","properties":{"id":"4ae71910-3e04-413a-b15e-bd581e995cc1","height":130,"num_floors":41,"class":"building","areaM2":21728,"sourceTile":"tile_0_2","sourceFeatureCount":38153,"heightEstimated":true},"geometry":{"type":"Polygon","coordinates":[[[114.42148,30.432891],[114.422042,30.433548],[114.420026,30.434838],[114.419465,30.434181],[114.42148,30.432891]]]}},{"type":"Feature","id":"28134b5d-96f6-4f34-b0de-eea9ddfcd5f2","properties":{"id":"28134b5d-96f6-4f34-b0de-eea9ddfcd5f2","height":73,"num_floors":23,"class":"building","areaM2":9603,"sourceTile":"tile_0_2","sourceFeatureCount":38153,"heightEstimated":true},"geometry":{"type":"Polygon","coordinates":[[[114.418555,30.435569],[114.419403,30.434739],[114.420014,30.435208],[114.419167,30.436038],[114.418555,30.435569]]]}},{"type":"Feature","id":"319a99e9-8e5c-4e3f-8b03-19a65c957040","properties":{"id":"319a99e9-8e5c-4e3f-8b03-19a65c957040","height":33,"num_floors":10,"class":"building","areaM2":2100,"sourceTile":"tile_0_2","sourceFeatureCount":38153,"heightEstimated":true},"geometry":{"type":"Polygon","coordinates":[[[114.42299,30.450998],[114.422835,30.451237],[114.422204,30.450933],[114.422359,30.450694],[114.42299,30.450998]]]}},{"type":"Feature","id":"7acbb840-50a2-4d2a-83c7-d2c6bb509aa0","properties":{"id":"7acbb840-50a2-4d2a-83c7-d2c6bb509aa0","height":14,"num_floors":16,"class":"apartments","areaM2":214,"sourceTile":"tile_0_2","sourceFeatureCount":38153,"heightEstimated":true},"geometry":{"type":"Polygon","coordinates":[[[114.424923,30.457578],[114.424615,30.457648],[114.424671,30.457504],[114.424923,30.457578]]]}},{"type":"Feature","id":"31997eec-d0ca-4dd4-974f-a627383ba885","properties":{"id":"31997eec-d0ca-4dd4-974f-a627383ba885","height":13,"num_floors":4,"class":"building","areaM2":57,"sourceTile":"tile_0_2","sourceFeatureCount":38153,"heightEstimated":true},"geometry":{"type":"Polygon","coordinates":[[[114.419054,30.461935],[114.419121,30.461772],[114.41912,30.461935],[114.419054,30.461935]]]}},{"type":"Feature","id":"de42f035-8312-4a48-a16e-5fcba9016cef","properties":{"id":"de42f035-8312-4a48-a16e-5fcba9016cef","height":159,"num_floors":50,"class":"building","areaM2":33233,"sourceTile":"tile_0_2","sourceFeatureCount":38153,"heightEstimated":true},"geometry":{"type":"Polygon","coordinates":[[[114.421139,30.47715],[114.419448,30.477079],[114.41923,30.475298],[114.420845,30.475151],[114.421139,30.47715]]]}},{"type":"Feature","id":"1adf1c64-d212-4f35-ab99-b2d80dddc7d3","properties":{"id":"1adf1c64-d212-4f35-ab99-b2d80dddc7d3","height":109,"num_floors":34,"class":"building","areaM2":19700,"sourceTile":"tile_0_2","sourceFeatureCount":38153,"heightEstimated":true},"geometry":{"type":"Polygon","coordinates":[[[114.420864,30.479398],[114.419635,30.479511],[114.419455,30.478047],[114.420737,30.47793],[114.420864,30.479398]]]}},{"type":"Feature","id":"957b011c-ec97-4209-b8aa-36d1d055e61e","properties":{"id":"957b011c-ec97-4209-b8aa-36d1d055e61e","height":79,"num_floors":25,"class":"building","areaM2":9654,"sourceTile":"tile_0_2","sourceFeatureCount":38153,"heightEstimated":true},"geometry":{"type":"Polygon","coordinates":[[[114.422061,30.484691],[114.420718,30.48506],[114.420377,30.484398],[114.421978,30.484197],[114.422061,30.484691]]]}},{"type":"Feature","id":"9a407866-b58b-4c84-a375-09b21b228995","properties":{"id":"9a407866-b58b-4c84-a375-09b21b228995","height":29,"num_floors":9,"class":"building","areaM2":582,"sourceTile":"tile_0_2","sourceFeatureCount":38153,"heightEstimated":true},"geometry":{"type":"Polygon","coordinates":[[[114.422533,30.486412],[114.421935,30.486664],[114.421905,30.486493],[114.422533,30.486412]]]}},{"type":"Feature","id":"01b0fd34-0b92-477e-a23e-4677fefcdfc5","properties":{"id":"01b0fd34-0b92-477e-a23e-4677fefcdfc5","height":123,"num_floors":38,"class":"building","areaM2":19982,"sourceTile":"tile_0_2","sourceFeatureCount":38153,"heightEstimated":true},"geometry":{"type":"Polygon","coordinates":[[[114.426013,30.478898],[114.42468,30.479021],[114.424507,30.477623],[114.42584,30.477501],[114.426013,30.478898]]]}},{"type":"Feature","id":"57ae3c33-2c2c-4032-a9ce-be232598e63b","properties":{"id":"57ae3c33-2c2c-4032-a9ce-be232598e63b","height":23,"num_floors":7,"class":"building","areaM2":86,"sourceTile":"tile_0_2","sourceFeatureCount":38153,"heightEstimated":true},"geometry":{"type":"Polygon","coordinates":[[[114.43014,30.47345],[114.430389,30.473495],[114.430352,30.473553],[114.43014,30.47345]]]}},{"type":"Feature","id":"9ad5b808-e1c0-45da-9e04-6a54e2bda15a","properties":{"id":"9ad5b808-e1c0-45da-9e04-6a54e2bda15a","height":86,"num_floors":27,"class":"building","areaM2":10323,"sourceTile":"tile_0_2","sourceFeatureCount":38153,"heightEstimated":true},"geometry":{"type":"Polygon","coordinates":[[[114.428004,30.473398],[114.427557,30.474345],[114.426619,30.474016],[114.427012,30.473184],[114.428004,30.473398]]]}},{"type":"Feature","id":"5992b417-ba53-405e-86cd-2c9f83d2adf3","properties":{"id":"5992b417-ba53-405e-86cd-2c9f83d2adf3","height":107,"num_floors":33,"class":"building","areaM2":13528,"sourceTile":"tile_0_2","sourceFeatureCount":38153,"heightEstimated":true},"geometry":{"type":"Polygon","coordinates":[[[114.427223,30.47692],[114.426471,30.476995],[114.426311,30.475806],[114.428336,30.475605],[114.428374,30.475891],[114.427102,30.476018],[114.427223,30.47692]]]}},{"type":"Feature","id":"dadbe79a-c8d4-4f47-8821-bc155b1065cb","properties":{"id":"dadbe79a-c8d4-4f47-8821-bc155b1065cb","height":88,"num_floors":28,"class":"building","areaM2":12755,"sourceTile":"tile_0_2","sourceFeatureCount":38153,"heightEstimated":true},"geometry":{"type":"Polygon","coordinates":[[[114.427418,30.478659],[114.426427,30.478774],[114.426273,30.477583],[114.427268,30.477465],[114.427418,30.478659]]]}},{"type":"Feature","id":"38e604ba-6b8b-45cf-bf89-1032a1094ee1","properties":{"id":"38e604ba-6b8b-45cf-bf89-1032a1094ee1","height":153,"num_floors":48,"class":"building","areaM2":41165,"sourceTile":"tile_0_2","sourceFeatureCount":38153,"heightEstimated":true},"geometry":{"type":"Polygon","coordinates":[[[114.430651,30.4783],[114.427641,30.47862],[114.427459,30.477349],[114.430469,30.47703],[114.430651,30.4783]]]}},{"type":"Feature","id":"13d0012a-2280-4890-b94a-91fe5ca06e5e","properties":{"id":"13d0012a-2280-4890-b94a-91fe5ca06e5e","height":33,"num_floors":10,"class":"building","areaM2":323,"sourceTile":"tile_0_2","sourceFeatureCount":38153,"heightEstimated":true},"geometry":{"type":"Polygon","coordinates":[[[114.431124,30.484969],[114.431341,30.484704],[114.431386,30.484931],[114.431124,30.484969]]]}},{"type":"Feature","id":"a991b397-17f7-4e24-9869-23d12649c80e","properties":{"id":"a991b397-17f7-4e24-9869-23d12649c80e","height":149,"num_floors":47,"class":"building","areaM2":27752,"sourceTile":"tile_0_2","sourceFeatureCount":38153,"heightEstimated":true},"geometry":{"type":"Polygon","coordinates":[[[114.434207,30.463697],[114.434032,30.465066],[114.431988,30.464917],[114.432191,30.46372],[114.434207,30.463697]]]}},{"type":"Feature","id":"6db03923-4656-4996-b3fd-40472a5446c9","properties":{"id":"6db03923-4656-4996-b3fd-40472a5446c9","height":77,"num_floors":24,"class":"building","areaM2":11184,"sourceTile":"tile_0_2","sourceFeatureCount":38153,"heightEstimated":true},"geometry":{"type":"Polygon","coordinates":[[[114.434834,30.461458],[114.434655,30.462105],[114.433114,30.461789],[114.433292,30.461142],[114.434834,30.461458]]]}},{"type":"Feature","id":"123582c8-db49-4454-87c7-bb5d91c0e520","properties":{"id":"123582c8-db49-4454-87c7-bb5d91c0e520","height":107,"num_floors":33,"class":"building","areaM2":14094,"sourceTile":"tile_0_2","sourceFeatureCount":38153,"heightEstimated":true},"geometry":{"type":"Polygon","coordinates":[[[114.434763,30.455471],[114.434408,30.456815],[114.433468,30.456631],[114.433823,30.455287],[114.434763,30.455471]]]}},{"type":"Feature","id":"3e06e176-90c8-428a-a504-c1b82b84c222","properties":{"id":"3e06e176-90c8-428a-a504-c1b82b84c222","height":29,"num_floors":9,"class":"building","areaM2":42,"sourceTile":"tile_0_2","sourceFeatureCount":38153,"heightEstimated":true},"geometry":{"type":"Polygon","coordinates":[[[114.431047,30.453317],[114.431151,30.453232],[114.431124,30.453332],[114.431047,30.453317]]]}},{"type":"Feature","id":"73f050b4-1e0f-473c-9428-ef1b54878b04","properties":{"id":"73f050b4-1e0f-473c-9428-ef1b54878b04","height":34,"num_floors":11,"class":"building","areaM2":74,"sourceTile":"tile_0_2","sourceFeatureCount":38153,"heightEstimated":true},"geometry":{"type":"Polygon","coordinates":[[[114.427108,30.446965],[114.427075,30.447157],[114.427007,30.447125],[114.427108,30.446965]]]}},{"type":"Feature","id":"97f7f9f0-cd1f-46b5-b0ba-be99261c6fe4","properties":{"id":"97f7f9f0-cd1f-46b5-b0ba-be99261c6fe4","height":90,"num_floors":28,"class":"building","areaM2":11561,"sourceTile":"tile_0_2","sourceFeatureCount":38153,"heightEstimated":true},"geometry":{"type":"Polygon","coordinates":[[[114.430192,30.441827],[114.430136,30.44203],[114.429135,30.441826],[114.429311,30.441183],[114.431179,30.441554],[114.431055,30.442003],[114.430192,30.441827]]]}},{"type":"Feature","id":"910a8b8c-2740-4b86-8307-f884a24934de","properties":{"id":"910a8b8c-2740-4b86-8307-f884a24934de","height":14,"num_floors":4,"class":"building","areaM2":342,"sourceTile":"tile_0_2","sourceFeatureCount":38153,"heightEstimated":true},"geometry":{"type":"Polygon","coordinates":[[[114.43386,30.448648],[114.434399,30.448829],[114.433841,30.448762],[114.43386,30.448648]]]}},{"type":"Feature","id":"212195f5-d13f-4fa7-8912-ce524641c45b","properties":{"id":"212195f5-d13f-4fa7-8912-ce524641c45b","height":16,"num_floors":5,"class":"building","areaM2":220,"sourceTile":"tile_0_2","sourceFeatureCount":38153,"heightEstimated":true},"geometry":{"type":"Polygon","coordinates":[[[114.438688,30.442557],[114.43905,30.44278],[114.438648,30.442647],[114.438688,30.442557]]]}},{"type":"Feature","id":"d843e12b-d7c0-428a-bb24-b7e273e1b487","properties":{"id":"d843e12b-d7c0-428a-bb24-b7e273e1b487","height":151,"num_floors":47,"class":"building","areaM2":30012,"sourceTile":"tile_0_2","sourceFeatureCount":38153,"heightEstimated":true},"geometry":{"type":"Polygon","coordinates":[[[114.441877,30.448713],[114.440233,30.448382],[114.440674,30.446751],[114.442318,30.447081],[114.441877,30.448713]]]}},{"type":"Feature","id":"93f53545-7d0f-4e56-83d8-b223ed8d554f","properties":{"id":"93f53545-7d0f-4e56-83d8-b223ed8d554f","height":20,"num_floors":6,"class":"building","areaM2":225,"sourceTile":"tile_0_2","sourceFeatureCount":38153,"heightEstimated":true},"geometry":{"type":"Polygon","coordinates":[[[114.441019,30.453889],[114.441311,30.454074],[114.440988,30.454014],[114.441019,30.453889]]]}},{"type":"Feature","id":"278f0869-d800-40b3-8ec3-77a2a1d2fbe7","properties":{"id":"278f0869-d800-40b3-8ec3-77a2a1d2fbe7","height":112,"num_floors":35,"class":"building","areaM2":15187,"sourceTile":"tile_0_2","sourceFeatureCount":38153,"heightEstimated":true},"geometry":{"type":"Polygon","coordinates":[[[114.441488,30.462039],[114.440469,30.461849],[114.440804,30.460508],[114.441824,30.460697],[114.441488,30.462039]]]}},{"type":"Feature","id":"b850c880-095e-4728-a559-62c8677db4b5","properties":{"id":"b850c880-095e-4728-a559-62c8677db4b5","height":106,"num_floors":33,"class":"building","areaM2":14507,"sourceTile":"tile_0_2","sourceFeatureCount":38153,"heightEstimated":true},"geometry":{"type":"Polygon","coordinates":[[[114.435623,30.457046],[114.434653,30.45686],[114.435001,30.455517],[114.435971,30.455703],[114.435623,30.457046]]]}},{"type":"Feature","id":"d9e4552d-9053-49a2-bc89-44494cddefa2","properties":{"id":"d9e4552d-9053-49a2-bc89-44494cddefa2","height":97,"num_floors":30,"class":"building","areaM2":10080,"sourceTile":"tile_0_2","sourceFeatureCount":38153,"heightEstimated":true},"geometry":{"type":"Polygon","coordinates":[[[114.435262,30.453646],[114.434745,30.453679],[114.435202,30.452641],[114.435556,30.452254],[114.436236,30.45244],[114.435262,30.453646]]]}},{"type":"Feature","id":"a9cda685-9e1b-44eb-94ee-b7696208a975","properties":{"id":"a9cda685-9e1b-44eb-94ee-b7696208a975","height":48,"num_floors":15,"class":"building","areaM2":2433,"sourceTile":"tile_0_2","sourceFeatureCount":38153,"heightEstimated":true},"geometry":{"type":"Polygon","coordinates":[[[114.435865,30.461635],[114.43577,30.461976],[114.435133,30.461843],[114.435228,30.461503],[114.435865,30.461635]]]}},{"type":"Feature","id":"5e444e72-559f-4c32-b6c7-62122c14c137","properties":{"id":"5e444e72-559f-4c32-b6c7-62122c14c137","height":112,"num_floors":35,"class":"building","areaM2":20908,"sourceTile":"tile_0_2","sourceFeatureCount":38153,"heightEstimated":true},"geometry":{"type":"Polygon","coordinates":[[[114.436308,30.464727],[114.435975,30.465951],[114.434449,30.465643],[114.434782,30.464419],[114.436308,30.464727]]]}},{"type":"Feature","id":"2b1dc6d4-6e48-43a2-96ef-b829546d9ee7","properties":{"id":"2b1dc6d4-6e48-43a2-96ef-b829546d9ee7","height":20,"num_floors":6,"class":"building","areaM2":17,"sourceTile":"tile_0_2","sourceFeatureCount":38153,"heightEstimated":true},"geometry":{"type":"Polygon","coordinates":[[[114.437086,30.481755],[114.437014,30.481707],[114.437057,30.481692],[114.437086,30.481755]]]}},{"type":"Feature","id":"04cbf53c-5457-40ab-9fc4-3f6a0d60ec85","properties":{"id":"04cbf53c-5457-40ab-9fc4-3f6a0d60ec85","height":29,"num_floors":9,"class":"building","areaM2":130,"sourceTile":"tile_0_2","sourceFeatureCount":38153,"heightEstimated":true},"geometry":{"type":"Polygon","coordinates":[[[114.440972,30.484071],[114.440779,30.484223],[114.440748,30.48412],[114.440972,30.484071]]]}},{"type":"Feature","id":"344d9025-3da8-4601-a725-266949cee595","properties":{"id":"344d9025-3da8-4601-a725-266949cee595","height":81,"num_floors":25,"class":"building","areaM2":10782,"sourceTile":"tile_0_2","sourceFeatureCount":38153,"heightEstimated":true},"geometry":{"type":"Polygon","coordinates":[[[114.441234,30.468427],[114.439928,30.468429],[114.439926,30.467585],[114.441223,30.467583],[114.441224,30.467928],[114.440048,30.468068],[114.441234,30.468067],[114.441234,30.468427]]]}},{"type":"Feature","id":"173c9b68-a14a-406a-9398-ab9eaed7acec","properties":{"id":"173c9b68-a14a-406a-9398-ab9eaed7acec","height":83,"num_floors":26,"class":"building","areaM2":9784,"sourceTile":"tile_0_2","sourceFeatureCount":38153,"heightEstimated":true},"geometry":{"type":"Polygon","coordinates":[[[114.441221,30.469372],[114.440044,30.469378],[114.440042,30.469016],[114.441223,30.468874],[114.440038,30.468879],[114.440036,30.468531],[114.441348,30.468611],[114.441221,30.469372]]]}},{"type":"Feature","id":"4bbb9cb9-9915-41fc-8f18-21de5f74790a","properties":{"id":"4bbb9cb9-9915-41fc-8f18-21de5f74790a","height":102,"num_floors":32,"class":"building","areaM2":18697,"sourceTile":"tile_0_2","sourceFeatureCount":38153,"heightEstimated":true},"geometry":{"type":"Polygon","coordinates":[[[114.445211,30.464341],[114.444963,30.465246],[114.443532,30.464955],[114.443861,30.463756],[114.44498,30.463984],[114.445211,30.464341]]]}},{"type":"Feature","id":"4d394acc-7ca8-4ad4-975a-032d7732f270","properties":{"id":"4d394acc-7ca8-4ad4-975a-032d7732f270","height":93,"num_floors":29,"class":"building","areaM2":13402,"sourceTile":"tile_0_2","sourceFeatureCount":38153,"heightEstimated":true},"geometry":{"type":"Polygon","coordinates":[[[114.445522,30.466165],[114.445002,30.466061],[114.44552,30.464152],[114.445954,30.464239],[114.445667,30.464056],[114.445778,30.463727],[114.446201,30.463812],[114.445522,30.466165]]]}},{"type":"Feature","id":"02d349a2-a1fc-4b71-9a1c-503379e55ad8","properties":{"id":"02d349a2-a1fc-4b71-9a1c-503379e55ad8","height":28,"num_floors":9,"class":"building","areaM2":7,"sourceTile":"tile_0_2","sourceFeatureCount":38153,"heightEstimated":true},"geometry":{"type":"Polygon","coordinates":[[[114.443452,30.480095],[114.443397,30.480103],[114.443431,30.480075],[114.443452,30.480095]]]}},{"type":"Feature","id":"6ee0f308-7eca-4c89-b2e4-246e4b2134cf","properties":{"id":"6ee0f308-7eca-4c89-b2e4-246e4b2134cf","height":95,"num_floors":30,"class":"building","areaM2":10306,"sourceTile":"tile_0_2","sourceFeatureCount":38153,"heightEstimated":true},"geometry":{"type":"Polygon","coordinates":[[[114.443149,30.483236],[114.441523,30.483569],[114.441366,30.483004],[114.442993,30.48267],[114.443149,30.483236]]]}},{"type":"Feature","id":"47d6aa7e-dae7-45a3-86c7-5918af2c9b6e","properties":{"id":"47d6aa7e-dae7-45a3-86c7-5918af2c9b6e","height":168,"num_floors":53,"class":"building","areaM2":104416,"sourceTile":"tile_0_2","sourceFeatureCount":38153,"heightEstimated":true},"geometry":{"type":"Polygon","coordinates":[[[114.450278,30.470292],[114.448386,30.470299],[114.448363,30.464903],[114.449864,30.464899],[114.449868,30.465819],[114.450258,30.465818],[114.450278,30.470292]]]}},{"type":"Feature","id":"d0e65c7f-686e-4a32-9c70-c0d82362811c","properties":{"id":"d0e65c7f-686e-4a32-9c70-c0d82362811c","height":93,"num_floors":29,"class":"building","areaM2":10237,"sourceTile":"tile_0_2","sourceFeatureCount":38153,"heightEstimated":true},"geometry":{"type":"Polygon","coordinates":[[[114.448968,30.460272],[114.448566,30.460152],[114.449388,30.45807],[114.449814,30.458206],[114.448968,30.460272]]]}},{"type":"Feature","id":"a3a420d9-9c75-43dd-b428-1178ab6c85d1","properties":{"id":"a3a420d9-9c75-43dd-b428-1178ab6c85d1","height":39,"num_floors":12,"class":"building","areaM2":202,"sourceTile":"tile_0_2","sourceFeatureCount":38153,"heightEstimated":true},"geometry":{"type":"Polygon","coordinates":[[[114.447609,30.452296],[114.447885,30.452464],[114.447584,30.452419],[114.447609,30.452296]]]}},{"type":"Feature","id":"ee6dac77-b7ee-4dae-9b07-c38f14b9caa9","properties":{"id":"ee6dac77-b7ee-4dae-9b07-c38f14b9caa9","height":136,"num_floors":43,"class":"building","areaM2":29060,"sourceTile":"tile_0_2","sourceFeatureCount":38153,"heightEstimated":true},"geometry":{"type":"Polygon","coordinates":[[[114.44353,30.462374],[114.441712,30.461898],[114.442022,30.460691],[114.443848,30.460943],[114.443761,30.461251],[114.44401,30.461275],[114.443776,30.462196],[114.44353,30.462374]]]}},{"type":"Feature","id":"07bf7eb3-9c26-4c2b-bdd9-1980114fff2f","properties":{"id":"07bf7eb3-9c26-4c2b-bdd9-1980114fff2f","height":168,"num_floors":53,"class":"building","areaM2":58122,"sourceTile":"tile_0_2","sourceFeatureCount":38153,"heightEstimated":true},"geometry":{"type":"Polygon","coordinates":[[[114.445388,30.457099],[114.444778,30.459121],[114.442239,30.458552],[114.442849,30.45653],[114.445388,30.457099]]]}},{"type":"Feature","id":"43cfaf91-6015-4e96-b927-c22f52d0411c","properties":{"id":"43cfaf91-6015-4e96-b927-c22f52d0411c","height":8,"num_floors":3,"class":"building","areaM2":50,"sourceTile":"tile_0_2","sourceFeatureCount":38153,"heightEstimated":true},"geometry":{"type":"Polygon","coordinates":[[[114.443988,30.449133],[114.444003,30.449272],[114.443923,30.449171],[114.443988,30.449133]]]}},{"type":"Feature","id":"55751a17-0d9b-4ac8-ac59-f7ea9b9e6e88","properties":{"id":"55751a17-0d9b-4ac8-ac59-f7ea9b9e6e88","height":13,"num_floors":4,"class":"building","areaM2":97,"sourceTile":"tile_0_2","sourceFeatureCount":38153,"heightEstimated":true},"geometry":{"type":"Polygon","coordinates":[[[114.447383,30.447577],[114.447517,30.447416],[114.447485,30.44759],[114.447383,30.447577]]]}},{"type":"Feature","id":"9baffba0-638b-49f5-b0c0-1e05d591afe1","properties":{"id":"9baffba0-638b-49f5-b0c0-1e05d591afe1","height":13,"num_floors":4,"class":"building","areaM2":20,"sourceTile":"tile_0_2","sourceFeatureCount":38153,"heightEstimated":true},"geometry":{"type":"Polygon","coordinates":[[[114.449043,30.434226],[114.448942,30.434259],[114.448944,30.434221],[114.449043,30.434226]]]}},{"type":"Feature","id":"d38cc3ee-5f93-4ffc-b4d9-fa7b9c2b0c4d","properties":{"id":"d38cc3ee-5f93-4ffc-b4d9-fa7b9c2b0c4d","height":23,"num_floors":7,"class":"building","areaM2":174,"sourceTile":"tile_0_2","sourceFeatureCount":38153,"heightEstimated":true},"geometry":{"type":"Polygon","coordinates":[[[114.448101,30.421243],[114.448057,30.421478],[114.447944,30.421339],[114.448101,30.421243]]]}},{"type":"Feature","id":"2f7697e9-2ff8-410f-8ae1-4f3de0330886","properties":{"id":"2f7697e9-2ff8-410f-8ae1-4f3de0330886","height":156,"num_floors":49,"class":"building","areaM2":32935,"sourceTile":"tile_0_2","sourceFeatureCount":38153,"heightEstimated":true},"geometry":{"type":"Polygon","coordinates":[[[114.443486,30.424456],[114.44258,30.425135],[114.440964,30.423531],[114.442171,30.422712],[114.443496,30.424027],[114.443244,30.424216],[114.443486,30.424456]]]}},{"type":"Feature","id":"9771d206-fa0a-4f95-a701-15f461fd3ec2","properties":{"id":"9771d206-fa0a-4f95-a701-15f461fd3ec2","height":27,"num_floors":8,"class":"building","areaM2":173,"sourceTile":"tile_0_2","sourceFeatureCount":38153,"heightEstimated":true},"geometry":{"type":"Polygon","coordinates":[[[114.444764,30.429122],[114.445106,30.429224],[114.445043,30.4293],[114.444764,30.429122]]]}},{"type":"Feature","id":"baff6d85-ebc9-40e7-9c1f-9e6e3c9cfed9","properties":{"id":"baff6d85-ebc9-40e7-9c1f-9e6e3c9cfed9","height":34,"num_floors":11,"class":"building","areaM2":280,"sourceTile":"tile_0_2","sourceFeatureCount":38153,"heightEstimated":true},"geometry":{"type":"Polygon","coordinates":[[[114.440361,30.430007],[114.440537,30.4304],[114.440257,30.430074],[114.440361,30.430007]]]}},{"type":"Feature","id":"43ec1947-93a8-47a6-8420-af0e6dae11aa","properties":{"id":"43ec1947-93a8-47a6-8420-af0e6dae11aa","height":41,"num_floors":13,"class":"building","areaM2":437,"sourceTile":"tile_0_2","sourceFeatureCount":38153,"heightEstimated":true},"geometry":{"type":"Polygon","coordinates":[[[114.434604,30.435614],[114.434426,30.435759],[114.433996,30.435646],[114.434604,30.435614]]]}},{"type":"Feature","id":"b8a7f977-1b52-4265-aee6-7e251d9a290c","properties":{"id":"b8a7f977-1b52-4265-aee6-7e251d9a290c","height":52,"num_floors":16,"class":"building","areaM2":971,"sourceTile":"tile_0_2","sourceFeatureCount":38153,"heightEstimated":true},"geometry":{"type":"Polygon","coordinates":[[[114.439661,30.422177],[114.439452,30.422304],[114.439213,30.422011],[114.439422,30.421884],[114.439661,30.422177]]]}},{"type":"Feature","id":"96705e0d-9996-46c5-b769-24f610e57d24","properties":{"id":"96705e0d-9996-46c5-b769-24f610e57d24","height":118,"num_floors":37,"class":"building","areaM2":24667,"sourceTile":"tile_0_2","sourceFeatureCount":38153,"heightEstimated":true},"geometry":{"type":"Polygon","coordinates":[[[114.441313,30.412407],[114.442837,30.413892],[114.441963,30.414565],[114.440439,30.41308],[114.441313,30.412407]]]}},{"type":"Feature","id":"88e612ba-a482-4658-bf63-7b390fabbff5","properties":{"id":"88e612ba-a482-4658-bf63-7b390fabbff5","height":96,"num_floors":30,"class":"building","areaM2":14749,"sourceTile":"tile_0_2","sourceFeatureCount":38153,"heightEstimated":true},"geometry":{"type":"Polygon","coordinates":[[[114.441831,30.411325],[114.440615,30.412256],[114.439978,30.41159],[114.44117,30.410676],[114.441831,30.411325]]]}},{"type":"Feature","id":"f83ad194-35f9-4f6a-a9d7-8c1c08c61840","properties":{"id":"f83ad194-35f9-4f6a-a9d7-8c1c08c61840","height":99,"num_floors":31,"class":"building","areaM2":13601,"sourceTile":"tile_0_2","sourceFeatureCount":38153,"heightEstimated":true},"geometry":{"type":"Polygon","coordinates":[[[114.437516,30.40501],[114.438137,30.404939],[114.438156,30.405629],[114.438205,30.404913],[114.439212,30.405069],[114.439201,30.405279],[114.439003,30.405271],[114.43883,30.406029],[114.438202,30.406004],[114.437498,30.405335],[114.437516,30.40501]]]}},{"type":"Feature","id":"981c9301-8ab0-40de-b1a0-d0b0a6b10cc5","properties":{"id":"981c9301-8ab0-40de-b1a0-d0b0a6b10cc5","height":8,"num_floors":3,"class":"building","areaM2":7,"sourceTile":"tile_0_2","sourceFeatureCount":38153,"heightEstimated":true},"geometry":{"type":"Polygon","coordinates":[[[114.435434,30.415491],[114.435382,30.415508],[114.435391,30.415481],[114.435434,30.415491]]]}},{"type":"Feature","id":"8da78ee0-0092-4a0e-99c1-e9593ebc7103","properties":{"id":"8da78ee0-0092-4a0e-99c1-e9593ebc7103","height":120,"num_floors":38,"class":"commercial","areaM2":18173,"sourceTile":"tile_0_2","sourceFeatureCount":38153,"heightEstimated":true},"geometry":{"type":"Polygon","coordinates":[[[114.442745,30.409652],[114.441425,30.4085],[114.442262,30.407884],[114.443539,30.409143],[114.442745,30.409652]]]}},{"type":"Feature","id":"b9cde5bb-55da-4a1d-ae5f-0cdf6d09fa64","properties":{"id":"b9cde5bb-55da-4a1d-ae5f-0cdf6d09fa64","height":124,"num_floors":39,"class":"building","areaM2":27955,"sourceTile":"tile_0_2","sourceFeatureCount":38153,"heightEstimated":true},"geometry":{"type":"Polygon","coordinates":[[[114.442598,30.411414],[114.444116,30.412903],[114.443123,30.413664],[114.441605,30.412175],[114.442598,30.411414]]]}},{"type":"Feature","id":"d4f9f010-821f-4e26-9d95-ddc8d95e1722","properties":{"id":"d4f9f010-821f-4e26-9d95-ddc8d95e1722","height":78,"num_floors":24,"class":"building","areaM2":11251,"sourceTile":"tile_0_2","sourceFeatureCount":38153,"heightEstimated":true},"geometry":{"type":"Polygon","coordinates":[[[114.44419,30.416543],[114.443077,30.415465],[114.443624,30.415042],[114.444737,30.41612],[114.44419,30.416543]]]}},{"type":"Feature","id":"56aaa42b-f792-43d7-bf9d-26b42ebefd2a","properties":{"id":"56aaa42b-f792-43d7-bf9d-26b42ebefd2a","height":97,"num_floors":30,"class":"building","areaM2":17790,"sourceTile":"tile_0_2","sourceFeatureCount":38153,"heightEstimated":true},"geometry":{"type":"Polygon","coordinates":[[[114.445277,30.414453],[114.445734,30.415068],[114.445915,30.414665],[114.446196,30.414937],[114.445417,30.415541],[114.443919,30.414091],[114.444853,30.413657],[114.445498,30.414281],[114.445277,30.414453]]]}},{"type":"Feature","id":"d2c445dd-a0e4-4157-9c87-bf3a7e0a0d8e","properties":{"id":"d2c445dd-a0e4-4157-9c87-bf3a7e0a0d8e","height":12,"num_floors":4,"class":"building","areaM2":55,"sourceTile":"tile_0_2","sourceFeatureCount":38153,"heightEstimated":true},"geometry":{"type":"Polygon","coordinates":[[[114.448816,30.403015],[114.448677,30.402957],[114.44878,30.402926],[114.448816,30.403015]]]}},{"type":"Feature","id":"bc5ba448-4d2c-4b9e-b1ca-e255156619c7","properties":{"id":"bc5ba448-4d2c-4b9e-b1ca-e255156619c7","height":16,"num_floors":5,"class":"building","areaM2":56,"sourceTile":"tile_0_2","sourceFeatureCount":38153,"heightEstimated":true},"geometry":{"type":"Polygon","coordinates":[[[114.459115,30.404684],[114.459007,30.404781],[114.459005,30.404686],[114.459115,30.404684]]]}},{"type":"Feature","id":"8e553533-f9a9-4227-a84d-d15e1d96aaa3","properties":{"id":"8e553533-f9a9-4227-a84d-d15e1d96aaa3","height":98,"num_floors":31,"class":"building","areaM2":10954,"sourceTile":"tile_0_2","sourceFeatureCount":38153,"heightEstimated":true},"geometry":{"type":"Polygon","coordinates":[[[114.459396,30.425779],[114.457632,30.425777],[114.457633,30.425192],[114.459397,30.425194],[114.459396,30.425779]]]}},{"type":"Feature","id":"c689e903-4643-47e2-974c-896c3ed7454f","properties":{"id":"c689e903-4643-47e2-974c-896c3ed7454f","height":104,"num_floors":33,"class":"building","areaM2":10955,"sourceTile":"tile_0_2","sourceFeatureCount":38153,"heightEstimated":true},"geometry":{"type":"Polygon","coordinates":[[[114.459402,30.425006],[114.457637,30.425003],[114.457638,30.424418],[114.459403,30.424421],[114.459402,30.425006]]]}},{"type":"Feature","id":"77b6d810-7065-49b3-a325-617d355c8ba8","properties":{"id":"77b6d810-7065-49b3-a325-617d355c8ba8","height":79,"num_floors":25,"class":"building","areaM2":10954,"sourceTile":"tile_0_2","sourceFeatureCount":38153,"heightEstimated":true},"geometry":{"type":"Polygon","coordinates":[[[114.459373,30.424159],[114.457608,30.424157],[114.457609,30.423572],[114.459374,30.423574],[114.459373,30.424159]]]}},{"type":"Feature","id":"e9d940d0-2039-47c3-aa8e-a5fc05897cbb","properties":{"id":"e9d940d0-2039-47c3-aa8e-a5fc05897cbb","height":85,"num_floors":27,"class":"building","areaM2":10955,"sourceTile":"tile_0_2","sourceFeatureCount":38153,"heightEstimated":true},"geometry":{"type":"Polygon","coordinates":[[[114.459395,30.42335],[114.45763,30.423348],[114.457631,30.422763],[114.459396,30.422765],[114.459395,30.42335]]]}},{"type":"Feature","id":"ed58dccb-36c6-43f9-b4c3-c92d32b04ab2","properties":{"id":"ed58dccb-36c6-43f9-b4c3-c92d32b04ab2","height":98,"num_floors":31,"class":"building","areaM2":12068,"sourceTile":"tile_0_2","sourceFeatureCount":38153,"heightEstimated":true},"geometry":{"type":"Polygon","coordinates":[[[114.464231,30.427556],[114.462491,30.427557],[114.46249,30.426904],[114.46423,30.426902],[114.464231,30.427556]]]}},{"type":"Feature","id":"8f7c404c-f60a-4876-94d7-8150c9507183","properties":{"id":"8f7c404c-f60a-4876-94d7-8150c9507183","height":88,"num_floors":28,"class":"building","areaM2":12067,"sourceTile":"tile_0_2","sourceFeatureCount":38153,"heightEstimated":true},"geometry":{"type":"Polygon","coordinates":[[[114.464231,30.428471],[114.462491,30.428473],[114.46249,30.427819],[114.46423,30.427817],[114.464231,30.428471]]]}},{"type":"Feature","id":"1852d9bd-bb4f-4b2b-8f4a-b04583208779","properties":{"id":"1852d9bd-bb4f-4b2b-8f4a-b04583208779","height":94,"num_floors":29,"class":"building","areaM2":12068,"sourceTile":"tile_0_2","sourceFeatureCount":38153,"heightEstimated":true},"geometry":{"type":"Polygon","coordinates":[[[114.464219,30.4294],[114.462479,30.429402],[114.462478,30.428749],[114.464218,30.428747],[114.464219,30.4294]]]}},{"type":"Feature","id":"3b66c902-279e-4985-9409-bfe65b546ec8","properties":{"id":"3b66c902-279e-4985-9409-bfe65b546ec8","height":96,"num_floors":30,"class":"building","areaM2":10106,"sourceTile":"tile_0_2","sourceFeatureCount":38153,"heightEstimated":true},"geometry":{"type":"Polygon","coordinates":[[[114.464274,30.433699],[114.462517,30.433707],[114.462514,30.433165],[114.464271,30.433157],[114.464274,30.433699]]]}},{"type":"Feature","id":"611d8f4a-9c77-4a76-bfce-c65820731219","properties":{"id":"611d8f4a-9c77-4a76-bfce-c65820731219","height":102,"num_floors":32,"class":"building","areaM2":10106,"sourceTile":"tile_0_2","sourceFeatureCount":38153,"heightEstimated":true},"geometry":{"type":"Polygon","coordinates":[[[114.464266,30.432881],[114.462509,30.432889],[114.462505,30.432347],[114.464262,30.432339],[114.464266,30.432881]]]}},{"type":"Feature","id":"ef37981c-5b02-44a1-9622-3739e2573c8b","properties":{"id":"ef37981c-5b02-44a1-9622-3739e2573c8b","height":77,"num_floors":24,"class":"building","areaM2":10105,"sourceTile":"tile_0_2","sourceFeatureCount":38153,"heightEstimated":true},"geometry":{"type":"Polygon","coordinates":[[[114.464249,30.432067],[114.462492,30.432075],[114.462488,30.431533],[114.464245,30.431525],[114.464249,30.432067]]]}},{"type":"Feature","id":"1444c38a-38e6-4584-bd72-09aac037b3f0","properties":{"id":"1444c38a-38e6-4584-bd72-09aac037b3f0","height":79,"num_floors":25,"class":"building","areaM2":9480,"sourceTile":"tile_0_2","sourceFeatureCount":38153,"heightEstimated":true},"geometry":{"type":"Polygon","coordinates":[[[114.46261,30.436833],[114.461072,30.436834],[114.461071,30.436253],[114.46261,30.436252],[114.46261,30.436833]]]}},{"type":"Feature","id":"4509c188-59db-4169-8a1a-1620f2766181","properties":{"id":"4509c188-59db-4169-8a1a-1620f2766181","height":91,"num_floors":28,"class":"building","areaM2":9481,"sourceTile":"tile_0_2","sourceFeatureCount":38153,"heightEstimated":true},"geometry":{"type":"Polygon","coordinates":[[[114.46261,30.437544],[114.461072,30.437546],[114.461071,30.436965],[114.46261,30.436963],[114.46261,30.437544]]]}},{"type":"Feature","id":"9c52ef0b-a23b-426b-8f5a-9baa54c25ce0","properties":{"id":"9c52ef0b-a23b-426b-8f5a-9baa54c25ce0","height":97,"num_floors":30,"class":"building","areaM2":9480,"sourceTile":"tile_0_2","sourceFeatureCount":38153,"heightEstimated":true},"geometry":{"type":"Polygon","coordinates":[[[114.462623,30.438256],[114.461084,30.438258],[114.461083,30.437677],[114.462622,30.437675],[114.462623,30.438256]]]}},{"type":"Feature","id":"189ec2b0-201b-4249-a616-b07f235c6520","properties":{"id":"189ec2b0-201b-4249-a616-b07f235c6520","height":72,"num_floors":23,"class":"building","areaM2":9481,"sourceTile":"tile_0_2","sourceFeatureCount":38153,"heightEstimated":true},"geometry":{"type":"Polygon","coordinates":[[[114.462624,30.438987],[114.461086,30.438989],[114.461085,30.438408],[114.462623,30.438406],[114.462624,30.438987]]]}},{"type":"Feature","id":"d71ee5ab-2517-4b98-b3c2-c3cbb8a7605f","properties":{"id":"d71ee5ab-2517-4b98-b3c2-c3cbb8a7605f","height":29,"num_floors":9,"class":"building","areaM2":359,"sourceTile":"tile_0_2","sourceFeatureCount":38153,"heightEstimated":true},"geometry":{"type":"Polygon","coordinates":[[[114.455538,30.434085],[114.45496,30.434397],[114.454916,30.434304],[114.455538,30.434085]]]}},{"type":"Feature","id":"d18bba6c-e4a2-4de7-a70e-ea12e47b72f2","properties":{"id":"d18bba6c-e4a2-4de7-a70e-ea12e47b72f2","height":85,"num_floors":27,"class":"building","areaM2":10527,"sourceTile":"tile_0_2","sourceFeatureCount":38153,"heightEstimated":true},"geometry":{"type":"Polygon","coordinates":[[[114.455803,30.433043],[114.454679,30.433228],[114.454799,30.43242],[114.455823,30.431962],[114.455803,30.433043]]]}},{"type":"Feature","id":"76da2d8b-e1ab-47b2-9468-387c926ccfd0","properties":{"id":"76da2d8b-e1ab-47b2-9468-387c926ccfd0","height":30,"num_floors":9,"class":"building","areaM2":224,"sourceTile":"tile_0_2","sourceFeatureCount":38153,"heightEstimated":true},"geometry":{"type":"Polygon","coordinates":[[[114.450742,30.435405],[114.451177,30.435521],[114.450736,30.435501],[114.450742,30.435405]]]}},{"type":"Feature","id":"442aa18e-b6e6-4b5f-a126-ce528c8c9e0b","properties":{"id":"442aa18e-b6e6-4b5f-a126-ce528c8c9e0b","height":33,"num_floors":10,"class":"building","areaM2":203,"sourceTile":"tile_0_2","sourceFeatureCount":38153,"heightEstimated":true},"geometry":{"type":"Polygon","coordinates":[[[114.452303,30.445612],[114.452495,30.445413],[114.452496,30.445611],[114.452303,30.445612]]]}},{"type":"Feature","id":"64f592f4-4040-4a27-a390-cca8a8bd8a5e","properties":{"id":"64f592f4-4040-4a27-a390-cca8a8bd8a5e","height":97,"num_floors":30,"class":"building","areaM2":18349,"sourceTile":"tile_0_2","sourceFeatureCount":38153,"heightEstimated":true},"geometry":{"type":"Polygon","coordinates":[[[114.453872,30.450723],[114.456042,30.450694],[114.45597,30.451571],[114.453802,30.451438],[114.453872,30.450723]]]}},{"type":"Feature","id":"bda8020f-3710-4775-a81c-7e55be3ac1c0","properties":{"id":"bda8020f-3710-4775-a81c-7e55be3ac1c0","height":89,"num_floors":28,"class":"building","areaM2":10236,"sourceTile":"tile_0_2","sourceFeatureCount":38153,"heightEstimated":true},"geometry":{"type":"Polygon","coordinates":[[[114.456148,30.452227],[114.454134,30.452103],[114.454173,30.451627],[114.456187,30.45175],[114.456148,30.452227]]]}},{"type":"Feature","id":"a7fe9184-4723-4fdb-ac0f-942f7938e7dc","properties":{"id":"a7fe9184-4723-4fdb-ac0f-942f7938e7dc","height":46,"num_floors":14,"class":"building","areaM2":689,"sourceTile":"tile_0_2","sourceFeatureCount":38153,"heightEstimated":true},"geometry":{"type":"Polygon","coordinates":[[[114.455956,30.453258],[114.456078,30.453012],[114.456301,30.453095],[114.456179,30.453341],[114.455956,30.453258]]]}},{"type":"Feature","id":"cc63752e-f807-44e9-8708-375e59fb8b4c","properties":{"id":"cc63752e-f807-44e9-8708-375e59fb8b4c","height":137,"num_floors":43,"class":"building","areaM2":22306,"sourceTile":"tile_0_2","sourceFeatureCount":38153,"heightEstimated":true},"geometry":{"type":"Polygon","coordinates":[[[114.45704,30.456201],[114.45532,30.455761],[114.455967,30.454622],[114.457457,30.454988],[114.45704,30.456201]]]}},{"type":"Feature","id":"fec3839c-758e-4625-a219-986d9b5d1ecd","properties":{"id":"fec3839c-758e-4625-a219-986d9b5d1ecd","height":118,"num_floors":37,"class":"building","areaM2":22533,"sourceTile":"tile_0_2","sourceFeatureCount":38153,"heightEstimated":true},"geometry":{"type":"Polygon","coordinates":[[[114.451638,30.468157],[114.450975,30.468156],[114.450983,30.464954],[114.451647,30.464955],[114.451638,30.468157]]]}},{"type":"Feature","id":"b381403f-680b-4c34-8eb7-e1727719bb88","properties":{"id":"b381403f-680b-4c34-8eb7-e1727719bb88","height":103,"num_floors":32,"class":"building","areaM2":12322,"sourceTile":"tile_0_2","sourceFeatureCount":38153,"heightEstimated":true},"geometry":{"type":"Polygon","coordinates":[[[114.451283,30.470297],[114.450636,30.470296],[114.45064,30.468678],[114.450876,30.468459],[114.451286,30.46846],[114.451283,30.470297]]]}},{"type":"Feature","id":"801756d3-9bae-48fa-9067-cb578a329f9a","properties":{"id":"801756d3-9bae-48fa-9067-cb578a329f9a","height":8,"num_floors":3,"class":"building","areaM2":124,"sourceTile":"tile_0_2","sourceFeatureCount":38153,"heightEstimated":true},"geometry":{"type":"Polygon","coordinates":[[[114.450945,30.475816],[114.451127,30.475942],[114.450956,30.475952],[114.450945,30.475816]]]}},{"type":"Feature","id":"b25545b0-c86f-4226-bb75-ee8435a5b32c","properties":{"id":"b25545b0-c86f-4226-bb75-ee8435a5b32c","height":114,"num_floors":36,"class":"stadium","areaM2":15528,"sourceTile":"tile_0_2","sourceFeatureCount":38153,"heightEstimated":true},"geometry":{"type":"Polygon","coordinates":[[[114.457123,30.475412],[114.457136,30.475973],[114.45666,30.476357],[114.456011,30.476309],[114.455618,30.475861],[114.455741,30.47531],[114.456136,30.475053],[114.457123,30.475412]]]}},{"type":"Feature","id":"aa3a77cd-f8da-4d61-b892-36eab2fdf2b9","properties":{"id":"aa3a77cd-f8da-4d61-b892-36eab2fdf2b9","height":163,"num_floors":51,"class":"building","areaM2":41664,"sourceTile":"tile_0_2","sourceFeatureCount":38153,"heightEstimated":true},"geometry":{"type":"Polygon","coordinates":[[[114.458056,30.47166],[114.4544,30.471675],[114.454394,30.4706],[114.45805,30.470585],[114.458056,30.47166]]]}},{"type":"Feature","id":"7114f347-ac47-49c3-9b4f-f91f3c4cda64","properties":{"id":"7114f347-ac47-49c3-9b4f-f91f3c4cda64","height":8,"num_floors":3,"class":"building","areaM2":27,"sourceTile":"tile_0_2","sourceFeatureCount":38153,"heightEstimated":true},"geometry":{"type":"Polygon","coordinates":[[[114.455531,30.470232],[114.455448,30.470295],[114.455443,30.470238],[114.455531,30.470232]]]}},{"type":"Feature","id":"05cb740b-6e79-4610-9c58-737520218b90","properties":{"id":"05cb740b-6e79-4610-9c58-737520218b90","height":114,"num_floors":36,"class":"building","areaM2":15099,"sourceTile":"tile_0_2","sourceFeatureCount":38153,"heightEstimated":true},"geometry":{"type":"Polygon","coordinates":[[[114.455277,30.470257],[114.454201,30.470257],[114.4542,30.468934],[114.455276,30.468933],[114.455277,30.470257]]]}},{"type":"Feature","id":"f465bb42-a965-430e-adce-20c6b94bcee5","properties":{"id":"f465bb42-a965-430e-adce-20c6b94bcee5","height":109,"num_floors":34,"class":"building","areaM2":22478,"sourceTile":"tile_0_2","sourceFeatureCount":38153,"heightEstimated":true},"geometry":{"type":"Polygon","coordinates":[[[114.454184,30.468671],[114.454172,30.466703],[114.455249,30.466698],[114.455261,30.468666],[114.454184,30.468671]]]}},{"type":"Feature","id":"4e51cef7-6443-4c95-8e7f-f4ee5e9834dc","properties":{"id":"4e51cef7-6443-4c95-8e7f-f4ee5e9834dc","height":168,"num_floors":53,"class":"building","areaM2":40691,"sourceTile":"tile_0_2","sourceFeatureCount":38153,"heightEstimated":true},"geometry":{"type":"Polygon","coordinates":[[[114.456546,30.464653],[114.454169,30.464662],[114.454161,30.463048],[114.456537,30.463039],[114.456546,30.464653]]]}},{"type":"Feature","id":"f8bb3c78-5ee8-40a1-9561-ea1d11bafb13","properties":{"id":"f8bb3c78-5ee8-40a1-9561-ea1d11bafb13","height":159,"num_floors":50,"class":"building","areaM2":39057,"sourceTile":"tile_0_2","sourceFeatureCount":38153,"heightEstimated":true},"geometry":{"type":"Polygon","coordinates":[[[114.458039,30.469978],[114.455657,30.469974],[114.45566,30.468427],[114.458042,30.468432],[114.458039,30.469978]]]}},{"type":"Feature","id":"6c4c2f4f-983c-4cae-bee2-4f45cc2df67b","properties":{"id":"6c4c2f4f-983c-4cae-bee2-4f45cc2df67b","height":163,"num_floors":51,"class":"building","areaM2":37924,"sourceTile":"tile_0_2","sourceFeatureCount":38153,"heightEstimated":true},"geometry":{"type":"Polygon","coordinates":[[[114.458034,30.468184],[114.455651,30.468178],[114.455656,30.466677],[114.45804,30.466684],[114.458034,30.468184]]]}},{"type":"Feature","id":"dea694c8-e9c6-4ef7-b388-f3c1c4aa6a38","properties":{"id":"dea694c8-e9c6-4ef7-b388-f3c1c4aa6a38","height":123,"num_floors":38,"class":"building","areaM2":21473,"sourceTile":"tile_0_2","sourceFeatureCount":38153,"heightEstimated":true},"geometry":{"type":"Polygon","coordinates":[[[114.460417,30.46823],[114.4591,30.468225],[114.459226,30.466561],[114.460424,30.46668],[114.460417,30.46823]]]}},{"type":"Feature","id":"bc7713b4-98a0-4fbe-96df-cc09e2d4d40a","properties":{"id":"bc7713b4-98a0-4fbe-96df-cc09e2d4d40a","height":73,"num_floors":23,"class":"stadium","areaM2":9576,"sourceTile":"tile_0_2","sourceFeatureCount":38153,"heightEstimated":true},"geometry":{"type":"Polygon","coordinates":[[[114.457047,30.473823],[114.457857,30.473893],[114.45805,30.47422],[114.45784,30.474718],[114.45689,30.474651],[114.456746,30.474301],[114.457047,30.473823]]]}},{"type":"Feature","id":"0f7e47ee-9c60-4377-b07a-10184d7fdc03","properties":{"id":"0f7e47ee-9c60-4377-b07a-10184d7fdc03","height":105,"num_floors":33,"class":"building","areaM2":12367,"sourceTile":"tile_0_2","sourceFeatureCount":38153,"heightEstimated":true},"geometry":{"type":"Polygon","coordinates":[[[114.465101,30.474402],[114.463538,30.474426],[114.463532,30.474091],[114.464042,30.474083],[114.464034,30.473685],[114.465721,30.473659],[114.465728,30.474009],[114.465093,30.474019],[114.465101,30.474402]]]}},{"type":"Feature","id":"0acb286d-63a6-4f72-85bd-8ff485093aea","properties":{"id":"0acb286d-63a6-4f72-85bd-8ff485093aea","height":149,"num_floors":47,"class":"building","areaM2":33479,"sourceTile":"tile_0_2","sourceFeatureCount":38153,"heightEstimated":true},"geometry":{"type":"Polygon","coordinates":[[[114.465069,30.471569],[114.463009,30.471561],[114.463018,30.469902],[114.465022,30.46991],[114.465019,30.47033],[114.463907,30.470326],[114.463906,30.470529],[114.465074,30.470533],[114.465069,30.471569]]]}},{"type":"Feature","id":"28725a04-69dd-44f8-9d0f-027b6db76e19","properties":{"id":"28725a04-69dd-44f8-9d0f-027b6db76e19","height":75,"num_floors":23,"class":"building","areaM2":9503,"sourceTile":"tile_0_2","sourceFeatureCount":38153,"heightEstimated":true},"geometry":{"type":"Polygon","coordinates":[[[114.462313,30.474956],[114.46118,30.474796],[114.461186,30.474436],[114.462993,30.474461],[114.46298,30.475182],[114.462514,30.475176],[114.462525,30.474616],[114.462313,30.474956]]]}},{"type":"Feature","id":"969d80c3-9cfc-470c-8de2-938d3b001703","properties":{"id":"969d80c3-9cfc-470c-8de2-938d3b001703","height":90,"num_floors":28,"class":"building","areaM2":10568,"sourceTile":"tile_0_2","sourceFeatureCount":38153,"heightEstimated":true},"geometry":{"type":"Polygon","coordinates":[[[114.462592,30.470145],[114.460829,30.470152],[114.460826,30.469586],[114.46259,30.46958],[114.462592,30.470145]]]}},{"type":"Feature","id":"8f551803-f2f8-4368-a84d-a2c433d76a6b","properties":{"id":"8f551803-f2f8-4368-a84d-a2c433d76a6b","height":150,"num_floors":47,"class":"building","areaM2":35186,"sourceTile":"tile_0_2","sourceFeatureCount":38153,"heightEstimated":true},"geometry":{"type":"Polygon","coordinates":[[[114.460788,30.468671],[114.460788,30.466827],[114.462587,30.466827],[114.462587,30.468671],[114.460788,30.468671]]]}},{"type":"Feature","id":"316d425e-f6bc-44f7-b405-01a71eb5460d","properties":{"id":"316d425e-f6bc-44f7-b405-01a71eb5460d","height":18,"num_floors":6,"class":"building","areaM2":189,"sourceTile":"tile_0_2","sourceFeatureCount":38153,"heightEstimated":true},"geometry":{"type":"Polygon","coordinates":[[[114.461136,30.466077],[114.461647,30.466026],[114.461643,30.466096],[114.461136,30.466077]]]}},{"type":"Feature","id":"b9bf32bc-8835-4224-bf51-c00ad5aee3db","properties":{"id":"b9bf32bc-8835-4224-bf51-c00ad5aee3db","height":112,"num_floors":35,"class":"building","areaM2":16280,"sourceTile":"tile_0_2","sourceFeatureCount":38153,"heightEstimated":true},"geometry":{"type":"Polygon","coordinates":[[[114.461907,30.465006],[114.460573,30.465003],[114.460577,30.463852],[114.461911,30.463855],[114.461907,30.465006]]]}},{"type":"Feature","id":"ada84e0d-7d2f-4fa1-a378-42d0ad0841ec","properties":{"id":"ada84e0d-7d2f-4fa1-a378-42d0ad0841ec","height":126,"num_floors":39,"class":"building","areaM2":25220,"sourceTile":"tile_0_2","sourceFeatureCount":38153,"heightEstimated":true},"geometry":{"type":"Polygon","coordinates":[[[114.464524,30.468224],[114.462978,30.468221],[114.462982,30.466693],[114.464528,30.466675],[114.464524,30.468224]]]}},{"type":"Feature","id":"d3a1a078-3b1b-4e5b-b76c-fad7c1974ee2","properties":{"id":"d3a1a078-3b1b-4e5b-b76c-fad7c1974ee2","height":77,"num_floors":24,"class":"building","areaM2":11109,"sourceTile":"tile_0_2","sourceFeatureCount":38153,"heightEstimated":true},"geometry":{"type":"Polygon","coordinates":[[[114.462846,30.461797],[114.461728,30.461588],[114.461952,30.460694],[114.463071,30.460902],[114.462846,30.461797]]]}},{"type":"Feature","id":"0372cf18-1399-4c26-95ed-b41c137ddcf5","properties":{"id":"0372cf18-1399-4c26-95ed-b41c137ddcf5","height":102,"num_floors":32,"class":"building","areaM2":18857,"sourceTile":"tile_0_2","sourceFeatureCount":38153,"heightEstimated":true},"geometry":{"type":"Polygon","coordinates":[[[114.461278,30.462422],[114.460506,30.462425],[114.460479,30.460129],[114.461256,30.460129],[114.461278,30.462422]]]}},{"type":"Feature","id":"ae77f1c0-77da-45b2-a364-a988d4d4b00a","properties":{"id":"ae77f1c0-77da-45b2-a364-a988d4d4b00a","height":99,"num_floors":31,"class":"building","areaM2":12153,"sourceTile":"tile_0_2","sourceFeatureCount":38153,"heightEstimated":true},"geometry":{"type":"Polygon","coordinates":[[[114.459341,30.455303],[114.457788,30.455007],[114.457969,30.454304],[114.459521,30.4546],[114.459341,30.455303]]]}},{"type":"Feature","id":"1a36157a-71b9-4823-9b32-dd0377882880","properties":{"id":"1a36157a-71b9-4823-9b32-dd0377882880","height":90,"num_floors":28,"class":"building","areaM2":15634,"sourceTile":"tile_0_2","sourceFeatureCount":38153,"heightEstimated":true},"geometry":{"type":"Polygon","coordinates":[[[114.458526,30.45652],[114.457237,30.456187],[114.457602,30.455138],[114.458891,30.455471],[114.458526,30.45652]]]}},{"type":"Feature","id":"9f1e041d-ffc9-4f7a-902d-67c564c4b7ac","properties":{"id":"9f1e041d-ffc9-4f7a-902d-67c564c4b7ac","height":17,"num_floors":5,"class":"building","areaM2":47,"sourceTile":"tile_0_2","sourceFeatureCount":38153,"heightEstimated":true},"geometry":{"type":"Polygon","coordinates":[[[114.46247,30.448447],[114.462586,30.448368],[114.462554,30.448467],[114.46247,30.448447]]]}},{"type":"Feature","id":"28d81e51-dfed-46b1-bf84-794aadea0ef8","properties":{"id":"28d81e51-dfed-46b1-bf84-794aadea0ef8","height":93,"num_floors":29,"class":"building","areaM2":9852,"sourceTile":"tile_0_2","sourceFeatureCount":38153,"heightEstimated":true},"geometry":{"type":"Polygon","coordinates":[[[114.467366,30.445214],[114.465159,30.445217],[114.465158,30.444782],[114.467366,30.444808],[114.467366,30.445214]]]}},{"type":"Feature","id":"601db69e-249d-48b6-8949-83e2912f418d","properties":{"id":"601db69e-249d-48b6-8949-83e2912f418d","height":110,"num_floors":34,"class":"building","areaM2":13004,"sourceTile":"tile_0_2","sourceFeatureCount":38153,"heightEstimated":true},"geometry":{"type":"Polygon","coordinates":[[[114.465419,30.445871],[114.465238,30.445306],[114.467336,30.445303],[114.467337,30.445776],[114.46705,30.445977],[114.465419,30.445871]]]}},{"type":"Feature","id":"0f267f19-e2d0-412c-b9e0-d1533d3bcf72","properties":{"id":"0f267f19-e2d0-412c-b9e0-d1533d3bcf72","height":168,"num_floors":53,"class":"building","areaM2":76389,"sourceTile":"tile_0_2","sourceFeatureCount":38153,"heightEstimated":true},"geometry":{"type":"Polygon","coordinates":[[[114.474755,30.441239],[114.468249,30.441251],[114.468246,30.440144],[114.474752,30.440133],[114.474755,30.441239]]]}},{"type":"Feature","id":"4804b1bd-0b16-477d-b761-646b6f5c778c","properties":{"id":"4804b1bd-0b16-477d-b761-646b6f5c778c","height":96,"num_floors":30,"class":"building","areaM2":12353,"sourceTile":"tile_0_2","sourceFeatureCount":38153,"heightEstimated":true},"geometry":{"type":"Polygon","coordinates":[[[114.471463,30.444188],[114.46998,30.444193],[114.469977,30.443408],[114.471459,30.443402],[114.471463,30.444188]]]}},{"type":"Feature","id":"875f32ea-5375-4e84-adb0-535c5fbd21ea","properties":{"id":"875f32ea-5375-4e84-adb0-535c5fbd21ea","height":28,"num_floors":9,"class":"building","areaM2":259,"sourceTile":"tile_0_2","sourceFeatureCount":38153,"heightEstimated":true},"geometry":{"type":"Polygon","coordinates":[[[114.470362,30.447286],[114.470611,30.446947],[114.470482,30.447319],[114.470362,30.447286]]]}},{"type":"Feature","id":"776abc79-2733-4d85-a159-e4fbab2c5041","properties":{"id":"776abc79-2733-4d85-a159-e4fbab2c5041","height":113,"num_floors":35,"class":"building","areaM2":16999,"sourceTile":"tile_0_2","sourceFeatureCount":38153,"heightEstimated":true},"geometry":{"type":"Polygon","coordinates":[[[114.466617,30.461943],[114.466633,30.462544],[114.463967,30.462596],[114.463951,30.461995],[114.466617,30.461943]]]}},{"type":"Feature","id":"5f8fc71d-a6c3-40b3-8b56-a487c044c055","properties":{"id":"5f8fc71d-a6c3-40b3-8b56-a487c044c055","height":25,"num_floors":8,"class":"building","areaM2":50,"sourceTile":"tile_0_2","sourceFeatureCount":38153,"heightEstimated":true},"geometry":{"type":"Polygon","coordinates":[[[114.468028,30.472599],[114.468156,30.472515],[114.468167,30.472582],[114.468028,30.472599]]]}},{"type":"Feature","id":"7338d2de-7e00-4ece-a16e-d3932ca1b46f","properties":{"id":"7338d2de-7e00-4ece-a16e-d3932ca1b46f","height":110,"num_floors":34,"class":"building","areaM2":23430,"sourceTile":"tile_0_2","sourceFeatureCount":38153,"heightEstimated":true},"geometry":{"type":"Polygon","coordinates":[[[114.469639,30.472126],[114.468509,30.472121],[114.468511,30.471584],[114.46826,30.471583],[114.468505,30.470315],[114.469648,30.470319],[114.469639,30.472126]]]}},{"type":"Feature","id":"f862ee05-940e-46e1-be25-ce9ca610464d","properties":{"id":"f862ee05-940e-46e1-be25-ce9ca610464d","height":85,"num_floors":27,"class":"building","areaM2":12453,"sourceTile":"tile_0_2","sourceFeatureCount":38153,"heightEstimated":true},"geometry":{"type":"Polygon","coordinates":[[[114.470697,30.469233],[114.470236,30.469228],[114.470268,30.466686],[114.470731,30.466691],[114.470697,30.469233]]]}},{"type":"Feature","id":"857e0905-9730-42a4-8909-e0a7483764de","properties":{"id":"857e0905-9730-42a4-8909-e0a7483764de","height":108,"num_floors":34,"class":"building","areaM2":21193,"sourceTile":"tile_0_2","sourceFeatureCount":38153,"heightEstimated":true},"geometry":{"type":"Polygon","coordinates":[[[114.469736,30.468824],[114.468269,30.468816],[114.468279,30.467453],[114.469746,30.467461],[114.469736,30.468824]]]}},{"type":"Feature","id":"0fe9c156-52cc-4e58-9625-ef4d340fb294","properties":{"id":"0fe9c156-52cc-4e58-9625-ef4d340fb294","height":93,"num_floors":29,"class":"building","areaM2":13531,"sourceTile":"tile_0_2","sourceFeatureCount":38153,"heightEstimated":true},"geometry":{"type":"Polygon","coordinates":[[[114.469454,30.467054],[114.46829,30.467052],[114.468292,30.465956],[114.469456,30.465957],[114.469454,30.467054]]]}},{"type":"Feature","id":"54115b5a-7c07-43d5-ba72-b9ae846a58b5","properties":{"id":"54115b5a-7c07-43d5-ba72-b9ae846a58b5","height":29,"num_floors":9,"class":"building","areaM2":41,"sourceTile":"tile_0_2","sourceFeatureCount":38153,"heightEstimated":true},"geometry":{"type":"Polygon","coordinates":[[[114.47219,30.46709],[114.472321,30.467067],[114.472256,30.467137],[114.47219,30.46709]]]}},{"type":"Feature","id":"2d4a1de1-8d30-4de9-9e99-96d4cf481641","properties":{"id":"2d4a1de1-8d30-4de9-9e99-96d4cf481641","height":86,"num_floors":27,"class":"building","areaM2":9957,"sourceTile":"tile_0_2","sourceFeatureCount":38153,"heightEstimated":true},"geometry":{"type":"Polygon","coordinates":[[[114.473359,30.467554],[114.472503,30.46755],[114.472511,30.466453],[114.473367,30.466457],[114.473359,30.467554]]]}},{"type":"Feature","id":"d63683a0-4fb9-4db3-9bf1-9efb534bc038","properties":{"id":"d63683a0-4fb9-4db3-9bf1-9efb534bc038","height":113,"num_floors":35,"class":"building","areaM2":15503,"sourceTile":"tile_0_2","sourceFeatureCount":38153,"heightEstimated":true},"geometry":{"type":"Polygon","coordinates":[[[114.474924,30.467372],[114.473875,30.467353],[114.473908,30.465961],[114.474958,30.46598],[114.474924,30.467372]]]}},{"type":"Feature","id":"a60bfd7c-ef5a-4156-973e-fd51033ec73f","properties":{"id":"a60bfd7c-ef5a-4156-973e-fd51033ec73f","height":160,"num_floors":50,"class":"building","areaM2":47378,"sourceTile":"tile_0_2","sourceFeatureCount":38153,"heightEstimated":true},"geometry":{"type":"Polygon","coordinates":[[[114.475055,30.472281],[114.472884,30.472271],[114.473062,30.470132],[114.475068,30.470142],[114.475055,30.472281]]]}},{"type":"Feature","id":"c1a64c35-3436-44cf-93d2-07fc82dbd905","properties":{"id":"c1a64c35-3436-44cf-93d2-07fc82dbd905","height":39,"num_floors":12,"class":"building","areaM2":220,"sourceTile":"tile_0_2","sourceFeatureCount":38153,"heightEstimated":true},"geometry":{"type":"Polygon","coordinates":[[[114.479418,30.472001],[114.478843,30.472136],[114.478842,30.472064],[114.479418,30.472001]]]}},{"type":"Feature","id":"4b37c4db-e5d0-4852-9538-a01b8ec69774","properties":{"id":"4b37c4db-e5d0-4852-9538-a01b8ec69774","height":116,"num_floors":36,"class":"building","areaM2":16620,"sourceTile":"tile_0_2","sourceFeatureCount":38153,"heightEstimated":true},"geometry":{"type":"Polygon","coordinates":[[[114.478743,30.455576],[114.476584,30.455576],[114.476584,30.454754],[114.478324,30.454754],[114.478325,30.455252],[114.478743,30.455252],[114.478743,30.455576]]]}},{"type":"Feature","id":"3bf26dfd-0d3d-47cd-8bc0-78fc39a0e5f9","properties":{"id":"3bf26dfd-0d3d-47cd-8bc0-78fc39a0e5f9","height":86,"num_floors":27,"class":"building","areaM2":11135,"sourceTile":"tile_0_2","sourceFeatureCount":38153,"heightEstimated":true},"geometry":{"type":"Polygon","coordinates":[[[114.47719,30.452826],[114.476602,30.45283],[114.476531,30.452298],[114.477382,30.452503],[114.477378,30.452151],[114.477551,30.452486],[114.477837,30.452484],[114.477834,30.452161],[114.478917,30.452204],[114.478924,30.45283],[114.477832,30.452838],[114.477829,30.452536],[114.477187,30.45254],[114.47719,30.452826]]]}},{"type":"Feature","id":"4b108358-5908-4490-b92d-5888613816e6","properties":{"id":"4b108358-5908-4490-b92d-5888613816e6","height":11,"num_floors":3,"class":"building","areaM2":213,"sourceTile":"tile_0_2","sourceFeatureCount":38153,"heightEstimated":true},"geometry":{"type":"Polygon","coordinates":[[[114.472315,30.449647],[114.472729,30.449713],[114.472328,30.449746],[114.472315,30.449647]]]}},{"type":"Feature","id":"bc3943d0-57ad-4938-aea5-ba477594ae15","properties":{"id":"bc3943d0-57ad-4938-aea5-ba477594ae15","height":80,"num_floors":25,"class":"building","areaM2":11355,"sourceTile":"tile_0_2","sourceFeatureCount":38153,"heightEstimated":true},"geometry":{"type":"Polygon","coordinates":[[[114.478989,30.435213],[114.478249,30.435202],[114.478279,30.433755],[114.479019,30.433767],[114.478989,30.435213]]]}},{"type":"Feature","id":"65173222-6437-425c-887b-15913b59aa5a","properties":{"id":"65173222-6437-425c-887b-15913b59aa5a","height":89,"num_floors":28,"class":"building","areaM2":12168,"sourceTile":"tile_0_2","sourceFeatureCount":38153,"heightEstimated":true},"geometry":{"type":"Polygon","coordinates":[[[114.479345,30.436978],[114.477385,30.436992],[114.47738,30.436406],[114.479339,30.436393],[114.479345,30.436978]]]}},{"type":"Feature","id":"dc577136-68d9-49f1-b773-078bb8c05c12","properties":{"id":"dc577136-68d9-49f1-b773-078bb8c05c12","height":85,"num_floors":27,"class":"building","areaM2":11354,"sourceTile":"tile_0_2","sourceFeatureCount":38153,"heightEstimated":true},"geometry":{"type":"Polygon","coordinates":[[[114.477523,30.435188],[114.476784,30.435177],[114.476814,30.43373],[114.477553,30.433742],[114.477523,30.435188]]]}},{"type":"Feature","id":"241ca8ef-ef4c-4b22-9a99-091c218003bf","properties":{"id":"241ca8ef-ef4c-4b22-9a99-091c218003bf","height":75,"num_floors":23,"class":"building","areaM2":9558,"sourceTile":"tile_0_2","sourceFeatureCount":38153,"heightEstimated":true},"geometry":{"type":"Polygon","coordinates":[[[114.479276,30.418478],[114.477921,30.418027],[114.47818,30.417448],[114.479535,30.4179],[114.479276,30.418478]]]}},{"type":"Feature","id":"39a27ffc-73aa-4a82-b3dd-67ee438d0731","properties":{"id":"39a27ffc-73aa-4a82-b3dd-67ee438d0731","height":15,"num_floors":5,"class":"building","areaM2":212,"sourceTile":"tile_0_2","sourceFeatureCount":38153,"heightEstimated":true},"geometry":{"type":"Polygon","coordinates":[[[114.474467,30.431064],[114.474168,30.431111],[114.474283,30.430959],[114.474467,30.431064]]]}},{"type":"Feature","id":"f9f90f77-9b23-4f65-a483-82ec734b1118","properties":{"id":"f9f90f77-9b23-4f65-a483-82ec734b1118","height":90,"num_floors":28,"class":"building","areaM2":9743,"sourceTile":"tile_0_2","sourceFeatureCount":38153,"heightEstimated":true},"geometry":{"type":"Polygon","coordinates":[[[114.47438,30.434672],[114.473737,30.434676],[114.473729,30.433732],[114.474995,30.433724],[114.474999,30.434225],[114.474376,30.434229],[114.47438,30.434672]]]}},{"type":"Feature","id":"e7a32bc0-5286-4de1-9578-89807ac9c011","properties":{"id":"e7a32bc0-5286-4de1-9578-89807ac9c011","height":112,"num_floors":35,"class":"building","areaM2":18467,"sourceTile":"tile_0_2","sourceFeatureCount":38153,"heightEstimated":true},"geometry":{"type":"Polygon","coordinates":[[[114.473669,30.436906],[114.471867,30.436908],[114.471865,30.435942],[114.473667,30.43594],[114.473669,30.436906]]]}},{"type":"Feature","id":"9c956240-59d1-424c-9da3-60aeacf12fa8","properties":{"id":"9c956240-59d1-424c-9da3-60aeacf12fa8","height":86,"num_floors":27,"class":"building","areaM2":11752,"sourceTile":"tile_0_2","sourceFeatureCount":38153,"heightEstimated":true},"geometry":{"type":"Polygon","coordinates":[[[114.472963,30.431515],[114.471489,30.431521],[114.471485,30.43077],[114.472959,30.430764],[114.472963,30.431515]]]}},{"type":"Feature","id":"c16b8ecc-cdc6-4187-b633-3661732f0947","properties":{"id":"c16b8ecc-cdc6-4187-b633-3661732f0947","height":78,"num_floors":24,"class":"building","areaM2":10475,"sourceTile":"tile_0_2","sourceFeatureCount":38153,"heightEstimated":true},"geometry":{"type":"Polygon","coordinates":[[[114.471964,30.432904],[114.470583,30.432907],[114.470581,30.432192],[114.471962,30.432189],[114.471964,30.432904]]]}},{"type":"Feature","id":"af4f405a-fae4-4a40-9901-85011537ccfb","properties":{"id":"af4f405a-fae4-4a40-9901-85011537ccfb","height":86,"num_floors":27,"class":"building","areaM2":10904,"sourceTile":"tile_0_2","sourceFeatureCount":38153,"heightEstimated":true},"geometry":{"type":"Polygon","coordinates":[[[114.472,30.433723],[114.470558,30.43373],[114.470553,30.433017],[114.471995,30.43301],[114.472,30.433723]]]}},{"type":"Feature","id":"a4194177-8be4-4fec-bc47-22da9a9069cb","properties":{"id":"a4194177-8be4-4fec-bc47-22da9a9069cb","height":80,"num_floors":25,"class":"building","areaM2":9703,"sourceTile":"tile_0_2","sourceFeatureCount":38153,"heightEstimated":true},"geometry":{"type":"Polygon","coordinates":[[[114.469321,30.429437],[114.468518,30.429438],[114.468517,30.428299],[114.46932,30.428299],[114.469321,30.429437]]]}},{"type":"Feature","id":"d7e4c3f8-b694-4dcd-a994-5c2784bafd74","properties":{"id":"d7e4c3f8-b694-4dcd-a994-5c2784bafd74","height":77,"num_floors":24,"class":"building","areaM2":10856,"sourceTile":"tile_0_2","sourceFeatureCount":38153,"heightEstimated":true},"geometry":{"type":"Polygon","coordinates":[[[114.469282,30.432355],[114.468506,30.432355],[114.468506,30.431038],[114.469283,30.431038],[114.469282,30.432355]]]}},{"type":"Feature","id":"261d6419-0586-4b0b-aebe-ad0566a91460","properties":{"id":"261d6419-0586-4b0b-aebe-ad0566a91460","height":100,"num_floors":31,"class":"building","areaM2":16350,"sourceTile":"tile_0_2","sourceFeatureCount":38153,"heightEstimated":true},"geometry":{"type":"Polygon","coordinates":[[[114.470307,30.43336],[114.468576,30.43336],[114.468576,30.432471],[114.470307,30.43247],[114.470307,30.43336]]]}},{"type":"Feature","id":"a157f230-2e15-4234-98ce-9fc26f2f19a2","properties":{"id":"a157f230-2e15-4234-98ce-9fc26f2f19a2","height":91,"num_floors":28,"class":"building","areaM2":10049,"sourceTile":"tile_0_2","sourceFeatureCount":38153,"heightEstimated":true},"geometry":{"type":"Polygon","coordinates":[[[114.470585,30.437613],[114.46843,30.437625],[114.468427,30.437186],[114.470581,30.437173],[114.470585,30.437613]]]}},{"type":"Feature","id":"db8ef4a1-31b4-4b2f-9706-cfd6eb23d0d0","properties":{"id":"db8ef4a1-31b4-4b2f-9706-cfd6eb23d0d0","height":76,"num_floors":24,"class":"building","areaM2":10107,"sourceTile":"tile_0_2","sourceFeatureCount":38153,"heightEstimated":true},"geometry":{"type":"Polygon","coordinates":[[[114.466901,30.43206],[114.465144,30.432068],[114.46514,30.431526],[114.466898,30.431518],[114.466901,30.43206]]]}},{"type":"Feature","id":"00c90c90-3471-4a0b-9a78-d7928d4cf1e4","properties":{"id":"00c90c90-3471-4a0b-9a78-d7928d4cf1e4","height":94,"num_floors":29,"class":"building","areaM2":10106,"sourceTile":"tile_0_2","sourceFeatureCount":38153,"heightEstimated":true},"geometry":{"type":"Polygon","coordinates":[[[114.466888,30.432874],[114.465131,30.432882],[114.465127,30.43234],[114.466885,30.432332],[114.466888,30.432874]]]}},{"type":"Feature","id":"e617d326-4875-4ca0-a354-4dcad6986f31","properties":{"id":"e617d326-4875-4ca0-a354-4dcad6986f31","height":100,"num_floors":31,"class":"building","areaM2":10107,"sourceTile":"tile_0_2","sourceFeatureCount":38153,"heightEstimated":true},"geometry":{"type":"Polygon","coordinates":[[[114.466892,30.433684],[114.465135,30.433692],[114.465132,30.43315],[114.466889,30.433142],[114.466892,30.433684]]]}},{"type":"Feature","id":"114c98ec-7cb2-4b38-b951-e7314968dd35","properties":{"id":"114c98ec-7cb2-4b38-b951-e7314968dd35","height":100,"num_floors":31,"class":"building","areaM2":12067,"sourceTile":"tile_0_2","sourceFeatureCount":38153,"heightEstimated":true},"geometry":{"type":"Polygon","coordinates":[[[114.466895,30.428475],[114.465154,30.428477],[114.465154,30.427823],[114.466894,30.427822],[114.466895,30.428475]]]}},{"type":"Feature","id":"4294d457-3597-4fb8-8d80-ea0dddcd0614","properties":{"id":"4294d457-3597-4fb8-8d80-ea0dddcd0614","height":106,"num_floors":33,"class":"building","areaM2":12066,"sourceTile":"tile_0_2","sourceFeatureCount":38153,"heightEstimated":true},"geometry":{"type":"Polygon","coordinates":[[[114.46691,30.429399],[114.46517,30.429401],[114.465169,30.428747],[114.466909,30.428746],[114.46691,30.429399]]]}},{"type":"Feature","id":"6b103716-d9ed-410f-914b-d97aa350bee4","properties":{"id":"6b103716-d9ed-410f-914b-d97aa350bee4","height":83,"num_floors":26,"class":"building","areaM2":12068,"sourceTile":"tile_0_2","sourceFeatureCount":38153,"heightEstimated":true},"geometry":{"type":"Polygon","coordinates":[[[114.46689,30.427551],[114.465149,30.427553],[114.465149,30.426899],[114.466889,30.426898],[114.46689,30.427551]]]}},{"type":"Feature","id":"dcbe3ba9-8434-4edd-913c-193a0350f4a0","properties":{"id":"dcbe3ba9-8434-4edd-913c-193a0350f4a0","height":14,"num_floors":4,"class":"building","areaM2":41,"sourceTile":"tile_0_2","sourceFeatureCount":38153,"heightEstimated":true},"geometry":{"type":"Polygon","coordinates":[[[114.46756,30.419802],[114.467704,30.419833],[114.467661,30.419877],[114.46756,30.419802]]]}},{"type":"Feature","id":"e46ec9a1-d859-4a06-a44d-d5c93d73e5e1","properties":{"id":"e46ec9a1-d859-4a06-a44d-d5c93d73e5e1","height":100,"num_floors":31,"class":"building","areaM2":10549,"sourceTile":"tile_0_2","sourceFeatureCount":38153,"heightEstimated":true},"geometry":{"type":"Polygon","coordinates":[[[114.469329,30.428218],[114.468518,30.428215],[114.468523,30.42699],[114.469334,30.426992],[114.469329,30.428218]]]}},{"type":"Feature","id":"8674dcac-e078-4972-8a04-0c418b7ba154","properties":{"id":"8674dcac-e078-4972-8a04-0c418b7ba154","height":87,"num_floors":27,"class":"building","areaM2":12299,"sourceTile":"tile_0_2","sourceFeatureCount":38153,"heightEstimated":true},"geometry":{"type":"Polygon","coordinates":[[[114.469812,30.42638],[114.46852,30.426383],[114.468518,30.425485],[114.469809,30.425483],[114.469812,30.42638]]]}},{"type":"Feature","id":"ff34ed0d-b35a-47bd-9453-a854565eacb6","properties":{"id":"ff34ed0d-b35a-47bd-9453-a854565eacb6","height":100,"num_floors":31,"class":"building","areaM2":12197,"sourceTile":"tile_0_2","sourceFeatureCount":38153,"heightEstimated":true},"geometry":{"type":"Polygon","coordinates":[[[114.477642,30.416747],[114.476176,30.416255],[114.476483,30.415574],[114.477949,30.416066],[114.477642,30.416747]]]}},{"type":"Feature","id":"4f2b11e7-b8ac-4c2d-add7-85b2d6b3a1e7","properties":{"id":"4f2b11e7-b8ac-4c2d-add7-85b2d6b3a1e7","height":69,"num_floors":22,"class":"university","areaM2":6013,"sourceTile":"tile_0_2","sourceFeatureCount":38153,"heightEstimated":true},"geometry":{"type":"Polygon","coordinates":[[[114.354044,30.510608],[114.353661,30.510608],[114.353452,30.509514],[114.354186,30.509661],[114.354044,30.510608]]]}},{"type":"Feature","id":"6b38d344-833b-4faf-a659-460b58a681a3","properties":{"id":"6b38d344-833b-4faf-a659-460b58a681a3","height":54,"num_floors":17,"class":"hospital","areaM2":2617,"sourceTile":"tile_0_2","sourceFeatureCount":38153,"heightEstimated":true},"geometry":{"type":"Polygon","coordinates":[[[114.359555,30.502183],[114.359922,30.50254],[114.35888,30.502535],[114.359277,30.502321],[114.358712,30.502175],[114.359555,30.502183]]]}},{"type":"Feature","id":"a89895e4-8a9f-4bc1-8eeb-9545c9f4d39e","properties":{"id":"a89895e4-8a9f-4bc1-8eeb-9545c9f4d39e","height":30,"num_floors":9,"class":"building","areaM2":172,"sourceTile":"tile_0_2","sourceFeatureCount":38153,"heightEstimated":true},"geometry":{"type":"Polygon","coordinates":[[[114.35726,30.503302],[114.357453,30.503107],[114.3574,30.503329],[114.35726,30.503302]]]}},{"type":"Feature","id":"714b2e80-9f50-4103-86d0-d2932333e220","properties":{"id":"714b2e80-9f50-4103-86d0-d2932333e220","height":34,"num_floors":11,"class":"building","areaM2":162,"sourceTile":"tile_0_2","sourceFeatureCount":38153,"heightEstimated":true},"geometry":{"type":"Polygon","coordinates":[[[114.362514,30.512587],[114.362602,30.51287],[114.362492,30.512864],[114.362514,30.512587]]]}},{"type":"Feature","id":"a018ac2c-e15b-4ea3-8839-f9883d63ff4c","properties":{"id":"a018ac2c-e15b-4ea3-8839-f9883d63ff4c","height":37,"num_floors":12,"class":"building","areaM2":125,"sourceTile":"tile_0_2","sourceFeatureCount":38153,"heightEstimated":true},"geometry":{"type":"Polygon","coordinates":[[[114.369219,30.508655],[114.369424,30.508781],[114.369311,30.508826],[114.369219,30.508655]]]}},{"type":"Feature","id":"51b4c53b-97c5-4504-95ce-469548e4fda3","properties":{"id":"51b4c53b-97c5-4504-95ce-469548e4fda3","height":10,"num_floors":3,"class":"building","areaM2":134,"sourceTile":"tile_0_2","sourceFeatureCount":38153,"heightEstimated":true},"geometry":{"type":"Polygon","coordinates":[[[114.370164,30.511906],[114.370505,30.511883],[114.37049,30.511958],[114.370164,30.511906]]]}},{"type":"Feature","id":"37975177-c87e-4823-a06a-b20199a7a0d9","properties":{"id":"37975177-c87e-4823-a06a-b20199a7a0d9","height":10,"num_floors":3,"class":"building","areaM2":34,"sourceTile":"tile_0_2","sourceFeatureCount":38153,"heightEstimated":true},"geometry":{"type":"Polygon","coordinates":[[[114.37016,30.505011],[114.370144,30.505152],[114.370114,30.505019],[114.37016,30.505011]]]}},{"type":"Feature","id":"ff26482e-e7f1-4df1-adc2-57e7b21a1d03","properties":{"id":"ff26482e-e7f1-4df1-adc2-57e7b21a1d03","height":21,"num_floors":7,"class":"building","areaM2":229,"sourceTile":"tile_0_2","sourceFeatureCount":38153,"heightEstimated":true},"geometry":{"type":"Polygon","coordinates":[[[114.367565,30.500339],[114.367107,30.500268],[114.367559,30.500244],[114.367565,30.500339]]]}},{"type":"Feature","id":"444c9ec3-5ca2-4a12-b4bd-56488d463f49","properties":{"id":"444c9ec3-5ca2-4a12-b4bd-56488d463f49","height":79,"num_floors":25,"class":"industrial","areaM2":10722,"sourceTile":"tile_0_2","sourceFeatureCount":38153,"heightEstimated":true},"geometry":{"type":"Polygon","coordinates":[[[114.374438,30.495382],[114.373404,30.495394],[114.373413,30.494404],[114.37443,30.494401],[114.374438,30.495382]]]}},{"type":"Feature","id":"0206d650-e209-407e-96c9-801d3b1a2d58","properties":{"id":"0206d650-e209-407e-96c9-801d3b1a2d58","height":24,"num_floors":8,"class":"building","areaM2":200,"sourceTile":"tile_0_2","sourceFeatureCount":38153,"heightEstimated":true},"geometry":{"type":"Polygon","coordinates":[[[114.371436,30.493963],[114.371696,30.494275],[114.371602,30.494308],[114.371436,30.493963]]]}},{"type":"Feature","id":"13c386f1-8806-4a17-af5d-d01553dac6e9","properties":{"id":"13c386f1-8806-4a17-af5d-d01553dac6e9","height":35,"num_floors":11,"class":"hospital","areaM2":572,"sourceTile":"tile_0_2","sourceFeatureCount":38153,"heightEstimated":true},"geometry":{"type":"Polygon","coordinates":[[[114.359464,30.499173],[114.359199,30.499475],[114.359231,30.499031],[114.359464,30.499173]]]}},{"type":"Feature","id":"1deb6873-f26a-4add-819e-eb5b16bdbd4e","properties":{"id":"1deb6873-f26a-4add-819e-eb5b16bdbd4e","height":128,"num_floors":40,"class":"building","areaM2":18508,"sourceTile":"tile_0_2","sourceFeatureCount":38153,"heightEstimated":true},"geometry":{"type":"Polygon","coordinates":[[[114.369861,30.491581],[114.368998,30.491778],[114.36882,30.490429],[114.367926,30.489983],[114.367581,30.489648],[114.367636,30.489287],[114.368937,30.489871],[114.369775,30.48993],[114.369756,30.490222],[114.369054,30.490179],[114.369035,30.490445],[114.369732,30.490503],[114.369719,30.490817],[114.368918,30.490785],[114.368912,30.491071],[114.368998,30.491289],[114.369707,30.491098],[114.369861,30.491581]]]}},{"type":"Feature","id":"5d3c433a-6f9e-4517-a639-7e8f70135ba2","properties":{"id":"5d3c433a-6f9e-4517-a639-7e8f70135ba2","height":96,"num_floors":30,"class":"industrial","areaM2":15494,"sourceTile":"tile_0_2","sourceFeatureCount":38153,"heightEstimated":true},"geometry":{"type":"Polygon","coordinates":[[[114.374421,30.493584],[114.373032,30.493598],[114.373005,30.492541],[114.374375,30.492523],[114.374421,30.493584]]]}},{"type":"Feature","id":"9e1c1535-e0f7-406d-b3dc-bd0e10bc367e","properties":{"id":"9e1c1535-e0f7-406d-b3dc-bd0e10bc367e","height":106,"num_floors":33,"class":"industrial","areaM2":13332,"sourceTile":"tile_0_2","sourceFeatureCount":38153,"heightEstimated":true},"geometry":{"type":"Polygon","coordinates":[[[114.376749,30.495405],[114.375902,30.495405],[114.375842,30.493965],[114.376736,30.493956],[114.376749,30.495405]]]}},{"type":"Feature","id":"e5931f1c-3fe9-464b-b153-52eda5128da7","properties":{"id":"e5931f1c-3fe9-464b-b153-52eda5128da7","height":34,"num_floors":11,"class":"building","areaM2":277,"sourceTile":"tile_0_2","sourceFeatureCount":38153,"heightEstimated":true},"geometry":{"type":"Polygon","coordinates":[[[114.380674,30.496994],[114.380411,30.496751],[114.380734,30.496851],[114.380674,30.496994]]]}},{"type":"Feature","id":"00d24c2f-9fbe-4b3f-8cce-c646d10ce802","properties":{"id":"00d24c2f-9fbe-4b3f-8cce-c646d10ce802","height":84,"num_floors":26,"class":"school","areaM2":10040,"sourceTile":"tile_0_2","sourceFeatureCount":38153,"heightEstimated":true},"geometry":{"type":"Polygon","coordinates":[[[114.387395,30.494303],[114.385409,30.494422],[114.385156,30.494025],[114.387398,30.493822],[114.387395,30.494303]]]}},{"type":"Feature","id":"a044d290-9248-49f0-9f15-44cb92f0e5ae","properties":{"id":"a044d290-9248-49f0-9f15-44cb92f0e5ae","height":58,"num_floors":18,"class":"building","areaM2":2007,"sourceTile":"tile_0_2","sourceFeatureCount":38153,"heightEstimated":true},"geometry":{"type":"Polygon","coordinates":[[[114.389684,30.496964],[114.389731,30.49734],[114.389235,30.497396],[114.389192,30.497015],[114.389684,30.496964]]]}},{"type":"Feature","id":"93fa7988-1537-4440-9256-410a026d21ed","properties":{"id":"93fa7988-1537-4440-9256-410a026d21ed","height":73,"num_floors":23,"class":"university","areaM2":3657,"sourceTile":"tile_0_2","sourceFeatureCount":38153,"heightEstimated":true},"geometry":{"type":"Polygon","coordinates":[[[114.391618,30.488833],[114.39148,30.488212],[114.392069,30.488198],[114.392126,30.488833],[114.391618,30.488833]]]}},{"type":"Feature","id":"a613bf57-b1c8-4e90-a26f-38872aaba148","properties":{"id":"a613bf57-b1c8-4e90-a26f-38872aaba148","height":80,"num_floors":25,"class":"residential","areaM2":1127,"sourceTile":"tile_0_2","sourceFeatureCount":38153,"heightEstimated":false},"geometry":{"type":"Polygon","coordinates":[[[114.402058,30.487329],[114.401359,30.487407],[114.40134,30.487288],[114.401942,30.487145],[114.402058,30.487329]]]}},{"type":"Feature","id":"06801997-555b-441c-a22c-47a31f7e3312","properties":{"id":"06801997-555b-441c-a22c-47a31f7e3312","height":32,"num_floors":10,"class":"retail","areaM2":14657,"sourceTile":"tile_0_2","sourceFeatureCount":38153,"heightEstimated":false},"geometry":{"type":"Polygon","coordinates":[[[114.404102,30.492564],[114.404421,30.492193],[114.404854,30.492306],[114.404979,30.494238],[114.404363,30.494299],[114.404102,30.492564]]]}},{"type":"Feature","id":"f6a0f357-4f50-40f5-b42c-3125b57e107d","properties":{"id":"f6a0f357-4f50-40f5-b42c-3125b57e107d","height":21,"num_floors":7,"class":"building","areaM2":363,"sourceTile":"tile_0_2","sourceFeatureCount":38153,"heightEstimated":true},"geometry":{"type":"Polygon","coordinates":[[[114.400377,30.493814],[114.400595,30.493629],[114.400774,30.493791],[114.400377,30.493814]]]}},{"type":"Feature","id":"51b18783-f850-4e80-8817-57000bd96743","properties":{"id":"51b18783-f850-4e80-8817-57000bd96743","height":30,"num_floors":9,"class":"retail","areaM2":22909,"sourceTile":"tile_0_2","sourceFeatureCount":38153,"heightEstimated":false},"geometry":{"type":"Polygon","coordinates":[[[114.40733,30.496586],[114.406898,30.496271],[114.406899,30.495067],[114.407068,30.494697],[114.407972,30.494585],[114.408186,30.496484],[114.40733,30.496586]]]}},{"type":"Feature","id":"847eb393-67e9-426e-a38a-7ebd4f1fa752","properties":{"id":"847eb393-67e9-426e-a38a-7ebd4f1fa752","height":26,"num_floors":8,"class":"building","areaM2":423,"sourceTile":"tile_0_2","sourceFeatureCount":38153,"heightEstimated":true},"geometry":{"type":"Polygon","coordinates":[[[114.404449,30.498944],[114.405271,30.498951],[114.404464,30.499041],[114.404449,30.498944]]]}},{"type":"Feature","id":"5083f360-2790-4702-b955-c35db4314326","properties":{"id":"5083f360-2790-4702-b955-c35db4314326","height":30,"num_floors":9,"class":"building","areaM2":412,"sourceTile":"tile_0_2","sourceFeatureCount":38153,"heightEstimated":true},"geometry":{"type":"Polygon","coordinates":[[[114.392382,30.494682],[114.391686,30.494935],[114.391658,30.494833],[114.392382,30.494682]]]}},{"type":"Feature","id":"da8e2981-8fad-479d-b11d-32273109d1bf","properties":{"id":"da8e2981-8fad-479d-b11d-32273109d1bf","height":100,"num_floors":31,"class":"building","areaM2":10630,"sourceTile":"tile_0_2","sourceFeatureCount":38153,"heightEstimated":true},"geometry":{"type":"Polygon","coordinates":[[[114.395539,30.50156],[114.394651,30.501612],[114.394335,30.500528],[114.395467,30.500646],[114.395539,30.50156]]]}},{"type":"Feature","id":"5426039c-6736-42fa-a1de-afd16eb1c4d2","properties":{"id":"5426039c-6736-42fa-a1de-afd16eb1c4d2","height":30,"num_floors":9,"class":"house","areaM2":241,"sourceTile":"tile_0_2","sourceFeatureCount":38153,"heightEstimated":true},"geometry":{"type":"Polygon","coordinates":[[[114.397149,30.504701],[114.396893,30.504939],[114.396832,30.504817],[114.397149,30.504701]]]}},{"type":"Feature","id":"bcced5c5-f683-4f3a-a373-c9c092e39502","properties":{"id":"bcced5c5-f683-4f3a-a373-c9c092e39502","height":58,"num_floors":18,"class":"building","areaM2":2428,"sourceTile":"tile_0_2","sourceFeatureCount":38153,"heightEstimated":true},"geometry":{"type":"Polygon","coordinates":[[[114.409742,30.502807],[114.408613,30.502918],[114.408587,30.502717],[114.409715,30.502607],[114.409742,30.502807]]]}},{"type":"Feature","id":"38ce96e7-67cb-460a-b982-fdc5d4855cca","properties":{"id":"38ce96e7-67cb-460a-b982-fdc5d4855cca","height":94,"num_floors":5,"class":"retail","areaM2":17336,"sourceTile":"tile_0_2","sourceFeatureCount":38153,"heightEstimated":true},"geometry":{"type":"Polygon","coordinates":[[[114.40426,30.502678],[114.402469,30.503865],[114.402598,30.504167],[114.403246,30.503923],[114.403401,30.504253],[114.401,30.505164],[114.400914,30.504911],[114.402017,30.504582],[114.402135,30.504384],[114.40164,30.504178],[114.400965,30.504571],[114.400706,30.50445],[114.40426,30.502678]]]}},{"type":"Feature","id":"aa2d0d27-56d3-45db-8782-329d01096a1c","properties":{"id":"aa2d0d27-56d3-45db-8782-329d01096a1c","height":38,"num_floors":12,"class":"building","areaM2":224,"sourceTile":"tile_0_2","sourceFeatureCount":38153,"heightEstimated":true},"geometry":{"type":"Polygon","coordinates":[[[114.407128,30.507761],[114.406469,30.507755],[114.40712,30.507697],[114.407128,30.507761]]]}},{"type":"Feature","id":"b8be7be8-7ddb-42b2-9a8d-47e3042c5f44","properties":{"id":"b8be7be8-7ddb-42b2-9a8d-47e3042c5f44","height":102,"num_floors":32,"class":"building","areaM2":14722,"sourceTile":"tile_0_2","sourceFeatureCount":38153,"heightEstimated":true},"geometry":{"type":"Polygon","coordinates":[[[114.400756,30.508943],[114.398922,30.508758],[114.398914,30.508396],[114.398523,30.508343],[114.398582,30.50798],[114.400879,30.508361],[114.400756,30.508943]]]}},{"type":"Feature","id":"7620d949-1ee7-4331-944f-b93a53a70b72","properties":{"id":"7620d949-1ee7-4331-944f-b93a53a70b72","height":15,"num_floors":5,"class":"building","areaM2":427,"sourceTile":"tile_0_2","sourceFeatureCount":38153,"heightEstimated":true},"geometry":{"type":"Polygon","coordinates":[[[114.40003,30.507197],[114.399419,30.506987],[114.400052,30.507072],[114.40003,30.507197]]]}},{"type":"Feature","id":"f7267f2b-7e32-4967-a546-5e5c974ed2d8","properties":{"id":"f7267f2b-7e32-4967-a546-5e5c974ed2d8","height":165,"num_floors":52,"class":"retail","areaM2":42717,"sourceTile":"tile_0_2","sourceFeatureCount":38153,"heightEstimated":true},"geometry":{"type":"Polygon","coordinates":[[[114.39518,30.508227],[114.39646,30.507702],[114.395381,30.507811],[114.396056,30.507551],[114.395886,30.50695],[114.39722,30.506245],[114.398011,30.506958],[114.398292,30.507698],[114.398081,30.508653],[114.396735,30.508234],[114.39518,30.508227]],[[114.397171,30.507254],[114.396634,30.507593],[114.396834,30.507809],[114.397294,30.507695],[114.397171,30.507254]]]}},{"type":"Feature","id":"200b0f88-521b-4964-888c-4d13bfd83773","properties":{"id":"200b0f88-521b-4964-888c-4d13bfd83773","height":97,"num_floors":5,"class":"commercial","areaM2":13660,"sourceTile":"tile_0_2","sourceFeatureCount":38153,"heightEstimated":true},"geometry":{"type":"Polygon","coordinates":[[[114.39485,30.507247],[114.39383,30.506894],[114.393741,30.506122],[114.394818,30.506222],[114.395538,30.50677],[114.39485,30.507247]]]}},{"type":"Feature","id":"1399a831-dabe-4939-bb46-90dc56a37b54","properties":{"id":"1399a831-dabe-4939-bb46-90dc56a37b54","height":115,"num_floors":36,"class":"train_station","areaM2":15129,"sourceTile":"tile_0_2","sourceFeatureCount":38153,"heightEstimated":true},"geometry":{"type":"Polygon","coordinates":[[[114.39294,30.508399],[114.39019,30.508194],[114.39056,30.5078],[114.392368,30.508077],[114.392561,30.507765],[114.392481,30.508105],[114.393277,30.508224],[114.393967,30.507807],[114.394113,30.507978],[114.393587,30.508288],[114.395826,30.508658],[114.393303,30.508451],[114.392882,30.508671],[114.39294,30.508399]]]}},{"type":"Feature","id":"dba229a5-e54b-462d-8d7e-284216816bad","properties":{"id":"dba229a5-e54b-462d-8d7e-284216816bad","height":14,"num_floors":4,"class":"building","areaM2":203,"sourceTile":"tile_0_2","sourceFeatureCount":38153,"heightEstimated":true},"geometry":{"type":"Polygon","coordinates":[[[114.385373,30.511889],[114.385266,30.51215],[114.385216,30.511914],[114.385373,30.511889]]]}},{"type":"Feature","id":"29fffece-529e-4cca-b45a-d624acb2722f","properties":{"id":"29fffece-529e-4cca-b45a-d624acb2722f","height":19,"num_floors":6,"class":"apartments","areaM2":250,"sourceTile":"tile_0_2","sourceFeatureCount":38153,"heightEstimated":true},"geometry":{"type":"Polygon","coordinates":[[[114.387987,30.509317],[114.387625,30.509461],[114.387617,30.509334],[114.387987,30.509317]]]}},{"type":"Feature","id":"2fe60618-87da-4455-af51-138c937929c8","properties":{"id":"2fe60618-87da-4455-af51-138c937929c8","height":118,"num_floors":7,"class":"building","areaM2":17015,"sourceTile":"tile_0_2","sourceFeatureCount":38153,"heightEstimated":true},"geometry":{"type":"Polygon","coordinates":[[[114.389512,30.508794],[114.38952,30.507965],[114.391581,30.508313],[114.391716,30.508797],[114.390794,30.509225],[114.39065,30.508775],[114.389512,30.508794]]]}},{"type":"Feature","id":"6919f683-75e0-4c54-9a14-a20aa1223b72","properties":{"id":"6919f683-75e0-4c54-9a14-a20aa1223b72","height":120,"num_floors":38,"class":"building","areaM2":17050,"sourceTile":"tile_0_2","sourceFeatureCount":38153,"heightEstimated":true},"geometry":{"type":"Polygon","coordinates":[[[114.38582,30.500236],[114.384756,30.500085],[114.384815,30.50065],[114.384054,30.500845],[114.383914,30.500351],[114.384593,30.500195],[114.383853,30.500063],[114.384498,30.499902],[114.384442,30.499706],[114.383784,30.49972],[114.384531,30.499522],[114.384621,30.499102],[114.385325,30.498998],[114.385208,30.499735],[114.385629,30.499634],[114.38582,30.500236]]]}},{"type":"Feature","id":"7f9bc367-fd93-42c5-b5c1-57873568cd84","properties":{"id":"7f9bc367-fd93-42c5-b5c1-57873568cd84","height":23,"num_floors":7,"class":"building","areaM2":220,"sourceTile":"tile_0_2","sourceFeatureCount":38153,"heightEstimated":true},"geometry":{"type":"Polygon","coordinates":[[[114.382997,30.501276],[114.38282,30.501496],[114.382786,30.501303],[114.382997,30.501276]]]}},{"type":"Feature","id":"1024ac47-6091-4802-ad37-745986c7dd68","properties":{"id":"1024ac47-6091-4802-ad37-745986c7dd68","height":55,"num_floors":17,"class":"university","areaM2":9691,"sourceTile":"tile_0_2","sourceFeatureCount":38153,"heightEstimated":false},"geometry":{"type":"MultiPolygon","coordinates":[[[[114.385502,30.506159],[114.383526,30.505941],[114.383272,30.505605],[114.385429,30.50557],[114.385124,30.505948],[114.385503,30.50595],[114.385502,30.506159]]],[[[114.383139,30.506117],[114.383615,30.505962],[114.383612,30.506123],[114.383139,30.506117]]]]}},{"type":"Feature","id":"76a6ba8b-fa7a-422c-ae3a-700be7c44827","properties":{"id":"76a6ba8b-fa7a-422c-ae3a-700be7c44827","height":21,"num_floors":7,"class":"building","areaM2":54,"sourceTile":"tile_0_2","sourceFeatureCount":38153,"heightEstimated":true},"geometry":{"type":"Polygon","coordinates":[[[114.374106,30.501756],[114.374016,30.501866],[114.373987,30.501788],[114.374106,30.501756]]]}},{"type":"Feature","id":"241432bc-0b5b-4eb0-bbb3-214975421fdb","properties":{"id":"241432bc-0b5b-4eb0-bbb3-214975421fdb","height":101,"num_floors":32,"class":"train_station","areaM2":13469,"sourceTile":"tile_0_2","sourceFeatureCount":38153,"heightEstimated":true},"geometry":{"type":"Polygon","coordinates":[[[114.376132,30.507869],[114.375257,30.507695],[114.375243,30.507362],[114.376504,30.507098],[114.376133,30.507341],[114.377984,30.507065],[114.377431,30.507315],[114.378316,30.507288],[114.378328,30.507573],[114.376123,30.50764],[114.376132,30.507869]]]}},{"type":"Feature","id":"1c8ad1ff-ad0d-414b-afc3-3d93f1495b4b","properties":{"id":"1c8ad1ff-ad0d-414b-afc3-3d93f1495b4b","height":35,"num_floors":11,"class":"apartments","areaM2":461,"sourceTile":"tile_0_2","sourceFeatureCount":38153,"heightEstimated":true},"geometry":{"type":"Polygon","coordinates":[[[114.378788,30.510415],[114.378487,30.510343],[114.378513,30.51026],[114.378788,30.510195],[114.378788,30.510415]]]}},{"type":"Feature","id":"aca279d1-4b27-40da-812b-e7a5c953118c","properties":{"id":"aca279d1-4b27-40da-812b-e7a5c953118c","height":27,"num_floors":8,"class":"building","areaM2":9,"sourceTile":"tile_0_2","sourceFeatureCount":38153,"heightEstimated":true},"geometry":{"type":"Polygon","coordinates":[[[114.37873,30.514107],[114.37879,30.514076],[114.378792,30.514103],[114.37873,30.514107]]]}},{"type":"Feature","id":"cd024588-f22a-4bd9-b6a2-4838545bed34","properties":{"id":"cd024588-f22a-4bd9-b6a2-4838545bed34","height":93,"num_floors":29,"class":"building","areaM2":10565,"sourceTile":"tile_0_2","sourceFeatureCount":38153,"heightEstimated":true},"geometry":{"type":"Polygon","coordinates":[[[114.379413,30.517087],[114.379143,30.516336],[114.380165,30.516098],[114.380287,30.516488],[114.380719,30.516618],[114.380477,30.516993],[114.379413,30.517087]]]}},{"type":"Feature","id":"180921f1-584d-439f-aaa6-6c921dfb02a3","properties":{"id":"180921f1-584d-439f-aaa6-6c921dfb02a3","height":40,"num_floors":13,"class":"building","areaM2":259,"sourceTile":"tile_0_2","sourceFeatureCount":38153,"heightEstimated":true},"geometry":{"type":"Polygon","coordinates":[[[114.388174,30.515414],[114.38777,30.515588],[114.387748,30.515476],[114.388174,30.515414]]]}},{"type":"Feature","id":"12149dbd-e608-4c96-92e9-9c3df06fc73d","properties":{"id":"12149dbd-e608-4c96-92e9-9c3df06fc73d","height":8,"num_floors":3,"class":"building","areaM2":50,"sourceTile":"tile_0_2","sourceFeatureCount":38153,"heightEstimated":true},"geometry":{"type":"Polygon","coordinates":[[[114.39626,30.514779],[114.396156,30.514673],[114.396232,30.51466],[114.39626,30.514779]]]}},{"type":"Feature","id":"6d00036d-7316-4e1a-b3a3-590ffde9d5d9","properties":{"id":"6d00036d-7316-4e1a-b3a3-590ffde9d5d9","height":9,"num_floors":3,"class":"building","areaM2":27,"sourceTile":"tile_0_2","sourceFeatureCount":38153,"heightEstimated":true},"geometry":{"type":"Polygon","coordinates":[[[114.369151,30.514722],[114.369221,30.514799],[114.369159,30.514803],[114.369151,30.514722]]]}},{"type":"Feature","id":"f06789f3-374e-44ba-b5f5-9186b94a6f17","properties":{"id":"f06789f3-374e-44ba-b5f5-9186b94a6f17","height":17,"num_floors":5,"class":"building","areaM2":138,"sourceTile":"tile_0_2","sourceFeatureCount":38153,"heightEstimated":true},"geometry":{"type":"Polygon","coordinates":[[[114.361752,30.514624],[114.361704,30.51489],[114.361652,30.514639],[114.361752,30.514624]]]}},{"type":"Feature","id":"02aa7854-441d-4df3-810d-7f796c998e08","properties":{"id":"02aa7854-441d-4df3-810d-7f796c998e08","height":27,"num_floors":8,"class":"residential","areaM2":390,"sourceTile":"tile_0_2","sourceFeatureCount":38153,"heightEstimated":true},"geometry":{"type":"Polygon","coordinates":[[[114.350159,30.513116],[114.349529,30.51327],[114.34952,30.513156],[114.350159,30.513116]]]}},{"type":"Feature","id":"3a09ab35-0542-4062-9045-30e98c166e96","properties":{"id":"3a09ab35-0542-4062-9045-30e98c166e96","height":21,"num_floors":7,"class":"building","areaM2":34,"sourceTile":"tile_0_2","sourceFeatureCount":38153,"heightEstimated":true},"geometry":{"type":"Polygon","coordinates":[[[114.458322,30.514912],[114.45843,30.514996],[114.458365,30.515005],[114.458322,30.514912]]]}},{"type":"Feature","id":"49354f8c-cfe2-42ca-83dc-d3f26e5e65c3","properties":{"id":"49354f8c-cfe2-42ca-83dc-d3f26e5e65c3","height":31,"num_floors":10,"class":"apartments","areaM2":191,"sourceTile":"tile_0_2","sourceFeatureCount":38153,"heightEstimated":true},"geometry":{"type":"Polygon","coordinates":[[[114.416765,30.515194],[114.416334,30.515146],[114.416755,30.51511],[114.416765,30.515194]]]}},{"type":"Feature","id":"d4eca96b-b707-4d17-aec1-4ac3422c0c12","properties":{"id":"d4eca96b-b707-4d17-aec1-4ac3422c0c12","height":98,"num_floors":31,"class":"building","areaM2":10983,"sourceTile":"tile_0_2","sourceFeatureCount":38153,"heightEstimated":true},"geometry":{"type":"Polygon","coordinates":[[[114.420289,30.513793],[114.419792,30.513853],[114.419303,30.51257],[114.419714,30.512569],[114.419855,30.512943],[114.419556,30.513093],[114.419964,30.513248],[114.419604,30.51325],[114.42008,30.513552],[114.419775,30.513697],[114.420289,30.513711],[114.42029,30.512373],[114.420803,30.512362],[114.420802,30.512654],[114.420332,30.512664],[114.420333,30.512868],[114.420948,30.512856],[114.420948,30.513052],[114.420333,30.513065],[114.420333,30.513287],[114.421035,30.513456],[114.420334,30.51354],[114.421219,30.51384],[114.420288,30.514066],[114.420289,30.513793]]]}},{"type":"Feature","id":"2a6087db-99c8-450d-8050-c70a0a2b26ab","properties":{"id":"2a6087db-99c8-450d-8050-c70a0a2b26ab","height":79,"num_floors":25,"class":"building","areaM2":9489,"sourceTile":"tile_0_2","sourceFeatureCount":38153,"heightEstimated":true},"geometry":{"type":"Polygon","coordinates":[[[114.420833,30.516344],[114.421376,30.516265],[114.421334,30.516057],[114.420689,30.51613],[114.420646,30.515914],[114.421267,30.515881],[114.421226,30.515664],[114.420531,30.515758],[114.420492,30.515544],[114.421188,30.515497],[114.421142,30.515268],[114.420385,30.51538],[114.420331,30.515158],[114.421639,30.51498],[114.421356,30.515344],[114.421395,30.515916],[114.421601,30.51624],[114.422149,30.516344],[114.420881,30.516537],[114.420833,30.516344]]]}},{"type":"Feature","id":"f44b875b-d988-4b85-8f88-34eb2bd45ac4","properties":{"id":"f44b875b-d988-4b85-8f88-34eb2bd45ac4","height":30,"num_floors":9,"class":"building","areaM2":49,"sourceTile":"tile_0_2","sourceFeatureCount":38153,"heightEstimated":true},"geometry":{"type":"Polygon","coordinates":[[[114.431956,30.51454],[114.432112,30.51455],[114.43199,30.514601],[114.431956,30.51454]]]}},{"type":"Feature","id":"995546f6-7ab6-42ea-9a5b-809f4c532ee9","properties":{"id":"995546f6-7ab6-42ea-9a5b-809f4c532ee9","height":34,"num_floors":11,"class":"building","areaM2":54,"sourceTile":"tile_0_2","sourceFeatureCount":38153,"heightEstimated":true},"geometry":{"type":"Polygon","coordinates":[[[114.443003,30.509263],[114.442891,30.509394],[114.442939,30.509247],[114.443003,30.509263]]]}},{"type":"Feature","id":"39789847-da54-4f70-878b-cdd1dfd45251","properties":{"id":"39789847-da54-4f70-878b-cdd1dfd45251","height":17,"num_floors":5,"class":"building","areaM2":451,"sourceTile":"tile_0_2","sourceFeatureCount":38153,"heightEstimated":true},"geometry":{"type":"Polygon","coordinates":[[[114.438055,30.503381],[114.43863,30.503812],[114.438001,30.503488],[114.438055,30.503381]]]}},{"type":"Feature","id":"622caac1-f2f3-4aad-92d1-4c959c0791e5","properties":{"id":"622caac1-f2f3-4aad-92d1-4c959c0791e5","height":102,"num_floors":32,"class":"building","areaM2":16181,"sourceTile":"tile_0_2","sourceFeatureCount":38153,"heightEstimated":true},"geometry":{"type":"Polygon","coordinates":[[[114.435378,30.50199],[114.43413,30.5037],[114.43349,30.503353],[114.434738,30.501644],[114.435378,30.50199]]]}},{"type":"Feature","id":"df3ae252-3bf9-4c45-97bf-dab321041d28","properties":{"id":"df3ae252-3bf9-4c45-97bf-dab321041d28","height":74,"num_floors":23,"class":"building","areaM2":9031,"sourceTile":"tile_0_2","sourceFeatureCount":38153,"heightEstimated":true},"geometry":{"type":"Polygon","coordinates":[[[114.429436,30.504416],[114.428925,30.504415],[114.42906,30.503916],[114.428598,30.503915],[114.428632,30.503051],[114.42961,30.503084],[114.429309,30.50326],[114.429436,30.504416]]]}},{"type":"Feature","id":"9c0858ef-142d-4f4e-a695-02e20e97c40b","properties":{"id":"9c0858ef-142d-4f4e-a695-02e20e97c40b","height":113,"num_floors":35,"class":"building","areaM2":17027,"sourceTile":"tile_0_2","sourceFeatureCount":38153,"heightEstimated":true},"geometry":{"type":"Polygon","coordinates":[[[114.428102,30.509049],[114.428251,30.508434],[114.429117,30.508349],[114.428845,30.509872],[114.427964,30.509952],[114.428682,30.510271],[114.42846,30.510797],[114.42786,30.510855],[114.428333,30.510545],[114.427867,30.510399],[114.427773,30.509601],[114.428543,30.509534],[114.428671,30.509226],[114.428102,30.509049]],[[114.428522,30.508979],[114.428654,30.508661],[114.428422,30.508682],[114.428522,30.508979]],[[114.42866,30.509747],[114.427939,30.509718],[114.427951,30.509811],[114.42866,30.509747]],[[114.428424,30.510335],[114.428049,30.510215],[114.427991,30.510136],[114.428009,30.510294],[114.428424,30.510335]]]}},{"type":"Feature","id":"e2260008-5bb1-44d5-a858-f778ca682a40","properties":{"id":"e2260008-5bb1-44d5-a858-f778ca682a40","height":87,"num_floors":7,"class":"building","areaM2":13452,"sourceTile":"tile_0_2","sourceFeatureCount":38153,"heightEstimated":true},"geometry":{"type":"Polygon","coordinates":[[[114.424235,30.513077],[114.423392,30.513047],[114.42347,30.512783],[114.424042,30.512796],[114.424044,30.512541],[114.423454,30.512347],[114.423382,30.512022],[114.424561,30.51255],[114.424605,30.512217],[114.425594,30.511898],[114.42555,30.512281],[114.424756,30.512569],[114.425142,30.51252],[114.425096,30.512887],[114.424712,30.512898],[114.425209,30.513064],[114.425179,30.51335],[114.424471,30.513094],[114.424547,30.512625],[114.424242,30.512515],[114.424235,30.513077]]]}},{"type":"Feature","id":"262b170a-dc02-492e-9521-76910236bc42","properties":{"id":"262b170a-dc02-492e-9521-76910236bc42","height":21,"num_floors":7,"class":"residential","areaM2":222,"sourceTile":"tile_0_2","sourceFeatureCount":38153,"heightEstimated":true},"geometry":{"type":"Polygon","coordinates":[[[114.425986,30.510027],[114.425445,30.510151],[114.425436,30.510076],[114.425986,30.510027]]]}},{"type":"Feature","id":"562c8f6f-916d-40f6-aec4-c5b691ebe593","properties":{"id":"562c8f6f-916d-40f6-aec4-c5b691ebe593","height":21,"num_floors":7,"class":"building","areaM2":97,"sourceTile":"tile_0_2","sourceFeatureCount":38153,"heightEstimated":true},"geometry":{"type":"Polygon","coordinates":[[[114.41739,30.511867],[114.417237,30.511989],[114.417227,30.511878],[114.41739,30.511867]]]}},{"type":"Feature","id":"dc701c76-63c0-4a5f-b5b3-e401b91d1283","properties":{"id":"dc701c76-63c0-4a5f-b5b3-e401b91d1283","height":104,"num_floors":33,"class":"building","areaM2":16612,"sourceTile":"tile_0_2","sourceFeatureCount":38153,"heightEstimated":true},"geometry":{"type":"Polygon","coordinates":[[[114.412429,30.51105],[114.411855,30.510499],[114.412124,30.510099],[114.411927,30.51],[114.412836,30.509597],[114.413452,30.510185],[114.413513,30.510743],[114.412429,30.51105]],[[114.41271,30.509919],[114.412545,30.509793],[114.412559,30.50993],[114.41271,30.509919]],[[114.413001,30.510684],[114.413163,30.510357],[114.412917,30.509953],[114.412373,30.509999],[114.412229,30.510396],[114.412465,30.510807],[114.413001,30.510684]]]}},{"type":"Feature","id":"39a95e6a-fb29-4c55-a871-deb0d1bd6e87","properties":{"id":"39a95e6a-fb29-4c55-a871-deb0d1bd6e87","height":21,"num_floors":7,"class":"building","areaM2":13,"sourceTile":"tile_0_2","sourceFeatureCount":38153,"heightEstimated":true},"geometry":{"type":"Polygon","coordinates":[[[114.417554,30.505483],[114.417504,30.505409],[114.417535,30.505403],[114.417554,30.505483]]]}},{"type":"Feature","id":"b3bb0a6b-c24c-4dd1-bcc4-da841139935e","properties":{"id":"b3bb0a6b-c24c-4dd1-bcc4-da841139935e","height":34,"num_floors":11,"class":"building","areaM2":260,"sourceTile":"tile_0_2","sourceFeatureCount":38153,"heightEstimated":true},"geometry":{"type":"Polygon","coordinates":[[[114.416442,30.501542],[114.41698,30.501575],[114.416456,30.501634],[114.416442,30.501542]]]}},{"type":"Feature","id":"029114aa-892a-4cf5-9d1f-17486d3e3712","properties":{"id":"029114aa-892a-4cf5-9d1f-17486d3e3712","height":93,"num_floors":29,"class":"building","areaM2":12219,"sourceTile":"tile_0_2","sourceFeatureCount":38153,"heightEstimated":true},"geometry":{"type":"Polygon","coordinates":[[[114.418184,30.501547],[114.417668,30.501543],[114.417576,30.500417],[114.418694,30.500186],[114.418684,30.501259],[114.418188,30.501121],[114.418184,30.501547]]]}},{"type":"Feature","id":"c0dcb3bc-0567-4b13-bc22-a4ef332a37a1","properties":{"id":"c0dcb3bc-0567-4b13-bc22-a4ef332a37a1","height":90,"num_floors":28,"class":"building","areaM2":10436,"sourceTile":"tile_0_2","sourceFeatureCount":38153,"heightEstimated":true},"geometry":{"type":"Polygon","coordinates":[[[114.419797,30.501947],[114.418889,30.501973],[114.419202,30.500611],[114.419746,30.500585],[114.419797,30.501947]]]}},{"type":"Feature","id":"cea4f7de-407e-4187-b975-1692e595a2e5","properties":{"id":"cea4f7de-407e-4187-b975-1692e595a2e5","height":105,"num_floors":33,"class":"building","areaM2":19053,"sourceTile":"tile_0_2","sourceFeatureCount":38153,"heightEstimated":true},"geometry":{"type":"Polygon","coordinates":[[[114.418543,30.503851],[114.418122,30.503889],[114.418031,30.502858],[114.419834,30.502484],[114.419925,30.503529],[114.418525,30.50364],[114.418543,30.503851]]]}},{"type":"Feature","id":"5b4f92eb-a476-45b9-8343-00f6bfc13bb1","properties":{"id":"5b4f92eb-a476-45b9-8343-00f6bfc13bb1","height":130,"num_floors":6,"class":"building","areaM2":24875,"sourceTile":"tile_0_2","sourceFeatureCount":38153,"heightEstimated":true},"geometry":{"type":"Polygon","coordinates":[[[114.422494,30.503218],[114.422386,30.502255],[114.424801,30.502054],[114.424909,30.503017],[114.422494,30.503218]]]}},{"type":"Feature","id":"38586c5b-220e-4040-8e7e-f030fb34d3c4","properties":{"id":"38586c5b-220e-4040-8e7e-f030fb34d3c4","height":112,"num_floors":35,"class":"building","areaM2":17978,"sourceTile":"tile_0_2","sourceFeatureCount":38153,"heightEstimated":true},"geometry":{"type":"Polygon","coordinates":[[[114.423966,30.501488],[114.422556,30.501613],[114.422443,30.500663],[114.423351,30.500583],[114.42327,30.499907],[114.423772,30.499863],[114.423966,30.501488]]]}},{"type":"Feature","id":"1c6d2d6a-79d1-421a-b99b-5bb6884e7ffc","properties":{"id":"1c6d2d6a-79d1-421a-b99b-5bb6884e7ffc","height":31,"num_floors":10,"class":"building","areaM2":40,"sourceTile":"tile_0_2","sourceFeatureCount":38153,"heightEstimated":true},"geometry":{"type":"Polygon","coordinates":[[[114.426532,30.501319],[114.42667,30.501367],[114.426536,30.501374],[114.426532,30.501319]]]}},{"type":"Feature","id":"5140b343-bc11-4569-a574-653263b9dadf","properties":{"id":"5140b343-bc11-4569-a574-653263b9dadf","height":104,"num_floors":33,"class":"building","areaM2":16997,"sourceTile":"tile_0_2","sourceFeatureCount":38153,"heightEstimated":true},"geometry":{"type":"Polygon","coordinates":[[[114.4237,30.499663],[114.422276,30.49978],[114.422153,30.498664],[114.423576,30.498547],[114.4237,30.499663]]]}},{"type":"Feature","id":"51e8b239-134c-44d2-ad57-11b90f7820f2","properties":{"id":"51e8b239-134c-44d2-ad57-11b90f7820f2","height":15,"num_floors":5,"class":"commercial","areaM2":562,"sourceTile":"tile_0_2","sourceFeatureCount":38153,"heightEstimated":false},"geometry":{"type":"Polygon","coordinates":[[[114.410206,30.4985],[114.409878,30.49869],[114.409817,30.498402],[114.410206,30.4985]]]}},{"type":"Feature","id":"be35337b-85ee-4041-975a-8924aa2472d8","properties":{"id":"be35337b-85ee-4041-975a-8924aa2472d8","height":16,"num_floors":5,"class":"building","areaM2":304,"sourceTile":"tile_0_2","sourceFeatureCount":38153,"heightEstimated":true},"geometry":{"type":"Polygon","coordinates":[[[114.413801,30.492977],[114.413643,30.493309],[114.413624,30.492984],[114.413801,30.492977]]]}},{"type":"Feature","id":"041cdff3-aaac-4cfd-bff5-d0d220df761d","properties":{"id":"041cdff3-aaac-4cfd-bff5-d0d220df761d","height":15,"num_floors":5,"class":"building","areaM2":117,"sourceTile":"tile_0_2","sourceFeatureCount":38153,"heightEstimated":true},"geometry":{"type":"Polygon","coordinates":[[[114.424466,30.492816],[114.424666,30.493024],[114.424461,30.492921],[114.424466,30.492816]]]}},{"type":"Feature","id":"ff4ad2d8-2cc5-4a65-9721-d940b8cbdfaf","properties":{"id":"ff4ad2d8-2cc5-4a65-9721-d940b8cbdfaf","height":100,"num_floors":2,"class":"train_station","areaM2":13547,"sourceTile":"tile_0_2","sourceFeatureCount":38153,"heightEstimated":true},"geometry":{"type":"Polygon","coordinates":[[[114.424616,30.488781],[114.42471,30.489387],[114.424321,30.489456],[114.424074,30.488039],[114.424474,30.48801],[114.424586,30.48861],[114.425824,30.488446],[114.425732,30.487924],[114.426133,30.487873],[114.426337,30.489088],[114.425945,30.489137],[114.425854,30.488616],[114.424616,30.488781]]]}},{"type":"Feature","id":"dc793152-912f-4dd1-ba2d-d7c36e30a125","properties":{"id":"dc793152-912f-4dd1-ba2d-d7c36e30a125","height":22,"num_floors":7,"class":"building","areaM2":253,"sourceTile":"tile_0_2","sourceFeatureCount":38153,"heightEstimated":true},"geometry":{"type":"Polygon","coordinates":[[[114.43092,30.494369],[114.431049,30.494754],[114.430926,30.494757],[114.43092,30.494369]]]}},{"type":"Feature","id":"3528d713-0dbe-4a1a-906f-544e6eae56f1","properties":{"id":"3528d713-0dbe-4a1a-906f-544e6eae56f1","height":103,"num_floors":32,"class":"building","areaM2":10493,"sourceTile":"tile_0_2","sourceFeatureCount":38153,"heightEstimated":true},"geometry":{"type":"Polygon","coordinates":[[[114.435756,30.496221],[114.436409,30.495137],[114.437067,30.495776],[114.436577,30.496589],[114.435756,30.496221]],[[114.436365,30.49546],[114.436246,30.49577],[114.436702,30.495974],[114.436767,30.495867],[114.436365,30.49546]],[[114.436548,30.495998],[114.436343,30.495906],[114.436198,30.496147],[114.436403,30.496239],[114.436548,30.495998]]]}},{"type":"Feature","id":"9ac973cc-7ca8-4d72-b686-3ae782764bb7","properties":{"id":"9ac973cc-7ca8-4d72-b686-3ae782764bb7","height":96,"num_floors":30,"class":"building","areaM2":10058,"sourceTile":"tile_0_2","sourceFeatureCount":38153,"heightEstimated":true},"geometry":{"type":"Polygon","coordinates":[[[114.439819,30.490428],[114.437988,30.490749],[114.437877,30.490283],[114.439956,30.489919],[114.439819,30.490428]]]}},{"type":"Feature","id":"53af178b-6a4f-4fc5-a3f8-5bd0edc32ac9","properties":{"id":"53af178b-6a4f-4fc5-a3f8-5bd0edc32ac9","height":30,"num_floors":9,"class":"building","areaM2":412,"sourceTile":"tile_0_2","sourceFeatureCount":38153,"heightEstimated":true},"geometry":{"type":"Polygon","coordinates":[[[114.438508,30.489122],[114.4381,30.489401],[114.438044,30.489249],[114.438508,30.489122]]]}},{"type":"Feature","id":"7a85b105-12c7-4876-9183-3bd52ca98f97","properties":{"id":"7a85b105-12c7-4876-9183-3bd52ca98f97","height":92,"num_floors":29,"class":"retail","areaM2":9487,"sourceTile":"tile_0_2","sourceFeatureCount":38153,"heightEstimated":true},"geometry":{"type":"Polygon","coordinates":[[[114.443648,30.489274],[114.442309,30.489639],[114.442096,30.489016],[114.443444,30.488675],[114.443648,30.489274]]]}},{"type":"Feature","id":"d7b8fde7-24e7-45cc-8923-8fb7c4180988","properties":{"id":"d7b8fde7-24e7-45cc-8923-8fb7c4180988","height":80,"num_floors":25,"class":"parking","areaM2":10273,"sourceTile":"tile_0_2","sourceFeatureCount":38153,"heightEstimated":true},"geometry":{"type":"Polygon","coordinates":[[[114.456739,30.488924],[114.456725,30.490293],[114.456017,30.490287],[114.456031,30.488919],[114.456739,30.488924]]]}},{"type":"Feature","id":"8076a0bf-af8f-4126-8827-4e5b768e9c2f","properties":{"id":"8076a0bf-af8f-4126-8827-4e5b768e9c2f","height":133,"num_floors":42,"class":"building","areaM2":29767,"sourceTile":"tile_0_2","sourceFeatureCount":38153,"heightEstimated":true},"geometry":{"type":"Polygon","coordinates":[[[114.45924,30.491087],[114.45783,30.490817],[114.457831,30.490017],[114.458339,30.48992],[114.457836,30.489919],[114.457837,30.489143],[114.457538,30.489019],[114.457735,30.488718],[114.458618,30.488717],[114.458816,30.489013],[114.4586,30.489169],[114.459206,30.488841],[114.459336,30.489017],[114.458892,30.489258],[114.458891,30.489573],[114.459386,30.489575],[114.459385,30.489787],[114.458924,30.489785],[114.458923,30.490116],[114.459414,30.490117],[114.459413,30.490376],[114.458872,30.490375],[114.458871,30.490608],[114.459388,30.49087],[114.45924,30.491087]]]}},{"type":"Feature","id":"b6d8d55b-436e-4eb0-aa12-14e49489ff44","properties":{"id":"b6d8d55b-436e-4eb0-aa12-14e49489ff44","height":27,"num_floors":8,"class":"building","areaM2":125,"sourceTile":"tile_0_2","sourceFeatureCount":38153,"heightEstimated":true},"geometry":{"type":"Polygon","coordinates":[[[114.45746,30.49148],[114.457151,30.491559],[114.457151,30.491482],[114.45746,30.49148]]]}},{"type":"Feature","id":"39fc3265-95fd-4e78-9e46-cdb4c1e2917b","properties":{"id":"39fc3265-95fd-4e78-9e46-cdb4c1e2917b","height":38,"num_floors":12,"class":"building","areaM2":429,"sourceTile":"tile_0_2","sourceFeatureCount":38153,"heightEstimated":true},"geometry":{"type":"Polygon","coordinates":[[[114.448327,30.505548],[114.448783,30.505912],[114.448253,30.505667],[114.448327,30.505548]]]}},{"type":"Feature","id":"a600e1a4-8d60-4a30-951e-07f3d72afea4","properties":{"id":"a600e1a4-8d60-4a30-951e-07f3d72afea4","height":30,"num_floors":9,"class":"building","areaM2":8,"sourceTile":"tile_0_2","sourceFeatureCount":38153,"heightEstimated":true},"geometry":{"type":"Polygon","coordinates":[[[114.453544,30.509879],[114.453467,30.509857],[114.45348,30.509842],[114.453544,30.509879]]]}},{"type":"Feature","id":"582b4840-dd6d-4cf2-b920-d56a7ece6e2b","properties":{"id":"582b4840-dd6d-4cf2-b920-d56a7ece6e2b","height":8,"num_floors":3,"class":"building","areaM2":16,"sourceTile":"tile_0_2","sourceFeatureCount":38153,"heightEstimated":true},"geometry":{"type":"Polygon","coordinates":[[[114.459302,30.500265],[114.459218,30.50029],[114.459226,30.500252],[114.459302,30.500265]]]}},{"type":"Feature","id":"8dfab631-3b03-4148-947a-57834d3d3f05","properties":{"id":"8dfab631-3b03-4148-947a-57834d3d3f05","height":77,"num_floors":24,"class":"building","areaM2":9682,"sourceTile":"tile_0_2","sourceFeatureCount":38153,"heightEstimated":true},"geometry":{"type":"Polygon","coordinates":[[[114.459537,30.502199],[114.458686,30.502173],[114.458712,30.501514],[114.458343,30.501325],[114.458742,30.501337],[114.458766,30.500763],[114.45955,30.500787],[114.459276,30.50091],[114.459266,30.501172],[114.459559,30.501181],[114.459268,30.501556],[114.459562,30.501777],[114.458973,30.501759],[114.458965,30.501954],[114.459546,30.501972],[114.459537,30.502199]]]}},{"type":"Feature","id":"5b001060-fcc0-4194-b39f-f498b54f7212","properties":{"id":"5b001060-fcc0-4194-b39f-f498b54f7212","height":22,"num_floors":7,"class":"building","areaM2":647,"sourceTile":"tile_0_2","sourceFeatureCount":38153,"heightEstimated":true},"geometry":{"type":"Polygon","coordinates":[[[114.468246,30.507305],[114.46793,30.507349],[114.468028,30.506949],[114.468246,30.507305]]]}},{"type":"Feature","id":"7182d3b6-5b0a-4339-b5f4-615aca9124d4","properties":{"id":"7182d3b6-5b0a-4339-b5f4-615aca9124d4","height":20,"num_floors":6,"class":"building","areaM2":283,"sourceTile":"tile_0_2","sourceFeatureCount":38153,"heightEstimated":true},"geometry":{"type":"Polygon","coordinates":[[[114.479371,30.504045],[114.479199,30.504438],[114.479093,30.504371],[114.479371,30.504045]]]}},{"type":"Feature","id":"f9889f9a-ac75-43f9-bc50-3b23ea0d4d6e","properties":{"id":"f9889f9a-ac75-43f9-bc50-3b23ea0d4d6e","height":33,"num_floors":10,"class":"building","areaM2":889,"sourceTile":"tile_0_2","sourceFeatureCount":38153,"heightEstimated":true},"geometry":{"type":"Polygon","coordinates":[[[114.479002,30.498713],[114.478481,30.49872],[114.478479,30.498623],[114.478803,30.498456],[114.479002,30.498713]]]}},{"type":"Feature","id":"d4f6924a-0711-4a32-a4e7-96b61181a0ea","properties":{"id":"d4f6924a-0711-4a32-a4e7-96b61181a0ea","height":19,"num_floors":6,"class":"building","areaM2":6,"sourceTile":"tile_0_2","sourceFeatureCount":38153,"heightEstimated":true},"geometry":{"type":"Polygon","coordinates":[[[114.464086,30.490859],[114.464141,30.490841],[114.464141,30.49086],[114.464086,30.490859]]]}},{"type":"Feature","id":"29b7a1ce-65d4-48ba-8745-479fce8eb9ed","properties":{"id":"29b7a1ce-65d4-48ba-8745-479fce8eb9ed","height":94,"num_floors":29,"class":"building","areaM2":12615,"sourceTile":"tile_0_2","sourceFeatureCount":38153,"heightEstimated":true},"geometry":{"type":"Polygon","coordinates":[[[114.470213,30.487146],[114.468728,30.487041],[114.468534,30.486711],[114.470121,30.486676],[114.470861,30.487256],[114.471081,30.488048],[114.470673,30.488056],[114.470213,30.487146]]]}},{"type":"Feature","id":"fe6b3f69-589b-42fb-bcfa-431ba50e099b","properties":{"id":"fe6b3f69-589b-42fb-bcfa-431ba50e099b","height":126,"num_floors":39,"class":"commercial","areaM2":17841,"sourceTile":"tile_0_2","sourceFeatureCount":38153,"heightEstimated":true},"geometry":{"type":"Polygon","coordinates":[[[114.474261,30.489204],[114.473324,30.489124],[114.473193,30.488641],[114.474221,30.487772],[114.474928,30.488078],[114.474868,30.488802],[114.474261,30.489204]]]}},{"type":"Feature","id":"bbdf1c15-5202-4766-9396-b0b87db6aec9","properties":{"id":"bbdf1c15-5202-4766-9396-b0b87db6aec9","height":140,"num_floors":44,"class":"building","areaM2":33878,"sourceTile":"tile_0_2","sourceFeatureCount":38153,"heightEstimated":true},"geometry":{"type":"Polygon","coordinates":[[[114.476823,30.488786],[114.476884,30.48728],[114.477646,30.486957],[114.478461,30.487003],[114.478848,30.487493],[114.477812,30.487807],[114.477887,30.488736],[114.479008,30.48882],[114.479169,30.489337],[114.477227,30.489171],[114.476823,30.488786]]]}},{"type":"Feature","id":"b0f7e509-429e-45c2-83ab-a71f334a57f7","properties":{"id":"b0f7e509-429e-45c2-83ab-a71f334a57f7","height":26,"num_floors":8,"class":"building","areaM2":78,"sourceTile":"tile_0_2","sourceFeatureCount":38153,"heightEstimated":true},"geometry":{"type":"Polygon","coordinates":[[[114.481678,30.411741],[114.48164,30.41158],[114.481753,30.411671],[114.481678,30.411741]]]}},{"type":"Feature","id":"365fd73c-834b-4d54-b685-c0a0397afa6a","properties":{"id":"365fd73c-834b-4d54-b685-c0a0397afa6a","height":115,"num_floors":36,"class":"building","areaM2":14515,"sourceTile":"tile_0_2","sourceFeatureCount":38153,"heightEstimated":true},"geometry":{"type":"Polygon","coordinates":[[[114.482668,30.419909],[114.480886,30.419388],[114.481157,30.4187],[114.482939,30.41922],[114.482668,30.419909]]]}},{"type":"Feature","id":"a31e9569-e8fe-430c-946a-c2c87f7d89c1","properties":{"id":"a31e9569-e8fe-430c-946a-c2c87f7d89c1","height":82,"num_floors":26,"class":"building","areaM2":11819,"sourceTile":"tile_0_2","sourceFeatureCount":38153,"heightEstimated":true},"geometry":{"type":"Polygon","coordinates":[[[114.480976,30.421223],[114.480222,30.421002],[114.480744,30.419677],[114.481498,30.419897],[114.480976,30.421223]]]}},{"type":"Feature","id":"0394b44f-654c-4ff5-96e3-505cf2d7e8db","properties":{"id":"0394b44f-654c-4ff5-96e3-505cf2d7e8db","height":104,"num_floors":33,"class":"building","areaM2":13131,"sourceTile":"tile_0_2","sourceFeatureCount":38153,"heightEstimated":true},"geometry":{"type":"Polygon","coordinates":[[[114.482231,30.421714],[114.481396,30.42147],[114.481917,30.420141],[114.482753,30.420385],[114.482231,30.421714]]]}},{"type":"Feature","id":"38a93111-58ac-4cfc-82da-75b222b73808","properties":{"id":"38a93111-58ac-4cfc-82da-75b222b73808","height":168,"num_floors":53,"class":"building","areaM2":54708,"sourceTile":"tile_0_2","sourceFeatureCount":38153,"heightEstimated":true},"geometry":{"type":"Polygon","coordinates":[[[114.511792,30.412217],[114.509637,30.412373],[114.509407,30.409997],[114.511562,30.409842],[114.511792,30.412217]]]}},{"type":"Feature","id":"144b69f1-12df-46b0-9669-c81239db6e42","properties":{"id":"144b69f1-12df-46b0-9669-c81239db6e42","height":28,"num_floors":9,"class":"building","areaM2":27,"sourceTile":"tile_0_2","sourceFeatureCount":38153,"heightEstimated":true},"geometry":{"type":"Polygon","coordinates":[[[114.519763,30.420062],[114.519873,30.42006],[114.519835,30.420106],[114.519763,30.420062]]]}},{"type":"Feature","id":"cdc8db01-5788-4b46-b63f-55303a9063e5","properties":{"id":"cdc8db01-5788-4b46-b63f-55303a9063e5","height":33,"num_floors":10,"class":"building","areaM2":54,"sourceTile":"tile_0_2","sourceFeatureCount":38153,"heightEstimated":true},"geometry":{"type":"Polygon","coordinates":[[[114.543539,30.462262],[114.543628,30.462151],[114.543658,30.462228],[114.543539,30.462262]]]}},{"type":"Feature","id":"ce8e725d-796f-4d6a-9e08-853d19adbfb3","properties":{"id":"ce8e725d-796f-4d6a-9e08-853d19adbfb3","height":8,"num_floors":3,"class":"building","areaM2":17,"sourceTile":"tile_0_2","sourceFeatureCount":38153,"heightEstimated":true},"geometry":{"type":"Polygon","coordinates":[[[114.533656,30.456444],[114.533742,30.456469],[114.533707,30.456495],[114.533656,30.456444]]]}},{"type":"Feature","id":"592e668b-f3b3-410b-8bd3-c435ca6dfa9e","properties":{"id":"592e668b-f3b3-410b-8bd3-c435ca6dfa9e","height":9,"num_floors":3,"class":"building","areaM2":27,"sourceTile":"tile_0_2","sourceFeatureCount":38153,"heightEstimated":true},"geometry":{"type":"Polygon","coordinates":[[[114.52141,30.444956],[114.521514,30.444924],[114.521495,30.444979],[114.52141,30.444956]]]}},{"type":"Feature","id":"050fd7de-6166-4fe9-9525-3a4620e93258","properties":{"id":"050fd7de-6166-4fe9-9525-3a4620e93258","height":15,"num_floors":5,"class":"building","areaM2":72,"sourceTile":"tile_0_2","sourceFeatureCount":38153,"heightEstimated":true},"geometry":{"type":"Polygon","coordinates":[[[114.513681,30.434865],[114.513841,30.43493],[114.513724,30.434966],[114.513681,30.434865]]]}},{"type":"Feature","id":"c6d95482-4076-4e4d-b7d7-d22297dc2c2e","properties":{"id":"c6d95482-4076-4e4d-b7d7-d22297dc2c2e","height":17,"num_floors":5,"class":"building","areaM2":27,"sourceTile":"tile_0_2","sourceFeatureCount":38153,"heightEstimated":true},"geometry":{"type":"Polygon","coordinates":[[[114.493258,30.422314],[114.493218,30.422405],[114.493182,30.422361],[114.493258,30.422314]]]}},{"type":"Feature","id":"871f79cb-98e3-42b7-83c9-7ce934bae149","properties":{"id":"871f79cb-98e3-42b7-83c9-7ce934bae149","height":89,"num_floors":28,"class":"building","areaM2":9948,"sourceTile":"tile_0_2","sourceFeatureCount":38153,"heightEstimated":true},"geometry":{"type":"Polygon","coordinates":[[[114.48195,30.437037],[114.480302,30.437045],[114.480299,30.436555],[114.481945,30.43639],[114.48195,30.437037]]]}},{"type":"Feature","id":"ef486687-35bb-45dd-8edd-7da44ae5bb75","properties":{"id":"ef486687-35bb-45dd-8edd-7da44ae5bb75","height":103,"num_floors":32,"class":"building","areaM2":10286,"sourceTile":"tile_0_2","sourceFeatureCount":38153,"heightEstimated":true},"geometry":{"type":"Polygon","coordinates":[[[114.482931,30.43811],[114.48165,30.438116],[114.481646,30.437359],[114.482927,30.437354],[114.482931,30.43811]]]}},{"type":"Feature","id":"78376ab3-9517-4c73-8446-cdcdc502a072","properties":{"id":"78376ab3-9517-4c73-8446-cdcdc502a072","height":81,"num_floors":25,"class":"building","areaM2":11332,"sourceTile":"tile_0_2","sourceFeatureCount":38153,"heightEstimated":true},"geometry":{"type":"Polygon","coordinates":[[[114.481473,30.438107],[114.480192,30.438119],[114.480182,30.437285],[114.481463,30.437274],[114.481473,30.438107]]]}},{"type":"Feature","id":"7128e2ab-edc2-44a7-9b26-a4a704d6c67a","properties":{"id":"7128e2ab-edc2-44a7-9b26-a4a704d6c67a","height":20,"num_floors":6,"class":"building","areaM2":18,"sourceTile":"tile_0_2","sourceFeatureCount":38153,"heightEstimated":true},"geometry":{"type":"Polygon","coordinates":[[[114.511703,30.449464],[114.511615,30.449462],[114.51166,30.449425],[114.511703,30.449464]]]}},{"type":"Feature","id":"4ebd9599-28db-457e-8d49-b359925beee6","properties":{"id":"4ebd9599-28db-457e-8d49-b359925beee6","height":27,"num_floors":8,"class":"building","areaM2":60,"sourceTile":"tile_0_2","sourceFeatureCount":38153,"heightEstimated":true},"geometry":{"type":"Polygon","coordinates":[[[114.495702,30.455786],[114.495581,30.455934],[114.495638,30.455769],[114.495702,30.455786]]]}},{"type":"Feature","id":"4b9b5ba2-c48f-4716-abde-83c2d951e767","properties":{"id":"4b9b5ba2-c48f-4716-abde-83c2d951e767","height":31,"num_floors":10,"class":"building","areaM2":67,"sourceTile":"tile_0_2","sourceFeatureCount":38153,"heightEstimated":true},"geometry":{"type":"Polygon","coordinates":[[[114.486251,30.471604],[114.486324,30.471793],[114.486258,30.471795],[114.486251,30.471604]]]}},{"type":"Feature","id":"bd11f9d6-74d3-4e8c-92b6-166ca77717c2","properties":{"id":"bd11f9d6-74d3-4e8c-92b6-166ca77717c2","height":32,"num_floors":10,"class":"building","areaM2":6,"sourceTile":"tile_0_2","sourceFeatureCount":38153,"heightEstimated":true},"geometry":{"type":"Polygon","coordinates":[[[114.487678,30.478114],[114.487698,30.478163],[114.487676,30.478162],[114.487678,30.478114]]]}},{"type":"Feature","id":"d9611937-5440-41f2-ac26-6db5af2ac194","properties":{"id":"d9611937-5440-41f2-ac26-6db5af2ac194","height":8,"num_floors":3,"class":"building","areaM2":58,"sourceTile":"tile_0_2","sourceFeatureCount":38153,"heightEstimated":true},"geometry":{"type":"Polygon","coordinates":[[[114.491185,30.477011],[114.49105,30.476869],[114.491108,30.476849],[114.491185,30.477011]]]}},{"type":"Feature","id":"b119a5e2-a2e2-44c4-b08f-d4778d31e6c6","properties":{"id":"b119a5e2-a2e2-44c4-b08f-d4778d31e6c6","height":14,"num_floors":4,"class":"building","areaM2":116,"sourceTile":"tile_0_2","sourceFeatureCount":38153,"heightEstimated":true},"geometry":{"type":"Polygon","coordinates":[[[114.510435,30.478496],[114.510151,30.478414],[114.510437,30.47842],[114.510435,30.478496]]]}},{"type":"Feature","id":"69551e72-cbe9-4286-8955-3cbec04f1946","properties":{"id":"69551e72-cbe9-4286-8955-3cbec04f1946","height":15,"num_floors":5,"class":"building","areaM2":58,"sourceTile":"tile_0_2","sourceFeatureCount":38153,"heightEstimated":true},"geometry":{"type":"Polygon","coordinates":[[[114.525636,30.464761],[114.525662,30.464617],[114.525729,30.464667],[114.525636,30.464761]]]}},{"type":"Feature","id":"adf1bb57-c436-457e-b694-b541b1e03842","properties":{"id":"adf1bb57-c436-457e-b694-b541b1e03842","height":106,"num_floors":33,"class":"building","areaM2":12813,"sourceTile":"tile_0_2","sourceFeatureCount":38153,"heightEstimated":true},"geometry":{"type":"Polygon","coordinates":[[[114.538892,30.465143],[114.538136,30.465218],[114.538108,30.464877],[114.543013,30.464037],[114.543327,30.465635],[114.542614,30.465698],[114.543079,30.464921],[114.542849,30.46421],[114.538861,30.464849],[114.538892,30.465143]]]}},{"type":"Feature","id":"1413733a-2f89-420f-8783-f31a644dd01a","properties":{"id":"1413733a-2f89-420f-8783-f31a644dd01a","height":26,"num_floors":8,"class":"building","areaM2":288,"sourceTile":"tile_0_2","sourceFeatureCount":38153,"heightEstimated":true},"geometry":{"type":"Polygon","coordinates":[[[114.541623,30.466507],[114.541292,30.46672],[114.541254,30.46658],[114.541623,30.466507]]]}},{"type":"Feature","id":"ce041e9e-2cd0-4f62-9fe6-40d0d0dc4bcd","properties":{"id":"ce041e9e-2cd0-4f62-9fe6-40d0d0dc4bcd","height":27,"num_floors":8,"class":"building","areaM2":166,"sourceTile":"tile_0_2","sourceFeatureCount":38153,"heightEstimated":true},"geometry":{"type":"Polygon","coordinates":[[[114.543885,30.479419],[114.543665,30.479552],[114.543695,30.479392],[114.543885,30.479419]]]}},{"type":"Feature","id":"8825fa91-69e6-4032-8d43-da53a981acd9","properties":{"id":"8825fa91-69e6-4032-8d43-da53a981acd9","height":29,"num_floors":9,"class":"building","areaM2":94,"sourceTile":"tile_0_2","sourceFeatureCount":38153,"heightEstimated":true},"geometry":{"type":"Polygon","coordinates":[[[114.529819,30.480658],[114.529844,30.480546],[114.529967,30.480703],[114.529819,30.480658]]]}},{"type":"Feature","id":"035ba4ad-ddea-4993-8972-19b823e7eea9","properties":{"id":"035ba4ad-ddea-4993-8972-19b823e7eea9","height":143,"num_floors":45,"class":"building","areaM2":30929,"sourceTile":"tile_0_2","sourceFeatureCount":38153,"heightEstimated":true},"geometry":{"type":"Polygon","coordinates":[[[114.515759,30.478047],[114.515745,30.476898],[114.51679,30.476889],[114.516795,30.477263],[114.517626,30.477256],[114.517621,30.476887],[114.51856,30.476879],[114.518574,30.478021],[114.515759,30.478047]]]}},{"type":"Feature","id":"7f8061af-2ce7-4c30-94b4-9ec09957aaa3","properties":{"id":"7f8061af-2ce7-4c30-94b4-9ec09957aaa3","height":75,"num_floors":23,"class":"building","areaM2":9915,"sourceTile":"tile_0_2","sourceFeatureCount":38153,"heightEstimated":true},"geometry":{"type":"Polygon","coordinates":[[[114.521371,30.480774],[114.520809,30.480775],[114.520671,30.479293],[114.521427,30.479413],[114.521371,30.480774]]]}},{"type":"Feature","id":"26ba34a1-bc6a-464b-8762-25e780189b41","properties":{"id":"26ba34a1-bc6a-464b-8762-25e780189b41","height":29,"num_floors":9,"class":"building","areaM2":8,"sourceTile":"tile_0_2","sourceFeatureCount":38153,"heightEstimated":true},"geometry":{"type":"Polygon","coordinates":[[[114.51661,30.484917],[114.516531,30.484904],[114.516541,30.484887],[114.51661,30.484917]]]}},{"type":"Feature","id":"d2d774b1-e9cd-47bd-a8b2-bb5bb3ee8af7","properties":{"id":"d2d774b1-e9cd-47bd-a8b2-bb5bb3ee8af7","height":96,"num_floors":30,"class":"building","areaM2":10436,"sourceTile":"tile_0_2","sourceFeatureCount":38153,"heightEstimated":true},"geometry":{"type":"Polygon","coordinates":[[[114.520618,30.492024],[114.520641,30.492965],[114.519595,30.492983],[114.519573,30.492042],[114.520618,30.492024]]]}},{"type":"Feature","id":"0f273454-bf06-4ff7-a326-22657a0568a0","properties":{"id":"0f273454-bf06-4ff7-a326-22657a0568a0","height":34,"num_floors":11,"class":"building","areaM2":34,"sourceTile":"tile_0_2","sourceFeatureCount":38153,"heightEstimated":true},"geometry":{"type":"Polygon","coordinates":[[[114.533714,30.488657],[114.533823,30.488598],[114.533824,30.488656],[114.533714,30.488657]]]}},{"type":"Feature","id":"4969e8b0-95da-4353-a22a-a03058263c04","properties":{"id":"4969e8b0-95da-4353-a22a-a03058263c04","height":85,"num_floors":27,"class":"building","areaM2":9903,"sourceTile":"tile_0_2","sourceFeatureCount":38153,"heightEstimated":true},"geometry":{"type":"Polygon","coordinates":[[[114.545428,30.484427],[114.543768,30.484444],[114.543766,30.484248],[114.544387,30.484242],[114.544379,30.483656],[114.545417,30.483645],[114.545428,30.484427]]]}},{"type":"Feature","id":"6c988209-0654-4e74-ac96-14c30f5f1202","properties":{"id":"6c988209-0654-4e74-ac96-14c30f5f1202","height":98,"num_floors":31,"class":"building","areaM2":10980,"sourceTile":"tile_0_2","sourceFeatureCount":38153,"heightEstimated":true},"geometry":{"type":"Polygon","coordinates":[[[114.537629,30.491869],[114.537601,30.492962],[114.536279,30.492502],[114.536753,30.491825],[114.537629,30.491869]]]}},{"type":"Feature","id":"6c019e5c-ff33-462d-a3cc-950ab07263bc","properties":{"id":"6c019e5c-ff33-462d-a3cc-950ab07263bc","height":99,"num_floors":31,"class":"building","areaM2":14815,"sourceTile":"tile_0_2","sourceFeatureCount":38153,"heightEstimated":true},"geometry":{"type":"Polygon","coordinates":[[[114.531042,30.489954],[114.529644,30.489954],[114.529644,30.488955],[114.531042,30.488955],[114.531042,30.489954]]]}},{"type":"Feature","id":"a3a3cd01-7728-4ccb-bcc3-ca38c09fc786","properties":{"id":"a3a3cd01-7728-4ccb-bcc3-ca38c09fc786","height":100,"num_floors":31,"class":"building","areaM2":13386,"sourceTile":"tile_0_2","sourceFeatureCount":38153,"heightEstimated":true},"geometry":{"type":"Polygon","coordinates":[[[114.534074,30.493066],[114.534911,30.493324],[114.534999,30.493582],[114.534288,30.493538],[114.53402,30.493094],[114.533248,30.493455],[114.532638,30.493282],[114.53284,30.493026],[114.533807,30.493044],[114.533677,30.492831],[114.532931,30.492887],[114.532947,30.492611],[114.533617,30.492601],[114.53382,30.492841],[114.534258,30.492322],[114.534787,30.492477],[114.534045,30.492815],[114.534715,30.492778],[114.534865,30.493176],[114.534243,30.492901],[114.534074,30.493066]]]}},{"type":"Feature","id":"8c4d6613-c2bf-4c31-a25e-710fb879e059","properties":{"id":"8c4d6613-c2bf-4c31-a25e-710fb879e059","height":13,"num_floors":4,"class":"apartments","areaM2":176,"sourceTile":"tile_0_2","sourceFeatureCount":38153,"heightEstimated":true},"geometry":{"type":"Polygon","coordinates":[[[114.534128,30.497464],[114.533868,30.497548],[114.533935,30.497399],[114.534128,30.497464]]]}},{"type":"Feature","id":"aa5259aa-3666-4798-b9ff-d07ecc36391e","properties":{"id":"aa5259aa-3666-4798-b9ff-d07ecc36391e","height":108,"num_floors":34,"class":"building","areaM2":19000,"sourceTile":"tile_0_2","sourceFeatureCount":38153,"heightEstimated":true},"geometry":{"type":"Polygon","coordinates":[[[114.523169,30.501439],[114.523685,30.500311],[114.52506,30.500777],[114.524545,30.501905],[114.523169,30.501439]]]}},{"type":"Feature","id":"6536b34a-12e9-4c99-b0b0-c09155c1aa14","properties":{"id":"6536b34a-12e9-4c99-b0b0-c09155c1aa14","height":120,"num_floors":38,"class":"building","areaM2":24223,"sourceTile":"tile_0_2","sourceFeatureCount":38153,"heightEstimated":true},"geometry":{"type":"Polygon","coordinates":[[[114.525075,30.500638],[114.523714,30.500185],[114.524368,30.498725],[114.525729,30.499177],[114.525075,30.500638]]]}},{"type":"Feature","id":"8c9d5830-73f6-4f20-ad2b-bd156d2304f1","properties":{"id":"8c9d5830-73f6-4f20-ad2b-bd156d2304f1","height":13,"num_floors":4,"class":"building","areaM2":60,"sourceTile":"tile_0_2","sourceFeatureCount":38153,"heightEstimated":true},"geometry":{"type":"Polygon","coordinates":[[[114.527522,30.496447],[114.527565,30.496586],[114.527473,30.496554],[114.527522,30.496447]]]}},{"type":"Feature","id":"1cd3d7ce-284d-4ca5-a7a7-b7a73430431a","properties":{"id":"1cd3d7ce-284d-4ca5-a7a7-b7a73430431a","height":28,"num_floors":9,"class":"building","areaM2":533,"sourceTile":"tile_0_2","sourceFeatureCount":38153,"heightEstimated":true},"geometry":{"type":"Polygon","coordinates":[[[114.506692,30.495327],[114.505908,30.495176],[114.50669,30.495199],[114.506692,30.495327]]]}},{"type":"Feature","id":"ca60a121-98cb-4dd1-b8e6-d401a3056c2d","properties":{"id":"ca60a121-98cb-4dd1-b8e6-d401a3056c2d","height":93,"num_floors":29,"class":"building","areaM2":11341,"sourceTile":"tile_0_2","sourceFeatureCount":38153,"heightEstimated":true},"geometry":{"type":"Polygon","coordinates":[[[114.512426,30.494751],[114.511398,30.494408],[114.511797,30.493527],[114.512857,30.493846],[114.512426,30.494751]]]}},{"type":"Feature","id":"035a3624-6486-41a5-bb87-80243a66841e","properties":{"id":"035a3624-6486-41a5-bb87-80243a66841e","height":89,"num_floors":19,"class":"commercial","areaM2":10331,"sourceTile":"tile_0_2","sourceFeatureCount":38153,"heightEstimated":true},"geometry":{"type":"Polygon","coordinates":[[[114.513148,30.492915],[114.512032,30.492946],[114.512,30.492073],[114.513115,30.492042],[114.513148,30.492915]]]}},{"type":"Feature","id":"f3f88bb7-4060-4e65-958c-1b5a4d2964db","properties":{"id":"f3f88bb7-4060-4e65-958c-1b5a4d2964db","height":131,"num_floors":20,"class":"commercial","areaM2":20406,"sourceTile":"tile_0_2","sourceFeatureCount":38153,"heightEstimated":true},"geometry":{"type":"Polygon","coordinates":[[[114.511328,30.492973],[114.509294,30.493008],[114.509272,30.492062],[114.511307,30.492027],[114.511328,30.492973]]]}},{"type":"Feature","id":"a872593f-08e4-474e-8836-0c7a95ac0896","properties":{"id":"a872593f-08e4-474e-8836-0c7a95ac0896","height":112,"num_floors":35,"class":"commercial","areaM2":13156,"sourceTile":"tile_0_2","sourceFeatureCount":38153,"heightEstimated":true},"geometry":{"type":"Polygon","coordinates":[[[114.506827,30.49276],[114.505271,30.492763],[114.50527,30.492255],[114.507284,30.492251],[114.507286,30.493234],[114.506828,30.493235],[114.506827,30.49276]]]}},{"type":"Feature","id":"7277f757-8f84-4bc3-a6f6-4aa296d81d82","properties":{"id":"7277f757-8f84-4bc3-a6f6-4aa296d81d82","height":105,"num_floors":33,"class":"building","areaM2":13588,"sourceTile":"tile_0_2","sourceFeatureCount":38153,"heightEstimated":true},"geometry":{"type":"Polygon","coordinates":[[[114.505417,30.489335],[114.505412,30.488685],[114.507384,30.488673],[114.50739,30.489323],[114.505417,30.489335]]]}},{"type":"Feature","id":"c20ef0d4-2054-4a94-8cc5-b34001ece337","properties":{"id":"c20ef0d4-2054-4a94-8cc5-b34001ece337","height":28,"num_floors":9,"class":"building","areaM2":323,"sourceTile":"tile_0_2","sourceFeatureCount":38153,"heightEstimated":true},"geometry":{"type":"Polygon","coordinates":[[[114.513042,30.48517],[114.51341,30.485301],[114.513032,30.485332],[114.513042,30.48517]]]}},{"type":"Feature","id":"28519cff-6b69-4ef4-9369-f7b3250c7705","properties":{"id":"28519cff-6b69-4ef4-9369-f7b3250c7705","height":28,"num_floors":9,"class":"building","areaM2":157,"sourceTile":"tile_0_2","sourceFeatureCount":38153,"heightEstimated":true},"geometry":{"type":"Polygon","coordinates":[[[114.501676,30.492818],[114.50176,30.492483],[114.501765,30.492818],[114.501676,30.492818]]]}},{"type":"Feature","id":"d7d53afd-1851-46d0-91e9-d1f628de787c","properties":{"id":"d7d53afd-1851-46d0-91e9-d1f628de787c","height":127,"num_floors":40,"class":"building","areaM2":20629,"sourceTile":"tile_0_2","sourceFeatureCount":38153,"heightEstimated":true},"geometry":{"type":"Polygon","coordinates":[[[114.503145,30.493352],[114.503131,30.492422],[114.50524,30.492422],[114.505205,30.493358],[114.503145,30.493352]]]}},{"type":"Feature","id":"f8443c81-6f8b-4fa5-a2ac-22e89055820e","properties":{"id":"f8443c81-6f8b-4fa5-a2ac-22e89055820e","height":127,"num_floors":40,"class":"building","areaM2":21678,"sourceTile":"tile_0_2","sourceFeatureCount":38153,"heightEstimated":true},"geometry":{"type":"Polygon","coordinates":[[[114.500582,30.494144],[114.499074,30.494154],[114.499054,30.492811],[114.50058,30.492792],[114.500582,30.494144]]]}},{"type":"Feature","id":"9b19264a-e62d-4382-96a7-4c9fa3223c97","properties":{"id":"9b19264a-e62d-4382-96a7-4c9fa3223c97","height":97,"num_floors":30,"class":"building","areaM2":10056,"sourceTile":"tile_0_2","sourceFeatureCount":38153,"heightEstimated":true},"geometry":{"type":"Polygon","coordinates":[[[114.492458,30.493859],[114.491449,30.493846],[114.491445,30.492635],[114.492449,30.492632],[114.492461,30.492842],[114.491664,30.492845],[114.491665,30.493202],[114.492474,30.49321],[114.492458,30.493859]]]}},{"type":"Feature","id":"23e6a84a-9c67-4d6e-8e96-d0b119a74383","properties":{"id":"23e6a84a-9c67-4d6e-8e96-d0b119a74383","height":103,"num_floors":32,"class":"building","areaM2":11210,"sourceTile":"tile_0_2","sourceFeatureCount":38153,"heightEstimated":true},"geometry":{"type":"Polygon","coordinates":[[[114.487006,30.48607],[114.485384,30.485647],[114.485594,30.485049],[114.487216,30.485473],[114.487006,30.48607]]]}},{"type":"Feature","id":"a2cdaec7-f41b-487a-8ae9-ad1869de9f7f","properties":{"id":"a2cdaec7-f41b-487a-8ae9-ad1869de9f7f","height":118,"num_floors":37,"class":"building","areaM2":18305,"sourceTile":"tile_0_2","sourceFeatureCount":38153,"heightEstimated":true},"geometry":{"type":"Polygon","coordinates":[[[114.49619,30.495146],[114.49606,30.494258],[114.496386,30.494256],[114.496381,30.49342],[114.497269,30.493412],[114.497243,30.49512],[114.49619,30.495146]]]}},{"type":"Feature","id":"e0810e08-cb60-4c2a-bd1a-1333ae9cb381","properties":{"id":"e0810e08-cb60-4c2a-bd1a-1333ae9cb381","height":28,"num_floors":9,"class":"building","areaM2":45,"sourceTile":"tile_0_2","sourceFeatureCount":38153,"heightEstimated":true},"geometry":{"type":"Polygon","coordinates":[[[114.488327,30.502269],[114.488184,30.502239],[114.488302,30.502205],[114.488327,30.502269]]]}},{"type":"Feature","id":"87e8b4bb-6d74-468c-8986-4e7e5d9cfd5e","properties":{"id":"87e8b4bb-6d74-468c-8986-4e7e5d9cfd5e","height":108,"num_floors":34,"class":"building","areaM2":14734,"sourceTile":"tile_0_2","sourceFeatureCount":38153,"heightEstimated":true},"geometry":{"type":"Polygon","coordinates":[[[114.482485,30.500325],[114.481326,30.502116],[114.48134,30.500043],[114.481058,30.500133],[114.481302,30.499757],[114.482485,30.500325]]]}},{"type":"Feature","id":"e18f8650-b1fd-4ad5-8046-a079765a3623","properties":{"id":"e18f8650-b1fd-4ad5-8046-a079765a3623","height":112,"num_floors":35,"class":"building","areaM2":24268,"sourceTile":"tile_0_2","sourceFeatureCount":38153,"heightEstimated":true},"geometry":{"type":"Polygon","coordinates":[[[114.485119,30.512761],[114.484616,30.512972],[114.484019,30.511967],[114.484753,30.510533],[114.484954,30.510601],[114.484818,30.5109],[114.486052,30.511439],[114.486052,30.511768],[114.484936,30.512168],[114.485119,30.512761]]]}},{"type":"Feature","id":"c90a52da-268b-452a-af64-c956e1b6d388","properties":{"id":"c90a52da-268b-452a-af64-c956e1b6d388","height":30,"num_floors":9,"class":"building","areaM2":16,"sourceTile":"tile_0_2","sourceFeatureCount":38153,"heightEstimated":true},"geometry":{"type":"Polygon","coordinates":[[[114.507132,30.507394],[114.507179,30.50746],[114.507135,30.507461],[114.507132,30.507394]]]}},{"type":"Feature","id":"81071f1e-ee16-48b0-bafa-ac68b35c456e","properties":{"id":"81071f1e-ee16-48b0-bafa-ac68b35c456e","height":102,"num_floors":32,"class":"building","areaM2":18244,"sourceTile":"tile_0_2","sourceFeatureCount":38153,"heightEstimated":true},"geometry":{"type":"MultiPolygon","coordinates":[[[[114.51465,30.509412],[114.515999,30.509891],[114.515409,30.51075],[114.514875,30.510561],[114.514943,30.51042],[114.515314,30.510552],[114.515354,30.510467],[114.514143,30.51011],[114.514262,30.509861],[114.514593,30.509934],[114.514235,30.509807],[114.5136,30.509772],[114.514014,30.51012],[114.513231,30.509842],[114.513728,30.509197],[114.514173,30.509355],[114.513916,30.50937],[114.513934,30.509745],[114.514079,30.509442],[114.514497,30.509734],[114.51465,30.509412]],[[114.515273,30.510186],[114.515041,30.50986],[114.514941,30.510068],[114.515273,30.510186]]],[[[114.513997,30.510303],[114.513573,30.510019],[114.514052,30.510189],[114.513997,30.510303]]]]}},{"type":"Feature","id":"009eb47b-8779-4e19-8b8c-1877ad8ebe58","properties":{"id":"009eb47b-8779-4e19-8b8c-1877ad8ebe58","height":91,"num_floors":28,"class":"building","areaM2":13044,"sourceTile":"tile_0_2","sourceFeatureCount":38153,"heightEstimated":true},"geometry":{"type":"Polygon","coordinates":[[[114.532539,30.508749],[114.530486,30.507808],[114.530801,30.507331],[114.532816,30.508293],[114.532539,30.508749]]]}},{"type":"Feature","id":"ec649180-c491-422e-9ae8-b805a4f9de37","properties":{"id":"ec649180-c491-422e-9ae8-b805a4f9de37","height":8,"num_floors":3,"class":"building","areaM2":27,"sourceTile":"tile_0_2","sourceFeatureCount":38153,"heightEstimated":true},"geometry":{"type":"Polygon","coordinates":[[[114.538443,30.507567],[114.53836,30.507505],[114.538448,30.50751],[114.538443,30.507567]]]}},{"type":"Feature","id":"2dd4e9b6-371a-4f21-996a-5dd0b156a21a","properties":{"id":"2dd4e9b6-371a-4f21-996a-5dd0b156a21a","height":159,"num_floors":50,"class":"building","areaM2":41680,"sourceTile":"tile_0_2","sourceFeatureCount":38153,"heightEstimated":true},"geometry":{"type":"Polygon","coordinates":[[[114.540697,30.507837],[114.541461,30.505996],[114.542701,30.506377],[114.54141,30.509491],[114.540465,30.509201],[114.540993,30.507928],[114.540697,30.507837]]]}},{"type":"Feature","id":"ff38c95e-37b6-41b1-a60e-f8890834d628","properties":{"id":"ff38c95e-37b6-41b1-a60e-f8890834d628","height":139,"num_floors":43,"class":"building","areaM2":28569,"sourceTile":"tile_0_2","sourceFeatureCount":38153,"heightEstimated":true},"geometry":{"type":"Polygon","coordinates":[[[114.541322,30.505932],[114.540358,30.50819],[114.539307,30.507857],[114.54027,30.505599],[114.541322,30.505932]]]}}]}