{"type":"FeatureCollection","name":"wuhan-building-display-tile_1_1","source":"data/geospatial/wuhan/buildings/low/tile_1_1.geojson","sourceFeatureCount":102299,"displayFeatureCount":650,"generatedAt":"2026-06-03T12:54:11.723Z","features":[{"type":"Feature","id":"1bf4c970-3e90-4a1a-a055-912b13f5edcf","properties":{"id":"1bf4c970-3e90-4a1a-a055-912b13f5edcf","height":119,"num_floors":37,"class":"building","areaM2":8221,"sourceTile":"tile_1_1","sourceFeatureCount":102299,"heightEstimated":true},"geometry":{"type":"Polygon","coordinates":[[[114.15086,30.578676],[114.150795,30.578927],[114.150048,30.578969],[114.150291,30.579124],[114.148732,30.578714],[114.14881,30.578415],[114.15086,30.578676]]]}},{"type":"Feature","id":"a4f43bf2-741d-403a-b5d7-43e11f19d2b7","properties":{"id":"a4f43bf2-741d-403a-b5d7-43e11f19d2b7","height":11,"num_floors":3,"class":"building","areaM2":58,"sourceTile":"tile_1_1","sourceFeatureCount":102299,"heightEstimated":true},"geometry":{"type":"Polygon","coordinates":[[[114.151389,30.577764],[114.151562,30.577731],[114.151544,30.577798],[114.151389,30.577764]]]}},{"type":"Feature","id":"41380227-88ef-40c1-8ff6-2c00acc73c71","properties":{"id":"41380227-88ef-40c1-8ff6-2c00acc73c71","height":88,"num_floors":28,"class":"building","areaM2":6597,"sourceTile":"tile_1_1","sourceFeatureCount":102299,"heightEstimated":true},"geometry":{"type":"Polygon","coordinates":[[[114.151682,30.579148],[114.152434,30.579045],[114.152161,30.580022],[114.151442,30.579834],[114.151682,30.579148]]]}},{"type":"Feature","id":"5650840a-ab5a-4b0f-86e2-356017b39c7c","properties":{"id":"5650840a-ab5a-4b0f-86e2-356017b39c7c","height":127,"num_floors":40,"class":"building","areaM2":10372,"sourceTile":"tile_1_1","sourceFeatureCount":102299,"heightEstimated":true},"geometry":{"type":"Polygon","coordinates":[[[114.151993,30.579979],[114.152189,30.580364],[114.149743,30.580649],[114.149674,30.580242],[114.151993,30.579979]]]}},{"type":"Feature","id":"21d655eb-c841-498f-9e40-40e289550b4c","properties":{"id":"21d655eb-c841-498f-9e40-40e289550b4c","height":114,"num_floors":36,"class":"building","areaM2":7889,"sourceTile":"tile_1_1","sourceFeatureCount":102299,"heightEstimated":true},"geometry":{"type":"Polygon","coordinates":[[[114.155643,30.584643],[114.155906,30.585236],[114.154811,30.585599],[114.154549,30.585005],[114.155643,30.584643]]]}},{"type":"Feature","id":"e31f985b-ccd9-43f6-a9d9-f49cf9306253","properties":{"id":"e31f985b-ccd9-43f6-a9d9-f49cf9306253","height":91,"num_floors":28,"class":"building","areaM2":7798,"sourceTile":"tile_1_1","sourceFeatureCount":102299,"heightEstimated":true},"geometry":{"type":"Polygon","coordinates":[[[114.152669,30.587008],[114.15339,30.586684],[114.153873,30.587488],[114.153152,30.587812],[114.152669,30.587008]]]}},{"type":"Feature","id":"c671d14d-b243-4620-9deb-4c09ba243a88","properties":{"id":"c671d14d-b243-4620-9deb-4c09ba243a88","height":113,"num_floors":35,"class":"building","areaM2":9725,"sourceTile":"tile_1_1","sourceFeatureCount":102299,"heightEstimated":true},"geometry":{"type":"Polygon","coordinates":[[[114.154289,30.587694],[114.153747,30.586734],[114.15452,30.586408],[114.155062,30.587367],[114.154289,30.587694]]]}},{"type":"Feature","id":"1cf06f01-97a6-487d-a4b1-8b0552702647","properties":{"id":"1cf06f01-97a6-487d-a4b1-8b0552702647","height":168,"num_floors":53,"class":"building","areaM2":23207,"sourceTile":"tile_1_1","sourceFeatureCount":102299,"heightEstimated":true},"geometry":{"type":"Polygon","coordinates":[[[114.152306,30.587301],[114.154201,30.589722],[114.153663,30.59007],[114.151643,30.58773],[114.152306,30.587301]]]}},{"type":"Feature","id":"57b72830-48a4-4930-9013-fc6a050f32b5","properties":{"id":"57b72830-48a4-4930-9013-fc6a050f32b5","height":143,"num_floors":45,"class":"building","areaM2":15470,"sourceTile":"tile_1_1","sourceFeatureCount":102299,"heightEstimated":true},"geometry":{"type":"Polygon","coordinates":[[[114.15394,30.58763],[114.155063,30.589318],[114.154389,30.589632],[114.153294,30.587931],[114.15394,30.58763]]]}},{"type":"Feature","id":"065a59c6-c215-4713-86c1-83aec4637db9","properties":{"id":"065a59c6-c215-4713-86c1-83aec4637db9","height":168,"num_floors":53,"class":"building","areaM2":30450,"sourceTile":"tile_1_1","sourceFeatureCount":102299,"heightEstimated":true},"geometry":{"type":"Polygon","coordinates":[[[114.157519,30.587965],[114.157276,30.587097],[114.157894,30.587115],[114.157887,30.587315],[114.157985,30.58705],[114.159794,30.587169],[114.159743,30.588507],[114.158881,30.588482],[114.158931,30.587183],[114.15874,30.588421],[114.157864,30.588472],[114.157906,30.587383],[114.157839,30.587974],[114.157519,30.587965]]]}},{"type":"Feature","id":"44fb0b95-66a0-428f-8248-f3c63796aff2","properties":{"id":"44fb0b95-66a0-428f-8248-f3c63796aff2","height":129,"num_floors":40,"class":"building","areaM2":10947,"sourceTile":"tile_1_1","sourceFeatureCount":102299,"heightEstimated":true},"geometry":{"type":"Polygon","coordinates":[[[114.160868,30.589404],[114.161179,30.590159],[114.159802,30.590325],[114.159672,30.589521],[114.160868,30.589404]]]}},{"type":"Feature","id":"df296657-5ed6-4bd2-8fa9-fc992eb18d61","properties":{"id":"df296657-5ed6-4bd2-8fa9-fc992eb18d61","height":153,"num_floors":48,"class":"building","areaM2":22952,"sourceTile":"tile_1_1","sourceFeatureCount":102299,"heightEstimated":true},"geometry":{"type":"Polygon","coordinates":[[[114.159782,30.586224],[114.159896,30.586961],[114.157023,30.586939],[114.156876,30.586173],[114.159782,30.586224]]]}},{"type":"Feature","id":"1c6e7326-c0f4-4b11-913f-f3722d58ebb5","properties":{"id":"1c6e7326-c0f4-4b11-913f-f3722d58ebb5","height":138,"num_floors":43,"class":"building","areaM2":11865,"sourceTile":"tile_1_1","sourceFeatureCount":102299,"heightEstimated":true},"geometry":{"type":"Polygon","coordinates":[[[114.154591,30.582509],[114.153936,30.582571],[114.153327,30.582213],[114.153138,30.581735],[114.154292,30.581373],[114.154591,30.582509]]]}},{"type":"Feature","id":"088859e6-9565-4411-9c6b-ad7367a083fc","properties":{"id":"088859e6-9565-4411-9c6b-ad7367a083fc","height":123,"num_floors":38,"class":"building","areaM2":8962,"sourceTile":"tile_1_1","sourceFeatureCount":102299,"heightEstimated":true},"geometry":{"type":"Polygon","coordinates":[[[114.153503,30.580868],[114.153534,30.581184],[114.15292,30.581548],[114.152382,30.580542],[114.152727,30.580285],[114.153545,30.580576],[114.153216,30.580685],[114.153526,30.580814],[114.153205,30.580712],[114.153174,30.580784],[114.153503,30.580868]]]}},{"type":"Feature","id":"337ed67a-853e-4c32-a5b0-a350f29c7b84","properties":{"id":"337ed67a-853e-4c32-a5b0-a350f29c7b84","height":118,"num_floors":37,"class":"building","areaM2":13097,"sourceTile":"tile_1_1","sourceFeatureCount":102299,"heightEstimated":true},"geometry":{"type":"Polygon","coordinates":[[[114.154129,30.58028],[114.152614,30.579962],[114.152862,30.579178],[114.154364,30.579533],[114.154129,30.58028]]]}},{"type":"Feature","id":"6b81aa06-d257-44cc-819d-69ca2124b806","properties":{"id":"6b81aa06-d257-44cc-819d-69ca2124b806","height":168,"num_floors":53,"class":"building","areaM2":29359,"sourceTile":"tile_1_1","sourceFeatureCount":102299,"heightEstimated":true},"geometry":{"type":"Polygon","coordinates":[[[114.160449,30.575441],[114.163068,30.575389],[114.163119,30.577103],[114.161978,30.576787],[114.160449,30.575441]]]}},{"type":"Feature","id":"d9c8d415-06d1-49de-b144-8c5bb8337a5b","properties":{"id":"d9c8d415-06d1-49de-b144-8c5bb8337a5b","height":142,"num_floors":44,"class":"building","areaM2":19531,"sourceTile":"tile_1_1","sourceFeatureCount":102299,"heightEstimated":true},"geometry":{"type":"Polygon","coordinates":[[[114.160938,30.575204],[114.161095,30.574409],[114.163282,30.574352],[114.163292,30.575184],[114.160938,30.575204]]]}},{"type":"Feature","id":"609e5741-358d-45a1-8a42-0fd014a013c8","properties":{"id":"609e5741-358d-45a1-8a42-0fd014a013c8","height":121,"num_floors":38,"class":"building","areaM2":9421,"sourceTile":"tile_1_1","sourceFeatureCount":102299,"heightEstimated":true},"geometry":{"type":"Polygon","coordinates":[[[114.161705,30.57157],[114.161736,30.573339],[114.161206,30.573333],[114.16123,30.571565],[114.161705,30.57157]]]}},{"type":"Feature","id":"5954033c-8d53-4f0d-84e2-ce38048b0bba","properties":{"id":"5954033c-8d53-4f0d-84e2-ce38048b0bba","height":115,"num_floors":36,"class":"building","areaM2":7262,"sourceTile":"tile_1_1","sourceFeatureCount":102299,"heightEstimated":true},"geometry":{"type":"Polygon","coordinates":[[[114.163289,30.572644],[114.161875,30.572715],[114.161873,30.572266],[114.163265,30.572118],[114.163289,30.572644]]]}},{"type":"Feature","id":"3e2f4045-7903-4c40-baec-b025521c5bf5","properties":{"id":"3e2f4045-7903-4c40-baec-b025521c5bf5","height":33,"num_floors":10,"class":"building","areaM2":163,"sourceTile":"tile_1_1","sourceFeatureCount":102299,"heightEstimated":true},"geometry":{"type":"Polygon","coordinates":[[[114.150147,30.570235],[114.150374,30.570361],[114.150173,30.570385],[114.150147,30.570235]]]}},{"type":"Feature","id":"458333d1-43cf-4ff7-be5c-5e340ab9388e","properties":{"id":"458333d1-43cf-4ff7-be5c-5e340ab9388e","height":107,"num_floors":33,"class":"building","areaM2":6929,"sourceTile":"tile_1_1","sourceFeatureCount":102299,"heightEstimated":true},"geometry":{"type":"Polygon","coordinates":[[[114.161349,30.569851],[114.162775,30.569817],[114.162769,30.570209],[114.161342,30.570376],[114.161349,30.569851]]]}},{"type":"Feature","id":"5a482e8e-099c-4831-ae99-6bf4990634fe","properties":{"id":"5a482e8e-099c-4831-ae99-6bf4990634fe","height":130,"num_floors":41,"class":"building","areaM2":10613,"sourceTile":"tile_1_1","sourceFeatureCount":102299,"heightEstimated":true},"geometry":{"type":"Polygon","coordinates":[[[114.153227,30.560336],[114.154101,30.560792],[114.153761,30.561344],[114.154049,30.561441],[114.153958,30.561779],[114.152829,30.561229],[114.153227,30.560336]]]}},{"type":"Feature","id":"f410a450-c7c7-4ea7-9359-05658bd3798d","properties":{"id":"f410a450-c7c7-4ea7-9359-05658bd3798d","height":153,"num_floors":48,"class":"building","areaM2":23266,"sourceTile":"tile_1_1","sourceFeatureCount":102299,"heightEstimated":true},"geometry":{"type":"Polygon","coordinates":[[[114.15679,30.556344],[114.157991,30.555501],[114.159024,30.556604],[114.157823,30.557447],[114.15679,30.556344]]]}},{"type":"Feature","id":"78e012d3-cb11-4d6c-a364-4ddf61cfa1fc","properties":{"id":"78e012d3-cb11-4d6c-a364-4ddf61cfa1fc","height":142,"num_floors":44,"class":"building","areaM2":18234,"sourceTile":"tile_1_1","sourceFeatureCount":102299,"heightEstimated":true},"geometry":{"type":"Polygon","coordinates":[[[114.158584,30.554947],[114.159332,30.555092],[114.160046,30.555878],[114.159088,30.55653],[114.158007,30.55534],[114.158584,30.554947]]]}},{"type":"Feature","id":"d5b17cd3-84be-458b-a26a-3001786a0d61","properties":{"id":"d5b17cd3-84be-458b-a26a-3001786a0d61","height":23,"num_floors":7,"class":"building","areaM2":125,"sourceTile":"tile_1_1","sourceFeatureCount":102299,"heightEstimated":true},"geometry":{"type":"Polygon","coordinates":[[[114.16077,30.55361],[114.161084,30.55367],[114.161042,30.553737],[114.16077,30.55361]]]}},{"type":"Feature","id":"e064ec63-adca-4d25-be88-e5df07babe59","properties":{"id":"e064ec63-adca-4d25-be88-e5df07babe59","height":167,"num_floors":52,"class":"building","areaM2":20335,"sourceTile":"tile_1_1","sourceFeatureCount":102299,"heightEstimated":true},"geometry":{"type":"Polygon","coordinates":[[[114.156663,30.556305],[114.157751,30.557544],[114.156819,30.558202],[114.155683,30.556998],[114.156663,30.556305]]]}},{"type":"Feature","id":"44608389-a9fa-4161-acff-ff233a793305","properties":{"id":"44608389-a9fa-4161-acff-ff233a793305","height":124,"num_floors":39,"class":"building","areaM2":8810,"sourceTile":"tile_1_1","sourceFeatureCount":102299,"heightEstimated":true},"geometry":{"type":"Polygon","coordinates":[[[114.15524,30.557359],[114.155552,30.557004],[114.156724,30.55827],[114.156285,30.558575],[114.15524,30.557359]]]}},{"type":"Feature","id":"d8bd7a17-cd60-4b5d-8eb3-78a0727d0ba0","properties":{"id":"d8bd7a17-cd60-4b5d-8eb3-78a0727d0ba0","height":11,"num_floors":3,"class":"building","areaM2":45,"sourceTile":"tile_1_1","sourceFeatureCount":102299,"heightEstimated":true},"geometry":{"type":"Polygon","coordinates":[[[114.152586,30.55669],[114.152704,30.556622],[114.152696,30.556698],[114.152586,30.55669]]]}},{"type":"Feature","id":"72616353-19ef-44e3-b6ea-645304cbbcda","properties":{"id":"72616353-19ef-44e3-b6ea-645304cbbcda","height":37,"num_floors":12,"class":"building","areaM2":94,"sourceTile":"tile_1_1","sourceFeatureCount":102299,"heightEstimated":true},"geometry":{"type":"Polygon","coordinates":[[[114.151899,30.551639],[114.152036,30.551509],[114.152036,30.551638],[114.151899,30.551639]]]}},{"type":"Feature","id":"412661c1-472a-4ca7-a8fa-adb595b27a45","properties":{"id":"412661c1-472a-4ca7-a8fa-adb595b27a45","height":122,"num_floors":38,"class":"building","areaM2":8893,"sourceTile":"tile_1_1","sourceFeatureCount":102299,"heightEstimated":true},"geometry":{"type":"Polygon","coordinates":[[[114.156851,30.552761],[114.155371,30.552486],[114.155506,30.551944],[114.156985,30.552218],[114.156851,30.552761]]]}},{"type":"Feature","id":"a9f8dbda-42b4-41d3-b556-f0dbb32fdcd5","properties":{"id":"a9f8dbda-42b4-41d3-b556-f0dbb32fdcd5","height":33,"num_floors":10,"class":"building","areaM2":197,"sourceTile":"tile_1_1","sourceFeatureCount":102299,"heightEstimated":true},"geometry":{"type":"Polygon","coordinates":[[[114.159815,30.550224],[114.16009,30.550015],[114.160135,30.550116],[114.159815,30.550224]]]}},{"type":"Feature","id":"c40764ea-a615-46da-9fd8-e2dba19015c3","properties":{"id":"c40764ea-a615-46da-9fd8-e2dba19015c3","height":99,"num_floors":31,"class":"building","areaM2":6788,"sourceTile":"tile_1_1","sourceFeatureCount":102299,"heightEstimated":true},"geometry":{"type":"Polygon","coordinates":[[[114.157926,30.552608],[114.158003,30.551792],[114.158436,30.551868],[114.158174,30.552993],[114.157113,30.552807],[114.157167,30.552573],[114.157926,30.552608]]]}},{"type":"Feature","id":"a6f6b16d-5be5-4952-9523-476fc646fc9b","properties":{"id":"a6f6b16d-5be5-4952-9523-476fc646fc9b","height":108,"num_floors":34,"class":"building","areaM2":11270,"sourceTile":"tile_1_1","sourceFeatureCount":102299,"heightEstimated":true},"geometry":{"type":"Polygon","coordinates":[[[114.160544,30.545205],[114.160853,30.546318],[114.160244,30.546795],[114.159809,30.54581],[114.160133,30.545674],[114.159768,30.545794],[114.159645,30.545517],[114.160544,30.545205]]]}},{"type":"Feature","id":"f16eb382-14a8-42d4-a400-d7f257ad3901","properties":{"id":"f16eb382-14a8-42d4-a400-d7f257ad3901","height":116,"num_floors":36,"class":"building","areaM2":8826,"sourceTile":"tile_1_1","sourceFeatureCount":102299,"heightEstimated":true},"geometry":{"type":"Polygon","coordinates":[[[114.160822,30.543798],[114.161334,30.545457],[114.160776,30.545376],[114.160324,30.543913],[114.160822,30.543798]]]}},{"type":"Feature","id":"e7d39b1b-0d13-4597-bcdc-26d84ce5f8d2","properties":{"id":"e7d39b1b-0d13-4597-bcdc-26d84ce5f8d2","height":107,"num_floors":33,"class":"building","areaM2":9580,"sourceTile":"tile_1_1","sourceFeatureCount":102299,"heightEstimated":true},"geometry":{"type":"Polygon","coordinates":[[[114.159242,30.543887],[114.159806,30.543286],[114.160007,30.543578],[114.160626,30.543385],[114.160625,30.543651],[114.160099,30.543957],[114.160386,30.544483],[114.160128,30.544582],[114.160335,30.544518],[114.160509,30.544924],[114.160139,30.545036],[114.159764,30.544071],[114.159079,30.544334],[114.160156,30.543669],[114.159242,30.543887]]]}},{"type":"Feature","id":"116d7802-a5da-435e-a132-033a027a0ca0","properties":{"id":"116d7802-a5da-435e-a132-033a027a0ca0","height":107,"num_floors":33,"class":"building","areaM2":6963,"sourceTile":"tile_1_1","sourceFeatureCount":102299,"heightEstimated":true},"geometry":{"type":"Polygon","coordinates":[[[114.158912,30.546079],[114.158721,30.545417],[114.159478,30.545414],[114.159771,30.546041],[114.159539,30.546122],[114.159876,30.546267],[114.159224,30.546349],[114.159083,30.546048],[114.159593,30.545841],[114.158912,30.546079]]]}},{"type":"Feature","id":"6adfcf47-3f5d-4a58-b9ab-b2e3b5c8a064","properties":{"id":"6adfcf47-3f5d-4a58-b9ab-b2e3b5c8a064","height":102,"num_floors":32,"class":"building","areaM2":7876,"sourceTile":"tile_1_1","sourceFeatureCount":102299,"heightEstimated":true},"geometry":{"type":"Polygon","coordinates":[[[114.154949,30.545497],[114.155165,30.546425],[114.15478,30.546544],[114.154551,30.546049],[114.154865,30.546083],[114.154805,30.545859],[114.153687,30.546055],[114.153648,30.54591],[114.153674,30.546127],[114.154032,30.546264],[114.153605,30.546349],[114.15346,30.545684],[114.15383,30.545929],[114.153937,30.545672],[114.154329,30.545816],[114.154323,30.545553],[114.154949,30.545497]]]}},{"type":"Feature","id":"1d19bb0f-2faa-413a-bb32-646e711f2523","properties":{"id":"1d19bb0f-2faa-413a-bb32-646e711f2523","height":20,"num_floors":6,"class":"building","areaM2":73,"sourceTile":"tile_1_1","sourceFeatureCount":102299,"heightEstimated":true},"geometry":{"type":"Polygon","coordinates":[[[114.158899,30.543009],[114.15877,30.543161],[114.158728,30.543104],[114.158899,30.543009]]]}},{"type":"Feature","id":"05429063-67b1-4f47-8d1b-01f5d73e8104","properties":{"id":"05429063-67b1-4f47-8d1b-01f5d73e8104","height":10,"num_floors":3,"class":"building","areaM2":56,"sourceTile":"tile_1_1","sourceFeatureCount":102299,"heightEstimated":true},"geometry":{"type":"Polygon","coordinates":[[[114.154717,30.537783],[114.154821,30.537683],[114.154827,30.537778],[114.154717,30.537783]]]}},{"type":"Feature","id":"0131201a-6d24-4998-89d9-5d5339cb8cbb","properties":{"id":"0131201a-6d24-4998-89d9-5d5339cb8cbb","height":168,"num_floors":53,"class":"building","areaM2":42638,"sourceTile":"tile_1_1","sourceFeatureCount":102299,"heightEstimated":true},"geometry":{"type":"Polygon","coordinates":[[[114.150375,30.529162],[114.150647,30.529762],[114.15023,30.530955],[114.1495,30.531269],[114.148752,30.530838],[114.149041,30.530245],[114.148276,30.529952],[114.148812,30.528679],[114.149992,30.528767],[114.149958,30.529059],[114.150375,30.529162]]]}},{"type":"Feature","id":"9efecd4a-7a3f-4e5c-b932-94a9ab9322e9","properties":{"id":"9efecd4a-7a3f-4e5c-b932-94a9ab9322e9","height":101,"num_floors":32,"class":"university","areaM2":7423,"sourceTile":"tile_1_1","sourceFeatureCount":102299,"heightEstimated":true},"geometry":{"type":"Polygon","coordinates":[[[114.153439,30.516865],[114.152512,30.516869],[114.152508,30.516113],[114.153434,30.516109],[114.153439,30.516865]]]}},{"type":"Feature","id":"8bc367e3-6e6c-44cf-b5fc-31a8ac3b9bd8","properties":{"id":"8bc367e3-6e6c-44cf-b5fc-31a8ac3b9bd8","height":104,"num_floors":33,"class":"university","areaM2":7389,"sourceTile":"tile_1_1","sourceFeatureCount":102299,"heightEstimated":true},"geometry":{"type":"Polygon","coordinates":[[[114.153603,30.520824],[114.152556,30.520808],[114.15257,30.520142],[114.153617,30.520159],[114.153603,30.520824]]]}},{"type":"Feature","id":"4c89d62f-ef45-473f-90c2-26224666c79e","properties":{"id":"4c89d62f-ef45-473f-90c2-26224666c79e","height":50,"num_floors":16,"class":"stadium","areaM2":6011,"sourceTile":"tile_1_1","sourceFeatureCount":102299,"heightEstimated":false},"geometry":{"type":"Polygon","coordinates":[[[114.151124,30.521073],[114.150451,30.521056],[114.15048,30.520214],[114.151153,30.520231],[114.151124,30.521073]]]}},{"type":"Feature","id":"abd9e369-2a37-4d1e-a37e-a0cb6bbee2d6","properties":{"id":"abd9e369-2a37-4d1e-a37e-a0cb6bbee2d6","height":30,"num_floors":9,"class":"building","areaM2":9,"sourceTile":"tile_1_1","sourceFeatureCount":102299,"heightEstimated":true},"geometry":{"type":"Polygon","coordinates":[[[114.150662,30.527141],[114.15061,30.527182],[114.150602,30.527155],[114.150662,30.527141]]]}},{"type":"Feature","id":"2013c5b4-5873-4c3c-9d5b-5efb3b26c862","properties":{"id":"2013c5b4-5873-4c3c-9d5b-5efb3b26c862","height":27,"num_floors":8,"class":"building","areaM2":90,"sourceTile":"tile_1_1","sourceFeatureCount":102299,"heightEstimated":true},"geometry":{"type":"Polygon","coordinates":[[[114.206478,30.520247],[114.206418,30.520412],[114.206348,30.520322],[114.206478,30.520247]]]}},{"type":"Feature","id":"51461618-4cc2-473d-b5af-6dc2fa4e3fc1","properties":{"id":"51461618-4cc2-473d-b5af-6dc2fa4e3fc1","height":32,"num_floors":10,"class":"building","areaM2":478,"sourceTile":"tile_1_1","sourceFeatureCount":102299,"heightEstimated":true},"geometry":{"type":"Polygon","coordinates":[[[114.213003,30.530852],[114.212276,30.531393],[114.212215,30.531315],[114.213003,30.530852]]]}},{"type":"Feature","id":"1e920c87-21f6-4fb3-b22f-5a88deea9735","properties":{"id":"1e920c87-21f6-4fb3-b22f-5a88deea9735","height":8,"num_floors":3,"class":"building","areaM2":9,"sourceTile":"tile_1_1","sourceFeatureCount":102299,"heightEstimated":true},"geometry":{"type":"Polygon","coordinates":[[[114.195953,30.535469],[114.196,30.535433],[114.195997,30.535471],[114.195953,30.535469]]]}},{"type":"Feature","id":"8d08a5ee-7559-4bc6-953a-d47c8fc15cbe","properties":{"id":"8d08a5ee-7559-4bc6-953a-d47c8fc15cbe","height":37,"num_floors":12,"class":"building","areaM2":152,"sourceTile":"tile_1_1","sourceFeatureCount":102299,"heightEstimated":true},"geometry":{"type":"Polygon","coordinates":[[[114.187393,30.539757],[114.187103,30.539791],[114.187325,30.539666],[114.187393,30.539757]]]}},{"type":"Feature","id":"dcfac429-3bd6-4a25-a2ef-a6cc86ff97cc","properties":{"id":"dcfac429-3bd6-4a25-a2ef-a6cc86ff97cc","height":108,"num_floors":34,"class":"building","areaM2":10766,"sourceTile":"tile_1_1","sourceFeatureCount":102299,"heightEstimated":true},"geometry":{"type":"Polygon","coordinates":[[[114.18847,30.537991],[114.188527,30.538278],[114.188833,30.538114],[114.189014,30.538367],[114.188495,30.538644],[114.18803,30.538146],[114.188409,30.538961],[114.18747,30.537619],[114.187816,30.537434],[114.188184,30.53808],[114.187864,30.537425],[114.18821,30.53724],[114.1888,30.538068],[114.18847,30.537991]]]}},{"type":"Feature","id":"19fe747b-b68e-4a90-b2ce-33a762946b34","properties":{"id":"19fe747b-b68e-4a90-b2ce-33a762946b34","height":20,"num_floors":6,"class":"building","areaM2":39226,"sourceTile":"tile_1_1","sourceFeatureCount":102299,"heightEstimated":false},"geometry":{"type":"Polygon","coordinates":[[[114.183199,30.537767],[114.182684,30.537268],[114.183092,30.535563],[114.183885,30.535221],[114.185044,30.536561],[114.18498,30.536963],[114.183199,30.537767]]]}},{"type":"Feature","id":"bd11e06e-f8e7-41a7-af77-946890c7636e","properties":{"id":"bd11e06e-f8e7-41a7-af77-946890c7636e","height":8,"num_floors":3,"class":"building","areaM2":8517,"sourceTile":"tile_1_1","sourceFeatureCount":102299,"heightEstimated":false},"geometry":{"type":"Polygon","coordinates":[[[114.1797,30.533669],[114.17939,30.533278],[114.180792,30.532452],[114.181102,30.532842],[114.1797,30.533669]]]}},{"type":"Feature","id":"325fa37b-3a8d-401f-8062-bc9fceb0a47e","properties":{"id":"325fa37b-3a8d-401f-8062-bc9fceb0a47e","height":107,"num_floors":33,"class":"industrial","areaM2":7443,"sourceTile":"tile_1_1","sourceFeatureCount":102299,"heightEstimated":true},"geometry":{"type":"Polygon","coordinates":[[[114.177942,30.533311],[114.177533,30.532794],[114.178461,30.532249],[114.17887,30.532765],[114.177942,30.533311]]]}},{"type":"Feature","id":"43943c28-c48f-489f-84d2-501aeac21833","properties":{"id":"43943c28-c48f-489f-84d2-501aeac21833","height":86,"num_floors":27,"class":"industrial","areaM2":6594,"sourceTile":"tile_1_1","sourceFeatureCount":102299,"heightEstimated":true},"geometry":{"type":"Polygon","coordinates":[[[114.17746,30.532692],[114.177093,30.532214],[114.178,30.531699],[114.178366,30.532177],[114.17746,30.532692]]]}},{"type":"Feature","id":"fc0e2dbe-c610-4970-a82c-d6d869cbc665","properties":{"id":"fc0e2dbe-c610-4970-a82c-d6d869cbc665","height":28,"num_floors":9,"class":"building","areaM2":130,"sourceTile":"tile_1_1","sourceFeatureCount":102299,"heightEstimated":true},"geometry":{"type":"Polygon","coordinates":[[[114.182064,30.529507],[114.182291,30.529589],[114.182172,30.529655],[114.182064,30.529507]]]}},{"type":"Feature","id":"b16a410a-cc99-467a-9b0e-83077218416d","properties":{"id":"b16a410a-cc99-467a-9b0e-83077218416d","height":108,"num_floors":34,"class":"building","areaM2":7152,"sourceTile":"tile_1_1","sourceFeatureCount":102299,"heightEstimated":true},"geometry":{"type":"Polygon","coordinates":[[[114.184815,30.529685],[114.18407,30.530147],[114.183572,30.52955],[114.184317,30.529089],[114.184815,30.529685]]]}},{"type":"Feature","id":"6aeb0187-294a-4584-9c34-ed509c360282","properties":{"id":"6aeb0187-294a-4584-9c34-ed509c360282","height":99,"num_floors":7,"class":"building","areaM2":9371,"sourceTile":"tile_1_1","sourceFeatureCount":102299,"heightEstimated":true},"geometry":{"type":"Polygon","coordinates":[[[114.183886,30.532006],[114.184675,30.53266],[114.184393,30.532849],[114.183829,30.53302],[114.183581,30.5327],[114.18316,30.532947],[114.182956,30.532679],[114.183886,30.532006]],[[114.184071,30.532189],[114.183896,30.532384],[114.184169,30.532307],[114.184071,30.532189]]]}},{"type":"Feature","id":"65d1ca69-c72c-4717-8679-36a86e332bcb","properties":{"id":"65d1ca69-c72c-4717-8679-36a86e332bcb","height":25,"num_floors":8,"class":"building","areaM2":242,"sourceTile":"tile_1_1","sourceFeatureCount":102299,"heightEstimated":true},"geometry":{"type":"Polygon","coordinates":[[[114.18548,30.524681],[114.185184,30.524914],[114.185132,30.5248],[114.18548,30.524681]]]}},{"type":"Feature","id":"18756689-b556-425a-b0ed-6c04d6177790","properties":{"id":"18756689-b556-425a-b0ed-6c04d6177790","height":8,"num_floors":3,"class":"apartments","areaM2":84,"sourceTile":"tile_1_1","sourceFeatureCount":102299,"heightEstimated":false},"geometry":{"type":"Polygon","coordinates":[[[114.170299,30.517952],[114.170156,30.518064],[114.170153,30.517956],[114.170299,30.517952]]]}},{"type":"Feature","id":"dbea3513-ad2b-4a5e-8d8e-448a869fc79e","properties":{"id":"dbea3513-ad2b-4a5e-8d8e-448a869fc79e","height":5,"num_floors":2,"class":"bungalow","areaM2":171,"sourceTile":"tile_1_1","sourceFeatureCount":102299,"heightEstimated":false},"geometry":{"type":"Polygon","coordinates":[[[114.167181,30.544757],[114.167022,30.544961],[114.167028,30.54475],[114.167181,30.544757]]]}},{"type":"Feature","id":"e53afc62-1b1f-4a48-93e6-f6ef1ed5395f","properties":{"id":"e53afc62-1b1f-4a48-93e6-f6ef1ed5395f","height":151,"num_floors":47,"class":"building","areaM2":15028,"sourceTile":"tile_1_1","sourceFeatureCount":102299,"heightEstimated":true},"geometry":{"type":"Polygon","coordinates":[[[114.163324,30.547591],[114.163395,30.547174],[114.163742,30.547184],[114.163716,30.547297],[114.163771,30.547306],[114.163737,30.547456],[114.163791,30.547465],[114.163816,30.547352],[114.163738,30.547251],[114.164266,30.547107],[114.164533,30.547619],[114.163068,30.548473],[114.162196,30.547351],[114.162729,30.547334],[114.163143,30.547843],[114.163633,30.547867],[114.163324,30.547591]],[[114.163609,30.547473],[114.163557,30.547455],[114.163546,30.547502],[114.163609,30.547473]]]}},{"type":"Feature","id":"ed3ff437-5798-4eb2-9821-ab58d6d87598","properties":{"id":"ed3ff437-5798-4eb2-9821-ab58d6d87598","height":105,"num_floors":33,"class":"building","areaM2":7050,"sourceTile":"tile_1_1","sourceFeatureCount":102299,"heightEstimated":true},"geometry":{"type":"Polygon","coordinates":[[[114.165637,30.551586],[114.165308,30.551175],[114.166501,30.550527],[114.166794,30.550894],[114.165637,30.551586]]]}},{"type":"Feature","id":"64491ccd-159d-4923-b4e6-be19f00ac589","properties":{"id":"64491ccd-159d-4923-b4e6-be19f00ac589","height":105,"num_floors":33,"class":"building","areaM2":7882,"sourceTile":"tile_1_1","sourceFeatureCount":102299,"heightEstimated":true},"geometry":{"type":"Polygon","coordinates":[[[114.169879,30.550208],[114.168913,30.550787],[114.168355,30.550089],[114.169271,30.54954],[114.169445,30.549761],[114.169098,30.54997],[114.169357,30.550294],[114.169879,30.550208]]]}},{"type":"Feature","id":"e5c8bed7-8ece-4982-9ebb-003f8b7bfb72","properties":{"id":"e5c8bed7-8ece-4982-9ebb-003f8b7bfb72","height":82,"num_floors":26,"class":"building","areaM2":6569,"sourceTile":"tile_1_1","sourceFeatureCount":102299,"heightEstimated":true},"geometry":{"type":"Polygon","coordinates":[[[114.178239,30.540234],[114.178927,30.541242],[114.178444,30.541524],[114.1779,30.540822],[114.178239,30.540234]]]}},{"type":"Feature","id":"1490a511-4bac-49f0-a35e-93b25443db6f","properties":{"id":"1490a511-4bac-49f0-a35e-93b25443db6f","height":21,"num_floors":7,"class":"building","areaM2":24,"sourceTile":"tile_1_1","sourceFeatureCount":102299,"heightEstimated":true},"geometry":{"type":"Polygon","coordinates":[[[114.178238,30.543356],[114.178303,30.54327],[114.178329,30.543304],[114.178238,30.543356]]]}},{"type":"Feature","id":"821bcdab-81b4-414b-9025-1937fa2fe013","properties":{"id":"821bcdab-81b4-414b-9025-1937fa2fe013","height":12,"num_floors":4,"class":"building","areaM2":19,"sourceTile":"tile_1_1","sourceFeatureCount":102299,"heightEstimated":true},"geometry":{"type":"Polygon","coordinates":[[[114.186569,30.550493],[114.186665,30.550493],[114.18659,30.55053],[114.186569,30.550493]]]}},{"type":"Feature","id":"57f6a443-07b9-42cc-897d-a40dbee9dc7f","properties":{"id":"57f6a443-07b9-42cc-897d-a40dbee9dc7f","height":96,"num_floors":30,"class":"building","areaM2":6625,"sourceTile":"tile_1_1","sourceFeatureCount":102299,"heightEstimated":true},"geometry":{"type":"Polygon","coordinates":[[[114.17846,30.556437],[114.179287,30.556998],[114.178928,30.557394],[114.1778,30.556629],[114.17846,30.556437]]]}},{"type":"Feature","id":"2f1ee11a-085c-4d77-a10e-064ebe24cdad","properties":{"id":"2f1ee11a-085c-4d77-a10e-064ebe24cdad","height":105,"num_floors":33,"class":"building","areaM2":6100,"sourceTile":"tile_1_1","sourceFeatureCount":102299,"heightEstimated":true},"geometry":{"type":"Polygon","coordinates":[[[114.177186,30.555898],[114.178435,30.555936],[114.178413,30.556417],[114.17724,30.556369],[114.177186,30.555898]]]}},{"type":"Feature","id":"c1ad88f3-a8a3-4f54-9d06-6b8331d0afbc","properties":{"id":"c1ad88f3-a8a3-4f54-9d06-6b8331d0afbc","height":12,"num_floors":4,"class":"building","areaM2":144,"sourceTile":"tile_1_1","sourceFeatureCount":102299,"heightEstimated":true},"geometry":{"type":"Polygon","coordinates":[[[114.186805,30.561955],[114.187063,30.561919],[114.186903,30.562046],[114.186805,30.561955]]]}},{"type":"Feature","id":"2c3ab028-b397-4e6a-96f4-7a8e541fb85f","properties":{"id":"2c3ab028-b397-4e6a-96f4-7a8e541fb85f","height":125,"num_floors":39,"class":"building","areaM2":13045,"sourceTile":"tile_1_1","sourceFeatureCount":102299,"heightEstimated":true},"geometry":{"type":"Polygon","coordinates":[[[114.175115,30.564263],[114.175092,30.564007],[114.17752,30.563817],[114.177868,30.564038],[114.177587,30.564572],[114.177555,30.564384],[114.176109,30.564522],[114.176081,30.564198],[114.175115,30.564263]],[[114.177608,30.564286],[114.177394,30.563989],[114.177358,30.564025],[114.177608,30.564286]]]}},{"type":"Feature","id":"8793dd8c-2046-4693-88e6-f12608a26739","properties":{"id":"8793dd8c-2046-4693-88e6-f12608a26739","height":32,"num_floors":10,"class":"building","areaM2":77,"sourceTile":"tile_1_1","sourceFeatureCount":102299,"heightEstimated":true},"geometry":{"type":"Polygon","coordinates":[[[114.165934,30.554117],[114.165775,30.554298],[114.165873,30.554095],[114.165934,30.554117]]]}},{"type":"Feature","id":"e910de20-b7bd-4b02-83d4-4e0b3f6d34fb","properties":{"id":"e910de20-b7bd-4b02-83d4-4e0b3f6d34fb","height":29,"num_floors":9,"class":"building","areaM2":195,"sourceTile":"tile_1_1","sourceFeatureCount":102299,"heightEstimated":true},"geometry":{"type":"Polygon","coordinates":[[[114.163489,30.568416],[114.163805,30.568292],[114.163809,30.568406],[114.163489,30.568416]]]}},{"type":"Feature","id":"b994875d-8571-4dda-ba00-fdb074532426","properties":{"id":"b994875d-8571-4dda-ba00-fdb074532426","height":88,"num_floors":28,"class":"building","areaM2":7442,"sourceTile":"tile_1_1","sourceFeatureCount":102299,"heightEstimated":true},"geometry":{"type":"Polygon","coordinates":[[[114.1687,30.570596],[114.167717,30.570612],[114.167822,30.569883],[114.168772,30.569868],[114.1687,30.570596]]]}},{"type":"Feature","id":"82c9927d-9dd0-47aa-a95f-20f729dfff9a","properties":{"id":"82c9927d-9dd0-47aa-a95f-20f729dfff9a","height":93,"num_floors":29,"class":"building","areaM2":6126,"sourceTile":"tile_1_1","sourceFeatureCount":102299,"heightEstimated":true},"geometry":{"type":"Polygon","coordinates":[[[114.170771,30.569106],[114.170944,30.570127],[114.170293,30.570136],[114.170275,30.569151],[114.170771,30.569106]]]}},{"type":"Feature","id":"fdcb6006-5914-4ba4-a2cb-251baae26aec","properties":{"id":"fdcb6006-5914-4ba4-a2cb-251baae26aec","height":107,"num_floors":33,"class":"building","areaM2":6466,"sourceTile":"tile_1_1","sourceFeatureCount":102299,"heightEstimated":true},"geometry":{"type":"Polygon","coordinates":[[[114.170227,30.569019],[114.170191,30.568025],[114.170785,30.567952],[114.170823,30.569003],[114.170227,30.569019]]]}},{"type":"Feature","id":"f5574810-4981-433f-8d40-419ea698e780","properties":{"id":"f5574810-4981-433f-8d40-419ea698e780","height":84,"num_floors":26,"class":"building","areaM2":6793,"sourceTile":"tile_1_1","sourceFeatureCount":102299,"heightEstimated":true},"geometry":{"type":"Polygon","coordinates":[[[114.16952,30.568667],[114.169299,30.568638],[114.169338,30.568067],[114.169884,30.568039],[114.170017,30.569062],[114.169346,30.569096],[114.169317,30.568677],[114.16952,30.568667]]]}},{"type":"Feature","id":"d5df978b-48e1-49c7-b0a4-1554a4208041","properties":{"id":"d5df978b-48e1-49c7-b0a4-1554a4208041","height":95,"num_floors":30,"class":"building","areaM2":7521,"sourceTile":"tile_1_1","sourceFeatureCount":102299,"heightEstimated":true},"geometry":{"type":"Polygon","coordinates":[[[114.169378,30.570178],[114.169342,30.569174],[114.170049,30.569155],[114.170085,30.570159],[114.169378,30.570178]]]}},{"type":"Feature","id":"2a9dc728-1613-44d6-85f9-873a4f923f3e","properties":{"id":"2a9dc728-1613-44d6-85f9-873a4f923f3e","height":29,"num_floors":9,"class":"building","areaM2":482,"sourceTile":"tile_1_1","sourceFeatureCount":102299,"heightEstimated":true},"geometry":{"type":"Polygon","coordinates":[[[114.171993,30.573441],[114.172063,30.573555],[114.171374,30.573729],[114.171993,30.573441]]]}},{"type":"Feature","id":"e2ece2de-67a0-495f-a835-34e26247475d","properties":{"id":"e2ece2de-67a0-495f-a835-34e26247475d","height":119,"num_floors":37,"class":"building","areaM2":10961,"sourceTile":"tile_1_1","sourceFeatureCount":102299,"heightEstimated":true},"geometry":{"type":"Polygon","coordinates":[[[114.163354,30.571893],[114.164658,30.571868],[114.164678,30.572662],[114.163375,30.572686],[114.163354,30.571893]]]}},{"type":"Feature","id":"49b5142c-0688-4304-b425-4e7e474a7d86","properties":{"id":"49b5142c-0688-4304-b425-4e7e474a7d86","height":114,"num_floors":36,"class":"building","areaM2":12703,"sourceTile":"tile_1_1","sourceFeatureCount":102299,"heightEstimated":true},"geometry":{"type":"Polygon","coordinates":[[[114.16507,30.572818],[114.165089,30.573478],[114.163388,30.573515],[114.163454,30.572729],[114.16507,30.572818]]]}},{"type":"Feature","id":"c57ae27f-03ac-4743-a757-ba5bfff89fa3","properties":{"id":"c57ae27f-03ac-4743-a757-ba5bfff89fa3","height":90,"num_floors":28,"class":"building","areaM2":7026,"sourceTile":"tile_1_1","sourceFeatureCount":102299,"heightEstimated":true},"geometry":{"type":"Polygon","coordinates":[[[114.164255,30.574321],[114.164276,30.575143],[114.16347,30.575159],[114.163449,30.574337],[114.164255,30.574321]]]}},{"type":"Feature","id":"5756ccae-8bc1-4fb1-9af3-57c40ec632b2","properties":{"id":"5756ccae-8bc1-4fb1-9af3-57c40ec632b2","height":107,"num_floors":33,"class":"building","areaM2":6316,"sourceTile":"tile_1_1","sourceFeatureCount":102299,"heightEstimated":true},"geometry":{"type":"Polygon","coordinates":[[[114.16759,30.579805],[114.167752,30.579152],[114.168581,30.579139],[114.168595,30.579789],[114.16759,30.579805]]]}},{"type":"Feature","id":"ecf71264-8a1d-4fed-857b-e03dd30756d5","properties":{"id":"ecf71264-8a1d-4fed-857b-e03dd30756d5","height":47,"num_floors":15,"class":"building","areaM2":283,"sourceTile":"tile_1_1","sourceFeatureCount":102299,"heightEstimated":true},"geometry":{"type":"Polygon","coordinates":[[[114.165811,30.589303],[114.165423,30.589228],[114.165773,30.589159],[114.165811,30.589303]]]}},{"type":"Feature","id":"c6ab4296-b854-452b-9b15-18cce74610f9","properties":{"id":"c6ab4296-b854-452b-9b15-18cce74610f9","height":83,"num_floors":26,"class":"building","areaM2":6244,"sourceTile":"tile_1_1","sourceFeatureCount":102299,"heightEstimated":true},"geometry":{"type":"Polygon","coordinates":[[[114.16958,30.584317],[114.167868,30.584277],[114.167879,30.583932],[114.169591,30.583973],[114.16958,30.584317]]]}},{"type":"Feature","id":"b9deb90b-ba1f-4577-a15d-04fa8a9c42bb","properties":{"id":"b9deb90b-ba1f-4577-a15d-04fa8a9c42bb","height":44,"num_floors":14,"class":"residential","areaM2":495,"sourceTile":"tile_1_1","sourceFeatureCount":102299,"heightEstimated":true},"geometry":{"type":"Polygon","coordinates":[[[114.179848,30.578882],[114.179233,30.578754],[114.179839,30.578729],[114.179848,30.578882]]]}},{"type":"Feature","id":"9c9e4db0-e869-4b4a-bd8b-c680e3c7ce73","properties":{"id":"9c9e4db0-e869-4b4a-bd8b-c680e3c7ce73","height":28,"num_floors":9,"class":"building","areaM2":191,"sourceTile":"tile_1_1","sourceFeatureCount":102299,"heightEstimated":true},"geometry":{"type":"Polygon","coordinates":[[[114.187072,30.586058],[114.186963,30.586358],[114.186866,30.586295],[114.187072,30.586058]]]}},{"type":"Feature","id":"c457545f-5a9e-4e3c-a92e-d1414bb05f83","properties":{"id":"c457545f-5a9e-4e3c-a92e-d1414bb05f83","height":45,"num_floors":14,"class":"building","areaM2":1493,"sourceTile":"tile_1_1","sourceFeatureCount":102299,"heightEstimated":true},"geometry":{"type":"Polygon","coordinates":[[[114.178266,30.574041],[114.178604,30.574577],[114.178411,30.574671],[114.17811,30.574372],[114.178266,30.574041]]]}},{"type":"Feature","id":"d3c5ee26-8c54-4a78-8146-5ae35984fd13","properties":{"id":"d3c5ee26-8c54-4a78-8146-5ae35984fd13","height":118,"num_floors":37,"class":"industrial","areaM2":9544,"sourceTile":"tile_1_1","sourceFeatureCount":102299,"heightEstimated":true},"geometry":{"type":"Polygon","coordinates":[[[114.178525,30.572254],[114.177279,30.571579],[114.177658,30.571061],[114.178903,30.571735],[114.178525,30.572254]]]}},{"type":"Feature","id":"5773a2e0-8a77-44a9-926d-340db87d26c7","properties":{"id":"5773a2e0-8a77-44a9-926d-340db87d26c7","height":121,"num_floors":38,"class":"building","areaM2":9480,"sourceTile":"tile_1_1","sourceFeatureCount":102299,"heightEstimated":true},"geometry":{"type":"Polygon","coordinates":[[[114.177517,30.564726],[114.177162,30.564918],[114.177165,30.56523],[114.177511,30.565378],[114.177609,30.565832],[114.176847,30.565895],[114.176648,30.564526],[114.177363,30.564467],[114.177517,30.564726]]]}},{"type":"Feature","id":"515a385c-57a7-4605-8a29-67c4b1f3ce3f","properties":{"id":"515a385c-57a7-4605-8a29-67c4b1f3ce3f","height":91,"num_floors":28,"class":"building","areaM2":6724,"sourceTile":"tile_1_1","sourceFeatureCount":102299,"heightEstimated":true},"geometry":{"type":"Polygon","coordinates":[[[114.186387,30.56884],[114.186102,30.569419],[114.185134,30.569135],[114.185461,30.568558],[114.186387,30.56884]]]}},{"type":"Feature","id":"fdc29957-1e1f-4a09-b5ee-3317db999aed","properties":{"id":"fdc29957-1e1f-4a09-b5ee-3317db999aed","height":34,"num_floors":11,"class":"building","areaM2":27,"sourceTile":"tile_1_1","sourceFeatureCount":102299,"heightEstimated":true},"geometry":{"type":"Polygon","coordinates":[[[114.187444,30.569993],[114.187513,30.569919],[114.187511,30.569995],[114.187444,30.569993]]]}},{"type":"Feature","id":"18a6e289-71a9-4011-bd24-e4dff3c128af","properties":{"id":"18a6e289-71a9-4011-bd24-e4dff3c128af","height":29,"num_floors":9,"class":"building","areaM2":67,"sourceTile":"tile_1_1","sourceFeatureCount":102299,"heightEstimated":true},"geometry":{"type":"Polygon","coordinates":[[[114.194161,30.565984],[114.194053,30.565868],[114.194163,30.56587],[114.194161,30.565984]]]}},{"type":"Feature","id":"d3552e02-ddd4-4296-a62f-86234a0efe87","properties":{"id":"d3552e02-ddd4-4296-a62f-86234a0efe87","height":17,"num_floors":5,"class":"building","areaM2":13,"sourceTile":"tile_1_1","sourceFeatureCount":102299,"heightEstimated":true},"geometry":{"type":"Polygon","coordinates":[[[114.199789,30.57159],[114.19984,30.571516],[114.19986,30.571537],[114.199789,30.57159]]]}},{"type":"Feature","id":"486816f6-6182-4000-95f1-a5ac1a18717b","properties":{"id":"486816f6-6182-4000-95f1-a5ac1a18717b","height":98,"num_floors":31,"class":"building","areaM2":6355,"sourceTile":"tile_1_1","sourceFeatureCount":102299,"heightEstimated":true},"geometry":{"type":"Polygon","coordinates":[[[114.192051,30.578967],[114.191559,30.579213],[114.191701,30.579424],[114.191152,30.579734],[114.191043,30.579271],[114.192555,30.578507],[114.192589,30.579009],[114.192188,30.579194],[114.192051,30.578967]]]}},{"type":"Feature","id":"dd03b358-1b18-4f75-8f55-8dc0e2a594b7","properties":{"id":"dd03b358-1b18-4f75-8f55-8dc0e2a594b7","height":13,"num_floors":4,"class":"building","areaM2":62,"sourceTile":"tile_1_1","sourceFeatureCount":102299,"heightEstimated":true},"geometry":{"type":"Polygon","coordinates":[[[114.193281,30.578152],[114.193093,30.578135],[114.193256,30.578088],[114.193281,30.578152]]]}},{"type":"Feature","id":"3b4261b8-672c-4ec2-9f47-33d9ee3059e5","properties":{"id":"3b4261b8-672c-4ec2-9f47-33d9ee3059e5","height":40,"num_floors":13,"class":"building","areaM2":144,"sourceTile":"tile_1_1","sourceFeatureCount":102299,"heightEstimated":true},"geometry":{"type":"Polygon","coordinates":[[[114.208225,30.58952],[114.208364,30.589123],[114.20829,30.589529],[114.208225,30.58952]]]}},{"type":"Feature","id":"50001117-5da6-4a98-91b1-0ab8afbd87b9","properties":{"id":"50001117-5da6-4a98-91b1-0ab8afbd87b9","height":98,"num_floors":31,"class":"building","areaM2":8966,"sourceTile":"tile_1_1","sourceFeatureCount":102299,"heightEstimated":true},"geometry":{"type":"Polygon","coordinates":[[[114.208096,30.589354],[114.207823,30.589475],[114.207909,30.589173],[114.206847,30.588989],[114.206865,30.588703],[114.208265,30.588788],[114.208152,30.589701],[114.20702,30.589926],[114.207041,30.589592],[114.208112,30.589642],[114.207861,30.589573],[114.208096,30.589354]]]}},{"type":"Feature","id":"102e36c7-ef16-42d2-b6c2-3cac322546a7","properties":{"id":"102e36c7-ef16-42d2-b6c2-3cac322546a7","height":29,"num_floors":9,"class":"building","areaM2":73,"sourceTile":"tile_1_1","sourceFeatureCount":102299,"heightEstimated":true},"geometry":{"type":"Polygon","coordinates":[[[114.20906,30.574199],[114.209239,30.574233],[114.20916,30.574295],[114.20906,30.574199]]]}},{"type":"Feature","id":"42d58ed2-d10c-43f1-b183-481da16d32c8","properties":{"id":"42d58ed2-d10c-43f1-b183-481da16d32c8","height":19,"num_floors":6,"class":"building","areaM2":49,"sourceTile":"tile_1_1","sourceFeatureCount":102299,"heightEstimated":true},"geometry":{"type":"Polygon","coordinates":[[[114.205978,30.569759],[114.206133,30.569675],[114.206146,30.569727],[114.205978,30.569759]]]}},{"type":"Feature","id":"de49a1a6-7999-4a0e-abef-4b1a388cd9a9","properties":{"id":"de49a1a6-7999-4a0e-abef-4b1a388cd9a9","height":11,"num_floors":3,"class":"building","areaM2":52,"sourceTile":"tile_1_1","sourceFeatureCount":102299,"heightEstimated":true},"geometry":{"type":"Polygon","coordinates":[[[114.211645,30.565696],[114.211791,30.565736],[114.211666,30.565769],[114.211645,30.565696]]]}},{"type":"Feature","id":"50db9feb-ac02-4875-80bb-93f9141b76d4","properties":{"id":"50db9feb-ac02-4875-80bb-93f9141b76d4","height":35,"num_floors":11,"class":"building","areaM2":68,"sourceTile":"tile_1_1","sourceFeatureCount":102299,"heightEstimated":true},"geometry":{"type":"Polygon","coordinates":[[[114.212888,30.563606],[114.212988,30.563477],[114.212979,30.563617],[114.212888,30.563606]]]}},{"type":"Feature","id":"9e038390-9b37-4cc7-9d96-d7fa89114f44","properties":{"id":"9e038390-9b37-4cc7-9d96-d7fa89114f44","height":38,"num_floors":12,"class":"building","areaM2":353,"sourceTile":"tile_1_1","sourceFeatureCount":102299,"heightEstimated":true},"geometry":{"type":"Polygon","coordinates":[[[114.214657,30.559262],[114.215219,30.559215],[114.214705,30.559377],[114.214657,30.559262]]]}},{"type":"Feature","id":"bf018db8-9c01-4ed9-984b-31f34a607599","properties":{"id":"bf018db8-9c01-4ed9-984b-31f34a607599","height":168,"num_floors":53,"class":"building","areaM2":36745,"sourceTile":"tile_1_1","sourceFeatureCount":102299,"heightEstimated":true},"geometry":{"type":"Polygon","coordinates":[[[114.203406,30.556614],[114.204672,30.556148],[114.204825,30.556503],[114.204107,30.556734],[114.204727,30.556664],[114.204831,30.556905],[114.204055,30.557155],[114.204034,30.556758],[114.20345,30.55699],[114.203649,30.557142],[114.202661,30.557518],[114.20285,30.557803],[114.203766,30.557451],[114.203847,30.557641],[114.202662,30.558023],[114.201337,30.555218],[114.201615,30.555128],[114.201807,30.555961],[114.203037,30.555565],[114.203406,30.556614]]]}},{"type":"Feature","id":"3a5a2423-5bb9-4c9b-ac53-f4e2381d2594","properties":{"id":"3a5a2423-5bb9-4c9b-ac53-f4e2381d2594","height":23,"num_floors":7,"class":"building","areaM2":134,"sourceTile":"tile_1_1","sourceFeatureCount":102299,"heightEstimated":true},"geometry":{"type":"Polygon","coordinates":[[[114.204224,30.557914],[114.204605,30.557877],[114.204248,30.557978],[114.204224,30.557914]]]}},{"type":"Feature","id":"7405fbd3-ef91-4ec6-bb87-421773cd4d1e","properties":{"id":"7405fbd3-ef91-4ec6-bb87-421773cd4d1e","height":168,"num_floors":53,"class":"building","areaM2":29721,"sourceTile":"tile_1_1","sourceFeatureCount":102299,"heightEstimated":true},"geometry":{"type":"Polygon","coordinates":[[[114.205907,30.56384],[114.204866,30.563923],[114.204255,30.562205],[114.205646,30.561769],[114.205911,30.562056],[114.206395,30.562008],[114.206585,30.562474],[114.205725,30.562723],[114.20584,30.562966],[114.205598,30.563041],[114.205907,30.56384]]]}},{"type":"Feature","id":"e4b8c570-6f95-411b-a15a-a5ef8501807b","properties":{"id":"e4b8c570-6f95-411b-a15a-a5ef8501807b","height":107,"num_floors":33,"class":"building","areaM2":6961,"sourceTile":"tile_1_1","sourceFeatureCount":102299,"heightEstimated":true},"geometry":{"type":"Polygon","coordinates":[[[114.203732,30.563618],[114.202764,30.563907],[114.202454,30.563243],[114.203523,30.563103],[114.203732,30.563618]]]}},{"type":"Feature","id":"71e8e509-5ba7-4ee0-96b5-2905383a825f","properties":{"id":"71e8e509-5ba7-4ee0-96b5-2905383a825f","height":105,"num_floors":33,"class":"building","areaM2":8823,"sourceTile":"tile_1_1","sourceFeatureCount":102299,"heightEstimated":true},"geometry":{"type":"Polygon","coordinates":[[[114.203883,30.564429],[114.202637,30.564816],[114.202304,30.564289],[114.203718,30.563856],[114.203883,30.564429]]]}},{"type":"Feature","id":"bff8a855-9292-4613-a418-1f922cc5cfc8","properties":{"id":"bff8a855-9292-4613-a418-1f922cc5cfc8","height":152,"num_floors":48,"class":"building","areaM2":22877,"sourceTile":"tile_1_1","sourceFeatureCount":102299,"heightEstimated":true},"geometry":{"type":"Polygon","coordinates":[[[114.201797,30.562103],[114.201226,30.562281],[114.200767,30.561185],[114.201338,30.561007],[114.201571,30.56119],[114.20148,30.560972],[114.202562,30.560637],[114.203018,30.561706],[114.201951,30.562047],[114.20169,30.561866],[114.201797,30.562103]]]}},{"type":"Feature","id":"c88865c3-65db-4336-9d56-92db6c0ef043","properties":{"id":"c88865c3-65db-4336-9d56-92db6c0ef043","height":13,"num_floors":4,"class":"building","areaM2":95,"sourceTile":"tile_1_1","sourceFeatureCount":102299,"heightEstimated":true},"geometry":{"type":"Polygon","coordinates":[[[114.198592,30.560042],[114.198657,30.560274],[114.198528,30.560091],[114.198592,30.560042]]]}},{"type":"Feature","id":"6b84f115-abb3-4b5c-b824-a4cf5df92ae0","properties":{"id":"6b84f115-abb3-4b5c-b824-a4cf5df92ae0","height":97,"num_floors":30,"class":"building","areaM2":6012,"sourceTile":"tile_1_1","sourceFeatureCount":102299,"heightEstimated":true},"geometry":{"type":"Polygon","coordinates":[[[114.190279,30.560587],[114.189916,30.560724],[114.18963,30.560336],[114.19013,30.56006],[114.190744,30.560892],[114.190227,30.561145],[114.189949,30.560769],[114.190279,30.560587]]]}},{"type":"Feature","id":"41bb9c99-774e-44c4-9d55-f0ef017ba73b","properties":{"id":"41bb9c99-774e-44c4-9d55-f0ef017ba73b","height":85,"num_floors":27,"class":"building","areaM2":6087,"sourceTile":"tile_1_1","sourceFeatureCount":102299,"heightEstimated":true},"geometry":{"type":"Polygon","coordinates":[[[114.191102,30.55953],[114.19144,30.559984],[114.190546,30.560482],[114.190208,30.560027],[114.191102,30.55953]]]}},{"type":"Feature","id":"0e910e1e-a0d9-464f-a643-8f6980aff8b9","properties":{"id":"0e910e1e-a0d9-464f-a643-8f6980aff8b9","height":34,"num_floors":11,"class":"building","areaM2":71,"sourceTile":"tile_1_1","sourceFeatureCount":102299,"heightEstimated":true},"geometry":{"type":"Polygon","coordinates":[[[114.194494,30.558643],[114.194674,30.558679],[114.194526,30.558724],[114.194494,30.558643]]]}},{"type":"Feature","id":"e6b2acf1-87c2-4e4d-ae14-c983cbfa046e","properties":{"id":"e6b2acf1-87c2-4e4d-ae14-c983cbfa046e","height":31,"num_floors":10,"class":"building","areaM2":182,"sourceTile":"tile_1_1","sourceFeatureCount":102299,"heightEstimated":true},"geometry":{"type":"Polygon","coordinates":[[[114.201583,30.550169],[114.201961,30.550131],[114.201626,30.550255],[114.201583,30.550169]]]}},{"type":"Feature","id":"2a69de30-0c29-4f0d-804a-1671e88ee9ad","properties":{"id":"2a69de30-0c29-4f0d-804a-1671e88ee9ad","height":94,"num_floors":29,"class":"building","areaM2":6902,"sourceTile":"tile_1_1","sourceFeatureCount":102299,"heightEstimated":true},"geometry":{"type":"Polygon","coordinates":[[[114.195351,30.550885],[114.196107,30.551766],[114.19551,30.552038],[114.194743,30.551019],[114.195215,30.551398],[114.195024,30.55107],[114.195351,30.550885]]]}},{"type":"Feature","id":"5b466859-d900-46ca-a24e-410c32e77299","properties":{"id":"5b466859-d900-46ca-a24e-410c32e77299","height":110,"num_floors":34,"class":"building","areaM2":9559,"sourceTile":"tile_1_1","sourceFeatureCount":102299,"heightEstimated":true},"geometry":{"type":"Polygon","coordinates":[[[114.192446,30.54913],[114.192931,30.549446],[114.192701,30.549586],[114.193436,30.550494],[114.193027,30.550742],[114.191951,30.549413],[114.192446,30.54913]]]}},{"type":"Feature","id":"0f0ecb0c-f369-4e0b-9c71-2250d278d185","properties":{"id":"0f0ecb0c-f369-4e0b-9c71-2250d278d185","height":103,"num_floors":32,"class":"building","areaM2":8792,"sourceTile":"tile_1_1","sourceFeatureCount":102299,"heightEstimated":true},"geometry":{"type":"Polygon","coordinates":[[[114.19136,30.551323],[114.190954,30.550085],[114.191354,30.549901],[114.192127,30.551246],[114.19136,30.551323]]]}},{"type":"Feature","id":"814b411b-d652-4048-8bd7-c559cd3a4d17","properties":{"id":"814b411b-d652-4048-8bd7-c559cd3a4d17","height":122,"num_floors":38,"class":"building","areaM2":10164,"sourceTile":"tile_1_1","sourceFeatureCount":102299,"heightEstimated":true},"geometry":{"type":"Polygon","coordinates":[[[114.191312,30.549883],[114.191932,30.5494],[114.191788,30.549622],[114.192869,30.550931],[114.192399,30.551222],[114.191312,30.549883]]]}},{"type":"Feature","id":"67bfa3e2-f899-4196-a1bf-321761d86fba","properties":{"id":"67bfa3e2-f899-4196-a1bf-321761d86fba","height":103,"num_floors":32,"class":"building","areaM2":6032,"sourceTile":"tile_1_1","sourceFeatureCount":102299,"heightEstimated":true},"geometry":{"type":"Polygon","coordinates":[[[114.192683,30.547139],[114.192232,30.547407],[114.191551,30.546549],[114.192001,30.546281],[114.192683,30.547139]]]}},{"type":"Feature","id":"c2607d9f-a7bb-47c7-bc0c-da44d82da7b3","properties":{"id":"c2607d9f-a7bb-47c7-bc0c-da44d82da7b3","height":31,"num_floors":10,"class":"building","areaM2":443,"sourceTile":"tile_1_1","sourceFeatureCount":102299,"heightEstimated":true},"geometry":{"type":"Polygon","coordinates":[[[114.191629,30.545039],[114.191315,30.545086],[114.19158,30.54478],[114.191629,30.545039]]]}},{"type":"Feature","id":"4cb625c2-68a9-4468-890f-90a4828f6dc4","properties":{"id":"4cb625c2-68a9-4468-890f-90a4828f6dc4","height":17,"num_floors":5,"class":"building","areaM2":218,"sourceTile":"tile_1_1","sourceFeatureCount":102299,"heightEstimated":true},"geometry":{"type":"Polygon","coordinates":[[[114.206067,30.544645],[114.206511,30.544671],[114.206476,30.544761],[114.206067,30.544645]]]}},{"type":"Feature","id":"f05c746b-02a0-4473-aa08-9207d1d36229","properties":{"id":"f05c746b-02a0-4473-aa08-9207d1d36229","height":34,"num_floors":11,"class":"building","areaM2":74,"sourceTile":"tile_1_1","sourceFeatureCount":102299,"heightEstimated":true},"geometry":{"type":"Polygon","coordinates":[[[114.216706,30.550261],[114.216835,30.550388],[114.216744,30.550406],[114.216706,30.550261]]]}},{"type":"Feature","id":"2acff845-da3d-48fb-a5e9-8f51e07fb463","properties":{"id":"2acff845-da3d-48fb-a5e9-8f51e07fb463","height":29,"num_floors":9,"class":"building","areaM2":152,"sourceTile":"tile_1_1","sourceFeatureCount":102299,"heightEstimated":true},"geometry":{"type":"Polygon","coordinates":[[[114.222624,30.552446],[114.222925,30.552446],[114.222674,30.552541],[114.222624,30.552446]]]}},{"type":"Feature","id":"357d7cd4-1405-427e-8e36-036809b76c74","properties":{"id":"357d7cd4-1405-427e-8e36-036809b76c74","height":15,"num_floors":5,"class":"building","areaM2":31,"sourceTile":"tile_1_1","sourceFeatureCount":102299,"heightEstimated":true},"geometry":{"type":"Polygon","coordinates":[[[114.241762,30.54875],[114.241848,30.54867],[114.241867,30.548721],[114.241762,30.54875]]]}},{"type":"Feature","id":"c7d44aa7-2cd3-409f-bb30-0030e946f25f","properties":{"id":"c7d44aa7-2cd3-409f-bb30-0030e946f25f","height":14,"num_floors":4,"class":"building","areaM2":158,"sourceTile":"tile_1_1","sourceFeatureCount":102299,"heightEstimated":true},"geometry":{"type":"Polygon","coordinates":[[[114.231659,30.552312],[114.232009,30.552403],[114.231658,30.552397],[114.231659,30.552312]]]}},{"type":"Feature","id":"2fbab739-0fa7-4af9-9940-e82653bece3d","properties":{"id":"2fbab739-0fa7-4af9-9940-e82653bece3d","height":32,"num_floors":10,"class":"building","areaM2":66,"sourceTile":"tile_1_1","sourceFeatureCount":102299,"heightEstimated":true},"geometry":{"type":"Polygon","coordinates":[[[114.238694,30.554819],[114.23885,30.55488],[114.238744,30.554918],[114.238694,30.554819]]]}},{"type":"Feature","id":"8ee59f05-c47a-49c6-a811-5903fea93bfd","properties":{"id":"8ee59f05-c47a-49c6-a811-5903fea93bfd","height":94,"num_floors":29,"class":"building","areaM2":7063,"sourceTile":"tile_1_1","sourceFeatureCount":102299,"heightEstimated":true},"geometry":{"type":"Polygon","coordinates":[[[114.239614,30.553871],[114.240664,30.553618],[114.240969,30.554103],[114.239888,30.55447],[114.239614,30.553871]]]}},{"type":"Feature","id":"36513d76-b364-432f-ae3b-4ec2f62d54dc","properties":{"id":"36513d76-b364-432f-ae3b-4ec2f62d54dc","height":148,"num_floors":46,"class":"building","areaM2":17955,"sourceTile":"tile_1_1","sourceFeatureCount":102299,"heightEstimated":true},"geometry":{"type":"Polygon","coordinates":[[[114.238694,30.557391],[114.238131,30.556416],[114.238377,30.555928],[114.23949,30.5556],[114.23975,30.556145],[114.239433,30.556289],[114.239262,30.557201],[114.238694,30.557391]]]}},{"type":"Feature","id":"166a07ad-ff8a-4854-9926-b0c3e9a01507","properties":{"id":"166a07ad-ff8a-4854-9926-b0c3e9a01507","height":117,"num_floors":37,"class":"building","areaM2":11491,"sourceTile":"tile_1_1","sourceFeatureCount":102299,"heightEstimated":true},"geometry":{"type":"Polygon","coordinates":[[[114.237975,30.56225],[114.237411,30.562673],[114.236745,30.561791],[114.237968,30.561118],[114.237975,30.56225]]]}},{"type":"Feature","id":"bba9b782-6f94-43d6-a267-f3c6504261a8","properties":{"id":"bba9b782-6f94-43d6-a267-f3c6504261a8","height":168,"num_floors":5,"class":"industrial","areaM2":28456,"sourceTile":"tile_1_1","sourceFeatureCount":102299,"heightEstimated":true},"geometry":{"type":"Polygon","coordinates":[[[114.237821,30.561042],[114.233024,30.563609],[114.232715,30.563181],[114.234826,30.5623],[114.234681,30.562098],[114.237497,30.560592],[114.237821,30.561042]]]}},{"type":"Feature","id":"0c7a4d70-51a9-43fa-b9df-abeb314f8ad2","properties":{"id":"0c7a4d70-51a9-43fa-b9df-abeb314f8ad2","height":27,"num_floors":8,"class":"building","areaM2":126,"sourceTile":"tile_1_1","sourceFeatureCount":102299,"heightEstimated":true},"geometry":{"type":"Polygon","coordinates":[[[114.231775,30.560004],[114.23199,30.560004],[114.231904,30.560115],[114.231775,30.560004]]]}},{"type":"Feature","id":"b0995d29-e6b9-45ab-a58b-2aefd2220627","properties":{"id":"b0995d29-e6b9-45ab-a58b-2aefd2220627","height":109,"num_floors":3,"class":"industrial","areaM2":6371,"sourceTile":"tile_1_1","sourceFeatureCount":102299,"heightEstimated":true},"geometry":{"type":"Polygon","coordinates":[[[114.232615,30.564735],[114.231207,30.565467],[114.230988,30.565154],[114.232395,30.564422],[114.232615,30.564735]]]}},{"type":"Feature","id":"da503b96-88c0-4949-9dac-8e26f368f059","properties":{"id":"da503b96-88c0-4949-9dac-8e26f368f059","height":12,"num_floors":4,"class":"building","areaM2":18,"sourceTile":"tile_1_1","sourceFeatureCount":102299,"heightEstimated":true},"geometry":{"type":"Polygon","coordinates":[[[114.227706,30.5595],[114.227666,30.559568],[114.227647,30.559517],[114.227706,30.5595]]]}},{"type":"Feature","id":"3596c9fe-e463-4fa7-8377-88c96dad5151","properties":{"id":"3596c9fe-e463-4fa7-8377-88c96dad5151","height":18,"num_floors":6,"class":"building","areaM2":336,"sourceTile":"tile_1_1","sourceFeatureCount":102299,"heightEstimated":true},"geometry":{"type":"Polygon","coordinates":[[[114.220036,30.5584],[114.219774,30.558182],[114.219934,30.558074],[114.220036,30.5584]]]}},{"type":"Feature","id":"9d4010e5-dee4-4b3e-a522-737d04c2ffe4","properties":{"id":"9d4010e5-dee4-4b3e-a522-737d04c2ffe4","height":28,"num_floors":9,"class":"building","areaM2":27,"sourceTile":"tile_1_1","sourceFeatureCount":102299,"heightEstimated":true},"geometry":{"type":"Polygon","coordinates":[[[114.2165,30.55987],[114.216593,30.559924],[114.216535,30.559945],[114.2165,30.55987]]]}},{"type":"Feature","id":"df32e3c5-f520-481b-b67a-8d2a5d3a0612","properties":{"id":"df32e3c5-f520-481b-b67a-8d2a5d3a0612","height":28,"num_floors":9,"class":"building","areaM2":161,"sourceTile":"tile_1_1","sourceFeatureCount":102299,"heightEstimated":true},"geometry":{"type":"Polygon","coordinates":[[[114.216723,30.569267],[114.216406,30.569071],[114.216741,30.569183],[114.216723,30.569267]]]}},{"type":"Feature","id":"3bd9aaf2-0bda-4c4c-9e33-b3eddd2c874c","properties":{"id":"3bd9aaf2-0bda-4c4c-9e33-b3eddd2c874c","height":12,"num_floors":4,"class":"building","areaM2":27,"sourceTile":"tile_1_1","sourceFeatureCount":102299,"heightEstimated":true},"geometry":{"type":"Polygon","coordinates":[[[114.228561,30.576545],[114.228694,30.576508],[114.228694,30.576546],[114.228561,30.576545]]]}},{"type":"Feature","id":"14d68c42-bc0b-4db6-b75e-2d07b2c1fc52","properties":{"id":"14d68c42-bc0b-4db6-b75e-2d07b2c1fc52","height":42,"num_floors":13,"class":"building","areaM2":135,"sourceTile":"tile_1_1","sourceFeatureCount":102299,"heightEstimated":true},"geometry":{"type":"Polygon","coordinates":[[[114.220147,30.579617],[114.219953,30.579371],[114.219867,30.579406],[114.220009,30.579322],[114.220147,30.579617]]]}},{"type":"Feature","id":"45e3360d-38a4-458c-bad8-bfcbfb2bc0ba","properties":{"id":"45e3360d-38a4-458c-bad8-bfcbfb2bc0ba","height":79,"num_floors":25,"class":"building","areaM2":6224,"sourceTile":"tile_1_1","sourceFeatureCount":102299,"heightEstimated":true},"geometry":{"type":"Polygon","coordinates":[[[114.219019,30.590435],[114.218212,30.589869],[114.218516,30.589565],[114.219614,30.589958],[114.219019,30.590435]]]}},{"type":"Feature","id":"d4d46828-a8a9-433c-85e4-f459791dcaea","properties":{"id":"d4d46828-a8a9-433c-85e4-f459791dcaea","height":26,"num_floors":8,"class":"building","areaM2":18,"sourceTile":"tile_1_1","sourceFeatureCount":102299,"heightEstimated":true},"geometry":{"type":"Polygon","coordinates":[[[114.21965,30.58552],[114.219735,30.585476],[114.219738,30.585514],[114.21965,30.58552]]]}},{"type":"Feature","id":"7328dac5-db8a-43a4-b593-3db7248dda3e","properties":{"id":"7328dac5-db8a-43a4-b593-3db7248dda3e","height":30,"num_floors":9,"class":"building","areaM2":266,"sourceTile":"tile_1_1","sourceFeatureCount":102299,"heightEstimated":true},"geometry":{"type":"Polygon","coordinates":[[[114.225669,30.588901],[114.225936,30.589167],[114.2256,30.589021],[114.225669,30.588901]]]}},{"type":"Feature","id":"2f741616-fae7-4a05-b805-6932c35a9e07","properties":{"id":"2f741616-fae7-4a05-b805-6932c35a9e07","height":123,"num_floors":38,"class":"commercial","areaM2":9156,"sourceTile":"tile_1_1","sourceFeatureCount":102299,"heightEstimated":true},"geometry":{"type":"Polygon","coordinates":[[[114.228619,30.577632],[114.229725,30.577393],[114.229838,30.578133],[114.228732,30.578403],[114.228619,30.577632]]]}},{"type":"Feature","id":"895ec16e-3063-4d31-87a7-6d6842ce8457","properties":{"id":"895ec16e-3063-4d31-87a7-6d6842ce8457","height":11,"num_floors":3,"class":"building","areaM2":27,"sourceTile":"tile_1_1","sourceFeatureCount":102299,"heightEstimated":true},"geometry":{"type":"Polygon","coordinates":[[[114.230286,30.580294],[114.230257,30.580389],[114.230215,30.580348],[114.230286,30.580294]]]}},{"type":"Feature","id":"961b5285-ee57-4ae2-ab79-163ce55df47b","properties":{"id":"961b5285-ee57-4ae2-ab79-163ce55df47b","height":86,"num_floors":27,"class":"building","areaM2":7200,"sourceTile":"tile_1_1","sourceFeatureCount":102299,"heightEstimated":true},"geometry":{"type":"Polygon","coordinates":[[[114.232189,30.58599],[114.231707,30.585373],[114.232417,30.584907],[114.232936,30.5855],[114.232189,30.58599]]]}},{"type":"Feature","id":"a174eede-46f9-4fe8-adae-2a85b747e7a7","properties":{"id":"a174eede-46f9-4fe8-adae-2a85b747e7a7","height":57,"num_floors":18,"class":"building","areaM2":772,"sourceTile":"tile_1_1","sourceFeatureCount":102299,"heightEstimated":true},"geometry":{"type":"Polygon","coordinates":[[[114.23614,30.584638],[114.235964,30.584772],[114.235701,30.584432],[114.235795,30.58436],[114.23614,30.584638]]]}},{"type":"Feature","id":"d72b0e60-a99a-4cbe-af65-be5365b9ef27","properties":{"id":"d72b0e60-a99a-4cbe-af65-be5365b9ef27","height":27,"num_floors":8,"class":"building","areaM2":36,"sourceTile":"tile_1_1","sourceFeatureCount":102299,"heightEstimated":true},"geometry":{"type":"Polygon","coordinates":[[[114.236085,30.577588],[114.236209,30.577644],[114.236158,30.577676],[114.236085,30.577588]]]}},{"type":"Feature","id":"293b966a-1673-4a70-848c-fbe811a7b97d","properties":{"id":"293b966a-1673-4a70-848c-fbe811a7b97d","height":19,"num_floors":6,"class":"building","areaM2":40,"sourceTile":"tile_1_1","sourceFeatureCount":102299,"heightEstimated":true},"geometry":{"type":"Polygon","coordinates":[[[114.239047,30.574445],[114.239174,30.574478],[114.239092,30.574517],[114.239047,30.574445]]]}},{"type":"Feature","id":"78a4df7c-aca4-4a35-8c9e-e80ddecd665a","properties":{"id":"78a4df7c-aca4-4a35-8c9e-e80ddecd665a","height":12,"num_floors":4,"class":"building","areaM2":45,"sourceTile":"tile_1_1","sourceFeatureCount":102299,"heightEstimated":true},"geometry":{"type":"Polygon","coordinates":[[[114.229388,30.575494],[114.229271,30.575425],[114.229381,30.575417],[114.229388,30.575494]]]}},{"type":"Feature","id":"46cfdfb1-d300-4503-a63b-1fc702f86e66","properties":{"id":"46cfdfb1-d300-4503-a63b-1fc702f86e66","height":154,"num_floors":48,"class":"building","areaM2":19264,"sourceTile":"tile_1_1","sourceFeatureCount":102299,"heightEstimated":true},"geometry":{"type":"Polygon","coordinates":[[[114.234233,30.567201],[114.232798,30.567796],[114.232086,30.56689],[114.233664,30.566228],[114.234233,30.567201]]]}},{"type":"Feature","id":"88b93818-83e3-480c-8ea5-cc26761e93cb","properties":{"id":"88b93818-83e3-480c-8ea5-cc26761e93cb","height":36,"num_floors":11,"class":"building","areaM2":63,"sourceTile":"tile_1_1","sourceFeatureCount":102299,"heightEstimated":true},"geometry":{"type":"Polygon","coordinates":[[[114.246426,30.569857],[114.246367,30.569991],[114.246316,30.569908],[114.246426,30.569857]]]}},{"type":"Feature","id":"01b94962-41a9-4e39-9179-1bb901c2bfc0","properties":{"id":"01b94962-41a9-4e39-9179-1bb901c2bfc0","height":29,"num_floors":9,"class":"building","areaM2":87,"sourceTile":"tile_1_1","sourceFeatureCount":102299,"heightEstimated":true},"geometry":{"type":"Polygon","coordinates":[[[114.252654,30.569735],[114.252842,30.569631],[114.252855,30.569711],[114.252654,30.569735]]]}},{"type":"Feature","id":"e086a795-fb85-4409-8c8f-238c1b9221d1","properties":{"id":"e086a795-fb85-4409-8c8f-238c1b9221d1","height":17,"num_floors":5,"class":"building","areaM2":27,"sourceTile":"tile_1_1","sourceFeatureCount":102299,"heightEstimated":true},"geometry":{"type":"Polygon","coordinates":[[[114.252865,30.570335],[114.252799,30.570257],[114.252861,30.570255],[114.252865,30.570335]]]}},{"type":"Feature","id":"60d096f9-7368-4958-920c-1a7f1767b98c","properties":{"id":"60d096f9-7368-4958-920c-1a7f1767b98c","height":13,"num_floors":4,"class":"building","areaM2":86,"sourceTile":"tile_1_1","sourceFeatureCount":102299,"heightEstimated":true},"geometry":{"type":"Polygon","coordinates":[[[114.249327,30.570804],[114.2495,30.570656],[114.249488,30.570761],[114.249327,30.570804]]]}},{"type":"Feature","id":"8d75af51-77de-4e23-aa4d-8876f240207b","properties":{"id":"8d75af51-77de-4e23-aa4d-8876f240207b","height":34,"num_floors":11,"class":"building","areaM2":45,"sourceTile":"tile_1_1","sourceFeatureCount":102299,"heightEstimated":true},"geometry":{"type":"Polygon","coordinates":[[[114.254982,30.575574],[114.254836,30.575646],[114.254827,30.575593],[114.254982,30.575574]]]}},{"type":"Feature","id":"893fa422-6bf1-403d-bef7-5c1d1f2c6299","properties":{"id":"893fa422-6bf1-403d-bef7-5c1d1f2c6299","height":29,"num_floors":9,"class":"building","areaM2":101,"sourceTile":"tile_1_1","sourceFeatureCount":102299,"heightEstimated":true},"geometry":{"type":"Polygon","coordinates":[[[114.243676,30.576867],[114.243484,30.577009],[114.243454,30.576932],[114.243676,30.576867]]]}},{"type":"Feature","id":"51c66b4a-9108-477e-8a0f-b68b2fb76fc5","properties":{"id":"51c66b4a-9108-477e-8a0f-b68b2fb76fc5","height":15,"num_floors":5,"class":"building","areaM2":10,"sourceTile":"tile_1_1","sourceFeatureCount":102299,"heightEstimated":true},"geometry":{"type":"Polygon","coordinates":[[[114.245565,30.582871],[114.245573,30.582815],[114.245602,30.582846],[114.245565,30.582871]]]}},{"type":"Feature","id":"2f830c49-99e2-4235-8d93-bb8095bdc2c1","properties":{"id":"2f830c49-99e2-4235-8d93-bb8095bdc2c1","height":16,"num_floors":5,"class":"building","areaM2":180,"sourceTile":"tile_1_1","sourceFeatureCount":102299,"heightEstimated":true},"geometry":{"type":"Polygon","coordinates":[[[114.247996,30.586784],[114.248132,30.587013],[114.247915,30.586898],[114.247996,30.586784]]]}},{"type":"Feature","id":"33f64ca3-955a-4dbd-92de-bad7e2cfb443","properties":{"id":"33f64ca3-955a-4dbd-92de-bad7e2cfb443","height":30,"num_floors":9,"class":"building","areaM2":7,"sourceTile":"tile_1_1","sourceFeatureCount":102299,"heightEstimated":true},"geometry":{"type":"Polygon","coordinates":[[[114.252595,30.585893],[114.252542,30.585961],[114.25253,30.585952],[114.252595,30.585893]]]}},{"type":"Feature","id":"edbc13ab-9f9b-4005-b410-0df466410c0b","properties":{"id":"edbc13ab-9f9b-4005-b410-0df466410c0b","height":97,"num_floors":30,"class":"hospital","areaM2":5984,"sourceTile":"tile_1_1","sourceFeatureCount":102299,"heightEstimated":true},"geometry":{"type":"Polygon","coordinates":[[[114.255119,30.582319],[114.25521,30.582479],[114.254496,30.58206],[114.255015,30.582196],[114.255195,30.581955],[114.254525,30.581927],[114.254955,30.581752],[114.254773,30.581414],[114.255088,30.581419],[114.255246,30.581886],[114.255518,30.581793],[114.255385,30.581972],[114.25595,30.5819],[114.256081,30.582142],[114.255667,30.582146],[114.255652,30.582564],[114.255487,30.58215],[114.255331,30.582034],[114.255502,30.582368],[114.255119,30.582319]]]}},{"type":"Feature","id":"2a62ab6d-e82e-47c9-acce-47d57ca85ce8","properties":{"id":"2a62ab6d-e82e-47c9-acce-47d57ca85ce8","height":90,"num_floors":28,"class":"hospital","areaM2":6153,"sourceTile":"tile_1_1","sourceFeatureCount":102299,"heightEstimated":true},"geometry":{"type":"Polygon","coordinates":[[[114.254371,30.582403],[114.253114,30.582375],[114.253128,30.581914],[114.254385,30.58194],[114.254371,30.582403]]]}},{"type":"Feature","id":"32c49f95-57a6-4820-8930-cd290e8387ee","properties":{"id":"32c49f95-57a6-4820-8930-cd290e8387ee","height":22,"num_floors":7,"class":"building","areaM2":14,"sourceTile":"tile_1_1","sourceFeatureCount":102299,"heightEstimated":true},"geometry":{"type":"Polygon","coordinates":[[[114.257614,30.579647],[114.257664,30.5797],[114.257609,30.579695],[114.257614,30.579647]]]}},{"type":"Feature","id":"e3fb2b5a-a030-4dc5-bb94-695cee52e590","properties":{"id":"e3fb2b5a-a030-4dc5-bb94-695cee52e590","height":95,"num_floors":30,"class":"building","areaM2":7860,"sourceTile":"tile_1_1","sourceFeatureCount":102299,"heightEstimated":true},"geometry":{"type":"Polygon","coordinates":[[[114.259674,30.58156],[114.25763,30.580697],[114.257815,30.58036],[114.259406,30.581045],[114.259674,30.58156]]]}},{"type":"Feature","id":"5fb57be3-ec22-4fd2-ab72-8b2ef181fd12","properties":{"id":"5fb57be3-ec22-4fd2-ab72-8b2ef181fd12","height":86,"num_floors":27,"class":"building","areaM2":5987,"sourceTile":"tile_1_1","sourceFeatureCount":102299,"heightEstimated":true},"geometry":{"type":"Polygon","coordinates":[[[114.257109,30.588071],[114.255987,30.587711],[114.256522,30.587249],[114.257164,30.587434],[114.257109,30.588071]]]}},{"type":"Feature","id":"282f5c6f-dbab-499e-9b8b-57029383dfed","properties":{"id":"282f5c6f-dbab-499e-9b8b-57029383dfed","height":33,"num_floors":10,"class":"building","areaM2":542,"sourceTile":"tile_1_1","sourceFeatureCount":102299,"heightEstimated":true},"geometry":{"type":"Polygon","coordinates":[[[114.257118,30.589343],[114.256496,30.589526],[114.256489,30.589363],[114.257118,30.589343]]]}},{"type":"Feature","id":"d0c44525-9a77-4738-88f3-b3e2ba467fed","properties":{"id":"d0c44525-9a77-4738-88f3-b3e2ba467fed","height":117,"num_floors":37,"class":"building","areaM2":12346,"sourceTile":"tile_1_1","sourceFeatureCount":102299,"heightEstimated":true},"geometry":{"type":"Polygon","coordinates":[[[114.262801,30.588256],[114.262727,30.587874],[114.26331,30.587891],[114.262882,30.587473],[114.264325,30.587887],[114.263968,30.588836],[114.262801,30.588256]]]}},{"type":"Feature","id":"02caf523-5fb2-4d2c-a43c-a45743416072","properties":{"id":"02caf523-5fb2-4d2c-a43c-a45743416072","height":168,"num_floors":53,"class":"stadium","areaM2":30367,"sourceTile":"tile_1_1","sourceFeatureCount":102299,"heightEstimated":true},"geometry":{"type":"Polygon","coordinates":[[[114.267223,30.589499],[114.267413,30.588595],[114.267708,30.588224],[114.268568,30.588064],[114.269028,30.588361],[114.269148,30.589121],[114.268662,30.589932],[114.267805,30.590072],[114.267223,30.589499]],[[114.267427,30.589031],[114.267505,30.589714],[114.268313,30.589947],[114.268862,30.589479],[114.269005,30.588661],[114.26868,30.588239],[114.268122,30.588207],[114.267427,30.589031]]]}},{"type":"Feature","id":"5dd34a2d-d226-4abe-9ea8-9842eff6f03b","properties":{"id":"5dd34a2d-d226-4abe-9ea8-9842eff6f03b","height":42,"num_floors":13,"class":"hospital","areaM2":1617,"sourceTile":"tile_1_1","sourceFeatureCount":102299,"heightEstimated":true},"geometry":{"type":"Polygon","coordinates":[[[114.268193,30.586504],[114.268319,30.586191],[114.268339,30.586452],[114.268958,30.586638],[114.269051,30.586406],[114.269188,30.586693],[114.2694,30.586495],[114.269158,30.586807],[114.268193,30.586504]]]}},{"type":"Feature","id":"f84df27f-bd26-4d2e-ad56-574a95c3cbb3","properties":{"id":"f84df27f-bd26-4d2e-ad56-574a95c3cbb3","height":168,"num_floors":53,"class":"building","areaM2":21891,"sourceTile":"tile_1_1","sourceFeatureCount":102299,"heightEstimated":true},"geometry":{"type":"Polygon","coordinates":[[[114.269296,30.582828],[114.26715,30.582294],[114.26711,30.581807],[114.267779,30.581709],[114.267382,30.581557],[114.26749,30.581272],[114.269452,30.582106],[114.269631,30.582525],[114.269296,30.582828]]]}},{"type":"Feature","id":"fa6ae9e5-dbc0-4f96-9738-40a61f45421a","properties":{"id":"fa6ae9e5-dbc0-4f96-9738-40a61f45421a","height":103,"num_floors":32,"class":"commercial","areaM2":7156,"sourceTile":"tile_1_1","sourceFeatureCount":102299,"heightEstimated":true},"geometry":{"type":"Polygon","coordinates":[[[114.263245,30.582435],[114.263452,30.58249],[114.263674,30.58193],[114.264186,30.582113],[114.263794,30.583089],[114.263074,30.582868],[114.263245,30.582435]]]}},{"type":"Feature","id":"0682fa0a-5a39-4771-b29b-1979f5171cd7","properties":{"id":"0682fa0a-5a39-4771-b29b-1979f5171cd7","height":168,"num_floors":53,"class":"commercial","areaM2":34555,"sourceTile":"tile_1_1","sourceFeatureCount":102299,"heightEstimated":true},"geometry":{"type":"Polygon","coordinates":[[[114.265541,30.581475],[114.2661,30.580876],[114.266769,30.581152],[114.265734,30.583577],[114.264004,30.583076],[114.264551,30.582228],[114.265548,30.582117],[114.265541,30.581475]]]}},{"type":"Feature","id":"ef6ca25d-9be7-4b1e-a0e3-d2c19952c42a","properties":{"id":"ef6ca25d-9be7-4b1e-a0e3-d2c19952c42a","height":168,"num_floors":53,"class":"building","areaM2":30592,"sourceTile":"tile_1_1","sourceFeatureCount":102299,"heightEstimated":true},"geometry":{"type":"Polygon","coordinates":[[[114.268951,30.579684],[114.270131,30.581181],[114.26989,30.581118],[114.269941,30.5814],[114.268028,30.580804],[114.26776,30.580352],[114.267403,30.580516],[114.266792,30.580216],[114.267535,30.579668],[114.268093,30.579615],[114.268951,30.579684]],[[114.26792,30.579899],[114.268147,30.580371],[114.268508,30.579982],[114.268238,30.579904],[114.26792,30.579899]]]}},{"type":"Feature","id":"12ec53c1-af2a-44a6-b9f1-43949d3a977b","properties":{"id":"12ec53c1-af2a-44a6-b9f1-43949d3a977b","height":30,"num_floors":9,"class":"building","areaM2":27,"sourceTile":"tile_1_1","sourceFeatureCount":102299,"heightEstimated":true},"geometry":{"type":"Polygon","coordinates":[[[114.268794,30.572648],[114.268808,30.572551],[114.268856,30.572586],[114.268794,30.572648]]]}},{"type":"Feature","id":"7227c2e8-ada8-43a4-b347-2612cb849088","properties":{"id":"7227c2e8-ada8-43a4-b347-2612cb849088","height":32,"num_floors":10,"class":"building","areaM2":222,"sourceTile":"tile_1_1","sourceFeatureCount":102299,"heightEstimated":true},"geometry":{"type":"Polygon","coordinates":[[[114.261998,30.575318],[114.261796,30.575092],[114.261967,30.575076],[114.261998,30.575318]]]}},{"type":"Feature","id":"f97ea3dd-23ae-4410-901b-ae2e331a6714","properties":{"id":"f97ea3dd-23ae-4410-901b-ae2e331a6714","height":13,"num_floors":4,"class":"building","areaM2":9,"sourceTile":"tile_1_1","sourceFeatureCount":102299,"heightEstimated":true},"geometry":{"type":"Polygon","coordinates":[[[114.260506,30.573451],[114.260548,30.573499],[114.260518,30.573504],[114.260506,30.573451]]]}},{"type":"Feature","id":"b34ec506-6985-4bdd-81b8-16ced76b08ef","properties":{"id":"b34ec506-6985-4bdd-81b8-16ced76b08ef","height":8,"num_floors":3,"class":"building","areaM2":45,"sourceTile":"tile_1_1","sourceFeatureCount":102299,"heightEstimated":true},"geometry":{"type":"Polygon","coordinates":[[[114.261939,30.567823],[114.262014,30.567943],[114.26195,30.567952],[114.261939,30.567823]]]}},{"type":"Feature","id":"abd15150-a800-46a8-955f-c163160c82f3","properties":{"id":"abd15150-a800-46a8-955f-c163160c82f3","height":30,"num_floors":9,"class":"building","areaM2":36,"sourceTile":"tile_1_1","sourceFeatureCount":102299,"heightEstimated":true},"geometry":{"type":"Polygon","coordinates":[[[114.266398,30.570194],[114.266339,30.570317],[114.266343,30.570193],[114.266398,30.570194]]]}},{"type":"Feature","id":"f5ec7ce3-0806-41cb-a44e-a15e842915d4","properties":{"id":"f5ec7ce3-0806-41cb-a44e-a15e842915d4","height":109,"num_floors":9,"class":"retail","areaM2":8628,"sourceTile":"tile_1_1","sourceFeatureCount":102299,"heightEstimated":true},"geometry":{"type":"Polygon","coordinates":[[[114.268782,30.569296],[114.2677,30.56879],[114.267871,30.56819],[114.269038,30.568625],[114.268782,30.569296]]]}},{"type":"Feature","id":"faa7ca83-a231-4ade-b31f-a92adcc9908a","properties":{"id":"faa7ca83-a231-4ade-b31f-a92adcc9908a","height":10,"num_floors":3,"class":"industrial","areaM2":6237,"sourceTile":"tile_1_1","sourceFeatureCount":102299,"heightEstimated":false},"geometry":{"type":"Polygon","coordinates":[[[114.265188,30.560656],[114.263944,30.560654],[114.263946,30.560181],[114.265189,30.560183],[114.265188,30.560656]]]}},{"type":"Feature","id":"683212ec-02e8-4339-921d-2c41e7778dbf","properties":{"id":"683212ec-02e8-4339-921d-2c41e7778dbf","height":10,"num_floors":3,"class":"industrial","areaM2":6977,"sourceTile":"tile_1_1","sourceFeatureCount":102299,"heightEstimated":false},"geometry":{"type":"Polygon","coordinates":[[[114.265192,30.559921],[114.263818,30.559918],[114.26382,30.559438],[114.265193,30.559442],[114.265192,30.559921]]]}},{"type":"Feature","id":"3c335e9e-a258-4c1c-baa9-26809288b566","properties":{"id":"3c335e9e-a258-4c1c-baa9-26809288b566","height":105,"num_floors":33,"class":"building","areaM2":6519,"sourceTile":"tile_1_1","sourceFeatureCount":102299,"heightEstimated":true},"geometry":{"type":"Polygon","coordinates":[[[114.266526,30.560218],[114.2655,30.560216],[114.265502,30.559617],[114.266527,30.559618],[114.266526,30.560218]]]}},{"type":"Feature","id":"83116ef2-5dde-44d3-9e6b-04d594791c65","properties":{"id":"83116ef2-5dde-44d3-9e6b-04d594791c65","height":33,"num_floors":10,"class":"building","areaM2":302,"sourceTile":"tile_1_1","sourceFeatureCount":102299,"heightEstimated":true},"geometry":{"type":"Polygon","coordinates":[[[114.2661,30.561389],[114.266761,30.561291],[114.266763,30.561377],[114.2661,30.561389]]]}},{"type":"Feature","id":"29745776-a56b-4841-8b4f-d703834bc93d","properties":{"id":"29745776-a56b-4841-8b4f-d703834bc93d","height":89,"num_floors":28,"class":"building","areaM2":7354,"sourceTile":"tile_1_1","sourceFeatureCount":102299,"heightEstimated":true},"geometry":{"type":"Polygon","coordinates":[[[114.265639,30.55413],[114.265651,30.554962],[114.264621,30.554881],[114.264932,30.55413],[114.265639,30.55413]]]}},{"type":"Feature","id":"6c922b58-ef0c-4205-82c9-289ca2bb7c79","properties":{"id":"6c922b58-ef0c-4205-82c9-289ca2bb7c79","height":103,"num_floors":32,"class":"building","areaM2":10248,"sourceTile":"tile_1_1","sourceFeatureCount":102299,"heightEstimated":true},"geometry":{"type":"Polygon","coordinates":[[[114.2608,30.562199],[114.259859,30.562368],[114.259623,30.561382],[114.260564,30.561213],[114.2608,30.562199]]]}},{"type":"Feature","id":"183f4c60-3257-4523-8caa-c4cdecd0e7e6","properties":{"id":"183f4c60-3257-4523-8caa-c4cdecd0e7e6","height":104,"num_floors":33,"class":"building","areaM2":7474,"sourceTile":"tile_1_1","sourceFeatureCount":102299,"heightEstimated":true},"geometry":{"type":"Polygon","coordinates":[[[114.256359,30.563259],[114.256265,30.562745],[114.257442,30.562559],[114.257569,30.563206],[114.256359,30.563259]]]}},{"type":"Feature","id":"384eb0c7-a915-4de2-a059-f3643abcaacc","properties":{"id":"384eb0c7-a915-4de2-a059-f3643abcaacc","height":164,"num_floors":51,"class":"building","areaM2":20196,"sourceTile":"tile_1_1","sourceFeatureCount":102299,"heightEstimated":true},"geometry":{"type":"Polygon","coordinates":[[[114.25301,30.564107],[114.253037,30.562943],[114.254889,30.562762],[114.25459,30.563588],[114.25524,30.563696],[114.25301,30.564107]]]}},{"type":"Feature","id":"f93e193a-19c9-475d-a915-b15f096d287a","properties":{"id":"f93e193a-19c9-475d-a915-b15f096d287a","height":12,"num_floors":4,"class":"building","areaM2":17,"sourceTile":"tile_1_1","sourceFeatureCount":102299,"heightEstimated":true},"geometry":{"type":"Polygon","coordinates":[[[114.249797,30.564652],[114.249764,30.564726],[114.249751,30.564659],[114.249797,30.564652]]]}},{"type":"Feature","id":"4ffc4b9b-b79f-4e54-a1fd-2e20f4c625cb","properties":{"id":"4ffc4b9b-b79f-4e54-a1fd-2e20f4c625cb","height":162,"num_floors":51,"class":"building","areaM2":17995,"sourceTile":"tile_1_1","sourceFeatureCount":102299,"heightEstimated":true},"geometry":{"type":"Polygon","coordinates":[[[114.24804,30.564621],[114.247735,30.563315],[114.248221,30.563154],[114.249018,30.563226],[114.249183,30.564556],[114.24804,30.564621]],[[114.248894,30.564318],[114.248966,30.564373],[114.248986,30.56433],[114.248894,30.564318]]]}},{"type":"Feature","id":"acadbbdf-1bec-438f-85dd-48d1c2eb3aff","properties":{"id":"acadbbdf-1bec-438f-85dd-48d1c2eb3aff","height":8,"num_floors":3,"class":"building","areaM2":38,"sourceTile":"tile_1_1","sourceFeatureCount":102299,"heightEstimated":true},"geometry":{"type":"Polygon","coordinates":[[[114.250557,30.554051],[114.250369,30.554086],[114.25037,30.554048],[114.250557,30.554051]]]}},{"type":"Feature","id":"80686ac8-cd9e-4383-9a27-b3654851d724","properties":{"id":"80686ac8-cd9e-4383-9a27-b3654851d724","height":33,"num_floors":10,"class":"building","areaM2":97,"sourceTile":"tile_1_1","sourceFeatureCount":102299,"heightEstimated":true},"geometry":{"type":"Polygon","coordinates":[[[114.255361,30.546436],[114.255532,30.546266],[114.255442,30.546464],[114.255361,30.546436]]]}},{"type":"Feature","id":"e58d8723-fc7b-4b8e-a435-ed67bd112068","properties":{"id":"e58d8723-fc7b-4b8e-a435-ed67bd112068","height":24,"num_floors":8,"class":"building","areaM2":85,"sourceTile":"tile_1_1","sourceFeatureCount":102299,"heightEstimated":true},"geometry":{"type":"Polygon","coordinates":[[[114.244158,30.551879],[114.244233,30.552073],[114.244158,30.552092],[114.244158,30.551879]]]}},{"type":"Feature","id":"5c17e58b-dd24-4735-9312-88e0e0453e95","properties":{"id":"5c17e58b-dd24-4735-9312-88e0e0453e95","height":96,"num_floors":30,"class":"building","areaM2":7045,"sourceTile":"tile_1_1","sourceFeatureCount":102299,"heightEstimated":true},"geometry":{"type":"Polygon","coordinates":[[[114.243288,30.540339],[114.242966,30.540845],[114.242243,30.540499],[114.242432,30.540201],[114.243138,30.540351],[114.242175,30.540005],[114.242668,30.53967],[114.243288,30.540339]]]}},{"type":"Feature","id":"3c51634a-07a8-42af-b6d3-1ea2839b4999","properties":{"id":"3c51634a-07a8-42af-b6d3-1ea2839b4999","height":18,"num_floors":6,"class":"building","areaM2":123,"sourceTile":"tile_1_1","sourceFeatureCount":102299,"heightEstimated":true},"geometry":{"type":"Polygon","coordinates":[[[114.246157,30.54292],[114.245971,30.5428],[114.246124,30.542774],[114.246157,30.54292]]]}},{"type":"Feature","id":"baa43921-2fc8-4d85-840f-d5ddaa199aa3","properties":{"id":"baa43921-2fc8-4d85-840f-d5ddaa199aa3","height":34,"num_floors":11,"class":"building","areaM2":17,"sourceTile":"tile_1_1","sourceFeatureCount":102299,"heightEstimated":true},"geometry":{"type":"Polygon","coordinates":[[[114.260171,30.545358],[114.260224,30.545293],[114.260243,30.54533],[114.260171,30.545358]]]}},{"type":"Feature","id":"813b19c5-95da-4906-8a4b-35f333aa5561","properties":{"id":"813b19c5-95da-4906-8a4b-35f333aa5561","height":117,"num_floors":37,"class":"building","areaM2":9884,"sourceTile":"tile_1_1","sourceFeatureCount":102299,"heightEstimated":true},"geometry":{"type":"Polygon","coordinates":[[[114.259714,30.54823],[114.257716,30.54821],[114.257722,30.547704],[114.259719,30.547803],[114.259714,30.54823]]]}},{"type":"Feature","id":"e1af0dff-a14a-40e4-b325-a90a3532ed28","properties":{"id":"e1af0dff-a14a-40e4-b325-a90a3532ed28","height":27,"num_floors":8,"class":"building","areaM2":23,"sourceTile":"tile_1_1","sourceFeatureCount":102299,"heightEstimated":true},"geometry":{"type":"Polygon","coordinates":[[[114.261826,30.550087],[114.261746,30.550141],[114.261749,30.550084],[114.261826,30.550087]]]}},{"type":"Feature","id":"570d1e11-ed17-4029-85a0-13c495c947ca","properties":{"id":"570d1e11-ed17-4029-85a0-13c495c947ca","height":26,"num_floors":8,"class":"building","areaM2":149,"sourceTile":"tile_1_1","sourceFeatureCount":102299,"heightEstimated":true},"geometry":{"type":"Polygon","coordinates":[[[114.268289,30.551105],[114.268475,30.550947],[114.268441,30.551126],[114.268289,30.551105]]]}},{"type":"Feature","id":"84323286-c6f8-4400-a0dd-b5fa2e84ae4a","properties":{"id":"84323286-c6f8-4400-a0dd-b5fa2e84ae4a","height":35,"num_floors":11,"class":"building","areaM2":862,"sourceTile":"tile_1_1","sourceFeatureCount":102299,"heightEstimated":true},"geometry":{"type":"Polygon","coordinates":[[[114.265991,30.536635],[114.266198,30.536763],[114.266224,30.537109],[114.265937,30.536931],[114.265991,30.536635]]]}},{"type":"Feature","id":"a3269585-5a23-4848-a827-4919502ae629","properties":{"id":"a3269585-5a23-4848-a827-4919502ae629","height":123,"num_floors":38,"class":"building","areaM2":9916,"sourceTile":"tile_1_1","sourceFeatureCount":102299,"heightEstimated":true},"geometry":{"type":"Polygon","coordinates":[[[114.262188,30.53455],[114.262434,30.535142],[114.261382,30.535774],[114.261576,30.535542],[114.261318,30.535647],[114.260883,30.535102],[114.262188,30.53455]]]}},{"type":"Feature","id":"5d5938d5-bd10-448d-8298-cbcb878573f7","properties":{"id":"5d5938d5-bd10-448d-8298-cbcb878573f7","height":61,"num_floors":19,"class":"building","areaM2":1012,"sourceTile":"tile_1_1","sourceFeatureCount":102299,"heightEstimated":true},"geometry":{"type":"Polygon","coordinates":[[[114.25553,30.532162],[114.255472,30.531742],[114.255939,30.531826],[114.25553,30.532162]]]}},{"type":"Feature","id":"a52e6907-4be1-45d8-a4de-b9c6c9616bbb","properties":{"id":"a52e6907-4be1-45d8-a4de-b9c6c9616bbb","height":141,"num_floors":44,"class":"building","areaM2":12651,"sourceTile":"tile_1_1","sourceFeatureCount":102299,"heightEstimated":true},"geometry":{"type":"Polygon","coordinates":[[[114.260629,30.527802],[114.261502,30.529012],[114.260795,30.529397],[114.259919,30.528187],[114.260629,30.527802]]]}},{"type":"Feature","id":"2361c52b-9183-4b2f-8f89-d4caa722526a","properties":{"id":"2361c52b-9183-4b2f-8f89-d4caa722526a","height":109,"num_floors":34,"class":"building","areaM2":10926,"sourceTile":"tile_1_1","sourceFeatureCount":102299,"heightEstimated":true},"geometry":{"type":"Polygon","coordinates":[[[114.259555,30.526333],[114.26042,30.527579],[114.259812,30.527895],[114.258947,30.526648],[114.259555,30.526333]]]}},{"type":"Feature","id":"61659ffc-d40f-4a89-adfe-b1ba4e78772b","properties":{"id":"61659ffc-d40f-4a89-adfe-b1ba4e78772b","height":99,"num_floors":31,"class":"building","areaM2":7688,"sourceTile":"tile_1_1","sourceFeatureCount":102299,"heightEstimated":true},"geometry":{"type":"Polygon","coordinates":[[[114.258911,30.526776],[114.259739,30.527926],[114.259282,30.528171],[114.258458,30.527018],[114.258911,30.526776]]]}},{"type":"Feature","id":"d346b803-6e6d-4890-bba1-737ac544298c","properties":{"id":"d346b803-6e6d-4890-bba1-737ac544298c","height":31,"num_floors":10,"class":"building","areaM2":106,"sourceTile":"tile_1_1","sourceFeatureCount":102299,"heightEstimated":true},"geometry":{"type":"Polygon","coordinates":[[[114.251302,30.526635],[114.251483,30.526839],[114.25124,30.526676],[114.251302,30.526635]]]}},{"type":"Feature","id":"2194cd11-da61-430a-bd03-2a457a9e19f5","properties":{"id":"2194cd11-da61-430a-bd03-2a457a9e19f5","height":103,"num_floors":32,"class":"school","areaM2":8338,"sourceTile":"tile_1_1","sourceFeatureCount":102299,"heightEstimated":true},"geometry":{"type":"Polygon","coordinates":[[[114.250486,30.527105],[114.249922,30.527512],[114.249156,30.526708],[114.249733,30.526273],[114.250486,30.527105]]]}},{"type":"Feature","id":"828f6678-3fac-47f3-8492-86765d4aa49e","properties":{"id":"828f6678-3fac-47f3-8492-86765d4aa49e","height":168,"num_floors":53,"class":"building","areaM2":70151,"sourceTile":"tile_1_1","sourceFeatureCount":102299,"heightEstimated":true},"geometry":{"type":"Polygon","coordinates":[[[114.246049,30.521552],[114.242198,30.523208],[114.242734,30.521188],[114.244697,30.519564],[114.245606,30.520556],[114.245421,30.520633],[114.246049,30.521552]]]}},{"type":"Feature","id":"746780b4-9d1f-4e54-bf47-7b282f4a45bc","properties":{"id":"746780b4-9d1f-4e54-bf47-7b282f4a45bc","height":18,"num_floors":6,"class":"building","areaM2":23,"sourceTile":"tile_1_1","sourceFeatureCount":102299,"heightEstimated":true},"geometry":{"type":"Polygon","coordinates":[[[114.248507,30.522399],[114.248569,30.522469],[114.248503,30.522465],[114.248507,30.522399]]]}},{"type":"Feature","id":"2b6ce459-318e-491a-a708-204bf2e795cd","properties":{"id":"2b6ce459-318e-491a-a708-204bf2e795cd","height":10,"num_floors":3,"class":"building","areaM2":28,"sourceTile":"tile_1_1","sourceFeatureCount":102299,"heightEstimated":true},"geometry":{"type":"Polygon","coordinates":[[[114.248682,30.528268],[114.248573,30.528255],[114.248635,30.528214],[114.248682,30.528268]]]}},{"type":"Feature","id":"faff1018-4e52-4948-afbb-5d8c9240e9be","properties":{"id":"faff1018-4e52-4948-afbb-5d8c9240e9be","height":168,"num_floors":53,"class":"school","areaM2":34264,"sourceTile":"tile_1_1","sourceFeatureCount":102299,"heightEstimated":true},"geometry":{"type":"Polygon","coordinates":[[[114.253015,30.528847],[114.250687,30.530493],[114.249786,30.529561],[114.251769,30.528368],[114.25228,30.52826],[114.253015,30.528847]]]}},{"type":"Feature","id":"55a48b7a-ad47-4232-b26e-8f2d583c2375","properties":{"id":"55a48b7a-ad47-4232-b26e-8f2d583c2375","height":34,"num_floors":11,"class":"building","areaM2":40,"sourceTile":"tile_1_1","sourceFeatureCount":102299,"heightEstimated":true},"geometry":{"type":"Polygon","coordinates":[[[114.250388,30.531047],[114.250256,30.531036],[114.250329,30.530984],[114.250388,30.531047]]]}},{"type":"Feature","id":"154930d7-8795-46da-928a-6b03990a4f19","properties":{"id":"154930d7-8795-46da-928a-6b03990a4f19","height":35,"num_floors":11,"class":"building","areaM2":220,"sourceTile":"tile_1_1","sourceFeatureCount":102299,"heightEstimated":true},"geometry":{"type":"Polygon","coordinates":[[[114.243276,30.538924],[114.242949,30.538957],[114.243165,30.538808],[114.243276,30.538924]]]}},{"type":"Feature","id":"e4ad0c83-8c02-42bc-9bee-8949649fe6c3","properties":{"id":"e4ad0c83-8c02-42bc-9bee-8949649fe6c3","height":104,"num_floors":33,"class":"building","areaM2":8688,"sourceTile":"tile_1_1","sourceFeatureCount":102299,"heightEstimated":true},"geometry":{"type":"Polygon","coordinates":[[[114.239025,30.533682],[114.238981,30.534088],[114.238462,30.534211],[114.238875,30.534845],[114.238826,30.535511],[114.23795,30.533913],[114.23976,30.5334],[114.239025,30.533682]]]}},{"type":"Feature","id":"a041863f-7c71-445b-9df3-465d181791ac","properties":{"id":"a041863f-7c71-445b-9df3-465d181791ac","height":20,"num_floors":6,"class":"building","areaM2":63,"sourceTile":"tile_1_1","sourceFeatureCount":102299,"heightEstimated":true},"geometry":{"type":"Polygon","coordinates":[[[114.233886,30.529953],[114.234035,30.530065],[114.233974,30.530099],[114.233886,30.529953]]]}},{"type":"Feature","id":"a47632d5-4bcf-4cb5-90a9-ac62fda816bb","properties":{"id":"a47632d5-4bcf-4cb5-90a9-ac62fda816bb","height":34,"num_floors":11,"class":"building","areaM2":877,"sourceTile":"tile_1_1","sourceFeatureCount":102299,"heightEstimated":true},"geometry":{"type":"Polygon","coordinates":[[[114.224129,30.523825],[114.224505,30.523632],[114.224616,30.523795],[114.22424,30.523988],[114.224129,30.523825]]]}},{"type":"Feature","id":"129a2872-db53-4459-a712-7e16a73e15c6","properties":{"id":"129a2872-db53-4459-a712-7e16a73e15c6","height":168,"num_floors":53,"class":"building","areaM2":40925,"sourceTile":"tile_1_1","sourceFeatureCount":102299,"heightEstimated":true},"geometry":{"type":"Polygon","coordinates":[[[114.232378,30.522129],[114.231681,30.520553],[114.234288,30.519878],[114.23488,30.521174],[114.233203,30.521317],[114.233388,30.521837],[114.232378,30.522129]]]}},{"type":"Feature","id":"c95ba2b1-3977-4fcb-9b0f-9e880d43dfa3","properties":{"id":"c95ba2b1-3977-4fcb-9b0f-9e880d43dfa3","height":31,"num_floors":10,"class":"building","areaM2":16,"sourceTile":"tile_1_1","sourceFeatureCount":102299,"heightEstimated":true},"geometry":{"type":"Polygon","coordinates":[[[114.238404,30.524272],[114.238331,30.524315],[114.238327,30.524276],[114.238404,30.524272]]]}},{"type":"Feature","id":"d67904f0-1366-4362-bec9-bd69067abedd","properties":{"id":"d67904f0-1366-4362-bec9-bd69067abedd","height":168,"num_floors":53,"class":"building","areaM2":75137,"sourceTile":"tile_1_1","sourceFeatureCount":102299,"heightEstimated":true},"geometry":{"type":"Polygon","coordinates":[[[114.241506,30.516275],[114.238355,30.518719],[114.237761,30.51728],[114.23857,30.51673],[114.2379,30.516058],[114.240189,30.514902],[114.241506,30.516275]]]}},{"type":"Feature","id":"45b83662-f9c4-4a19-859e-821526dccc8a","properties":{"id":"45b83662-f9c4-4a19-859e-821526dccc8a","height":26,"num_floors":8,"class":"building","areaM2":47,"sourceTile":"tile_1_1","sourceFeatureCount":102299,"heightEstimated":true},"geometry":{"type":"Polygon","coordinates":[[[114.286636,30.522519],[114.286642,30.522373],[114.286702,30.522398],[114.286636,30.522519]]]}},{"type":"Feature","id":"65889f25-aa9b-41c5-a0fe-e76b4fe625ed","properties":{"id":"65889f25-aa9b-41c5-a0fe-e76b4fe625ed","height":22,"num_floors":7,"class":"building","areaM2":116,"sourceTile":"tile_1_1","sourceFeatureCount":102299,"heightEstimated":true},"geometry":{"type":"Polygon","coordinates":[[[114.290775,30.522129],[114.290657,30.522368],[114.290687,30.522121],[114.290775,30.522129]]]}},{"type":"Feature","id":"38a95266-6d9c-47a1-8f94-8e00f9ea8fc1","properties":{"id":"38a95266-6d9c-47a1-8f94-8e00f9ea8fc1","height":11,"num_floors":3,"class":"building","areaM2":60,"sourceTile":"tile_1_1","sourceFeatureCount":102299,"heightEstimated":true},"geometry":{"type":"Polygon","coordinates":[[[114.294133,30.519968],[114.293958,30.519869],[114.29415,30.519913],[114.294133,30.519968]]]}},{"type":"Feature","id":"f711baf0-ea45-43b1-a619-960d0ef41463","properties":{"id":"f711baf0-ea45-43b1-a619-960d0ef41463","height":119,"num_floors":37,"class":"post_office","areaM2":12871,"sourceTile":"tile_1_1","sourceFeatureCount":102299,"heightEstimated":true},"geometry":{"type":"Polygon","coordinates":[[[114.297235,30.519237],[114.296342,30.519302],[114.29582,30.518411],[114.297545,30.518288],[114.297235,30.519237]]]}},{"type":"Feature","id":"cdeb3c09-89f5-4573-9e77-16decebe88f1","properties":{"id":"cdeb3c09-89f5-4573-9e77-16decebe88f1","height":166,"num_floors":52,"class":"building","areaM2":27234,"sourceTile":"tile_1_1","sourceFeatureCount":102299,"heightEstimated":true},"geometry":{"type":"Polygon","coordinates":[[[114.300461,30.52021],[114.300703,30.519459],[114.30191,30.519762],[114.301579,30.520841],[114.300838,30.521221],[114.299379,30.521111],[114.299803,30.520373],[114.300461,30.52021]]]}},{"type":"Feature","id":"c9c84c75-9d3c-4bb4-accb-641c6054afe1","properties":{"id":"c9c84c75-9d3c-4bb4-accb-641c6054afe1","height":39,"num_floors":12,"class":"building","areaM2":161,"sourceTile":"tile_1_1","sourceFeatureCount":102299,"heightEstimated":true},"geometry":{"type":"Polygon","coordinates":[[[114.302544,30.521834],[114.302359,30.521634],[114.3026,30.52173],[114.302544,30.521834]]]}},{"type":"Feature","id":"4ac001f4-fced-48a4-8f0b-5c01af38d9a7","properties":{"id":"4ac001f4-fced-48a4-8f0b-5c01af38d9a7","height":121,"num_floors":38,"class":"retail","areaM2":12375,"sourceTile":"tile_1_1","sourceFeatureCount":102299,"heightEstimated":true},"geometry":{"type":"Polygon","coordinates":[[[114.298925,30.521974],[114.29706,30.521688],[114.297151,30.520997],[114.299088,30.521489],[114.298925,30.521974]]]}},{"type":"Feature","id":"1875acb0-08ea-4848-9d6f-893473932ced","properties":{"id":"1875acb0-08ea-4848-9d6f-893473932ced","height":97,"num_floors":30,"class":"building","areaM2":9413,"sourceTile":"tile_1_1","sourceFeatureCount":102299,"heightEstimated":true},"geometry":{"type":"Polygon","coordinates":[[[114.297395,30.524486],[114.296324,30.524488],[114.296324,30.523601],[114.297288,30.523627],[114.297395,30.524486]]]}},{"type":"Feature","id":"e2831e7c-3fb7-4da9-a115-1771a699968c","properties":{"id":"e2831e7c-3fb7-4da9-a115-1771a699968c","height":22,"num_floors":7,"class":"building","areaM2":18,"sourceTile":"tile_1_1","sourceFeatureCount":102299,"heightEstimated":true},"geometry":{"type":"Polygon","coordinates":[[[114.296475,30.527103],[114.296394,30.527054],[114.296481,30.527065],[114.296475,30.527103]]]}},{"type":"Feature","id":"00d22c73-3b6f-4dff-96cc-168a6a558d2e","properties":{"id":"00d22c73-3b6f-4dff-96cc-168a6a558d2e","height":15,"num_floors":5,"class":"building","areaM2":22,"sourceTile":"tile_1_1","sourceFeatureCount":102299,"heightEstimated":true},"geometry":{"type":"Polygon","coordinates":[[[114.300431,30.526076],[114.300516,30.526122],[114.300457,30.52614],[114.300431,30.526076]]]}},{"type":"Feature","id":"cfb8a333-c628-4bd8-8561-15bae3a15e4b","properties":{"id":"cfb8a333-c628-4bd8-8561-15bae3a15e4b","height":29,"num_floors":9,"class":"school","areaM2":755,"sourceTile":"tile_1_1","sourceFeatureCount":102299,"heightEstimated":true},"geometry":{"type":"Polygon","coordinates":[[[114.297586,30.534734],[114.297833,30.535379],[114.297404,30.534836],[114.297586,30.534734]]]}},{"type":"Feature","id":"6a1a33b3-4a2a-445f-806a-1c5e9f6fc25c","properties":{"id":"6a1a33b3-4a2a-445f-806a-1c5e9f6fc25c","height":126,"num_floors":39,"class":"building","areaM2":10632,"sourceTile":"tile_1_1","sourceFeatureCount":102299,"heightEstimated":true},"geometry":{"type":"Polygon","coordinates":[[[114.29587,30.536403],[114.295368,30.536415],[114.295336,30.534391],[114.295831,30.534406],[114.29587,30.536403]]]}},{"type":"Feature","id":"145a47b3-08d5-4ef0-ba9f-1ac5d5c4fb22","properties":{"id":"145a47b3-08d5-4ef0-ba9f-1ac5d5c4fb22","height":38,"num_floors":12,"class":"building","areaM2":161,"sourceTile":"tile_1_1","sourceFeatureCount":102299,"heightEstimated":true},"geometry":{"type":"Polygon","coordinates":[[[114.292847,30.533211],[114.292748,30.533117],[114.293123,30.533168],[114.292847,30.533211]]]}},{"type":"Feature","id":"80aaef9b-b17a-4262-8d65-5513740a46a7","properties":{"id":"80aaef9b-b17a-4262-8d65-5513740a46a7","height":23,"num_floors":7,"class":"building","areaM2":34,"sourceTile":"tile_1_1","sourceFeatureCount":102299,"heightEstimated":true},"geometry":{"type":"Polygon","coordinates":[[[114.291538,30.527212],[114.291662,30.527182],[114.291586,30.527251],[114.291538,30.527212]]]}},{"type":"Feature","id":"dcd286eb-7c13-4fb1-8233-eabb4e4e468a","properties":{"id":"dcd286eb-7c13-4fb1-8233-eabb4e4e468a","height":14,"num_floors":4,"class":"building","areaM2":27,"sourceTile":"tile_1_1","sourceFeatureCount":102299,"heightEstimated":true},"geometry":{"type":"Polygon","coordinates":[[[114.290602,30.5351],[114.290549,30.535016],[114.290615,30.535024],[114.290602,30.5351]]]}},{"type":"Feature","id":"64edcff4-cdf3-4c3f-8527-339b33d6ad2c","properties":{"id":"64edcff4-cdf3-4c3f-8527-339b33d6ad2c","height":16,"num_floors":5,"class":"building","areaM2":213,"sourceTile":"tile_1_1","sourceFeatureCount":102299,"heightEstimated":true},"geometry":{"type":"Polygon","coordinates":[[[114.284293,30.523162],[114.284531,30.523408],[114.284403,30.523445],[114.284293,30.523162]]]}},{"type":"Feature","id":"cadaa887-fac3-484f-acba-1a5cad6c2af1","properties":{"id":"cadaa887-fac3-484f-acba-1a5cad6c2af1","height":36,"num_floors":11,"class":"building","areaM2":143,"sourceTile":"tile_1_1","sourceFeatureCount":102299,"heightEstimated":true},"geometry":{"type":"Polygon","coordinates":[[[114.280692,30.520059],[114.280962,30.52004],[114.280769,30.520154],[114.280692,30.520059]]]}},{"type":"Feature","id":"42c9930b-57c5-4aea-a41b-e7e49ad926c4","properties":{"id":"42c9930b-57c5-4aea-a41b-e7e49ad926c4","height":25,"num_floors":2,"class":"building","areaM2":78,"sourceTile":"tile_1_1","sourceFeatureCount":102299,"heightEstimated":true},"geometry":{"type":"Polygon","coordinates":[[[114.279303,30.558854],[114.279241,30.559031],[114.279217,30.558863],[114.279303,30.558854]]]}},{"type":"Feature","id":"05fd5a6c-0742-4263-9eba-2583670615c2","properties":{"id":"05fd5a6c-0742-4263-9eba-2583670615c2","height":19,"num_floors":6,"class":"building","areaM2":119,"sourceTile":"tile_1_1","sourceFeatureCount":102299,"heightEstimated":true},"geometry":{"type":"Polygon","coordinates":[[[114.269669,30.559708],[114.26961,30.559959],[114.269577,30.559717],[114.269669,30.559708]]]}},{"type":"Feature","id":"4d9418e2-26c2-4a63-94ff-41d8cc7cbdf2","properties":{"id":"4d9418e2-26c2-4a63-94ff-41d8cc7cbdf2","height":120,"num_floors":38,"class":"building","areaM2":14271,"sourceTile":"tile_1_1","sourceFeatureCount":102299,"heightEstimated":true},"geometry":{"type":"Polygon","coordinates":[[[114.271195,30.559825],[114.27137,30.561291],[114.270462,30.561377],[114.270285,30.559912],[114.271195,30.559825]]]}},{"type":"Feature","id":"dcf678b5-3791-46a2-83c0-9b3e65fdd864","properties":{"id":"dcf678b5-3791-46a2-83c0-9b3e65fdd864","height":121,"num_floors":38,"class":"industrial","areaM2":13124,"sourceTile":"tile_1_1","sourceFeatureCount":102299,"heightEstimated":true},"geometry":{"type":"Polygon","coordinates":[[[114.269826,30.559935],[114.269709,30.559088],[114.271276,30.558928],[114.271374,30.55964],[114.269826,30.559935]]]}},{"type":"Feature","id":"d43080cd-3c1a-4443-89a1-912619e8b78a","properties":{"id":"d43080cd-3c1a-4443-89a1-912619e8b78a","height":94,"num_floors":29,"class":"industrial","areaM2":6562,"sourceTile":"tile_1_1","sourceFeatureCount":102299,"heightEstimated":true},"geometry":{"type":"Polygon","coordinates":[[[114.271224,30.558551],[114.271269,30.558878],[114.269703,30.559037],[114.269641,30.558584],[114.271224,30.558551]]]}},{"type":"Feature","id":"4a8ec784-9df2-4d7d-9521-010c38374ed8","properties":{"id":"4a8ec784-9df2-4d7d-9521-010c38374ed8","height":99,"num_floors":3,"class":"retail","areaM2":6355,"sourceTile":"tile_1_1","sourceFeatureCount":102299,"heightEstimated":true},"geometry":{"type":"Polygon","coordinates":[[[114.271045,30.570336],[114.270342,30.570261],[114.27067,30.569215],[114.27112,30.569388],[114.271045,30.570336]]]}},{"type":"Feature","id":"307342c0-5eec-42cf-ade0-a9ab5924d512","properties":{"id":"307342c0-5eec-42cf-ade0-a9ab5924d512","height":120,"num_floors":6,"class":"retail","areaM2":10978,"sourceTile":"tile_1_1","sourceFeatureCount":102299,"heightEstimated":true},"geometry":{"type":"Polygon","coordinates":[[[114.271967,30.569289],[114.271525,30.569111],[114.271738,30.56763],[114.271963,30.567659],[114.272497,30.565593],[114.272774,30.565665],[114.272179,30.567186],[114.271967,30.569289]]]}},{"type":"Feature","id":"9ef78f63-0eec-4d51-a6ac-10476f3bdc25","properties":{"id":"9ef78f63-0eec-4d51-a6ac-10476f3bdc25","height":86,"num_floors":6,"class":"retail","areaM2":6432,"sourceTile":"tile_1_1","sourceFeatureCount":102299,"heightEstimated":true},"geometry":{"type":"Polygon","coordinates":[[[114.271368,30.567178],[114.271125,30.566875],[114.271359,30.566334],[114.271568,30.566401],[114.271875,30.565234],[114.27227,30.56536],[114.271368,30.567178]]]}},{"type":"Feature","id":"c622843c-7aa2-443f-869d-74db8b4aea0b","properties":{"id":"c622843c-7aa2-443f-869d-74db8b4aea0b","height":10,"num_floors":3,"class":"building","areaM2":101,"sourceTile":"tile_1_1","sourceFeatureCount":102299,"heightEstimated":true},"geometry":{"type":"Polygon","coordinates":[[[114.276539,30.565876],[114.276729,30.565966],[114.276617,30.566013],[114.276539,30.565876]]]}},{"type":"Feature","id":"3e8158d8-f04c-4015-96b3-6c4774fd2919","properties":{"id":"3e8158d8-f04c-4015-96b3-6c4774fd2919","height":31,"num_floors":10,"class":"building","areaM2":69,"sourceTile":"tile_1_1","sourceFeatureCount":102299,"heightEstimated":true},"geometry":{"type":"Polygon","coordinates":[[[114.275162,30.573075],[114.27528,30.573186],[114.275162,30.573186],[114.275162,30.573075]]]}},{"type":"Feature","id":"c971f596-7645-44d9-bed6-308140a56d46","properties":{"id":"c971f596-7645-44d9-bed6-308140a56d46","height":118,"num_floors":40,"class":"commercial","areaM2":11648,"sourceTile":"tile_1_1","sourceFeatureCount":102299,"heightEstimated":true},"geometry":{"type":"Polygon","coordinates":[[[114.273938,30.574807],[114.272946,30.574531],[114.27329,30.57354],[114.274304,30.573792],[114.273938,30.574807]]]}},{"type":"Feature","id":"5f85f371-5c94-478e-9db0-7e2ebf1c46e6","properties":{"id":"5f85f371-5c94-478e-9db0-7e2ebf1c46e6","height":168,"num_floors":8,"class":"retail","areaM2":30797,"sourceTile":"tile_1_1","sourceFeatureCount":102299,"heightEstimated":true},"geometry":{"type":"Polygon","coordinates":[[[114.273938,30.574807],[114.271295,30.574082],[114.271645,30.573095],[114.274304,30.573792],[114.273938,30.574807]]]}},{"type":"Feature","id":"3aa27ce9-4031-44c1-81ea-58726a5f9463","properties":{"id":"3aa27ce9-4031-44c1-81ea-58726a5f9463","height":22,"num_floors":7,"class":"building","areaM2":45,"sourceTile":"tile_1_1","sourceFeatureCount":102299,"heightEstimated":true},"geometry":{"type":"Polygon","coordinates":[[[114.27296,30.572311],[114.273087,30.572257],[114.273068,30.572332],[114.27296,30.572311]]]}},{"type":"Feature","id":"8b010d32-d2c7-4f00-a736-0015cdc28007","properties":{"id":"8b010d32-d2c7-4f00-a736-0015cdc28007","height":157,"num_floors":9,"class":"retail","areaM2":16374,"sourceTile":"tile_1_1","sourceFeatureCount":102299,"heightEstimated":true},"geometry":{"type":"Polygon","coordinates":[[[114.272731,30.572572],[114.271586,30.572244],[114.271558,30.570605],[114.272266,30.570624],[114.272289,30.571839],[114.27282,30.571877],[114.272731,30.572572]]]}},{"type":"Feature","id":"e508c1e9-31ab-420a-8b8a-76a5a6d0f4cb","properties":{"id":"e508c1e9-31ab-420a-8b8a-76a5a6d0f4cb","height":123,"num_floors":38,"class":"hut","areaM2":11599,"sourceTile":"tile_1_1","sourceFeatureCount":102299,"heightEstimated":true},"geometry":{"type":"Polygon","coordinates":[[[114.26946,30.572821],[114.270951,30.573319],[114.270734,30.574132],[114.269248,30.573286],[114.26946,30.572821]]]}},{"type":"Feature","id":"6dfbe489-ff83-4a29-b04b-2439e5799c01","properties":{"id":"6dfbe489-ff83-4a29-b04b-2439e5799c01","height":123,"num_floors":3,"class":"retail","areaM2":13421,"sourceTile":"tile_1_1","sourceFeatureCount":102299,"heightEstimated":true},"geometry":{"type":"Polygon","coordinates":[[[114.270379,30.572086],[114.270369,30.570423],[114.27109,30.570535],[114.271145,30.572294],[114.270379,30.572086]]]}},{"type":"Feature","id":"4e5f2ee2-5fda-4526-89b1-b3e6870ea7d1","properties":{"id":"4e5f2ee2-5fda-4526-89b1-b3e6870ea7d1","height":70,"num_floors":22,"class":"building","areaM2":4019,"sourceTile":"tile_1_1","sourceFeatureCount":102299,"heightEstimated":true},"geometry":{"type":"Polygon","coordinates":[[[114.271533,30.577361],[114.271984,30.577502],[114.272294,30.577752],[114.272108,30.578056],[114.271248,30.577663],[114.271434,30.577359],[114.271914,30.577535],[114.271533,30.577361]]]}},{"type":"Feature","id":"d4970292-b1a4-47c7-bf4c-123b9977cfcc","properties":{"id":"d4970292-b1a4-47c7-bf4c-123b9977cfcc","height":34,"num_floors":11,"class":"building","areaM2":7,"sourceTile":"tile_1_1","sourceFeatureCount":102299,"heightEstimated":true},"geometry":{"type":"Polygon","coordinates":[[[114.273385,30.585368],[114.273359,30.585405],[114.273359,30.585359],[114.273385,30.585368]]]}},{"type":"Feature","id":"b0c8f5e9-aa50-43db-8c97-138f8d80fe5d","properties":{"id":"b0c8f5e9-aa50-43db-8c97-138f8d80fe5d","height":108,"num_floors":34,"class":"building","areaM2":11672,"sourceTile":"tile_1_1","sourceFeatureCount":102299,"heightEstimated":true},"geometry":{"type":"Polygon","coordinates":[[[114.27747,30.588923],[114.276426,30.588181],[114.276672,30.587588],[114.278033,30.588108],[114.27747,30.588923]]]}},{"type":"Feature","id":"984bedd5-cc4d-408a-94cc-aa486285f4e5","properties":{"id":"984bedd5-cc4d-408a-94cc-aa486285f4e5","height":32,"num_floors":10,"class":"building","areaM2":101,"sourceTile":"tile_1_1","sourceFeatureCount":102299,"heightEstimated":true},"geometry":{"type":"Polygon","coordinates":[[[114.275964,30.57867],[114.276191,30.578673],[114.276136,30.578756],[114.275964,30.57867]]]}},{"type":"Feature","id":"a310e8d2-becc-4fd7-aae5-4aac847ed123","properties":{"id":"a310e8d2-becc-4fd7-aae5-4aac847ed123","height":22,"num_floors":7,"class":"building","areaM2":63,"sourceTile":"tile_1_1","sourceFeatureCount":102299,"heightEstimated":true},"geometry":{"type":"Polygon","coordinates":[[[114.281286,30.583143],[114.281288,30.582999],[114.281369,30.583082],[114.281286,30.583143]]]}},{"type":"Feature","id":"f34f1966-0618-4be6-90a0-df14cfe48764","properties":{"id":"f34f1966-0618-4be6-90a0-df14cfe48764","height":100,"num_floors":31,"class":"building","areaM2":8917,"sourceTile":"tile_1_1","sourceFeatureCount":102299,"heightEstimated":true},"geometry":{"type":"Polygon","coordinates":[[[114.279559,30.58789],[114.278996,30.587419],[114.279753,30.586749],[114.280481,30.587358],[114.279559,30.58789]]]}},{"type":"Feature","id":"61144eba-a4da-4b88-81f1-155c4f738c28","properties":{"id":"61144eba-a4da-4b88-81f1-155c4f738c28","height":131,"num_floors":41,"class":"building","areaM2":13659,"sourceTile":"tile_1_1","sourceFeatureCount":102299,"heightEstimated":true},"geometry":{"type":"Polygon","coordinates":[[[114.281052,30.586559],[114.280172,30.586121],[114.279848,30.585686],[114.28093,30.585415],[114.281486,30.585855],[114.281852,30.585757],[114.281608,30.586339],[114.281052,30.586559]]]}},{"type":"Feature","id":"9785810f-f1a1-49c6-a19f-d51021e21949","properties":{"id":"9785810f-f1a1-49c6-a19f-d51021e21949","height":13,"num_floors":4,"class":"building","areaM2":45,"sourceTile":"tile_1_1","sourceFeatureCount":102299,"heightEstimated":true},"geometry":{"type":"Polygon","coordinates":[[[114.281756,30.584642],[114.281615,30.584633],[114.281675,30.584577],[114.281756,30.584642]]]}},{"type":"Feature","id":"c3e5ace9-f7f3-429b-a82b-ff1fae960a6b","properties":{"id":"c3e5ace9-f7f3-429b-a82b-ff1fae960a6b","height":130,"num_floors":41,"class":"building","areaM2":12979,"sourceTile":"tile_1_1","sourceFeatureCount":102299,"heightEstimated":true},"geometry":{"type":"Polygon","coordinates":[[[114.285894,30.582079],[114.285548,30.581547],[114.285654,30.581268],[114.285047,30.580776],[114.285616,30.580496],[114.285756,30.580713],[114.286125,30.580532],[114.286302,30.581289],[114.286528,30.581192],[114.286758,30.581525],[114.285894,30.582079]]]}},{"type":"Feature","id":"86d00299-981f-4445-bab0-261fcccfde76","properties":{"id":"86d00299-981f-4445-bab0-261fcccfde76","height":42,"num_floors":13,"class":"building","areaM2":175,"sourceTile":"tile_1_1","sourceFeatureCount":102299,"heightEstimated":true},"geometry":{"type":"Polygon","coordinates":[[[114.282694,30.581739],[114.282592,30.581494],[114.28279,30.581646],[114.282694,30.581739]]]}},{"type":"Feature","id":"6397772e-4b6e-48a7-b377-b94be921b444","properties":{"id":"6397772e-4b6e-48a7-b377-b94be921b444","height":121,"num_floors":38,"class":"retail","areaM2":9508,"sourceTile":"tile_1_1","sourceFeatureCount":102299,"heightEstimated":true},"geometry":{"type":"Polygon","coordinates":[[[114.282208,30.578052],[114.282382,30.578228],[114.282995,30.577931],[114.283235,30.578353],[114.282341,30.578943],[114.281461,30.578457],[114.282208,30.578052]]]}},{"type":"Feature","id":"3a0db86d-fcab-4b51-8d09-c58c33ce6ffe","properties":{"id":"3a0db86d-fcab-4b51-8d09-c58c33ce6ffe","height":113,"num_floors":35,"class":"building","areaM2":7677,"sourceTile":"tile_1_1","sourceFeatureCount":102299,"heightEstimated":true},"geometry":{"type":"Polygon","coordinates":[[[114.284774,30.580529],[114.284091,30.579548],[114.284672,30.579333],[114.285354,30.580146],[114.284774,30.580529]]]}},{"type":"Feature","id":"b8c56d20-b95c-4474-ba33-46f83fce7253","properties":{"id":"b8c56d20-b95c-4474-ba33-46f83fce7253","height":95,"num_floors":30,"class":"building","areaM2":8904,"sourceTile":"tile_1_1","sourceFeatureCount":102299,"heightEstimated":true},"geometry":{"type":"Polygon","coordinates":[[[114.286362,30.579855],[114.285568,30.580183],[114.285005,30.579356],[114.28581,30.579033],[114.286362,30.579855]]]}},{"type":"Feature","id":"4e0e46a2-5525-4ffc-b7ff-d17c97709c86","properties":{"id":"4e0e46a2-5525-4ffc-b7ff-d17c97709c86","height":27,"num_floors":8,"class":"building","areaM2":40,"sourceTile":"tile_1_1","sourceFeatureCount":102299,"heightEstimated":true},"geometry":{"type":"Polygon","coordinates":[[[114.2855,30.572902],[114.285623,30.572945],[114.285537,30.572976],[114.2855,30.572902]]]}},{"type":"Feature","id":"0b305031-8918-408d-875b-08f505a89e54","properties":{"id":"0b305031-8918-408d-875b-08f505a89e54","height":18,"num_floors":6,"class":"building","areaM2":30,"sourceTile":"tile_1_1","sourceFeatureCount":102299,"heightEstimated":true},"geometry":{"type":"Polygon","coordinates":[[[114.279855,30.574414],[114.279781,30.574333],[114.279876,30.574359],[114.279855,30.574414]]]}},{"type":"Feature","id":"d03fde46-a236-4c47-a916-fce1affab21a","properties":{"id":"d03fde46-a236-4c47-a916-fce1affab21a","height":10,"num_floors":3,"class":"building","areaM2":28,"sourceTile":"tile_1_1","sourceFeatureCount":102299,"heightEstimated":true},"geometry":{"type":"Polygon","coordinates":[[[114.280957,30.572071],[114.281056,30.572112],[114.280982,30.572135],[114.280957,30.572071]]]}},{"type":"Feature","id":"61281fd9-ba5b-45f6-b39a-ac9939898758","properties":{"id":"61281fd9-ba5b-45f6-b39a-ac9939898758","height":126,"num_floors":39,"class":"building","areaM2":12822,"sourceTile":"tile_1_1","sourceFeatureCount":102299,"heightEstimated":true},"geometry":{"type":"Polygon","coordinates":[[[114.280945,30.570465],[114.280648,30.569512],[114.281223,30.569618],[114.281281,30.569906],[114.282315,30.569519],[114.282414,30.570419],[114.280945,30.570465]]]}},{"type":"Feature","id":"eec8e865-e5dc-47a6-97e8-e628b705f501","properties":{"id":"eec8e865-e5dc-47a6-97e8-e628b705f501","height":102,"num_floors":32,"class":"building","areaM2":8100,"sourceTile":"tile_1_1","sourceFeatureCount":102299,"heightEstimated":true},"geometry":{"type":"Polygon","coordinates":[[[114.280251,30.570706],[114.279646,30.57063],[114.279548,30.569525],[114.280294,30.569544],[114.280251,30.570706]]]}},{"type":"Feature","id":"84597984-eae4-40bf-add3-94260b526c40","properties":{"id":"84597984-eae4-40bf-add3-94260b526c40","height":114,"num_floors":36,"class":"building","areaM2":7587,"sourceTile":"tile_1_1","sourceFeatureCount":102299,"heightEstimated":true},"geometry":{"type":"Polygon","coordinates":[[[114.285734,30.570783],[114.285103,30.570597],[114.285074,30.569859],[114.286383,30.57022],[114.285734,30.570783]]]}},{"type":"Feature","id":"eee50f73-a1a8-4748-884f-9b2c46380c38","properties":{"id":"eee50f73-a1a8-4748-884f-9b2c46380c38","height":330,"num_floors":63,"class":"building","areaM2":13389,"sourceTile":"tile_1_1","sourceFeatureCount":102299,"heightEstimated":false},"geometry":{"type":"Polygon","coordinates":[[[114.289658,30.573955],[114.290416,30.57536],[114.289732,30.575651],[114.288875,30.574192],[114.289658,30.573955]]]}},{"type":"Feature","id":"50bd095c-5b5c-4be6-a80e-909ace4c0df3","properties":{"id":"50bd095c-5b5c-4be6-a80e-909ace4c0df3","height":32,"num_floors":10,"class":"building","areaM2":9,"sourceTile":"tile_1_1","sourceFeatureCount":102299,"heightEstimated":true},"geometry":{"type":"Polygon","coordinates":[[[114.287146,30.577308],[114.287182,30.577256],[114.287199,30.577279],[114.287146,30.577308]]]}},{"type":"Feature","id":"1f995bec-b524-41f5-98e6-29875deb211d","properties":{"id":"1f995bec-b524-41f5-98e6-29875deb211d","height":117,"num_floors":37,"class":"building","areaM2":8211,"sourceTile":"tile_1_1","sourceFeatureCount":102299,"heightEstimated":true},"geometry":{"type":"Polygon","coordinates":[[[114.287628,30.578538],[114.286324,30.579182],[114.286051,30.578756],[114.287247,30.578071],[114.287628,30.578538]]]}},{"type":"Feature","id":"d044f951-55a4-4e52-93bc-eec38661aa49","properties":{"id":"d044f951-55a4-4e52-93bc-eec38661aa49","height":92,"num_floors":29,"class":"building","areaM2":6320,"sourceTile":"tile_1_1","sourceFeatureCount":102299,"heightEstimated":true},"geometry":{"type":"Polygon","coordinates":[[[114.287388,30.57954],[114.287976,30.579296],[114.288471,30.580125],[114.287908,30.580361],[114.287388,30.57954]]]}},{"type":"Feature","id":"d1feee88-32b1-4fc5-af0f-4865947ee518","properties":{"id":"d1feee88-32b1-4fc5-af0f-4865947ee518","height":107,"num_floors":33,"class":"building","areaM2":6736,"sourceTile":"tile_1_1","sourceFeatureCount":102299,"heightEstimated":true},"geometry":{"type":"Polygon","coordinates":[[[114.286899,30.581398],[114.286067,30.580178],[114.286496,30.579984],[114.287231,30.581107],[114.286899,30.581398]]]}},{"type":"Feature","id":"e6703a4f-1b71-403c-ab9d-2eb1e071e836","properties":{"id":"e6703a4f-1b71-403c-ab9d-2eb1e071e836","height":102,"num_floors":32,"class":"building","areaM2":10409,"sourceTile":"tile_1_1","sourceFeatureCount":102299,"heightEstimated":true},"geometry":{"type":"Polygon","coordinates":[[[114.286012,30.582323],[114.287349,30.581346],[114.287666,30.581844],[114.286534,30.58277],[114.286012,30.582323]]]}},{"type":"Feature","id":"a2ab9fc8-b55e-4408-8b03-ae3cd5ac24d4","properties":{"id":"a2ab9fc8-b55e-4408-8b03-ae3cd5ac24d4","height":25,"num_floors":8,"class":"building","areaM2":24,"sourceTile":"tile_1_1","sourceFeatureCount":102299,"heightEstimated":true},"geometry":{"type":"Polygon","coordinates":[[[114.290243,30.589537],[114.290468,30.589767],[114.290232,30.589546],[114.290243,30.589537]]]}},{"type":"Feature","id":"57734e1e-7090-4c27-9502-28c8070c0649","properties":{"id":"57734e1e-7090-4c27-9502-28c8070c0649","height":104,"num_floors":33,"class":"hospital","areaM2":6148,"sourceTile":"tile_1_1","sourceFeatureCount":102299,"heightEstimated":true},"geometry":{"type":"Polygon","coordinates":[[[114.289604,30.583685],[114.289465,30.584102],[114.290066,30.583818],[114.290172,30.583984],[114.289429,30.584335],[114.288874,30.583874],[114.289243,30.584045],[114.28916,30.58328],[114.290007,30.583499],[114.290027,30.58371],[114.289604,30.583685]]]}},{"type":"Feature","id":"5b08be9b-2015-4ffd-bf16-3f2b60b3f243","properties":{"id":"5b08be9b-2015-4ffd-bf16-3f2b60b3f243","height":112,"num_floors":3,"class":"building","areaM2":9828,"sourceTile":"tile_1_1","sourceFeatureCount":102299,"heightEstimated":true},"geometry":{"type":"Polygon","coordinates":[[[114.294834,30.582108],[114.294642,30.582192],[114.293776,30.580707],[114.294457,30.581],[114.2955,30.58278],[114.295072,30.582901],[114.294834,30.582108]]]}},{"type":"Feature","id":"04535d1e-4007-4d12-af86-48e04a4c5fc8","properties":{"id":"04535d1e-4007-4d12-af86-48e04a4c5fc8","height":25,"num_floors":8,"class":"building","areaM2":169,"sourceTile":"tile_1_1","sourceFeatureCount":102299,"heightEstimated":true},"geometry":{"type":"Polygon","coordinates":[[[114.293169,30.58259],[114.292862,30.582706],[114.293087,30.582517],[114.293169,30.58259]]]}},{"type":"Feature","id":"7c0392d6-9e34-47b6-9dd7-de81306a49be","properties":{"id":"7c0392d6-9e34-47b6-9dd7-de81306a49be","height":12,"num_floors":4,"class":"building","areaM2":59,"sourceTile":"tile_1_1","sourceFeatureCount":102299,"heightEstimated":true},"geometry":{"type":"Polygon","coordinates":[[[114.301766,30.558196],[114.301889,30.558285],[114.301772,30.558291],[114.301766,30.558196]]]}},{"type":"Feature","id":"68cb1d07-330f-4481-9fcf-b0bd564d7412","properties":{"id":"68cb1d07-330f-4481-9fcf-b0bd564d7412","height":33,"num_floors":10,"class":"building","areaM2":36,"sourceTile":"tile_1_1","sourceFeatureCount":102299,"heightEstimated":true},"geometry":{"type":"Polygon","coordinates":[[[114.301297,30.554311],[114.301256,30.554195],[114.301342,30.554274],[114.301297,30.554311]]]}},{"type":"Feature","id":"32232d9d-1c95-479c-95b1-afcec45515f6","properties":{"id":"32232d9d-1c95-479c-95b1-afcec45515f6","height":26,"num_floors":8,"class":"building","areaM2":56,"sourceTile":"tile_1_1","sourceFeatureCount":102299,"heightEstimated":true},"geometry":{"type":"Polygon","coordinates":[[[114.298642,30.556943],[114.29892,30.556919],[114.298917,30.556957],[114.298642,30.556943]]]}},{"type":"Feature","id":"267c2451-4d92-4cf4-8475-a0cdcfe11fc7","properties":{"id":"267c2451-4d92-4cf4-8475-a0cdcfe11fc7","height":15,"num_floors":5,"class":"building","areaM2":9,"sourceTile":"tile_1_1","sourceFeatureCount":102299,"heightEstimated":true},"geometry":{"type":"Polygon","coordinates":[[[114.295604,30.554612],[114.295647,30.554572],[114.295649,30.55461],[114.295604,30.554612]]]}},{"type":"Feature","id":"0da7748a-43f6-4932-836b-8ce97c028118","properties":{"id":"0da7748a-43f6-4932-836b-8ce97c028118","height":96,"num_floors":30,"class":"building","areaM2":6686,"sourceTile":"tile_1_1","sourceFeatureCount":102299,"heightEstimated":true},"geometry":{"type":"Polygon","coordinates":[[[114.294739,30.556746],[114.294274,30.557014],[114.293555,30.556159],[114.294092,30.555857],[114.294739,30.556746]],[[114.294055,30.556064],[114.293782,30.556215],[114.294295,30.55681],[114.294503,30.556688],[114.294055,30.556064]]]}},{"type":"Feature","id":"9255fa28-e53c-42f5-b452-5f2fe15d599a","properties":{"id":"9255fa28-e53c-42f5-b452-5f2fe15d599a","height":8,"num_floors":3,"class":"building","areaM2":20,"sourceTile":"tile_1_1","sourceFeatureCount":102299,"heightEstimated":true},"geometry":{"type":"Polygon","coordinates":[[[114.294778,30.556877],[114.294885,30.556886],[114.294789,30.556914],[114.294778,30.556877]]]}},{"type":"Feature","id":"3ccc7191-c31c-47ad-b5fb-455ae3cdbb13","properties":{"id":"3ccc7191-c31c-47ad-b5fb-455ae3cdbb13","height":33,"num_floors":10,"class":"building","areaM2":48,"sourceTile":"tile_1_1","sourceFeatureCount":102299,"heightEstimated":true},"geometry":{"type":"Polygon","coordinates":[[[114.292109,30.54872],[114.292247,30.548758],[114.292132,30.548792],[114.292109,30.54872]]]}},{"type":"Feature","id":"07dbb30a-be19-41c2-9880-c7fbadc71334","properties":{"id":"07dbb30a-be19-41c2-9880-c7fbadc71334","height":25,"num_floors":8,"class":"building","areaM2":54,"sourceTile":"tile_1_1","sourceFeatureCount":102299,"heightEstimated":true},"geometry":{"type":"Polygon","coordinates":[[[114.289845,30.544087],[114.289881,30.544221],[114.289785,30.544143],[114.289845,30.544087]]]}},{"type":"Feature","id":"addb290f-a5e2-4c97-bb83-88fa636bbc3b","properties":{"id":"addb290f-a5e2-4c97-bb83-88fa636bbc3b","height":16,"num_floors":5,"class":"building","areaM2":31,"sourceTile":"tile_1_1","sourceFeatureCount":102299,"heightEstimated":true},"geometry":{"type":"Polygon","coordinates":[[[114.291482,30.539878],[114.291572,30.539954],[114.291511,30.539969],[114.291482,30.539878]]]}},{"type":"Feature","id":"865a0458-278a-42fb-92ef-3da09182fca3","properties":{"id":"865a0458-278a-42fb-92ef-3da09182fca3","height":8,"num_floors":3,"class":"building","areaM2":22,"sourceTile":"tile_1_1","sourceFeatureCount":102299,"heightEstimated":true},"geometry":{"type":"Polygon","coordinates":[[[114.294409,30.539847],[114.294368,30.539926],[114.294339,30.539878],[114.294409,30.539847]]]}},{"type":"Feature","id":"05e056e5-d441-4c58-9fed-38e06e6f1afe","properties":{"id":"05e056e5-d441-4c58-9fed-38e06e6f1afe","height":87,"num_floors":27,"class":"building","areaM2":7253,"sourceTile":"tile_1_1","sourceFeatureCount":102299,"heightEstimated":true},"geometry":{"type":"Polygon","coordinates":[[[114.297479,30.541517],[114.29677,30.541686],[114.296771,30.540698],[114.297503,30.54065],[114.297538,30.541203],[114.297288,30.541215],[114.297541,30.541257],[114.297479,30.541517]]]}},{"type":"Feature","id":"63db8351-188f-4524-af65-971319867f83","properties":{"id":"63db8351-188f-4524-af65-971319867f83","height":42,"num_floors":13,"class":"building","areaM2":298,"sourceTile":"tile_1_1","sourceFeatureCount":102299,"heightEstimated":true},"geometry":{"type":"Polygon","coordinates":[[[114.295024,30.549505],[114.295285,30.549648],[114.294949,30.549679],[114.295024,30.549505]]]}},{"type":"Feature","id":"65eab570-91bd-4403-ab4a-4bca3940a519","properties":{"id":"65eab570-91bd-4403-ab4a-4bca3940a519","height":25,"num_floors":8,"class":"building","areaM2":57,"sourceTile":"tile_1_1","sourceFeatureCount":102299,"heightEstimated":true},"geometry":{"type":"Polygon","coordinates":[[[114.299882,30.551303],[114.299803,30.551461],[114.299816,30.551299],[114.299882,30.551303]]]}},{"type":"Feature","id":"18f5ce56-e2d3-439f-85ec-cb0d0ff551fd","properties":{"id":"18f5ce56-e2d3-439f-85ec-cb0d0ff551fd","height":14,"num_floors":4,"class":"building","areaM2":27,"sourceTile":"tile_1_1","sourceFeatureCount":102299,"heightEstimated":true},"geometry":{"type":"Polygon","coordinates":[[[114.301514,30.54195],[114.301587,30.542022],[114.301521,30.542026],[114.301514,30.54195]]]}},{"type":"Feature","id":"b4d5a298-34a7-4f22-8589-bc195ea9f384","properties":{"id":"b4d5a298-34a7-4f22-8589-bc195ea9f384","height":139,"num_floors":43,"class":"building","areaM2":12473,"sourceTile":"tile_1_1","sourceFeatureCount":102299,"heightEstimated":true},"geometry":{"type":"Polygon","coordinates":[[[114.300491,30.539969],[114.29949,30.539751],[114.29999,30.538728],[114.300308,30.538678],[114.301058,30.539595],[114.300491,30.539969]]]}},{"type":"Feature","id":"4f4197ff-8e6b-416d-8cea-dbcbd482343c","properties":{"id":"4f4197ff-8e6b-416d-8cea-dbcbd482343c","height":19,"num_floors":6,"class":"building","areaM2":336,"sourceTile":"tile_1_1","sourceFeatureCount":102299,"heightEstimated":true},"geometry":{"type":"Polygon","coordinates":[[[114.305749,30.548686],[114.305434,30.548943],[114.305377,30.548789],[114.305749,30.548686]]]}},{"type":"Feature","id":"5534c56b-738c-43f4-b917-722976656c18","properties":{"id":"5534c56b-738c-43f4-b917-722976656c18","height":30,"num_floors":9,"class":"building","areaM2":39,"sourceTile":"tile_1_1","sourceFeatureCount":102299,"heightEstimated":true},"geometry":{"type":"Polygon","coordinates":[[[114.308473,30.54938],[114.308575,30.549456],[114.308499,30.549472],[114.308473,30.54938]]]}},{"type":"Feature","id":"6e075bf7-1842-4678-bfe1-99664f45cab9","properties":{"id":"6e075bf7-1842-4678-bfe1-99664f45cab9","height":30,"num_floors":9,"class":"building","areaM2":188,"sourceTile":"tile_1_1","sourceFeatureCount":102299,"heightEstimated":true},"geometry":{"type":"Polygon","coordinates":[[[114.311184,30.539577],[114.311631,30.539593],[114.3112,30.539657],[114.311184,30.539577]]]}},{"type":"Feature","id":"1e10371e-8c25-4f78-9ee8-c3b6774a9304","properties":{"id":"1e10371e-8c25-4f78-9ee8-c3b6774a9304","height":14,"num_floors":4,"class":"building","areaM2":40,"sourceTile":"tile_1_1","sourceFeatureCount":102299,"heightEstimated":true},"geometry":{"type":"Polygon","coordinates":[[[114.320556,30.538699],[114.32043,30.538664],[114.320513,30.538627],[114.320556,30.538699]]]}},{"type":"Feature","id":"bf50302e-0192-4f40-abde-573adcfde374","properties":{"id":"bf50302e-0192-4f40-abde-573adcfde374","height":8,"num_floors":3,"class":"building","areaM2":25,"sourceTile":"tile_1_1","sourceFeatureCount":102299,"heightEstimated":true},"geometry":{"type":"Polygon","coordinates":[[[114.317414,30.54914],[114.317537,30.549106],[114.317535,30.549144],[114.317414,30.54914]]]}},{"type":"Feature","id":"35198a51-3ddb-48ea-8b94-95834e4ddcb9","properties":{"id":"35198a51-3ddb-48ea-8b94-95834e4ddcb9","height":33,"num_floors":10,"class":"building","areaM2":106,"sourceTile":"tile_1_1","sourceFeatureCount":102299,"heightEstimated":true},"geometry":{"type":"Polygon","coordinates":[[[114.312913,30.55632],[114.31315,30.556244],[114.313145,30.55633],[114.312913,30.55632]]]}},{"type":"Feature","id":"f46f0bb6-c36e-4541-8c72-25cb2e6d5ef8","properties":{"id":"f46f0bb6-c36e-4541-8c72-25cb2e6d5ef8","height":119,"num_floors":37,"class":"building","areaM2":10270,"sourceTile":"tile_1_1","sourceFeatureCount":102299,"heightEstimated":true},"geometry":{"type":"Polygon","coordinates":[[[114.320342,30.556386],[114.318995,30.556391],[114.31899,30.555675],[114.320342,30.555666],[114.320342,30.556386]]]}},{"type":"Feature","id":"eb7c26d2-6af8-4c70-9c1d-6c6a72833119","properties":{"id":"eb7c26d2-6af8-4c70-9c1d-6c6a72833119","height":130,"num_floors":41,"class":"building","areaM2":15633,"sourceTile":"tile_1_1","sourceFeatureCount":102299,"heightEstimated":true},"geometry":{"type":"Polygon","coordinates":[[[114.312783,30.55884],[114.312284,30.558747],[114.312265,30.55796],[114.313131,30.557968],[114.313082,30.559826],[114.312263,30.559811],[114.312275,30.55903],[114.312783,30.55884]]]}},{"type":"Feature","id":"99501597-f3c4-4d2d-b33c-4e22d7efe1a0","properties":{"id":"99501597-f3c4-4d2d-b33c-4e22d7efe1a0","height":134,"num_floors":42,"class":"commercial","areaM2":12490,"sourceTile":"tile_1_1","sourceFeatureCount":102299,"heightEstimated":true},"geometry":{"type":"Polygon","coordinates":[[[114.31295,30.562993],[114.312266,30.562996],[114.312292,30.561246],[114.312958,30.561249],[114.31295,30.562993]]]}},{"type":"Feature","id":"1206aa1a-c780-4ccf-965c-b6b6d8a1f15e","properties":{"id":"1206aa1a-c780-4ccf-965c-b6b6d8a1f15e","height":34,"num_floors":11,"class":"building","areaM2":376,"sourceTile":"tile_1_1","sourceFeatureCount":102299,"heightEstimated":true},"geometry":{"type":"Polygon","coordinates":[[[114.308005,30.564157],[114.307798,30.564213],[114.30851,30.563677],[114.308005,30.564157]]]}},{"type":"Feature","id":"c31a8885-b1ab-4fcd-996d-28d0b6fb953f","properties":{"id":"c31a8885-b1ab-4fcd-996d-28d0b6fb953f","height":11,"num_floors":3,"class":"building","areaM2":10,"sourceTile":"tile_1_1","sourceFeatureCount":102299,"heightEstimated":true},"geometry":{"type":"Polygon","coordinates":[[[114.306842,30.554057],[114.306907,30.554074],[114.306851,30.554088],[114.306842,30.554057]]]}},{"type":"Feature","id":"0e55da6a-6553-4121-9fd8-a176be945154","properties":{"id":"0e55da6a-6553-4121-9fd8-a176be945154","height":41,"num_floors":13,"class":"building","areaM2":127,"sourceTile":"tile_1_1","sourceFeatureCount":102299,"heightEstimated":true},"geometry":{"type":"Polygon","coordinates":[[[114.305289,30.562967],[114.304991,30.563045],[114.305237,30.5629],[114.305289,30.562967]]]}},{"type":"Feature","id":"e7745adb-43a4-4d10-b468-da14878dc343","properties":{"id":"e7745adb-43a4-4d10-b468-da14878dc343","height":136,"num_floors":43,"class":"building","areaM2":14874,"sourceTile":"tile_1_1","sourceFeatureCount":102299,"heightEstimated":true},"geometry":{"type":"Polygon","coordinates":[[[114.311406,30.567974],[114.31053,30.56864],[114.309536,30.567831],[114.310349,30.567125],[114.311406,30.567974]]]}},{"type":"Feature","id":"616edf18-fcc3-4159-b45c-cf2857e54a44","properties":{"id":"616edf18-fcc3-4159-b45c-cf2857e54a44","height":31,"num_floors":10,"class":"building","areaM2":79,"sourceTile":"tile_1_1","sourceFeatureCount":102299,"heightEstimated":true},"geometry":{"type":"Polygon","coordinates":[[[114.309146,30.572677],[114.309346,30.572795],[114.309286,30.572834],[114.309146,30.572677]]]}},{"type":"Feature","id":"aba9047a-bb00-414c-8605-7cf2e228e236","properties":{"id":"aba9047a-bb00-414c-8605-7cf2e228e236","height":108,"num_floors":34,"class":"building","areaM2":7592,"sourceTile":"tile_1_1","sourceFeatureCount":102299,"heightEstimated":true},"geometry":{"type":"Polygon","coordinates":[[[114.307129,30.573138],[114.307392,30.573616],[114.306234,30.574091],[114.305942,30.573559],[114.307129,30.573138]]]}},{"type":"Feature","id":"1bbf244e-d948-48f0-9eb5-74e832297e0d","properties":{"id":"1bbf244e-d948-48f0-9eb5-74e832297e0d","height":9,"num_floors":3,"class":"apartments","areaM2":6606,"sourceTile":"tile_1_1","sourceFeatureCount":102299,"heightEstimated":false},"geometry":{"type":"Polygon","coordinates":[[[114.31248,30.580495],[114.311499,30.580712],[114.312121,30.580356],[114.31176,30.579882],[114.311106,30.580261],[114.310947,30.580047],[114.311958,30.579475],[114.31248,30.580495]]]}},{"type":"Feature","id":"2211bb5c-cc59-4739-ac32-35b4be96eb78","properties":{"id":"2211bb5c-cc59-4739-ac32-35b4be96eb78","height":20,"num_floors":6,"class":"building","areaM2":32,"sourceTile":"tile_1_1","sourceFeatureCount":102299,"heightEstimated":true},"geometry":{"type":"Polygon","coordinates":[[[114.314204,30.579357],[114.314366,30.579336],[114.314361,30.579374],[114.314204,30.579357]]]}},{"type":"Feature","id":"c2d08026-ee99-4df9-a2b9-d55332908eaf","properties":{"id":"c2d08026-ee99-4df9-a2b9-d55332908eaf","height":168,"num_floors":53,"class":"building","areaM2":33357,"sourceTile":"tile_1_1","sourceFeatureCount":102299,"heightEstimated":true},"geometry":{"type":"Polygon","coordinates":[[[114.322035,30.586815],[114.319177,30.588596],[114.318889,30.588218],[114.320027,30.587333],[114.319616,30.586853],[114.320987,30.58594],[114.321426,30.586132],[114.322035,30.586815]]]}},{"type":"Feature","id":"5f4031f2-19db-4285-8d8f-80d903d95f75","properties":{"id":"5f4031f2-19db-4285-8d8f-80d903d95f75","height":22,"num_floors":7,"class":"building","areaM2":255,"sourceTile":"tile_1_1","sourceFeatureCount":102299,"heightEstimated":true},"geometry":{"type":"Polygon","coordinates":[[[114.319433,30.57945],[114.319017,30.579324],[114.319097,30.579232],[114.319433,30.57945]]]}},{"type":"Feature","id":"ce1a9a01-b8bf-44e8-9eb9-e995446006dc","properties":{"id":"ce1a9a01-b8bf-44e8-9eb9-e995446006dc","height":46,"num_floors":14,"class":"building","areaM2":283,"sourceTile":"tile_1_1","sourceFeatureCount":102299,"heightEstimated":true},"geometry":{"type":"Polygon","coordinates":[[[114.330001,30.57476],[114.329531,30.574738],[114.329579,30.574626],[114.330001,30.57476]]]}},{"type":"Feature","id":"da68a5ff-3b55-45ff-9d6e-49aa8eea0145","properties":{"id":"da68a5ff-3b55-45ff-9d6e-49aa8eea0145","height":92,"num_floors":29,"class":"building","areaM2":7304,"sourceTile":"tile_1_1","sourceFeatureCount":102299,"heightEstimated":true},"geometry":{"type":"Polygon","coordinates":[[[114.324023,30.581294],[114.32384,30.581448],[114.322938,30.580653],[114.323415,30.580252],[114.324322,30.581052],[114.324135,30.581209],[114.323446,30.580785],[114.324023,30.581294]]]}},{"type":"Feature","id":"d4d939d6-e54c-4fe9-a970-9c8db78dab0d","properties":{"id":"d4d939d6-e54c-4fe9-a970-9c8db78dab0d","height":26,"num_floors":8,"class":"building","areaM2":27,"sourceTile":"tile_1_1","sourceFeatureCount":102299,"heightEstimated":true},"geometry":{"type":"Polygon","coordinates":[[[114.324018,30.58693],[114.323913,30.586894],[114.323964,30.586863],[114.324018,30.58693]]]}},{"type":"Feature","id":"e744537e-0163-439b-913a-bca47dec03d9","properties":{"id":"e744537e-0163-439b-913a-bca47dec03d9","height":54,"num_floors":17,"class":"college","areaM2":1652,"sourceTile":"tile_1_1","sourceFeatureCount":102299,"heightEstimated":true},"geometry":{"type":"Polygon","coordinates":[[[114.327254,30.579598],[114.326919,30.579446],[114.327459,30.578958],[114.327614,30.57932],[114.327218,30.57933],[114.327254,30.579598]]]}},{"type":"Feature","id":"fdc2a2e2-3979-41f0-9d9c-4605f6737163","properties":{"id":"fdc2a2e2-3979-41f0-9d9c-4605f6737163","height":112,"num_floors":35,"class":"university","areaM2":8830,"sourceTile":"tile_1_1","sourceFeatureCount":102299,"heightEstimated":true},"geometry":{"type":"Polygon","coordinates":[[[114.326298,30.577798],[114.325501,30.578435],[114.324873,30.577879],[114.32559,30.57726],[114.326298,30.577798]],[[114.325546,30.578323],[114.325989,30.577833],[114.325521,30.577424],[114.325467,30.577823],[114.325114,30.577911],[114.325546,30.578323]]]}},{"type":"Feature","id":"01bdc6c3-5bcf-4cb2-9a41-2cb6b27cd7b5","properties":{"id":"01bdc6c3-5bcf-4cb2-9a41-2cb6b27cd7b5","height":100,"num_floors":31,"class":"building","areaM2":9683,"sourceTile":"tile_1_1","sourceFeatureCount":102299,"heightEstimated":true},"geometry":{"type":"Polygon","coordinates":[[[114.330323,30.584311],[114.329395,30.583596],[114.329525,30.583175],[114.329992,30.583158],[114.33075,30.583805],[114.330774,30.584108],[114.330323,30.584311]]]}},{"type":"Feature","id":"66d22297-ea02-46e8-b23a-24aa4d53f7cc","properties":{"id":"66d22297-ea02-46e8-b23a-24aa4d53f7cc","height":95,"num_floors":30,"class":"building","areaM2":6575,"sourceTile":"tile_1_1","sourceFeatureCount":102299,"heightEstimated":true},"geometry":{"type":"Polygon","coordinates":[[[114.333562,30.589294],[114.332012,30.588364],[114.332109,30.588132],[114.332806,30.588329],[114.333759,30.589189],[114.333562,30.589294]]]}},{"type":"Feature","id":"8beb8915-09f0-4429-abca-cc93af82d999","properties":{"id":"8beb8915-09f0-4429-abca-cc93af82d999","height":44,"num_floors":14,"class":"house","areaM2":1488,"sourceTile":"tile_1_1","sourceFeatureCount":102299,"heightEstimated":true},"geometry":{"type":"Polygon","coordinates":[[[114.338224,30.589468],[114.337826,30.589259],[114.338001,30.589012],[114.33843,30.589236],[114.338224,30.589468]]]}},{"type":"Feature","id":"9347793c-9806-4214-a994-062059418f47","properties":{"id":"9347793c-9806-4214-a994-062059418f47","height":118,"num_floors":37,"class":"building","areaM2":7809,"sourceTile":"tile_1_1","sourceFeatureCount":102299,"heightEstimated":true},"geometry":{"type":"Polygon","coordinates":[[[114.337068,30.586613],[114.337218,30.586392],[114.33673,30.586146],[114.33696,30.585807],[114.338011,30.586583],[114.337995,30.5863],[114.338468,30.586537],[114.33796,30.587004],[114.337698,30.586644],[114.337556,30.586855],[114.337068,30.586613]]]}},{"type":"Feature","id":"a1b2fb84-6b58-4953-8ec8-6684051e8ad4","properties":{"id":"a1b2fb84-6b58-4953-8ec8-6684051e8ad4","height":39,"num_floors":12,"class":"building","areaM2":123,"sourceTile":"tile_1_1","sourceFeatureCount":102299,"heightEstimated":true},"geometry":{"type":"Polygon","coordinates":[[[114.33516,30.562166],[114.335048,30.562342],[114.334997,30.562214],[114.33516,30.562166]]]}},{"type":"Feature","id":"7f0b6f4a-3458-409e-abca-2da4098f4b40","properties":{"id":"7f0b6f4a-3458-409e-abca-2da4098f4b40","height":21,"num_floors":7,"class":"commercial","areaM2":8707,"sourceTile":"tile_1_1","sourceFeatureCount":102299,"heightEstimated":false},"geometry":{"type":"Polygon","coordinates":[[[114.335068,30.556012],[114.334667,30.556163],[114.333843,30.55471],[114.334373,30.554509],[114.335068,30.556012]]]}},{"type":"Feature","id":"46aeebfa-1014-4f3c-9358-0b91d4050fcb","properties":{"id":"46aeebfa-1014-4f3c-9358-0b91d4050fcb","height":9,"num_floors":3,"class":"building","areaM2":8781,"sourceTile":"tile_1_1","sourceFeatureCount":102299,"heightEstimated":false},"geometry":{"type":"Polygon","coordinates":[[[114.332841,30.551451],[114.333533,30.552928],[114.333096,30.553095],[114.332323,30.551631],[114.332841,30.551451]]]}},{"type":"Feature","id":"cc772af5-4482-491e-b20a-268505691b1c","properties":{"id":"cc772af5-4482-491e-b20a-268505691b1c","height":6,"num_floors":31,"class":"building","areaM2":6358,"sourceTile":"tile_1_1","sourceFeatureCount":102299,"heightEstimated":false},"geometry":{"type":"Polygon","coordinates":[[[114.331991,30.560101],[114.330183,30.560846],[114.329998,30.560564],[114.331857,30.559855],[114.331991,30.560101]]]}},{"type":"Feature","id":"6678fa5b-9d25-4780-ad7b-adbc343f3175","properties":{"id":"6678fa5b-9d25-4780-ad7b-adbc343f3175","height":153,"num_floors":5,"class":"building","areaM2":20210,"sourceTile":"tile_1_1","sourceFeatureCount":102299,"heightEstimated":true},"geometry":{"type":"Polygon","coordinates":[[[114.332848,30.559944],[114.33192,30.558287],[114.332656,30.557868],[114.333865,30.559448],[114.332848,30.559944]]]}},{"type":"Feature","id":"bd6bee1a-1e89-4e33-9a59-98d7b8f8f174","properties":{"id":"bd6bee1a-1e89-4e33-9a59-98d7b8f8f174","height":28,"num_floors":9,"class":"retail","areaM2":58,"sourceTile":"tile_1_1","sourceFeatureCount":102299,"heightEstimated":true},"geometry":{"type":"Polygon","coordinates":[[[114.33238,30.56045],[114.332349,30.560589],[114.332293,30.560486],[114.33238,30.56045]]]}},{"type":"Feature","id":"90428c30-8424-4e03-801d-8bbb0e047b94","properties":{"id":"90428c30-8424-4e03-801d-8bbb0e047b94","height":6,"num_floors":45,"class":"building","areaM2":7519,"sourceTile":"tile_1_1","sourceFeatureCount":102299,"heightEstimated":false},"geometry":{"type":"Polygon","coordinates":[[[114.332475,30.563256],[114.331284,30.563009],[114.332767,30.561983],[114.333333,30.562032],[114.334256,30.563075],[114.334042,30.563131],[114.333278,30.562256],[114.332777,30.562206],[114.331628,30.562951],[114.332475,30.563256]]]}},{"type":"Feature","id":"910c66f0-8c64-4893-9d29-f9a94b4f0b31","properties":{"id":"910c66f0-8c64-4893-9d29-f9a94b4f0b31","height":60,"num_floors":19,"class":"building","areaM2":18587,"sourceTile":"tile_1_1","sourceFeatureCount":102299,"heightEstimated":false},"geometry":{"type":"Polygon","coordinates":[[[114.325797,30.560899],[114.326089,30.560422],[114.326374,30.56046],[114.327931,30.561592],[114.328073,30.562238],[114.327544,30.562254],[114.325797,30.560899]]]}},{"type":"Feature","id":"e2bd0b0a-1f18-4679-8776-3af271bf2aa6","properties":{"id":"e2bd0b0a-1f18-4679-8776-3af271bf2aa6","height":6,"num_floors":8,"class":"library","areaM2":17776,"sourceTile":"tile_1_1","sourceFeatureCount":102299,"heightEstimated":false},"geometry":{"type":"Polygon","coordinates":[[[114.323331,30.558134],[114.325224,30.558315],[114.325049,30.559272],[114.323122,30.558875],[114.323331,30.558134]]]}},{"type":"Feature","id":"908b9395-7ac3-453a-9ed6-568ad82b52a5","properties":{"id":"908b9395-7ac3-453a-9ed6-568ad82b52a5","height":19,"num_floors":6,"class":"building","areaM2":45,"sourceTile":"tile_1_1","sourceFeatureCount":102299,"heightEstimated":true},"geometry":{"type":"Polygon","coordinates":[[[114.328941,30.551535],[114.3291,30.551532],[114.328972,30.551588],[114.328941,30.551535]]]}},{"type":"Feature","id":"40e81222-3b7b-4dcd-932b-1597e0e765bb","properties":{"id":"40e81222-3b7b-4dcd-932b-1597e0e765bb","height":20,"num_floors":6,"class":"stadium","areaM2":9599,"sourceTile":"tile_1_1","sourceFeatureCount":102299,"heightEstimated":false},"geometry":{"type":"Polygon","coordinates":[[[114.329573,30.548641],[114.328331,30.548946],[114.328077,30.548397],[114.329223,30.54788],[114.329573,30.548641]]]}},{"type":"Feature","id":"9476661f-bc8b-4ab5-a54d-98fc15cb478d","properties":{"id":"9476661f-bc8b-4ab5-a54d-98fc15cb478d","height":14,"num_floors":4,"class":"building","areaM2":107,"sourceTile":"tile_1_1","sourceFeatureCount":102299,"heightEstimated":true},"geometry":{"type":"Polygon","coordinates":[[[114.325118,30.546524],[114.32529,30.54665],[114.32517,30.54668],[114.325118,30.546524]]]}},{"type":"Feature","id":"b18cf8ab-ac96-48a3-82f6-1e27433ef259","properties":{"id":"b18cf8ab-ac96-48a3-82f6-1e27433ef259","height":27,"num_floors":38,"class":"building","areaM2":10923,"sourceTile":"tile_1_1","sourceFeatureCount":102299,"heightEstimated":false},"geometry":{"type":"Polygon","coordinates":[[[114.325721,30.538529],[114.326286,30.538264],[114.326853,30.539653],[114.326036,30.539965],[114.325825,30.539554],[114.326106,30.539277],[114.325721,30.538529]]]}},{"type":"Feature","id":"fb2ac1ed-24f5-4670-b27b-d62251b9e390","properties":{"id":"fb2ac1ed-24f5-4670-b27b-d62251b9e390","height":115,"num_floors":23,"class":"building","areaM2":7334,"sourceTile":"tile_1_1","sourceFeatureCount":102299,"heightEstimated":true},"geometry":{"type":"Polygon","coordinates":[[[114.329203,30.544465],[114.329413,30.544393],[114.329835,30.544994],[114.328706,30.545363],[114.328384,30.544743],[114.328715,30.544631],[114.32909,30.544965],[114.32886,30.544581],[114.329416,30.544783],[114.329203,30.544465]]]}},{"type":"Feature","id":"1fac592f-0952-498c-ba73-ee3312a5c2b1","properties":{"id":"1fac592f-0952-498c-ba73-ee3312a5c2b1","height":32,"num_floors":10,"class":"building","areaM2":27,"sourceTile":"tile_1_1","sourceFeatureCount":102299,"heightEstimated":true},"geometry":{"type":"Polygon","coordinates":[[[114.329038,30.542232],[114.329101,30.542151],[114.329125,30.542201],[114.329038,30.542232]]]}},{"type":"Feature","id":"4c55ec37-a594-49a6-84ca-eb65797216be","properties":{"id":"4c55ec37-a594-49a6-84ca-eb65797216be","height":94,"num_floors":29,"class":"building","areaM2":6516,"sourceTile":"tile_1_1","sourceFeatureCount":102299,"heightEstimated":true},"geometry":{"type":"Polygon","coordinates":[[[114.33364,30.544879],[114.33304,30.545121],[114.332583,30.54428],[114.333183,30.544038],[114.33364,30.544879]]]}},{"type":"Feature","id":"370dd197-59a8-4150-8bd7-7e445906d800","properties":{"id":"370dd197-59a8-4150-8bd7-7e445906d800","height":18,"num_floors":27,"class":"building","areaM2":8586,"sourceTile":"tile_1_1","sourceFeatureCount":102299,"heightEstimated":false},"geometry":{"type":"Polygon","coordinates":[[[114.33124,30.550461],[114.332071,30.54998],[114.332506,30.550828],[114.3317,30.551152],[114.33124,30.550461]]]}},{"type":"Feature","id":"65465033-4d3e-49ed-9962-19ec6d173bf6","properties":{"id":"65465033-4d3e-49ed-9962-19ec6d173bf6","height":107,"num_floors":6,"class":"hotel","areaM2":7114,"sourceTile":"tile_1_1","sourceFeatureCount":102299,"heightEstimated":true},"geometry":{"type":"Polygon","coordinates":[[[114.332106,30.549827],[114.331617,30.550008],[114.331216,30.549202],[114.330839,30.549155],[114.331782,30.548811],[114.332106,30.549827]]]}},{"type":"Feature","id":"87f90d00-ab08-440c-bc96-1ecfa065c35a","properties":{"id":"87f90d00-ab08-440c-bc96-1ecfa065c35a","height":23,"num_floors":7,"class":"building","areaM2":6,"sourceTile":"tile_1_1","sourceFeatureCount":102299,"heightEstimated":true},"geometry":{"type":"Polygon","coordinates":[[[114.33568,30.546309],[114.335621,30.546303],[114.335631,30.546286],[114.33568,30.546309]]]}},{"type":"Feature","id":"ed21e398-d7d0-4a60-beea-0a83b01fef85","properties":{"id":"ed21e398-d7d0-4a60-beea-0a83b01fef85","height":6,"num_floors":11,"class":"building","areaM2":6030,"sourceTile":"tile_1_1","sourceFeatureCount":102299,"heightEstimated":false},"geometry":{"type":"Polygon","coordinates":[[[114.336105,30.549278],[114.335508,30.548637],[114.337059,30.548728],[114.336572,30.549216],[114.336105,30.549278]]]}},{"type":"Feature","id":"6a49870c-0b5c-42d1-8386-3c7b722b8b99","properties":{"id":"6a49870c-0b5c-42d1-8386-3c7b722b8b99","height":19,"num_floors":6,"class":"building","areaM2":62,"sourceTile":"tile_1_1","sourceFeatureCount":102299,"heightEstimated":true},"geometry":{"type":"Polygon","coordinates":[[[114.336813,30.533195],[114.336654,30.533283],[114.336642,30.533216],[114.336813,30.533195]]]}},{"type":"Feature","id":"3e311315-e023-4d0b-b832-71e6bfc63f77","properties":{"id":"3e311315-e023-4d0b-b832-71e6bfc63f77","height":98,"num_floors":31,"class":"train_station","areaM2":9067,"sourceTile":"tile_1_1","sourceFeatureCount":102299,"heightEstimated":true},"geometry":{"type":"Polygon","coordinates":[[[114.335379,30.532996],[114.334655,30.533309],[114.335304,30.53299],[114.335215,30.532784],[114.334421,30.533041],[114.33424,30.532627],[114.334586,30.532515],[114.334704,30.532785],[114.335959,30.532356],[114.335827,30.532054],[114.336439,30.531855],[114.336644,30.532322],[114.3363,30.532434],[114.336733,30.53271],[114.335989,30.532952],[114.336315,30.532742],[114.336191,30.53246],[114.335275,30.532759],[114.335379,30.532996]]]}},{"type":"Feature","id":"19fdf729-cd68-4914-9710-a0fb061e982f","properties":{"id":"19fdf729-cd68-4914-9710-a0fb061e982f","height":10,"num_floors":3,"class":"building","areaM2":45,"sourceTile":"tile_1_1","sourceFeatureCount":102299,"heightEstimated":true},"geometry":{"type":"Polygon","coordinates":[[[114.334753,30.526472],[114.334653,30.526354],[114.334714,30.526341],[114.334753,30.526472]]]}},{"type":"Feature","id":"d0c66dc5-1f3f-4b40-afaa-c247910f63cb","properties":{"id":"d0c66dc5-1f3f-4b40-afaa-c247910f63cb","height":168,"num_floors":53,"class":"building","areaM2":63128,"sourceTile":"tile_1_1","sourceFeatureCount":102299,"heightEstimated":true},"geometry":{"type":"Polygon","coordinates":[[[114.33664,30.531551],[114.333738,30.532424],[114.333143,30.531052],[114.33693,30.529767],[114.337225,30.529864],[114.33752,30.530599],[114.336625,30.53105],[114.33664,30.531551]]]}},{"type":"Feature","id":"bca4faa4-b79c-434d-a1a4-df265e1e5855","properties":{"id":"bca4faa4-b79c-434d-a1a4-df265e1e5855","height":18,"num_floors":26,"class":"building","areaM2":6800,"sourceTile":"tile_1_1","sourceFeatureCount":102299,"heightEstimated":false},"geometry":{"type":"Polygon","coordinates":[[[114.338041,30.531667],[114.336643,30.532134],[114.336516,30.531853],[114.337874,30.531143],[114.338041,30.531667]]]}},{"type":"Feature","id":"b61d19d6-4534-42ca-a5d5-37e29459e83c","properties":{"id":"b61d19d6-4534-42ca-a5d5-37e29459e83c","height":30,"num_floors":9,"class":"building","areaM2":9,"sourceTile":"tile_1_1","sourceFeatureCount":102299,"heightEstimated":true},"geometry":{"type":"Polygon","coordinates":[[[114.336101,30.522218],[114.336044,30.522183],[114.336071,30.52217],[114.336101,30.522218]]]}},{"type":"Feature","id":"09f8970b-0dda-45b7-97e5-209655b59191","properties":{"id":"09f8970b-0dda-45b7-97e5-209655b59191","height":85,"num_floors":27,"class":"building","areaM2":6431,"sourceTile":"tile_1_1","sourceFeatureCount":102299,"heightEstimated":true},"geometry":{"type":"Polygon","coordinates":[[[114.329075,30.523066],[114.328009,30.523207],[114.327883,30.522496],[114.329003,30.522664],[114.329075,30.523066]]]}},{"type":"Feature","id":"33e27e2d-c810-40e7-a3f1-73a56020c3ba","properties":{"id":"33e27e2d-c810-40e7-a3f1-73a56020c3ba","height":23,"num_floors":7,"class":"building","areaM2":28,"sourceTile":"tile_1_1","sourceFeatureCount":102299,"heightEstimated":true},"geometry":{"type":"Polygon","coordinates":[[[114.325884,30.523225],[114.325946,30.523145],[114.325961,30.523212],[114.325884,30.523225]]]}},{"type":"Feature","id":"6c3ba8b6-c6f9-4f87-a738-32e8db5378ce","properties":{"id":"6c3ba8b6-c6f9-4f87-a738-32e8db5378ce","height":136,"num_floors":43,"class":"building","areaM2":11587,"sourceTile":"tile_1_1","sourceFeatureCount":102299,"heightEstimated":true},"geometry":{"type":"Polygon","coordinates":[[[114.323298,30.518225],[114.328469,30.517097],[114.328523,30.517301],[114.323362,30.518419],[114.323298,30.518225]]]}},{"type":"Feature","id":"c552a3c3-3eac-48e8-a5b1-18fbb74ac883","properties":{"id":"c552a3c3-3eac-48e8-a5b1-18fbb74ac883","height":14,"num_floors":4,"class":"building","areaM2":13,"sourceTile":"tile_1_1","sourceFeatureCount":102299,"heightEstimated":true},"geometry":{"type":"Polygon","coordinates":[[[114.322723,30.526281],[114.322745,30.526347],[114.322703,30.526336],[114.322723,30.526281]]]}},{"type":"Feature","id":"13eeabd6-dc1e-47c3-a1cc-b48b396c6513","properties":{"id":"13eeabd6-dc1e-47c3-a1cc-b48b396c6513","height":9,"num_floors":3,"class":"building","areaM2":45,"sourceTile":"tile_1_1","sourceFeatureCount":102299,"heightEstimated":true},"geometry":{"type":"Polygon","coordinates":[[[114.326904,30.531197],[114.32679,30.53109],[114.326848,30.53107],[114.326904,30.531197]]]}},{"type":"Feature","id":"095fa778-e7d5-4864-ba02-16b5b3cbeb74","properties":{"id":"095fa778-e7d5-4864-ba02-16b5b3cbeb74","height":29,"num_floors":9,"class":"building","areaM2":4,"sourceTile":"tile_1_1","sourceFeatureCount":102299,"heightEstimated":true},"geometry":{"type":"Polygon","coordinates":[[[114.321992,30.534745],[114.321939,30.534731],[114.321982,30.534727],[114.321992,30.534745]]]}},{"type":"Feature","id":"3c80f01e-6ab9-4f0c-af39-87d72a4d84cb","properties":{"id":"3c80f01e-6ab9-4f0c-af39-87d72a4d84cb","height":15,"num_floors":24,"class":"retail","areaM2":8414,"sourceTile":"tile_1_1","sourceFeatureCount":102299,"heightEstimated":false},"geometry":{"type":"Polygon","coordinates":[[[114.324092,30.5364],[114.324294,30.536698],[114.322733,30.537538],[114.322334,30.537171],[114.324092,30.5364]]]}},{"type":"Feature","id":"ab410a83-d0f2-4955-9c92-12a7c9abe037","properties":{"id":"ab410a83-d0f2-4955-9c92-12a7c9abe037","height":117,"num_floors":37,"class":"public","areaM2":8123,"sourceTile":"tile_1_1","sourceFeatureCount":102299,"heightEstimated":true},"geometry":{"type":"Polygon","coordinates":[[[114.322344,30.537612],[114.321106,30.538327],[114.320714,30.537757],[114.321709,30.53725],[114.321947,30.537597],[114.322344,30.537612]]]}},{"type":"Feature","id":"aa352e5c-622d-4e5b-9389-8e5f8afab58d","properties":{"id":"aa352e5c-622d-4e5b-9389-8e5f8afab58d","height":61,"num_floors":19,"class":"building","areaM2":1957,"sourceTile":"tile_1_1","sourceFeatureCount":102299,"heightEstimated":true},"geometry":{"type":"Polygon","coordinates":[[[114.321342,30.52799],[114.320831,30.528155],[114.320155,30.528012],[114.320205,30.527856],[114.321342,30.52799]]]}},{"type":"Feature","id":"8fabd146-a8f7-4712-bdcb-265e1005254a","properties":{"id":"8fabd146-a8f7-4712-bdcb-265e1005254a","height":16,"num_floors":5,"class":"building","areaM2":49,"sourceTile":"tile_1_1","sourceFeatureCount":102299,"heightEstimated":true},"geometry":{"type":"Polygon","coordinates":[[[114.313835,30.538324],[114.314005,30.538265],[114.314007,30.538319],[114.313835,30.538324]]]}},{"type":"Feature","id":"8a8342df-14a0-474a-aa4d-ed716a39b849","properties":{"id":"8a8342df-14a0-474a-aa4d-ed716a39b849","height":99,"num_floors":19,"class":"building","areaM2":7900,"sourceTile":"tile_1_1","sourceFeatureCount":102299,"heightEstimated":true},"geometry":{"type":"Polygon","coordinates":[[[114.312538,30.534594],[114.311851,30.534775],[114.311561,30.533697],[114.312042,30.533424],[114.312538,30.534594]]]}},{"type":"Feature","id":"a9c1df36-4b77-4658-b091-bcc971dd5efe","properties":{"id":"a9c1df36-4b77-4658-b091-bcc971dd5efe","height":20,"num_floors":6,"class":"building","areaM2":378,"sourceTile":"tile_1_1","sourceFeatureCount":102299,"heightEstimated":true},"geometry":{"type":"Polygon","coordinates":[[[114.30407,30.535187],[114.303693,30.535405],[114.303667,30.53523],[114.30407,30.535187]]]}},{"type":"Feature","id":"83bc8453-8341-419f-8c18-33915c5f7419","properties":{"id":"83bc8453-8341-419f-8c18-33915c5f7419","height":126,"num_floors":39,"class":"building","areaM2":10057,"sourceTile":"tile_1_1","sourceFeatureCount":102299,"heightEstimated":true},"geometry":{"type":"Polygon","coordinates":[[[114.309616,30.527768],[114.30896,30.528105],[114.308313,30.527259],[114.308883,30.526619],[114.309616,30.527768]]]}},{"type":"Feature","id":"1a32f90e-7e1f-42f1-884a-e3756a739c1f","properties":{"id":"1a32f90e-7e1f-42f1-884a-e3756a739c1f","height":122,"num_floors":38,"class":"building","areaM2":8875,"sourceTile":"tile_1_1","sourceFeatureCount":102299,"heightEstimated":true},"geometry":{"type":"Polygon","coordinates":[[[114.310348,30.529462],[114.30935,30.530078],[114.309163,30.529129],[114.309834,30.5288],[114.310348,30.529462]]]}},{"type":"Feature","id":"481520af-ac2d-4105-b445-4c20ed68215d","properties":{"id":"481520af-ac2d-4105-b445-4c20ed68215d","height":168,"num_floors":53,"class":"train_station","areaM2":74371,"sourceTile":"tile_1_1","sourceFeatureCount":102299,"heightEstimated":true},"geometry":{"type":"Polygon","coordinates":[[[114.311134,30.530273],[114.310485,30.529422],[114.311595,30.528787],[114.314373,30.532505],[114.313306,30.533151],[114.312522,30.532065],[114.31206,30.532326],[114.310641,30.530551],[114.311134,30.530273]]]}},{"type":"Feature","id":"6dfbf2ab-fdcb-4d83-92a5-3f708bd48277","properties":{"id":"6dfbf2ab-fdcb-4d83-92a5-3f708bd48277","height":28,"num_floors":9,"class":"building","areaM2":9,"sourceTile":"tile_1_1","sourceFeatureCount":102299,"heightEstimated":true},"geometry":{"type":"Polygon","coordinates":[[[114.308191,30.521215],[114.308142,30.521258],[114.308132,30.521232],[114.308191,30.521215]]]}},{"type":"Feature","id":"412a03fa-471e-4615-8eb3-2b603f9e34b1","properties":{"id":"412a03fa-471e-4615-8eb3-2b603f9e34b1","height":23,"num_floors":7,"class":"building","areaM2":54,"sourceTile":"tile_1_1","sourceFeatureCount":102299,"heightEstimated":true},"geometry":{"type":"Polygon","coordinates":[[[114.306985,30.519024],[114.306849,30.518953],[114.306981,30.518947],[114.306985,30.519024]]]}},{"type":"Feature","id":"0ff70147-3ecb-4588-a94f-8bdc289f83a5","properties":{"id":"0ff70147-3ecb-4588-a94f-8bdc289f83a5","height":16,"num_floors":5,"class":"building","areaM2":71,"sourceTile":"tile_1_1","sourceFeatureCount":102299,"heightEstimated":true},"geometry":{"type":"Polygon","coordinates":[[[114.316745,30.52384],[114.316513,30.523898],[114.316513,30.52384],[114.316745,30.52384]]]}},{"type":"Feature","id":"60f62f6a-f946-4d78-a686-3eddd9e37ab1","properties":{"id":"60f62f6a-f946-4d78-a686-3eddd9e37ab1","height":18,"num_floors":6,"class":"building","areaM2":313,"sourceTile":"tile_1_1","sourceFeatureCount":102299,"heightEstimated":true},"geometry":{"type":"Polygon","coordinates":[[[114.317031,30.516731],[114.317472,30.516867],[114.31703,30.516864],[114.317031,30.516731]]]}},{"type":"Feature","id":"410feb9d-d618-4a2c-b808-8f25936de847","properties":{"id":"410feb9d-d618-4a2c-b808-8f25936de847","height":34,"num_floors":11,"class":"building","areaM2":119,"sourceTile":"tile_1_1","sourceFeatureCount":102299,"heightEstimated":true},"geometry":{"type":"Polygon","coordinates":[[[114.346073,30.520364],[114.345837,30.520462],[114.345839,30.520366],[114.346073,30.520364]]]}},{"type":"Feature","id":"b5e2fdaa-20e3-43fb-9109-e96d308c9dbd","properties":{"id":"b5e2fdaa-20e3-43fb-9109-e96d308c9dbd","height":19,"num_floors":6,"class":"building","areaM2":9,"sourceTile":"tile_1_1","sourceFeatureCount":102299,"heightEstimated":true},"geometry":{"type":"Polygon","coordinates":[[[114.342046,30.531335],[114.34201,30.531283],[114.342041,30.531281],[114.342046,30.531335]]]}},{"type":"Feature","id":"f8a3cc92-652b-4b79-8eda-0f890ef2325d","properties":{"id":"f8a3cc92-652b-4b79-8eda-0f890ef2325d","height":131,"num_floors":41,"class":"building","areaM2":17213,"sourceTile":"tile_1_1","sourceFeatureCount":102299,"heightEstimated":true},"geometry":{"type":"Polygon","coordinates":[[[114.344093,30.528912],[114.34261,30.529471],[114.342215,30.528646],[114.343727,30.5279],[114.344093,30.528912]]]}},{"type":"Feature","id":"f68f4afe-abd1-4840-ac90-5d522342a03e","properties":{"id":"f68f4afe-abd1-4840-ac90-5d522342a03e","height":122,"num_floors":38,"class":"commercial","areaM2":11089,"sourceTile":"tile_1_1","sourceFeatureCount":102299,"heightEstimated":true},"geometry":{"type":"Polygon","coordinates":[[[114.347456,30.526552],[114.348363,30.526329],[114.348694,30.527157],[114.34804,30.52735],[114.348163,30.527892],[114.347895,30.527971],[114.347456,30.526552]]]}},{"type":"Feature","id":"cd9f09a5-ca5f-4f5e-8c24-5048554dfd2c","properties":{"id":"cd9f09a5-ca5f-4f5e-8c24-5048554dfd2c","height":95,"num_floors":30,"class":"commercial","areaM2":8518,"sourceTile":"tile_1_1","sourceFeatureCount":102299,"heightEstimated":true},"geometry":{"type":"Polygon","coordinates":[[[114.350402,30.527774],[114.349411,30.528071],[114.349119,30.527347],[114.35011,30.527051],[114.350402,30.527774]]]}},{"type":"Feature","id":"03f441d0-9d98-41f7-a8dd-03a33ef3e166","properties":{"id":"03f441d0-9d98-41f7-a8dd-03a33ef3e166","height":15,"num_floors":22,"class":"commercial","areaM2":9862,"sourceTile":"tile_1_1","sourceFeatureCount":102299,"heightEstimated":false},"geometry":{"type":"Polygon","coordinates":[[[114.351818,30.528913],[114.350054,30.529117],[114.349925,30.528791],[114.351779,30.528245],[114.351818,30.528913]]]}},{"type":"Feature","id":"bc9743af-ed86-432e-a5eb-361be5d3f01a","properties":{"id":"bc9743af-ed86-432e-a5eb-361be5d3f01a","height":17,"num_floors":5,"class":"building","areaM2":100,"sourceTile":"tile_1_1","sourceFeatureCount":102299,"heightEstimated":true},"geometry":{"type":"Polygon","coordinates":[[[114.348977,30.535999],[114.349061,30.53589],[114.349119,30.536041],[114.348977,30.535999]]]}},{"type":"Feature","id":"90d81567-a5a1-4feb-a6df-b87b208538b4","properties":{"id":"90d81567-a5a1-4feb-a6df-b87b208538b4","height":98,"num_floors":31,"class":"hospital","areaM2":6772,"sourceTile":"tile_1_1","sourceFeatureCount":102299,"heightEstimated":true},"geometry":{"type":"Polygon","coordinates":[[[114.339451,30.533048],[114.338585,30.53343],[114.338286,30.53278],[114.33919,30.532472],[114.339451,30.533048]]]}},{"type":"Feature","id":"001b590e-6338-40eb-b29b-5d7631a3c0fe","properties":{"id":"001b590e-6338-40eb-b29b-5d7631a3c0fe","height":109,"num_floors":34,"class":"hospital","areaM2":6513,"sourceTile":"tile_1_1","sourceFeatureCount":102299,"heightEstimated":true},"geometry":{"type":"Polygon","coordinates":[[[114.339033,30.534379],[114.338449,30.53446],[114.338436,30.534126],[114.339027,30.534226],[114.338942,30.53399],[114.338336,30.534066],[114.338328,30.533876],[114.339632,30.533824],[114.33964,30.534025],[114.339323,30.533978],[114.339019,30.534018],[114.339667,30.534207],[114.339128,30.534376],[114.339137,30.534624],[114.339705,30.534764],[114.338555,30.53482],[114.339043,30.534627],[114.339033,30.534379]]]}},{"type":"Feature","id":"d0db2a0e-18e5-4ce2-9cfb-87d87a35ff4a","properties":{"id":"d0db2a0e-18e5-4ce2-9cfb-87d87a35ff4a","height":41,"num_floors":13,"class":"building","areaM2":114,"sourceTile":"tile_1_1","sourceFeatureCount":102299,"heightEstimated":true},"geometry":{"type":"Polygon","coordinates":[[[114.345718,30.541508],[114.345569,30.541654],[114.345574,30.541505],[114.345718,30.541508]]]}},{"type":"Feature","id":"b8b2aa60-9c5e-49d4-9740-206b6729adce","properties":{"id":"b8b2aa60-9c5e-49d4-9740-206b6729adce","height":47,"num_floors":15,"class":"building","areaM2":618,"sourceTile":"tile_1_1","sourceFeatureCount":102299,"heightEstimated":true},"geometry":{"type":"Polygon","coordinates":[[[114.339629,30.550232],[114.340418,30.550236],[114.340379,30.550383],[114.339629,30.550232]]]}},{"type":"Feature","id":"d069f88e-77d7-4edc-b884-e3dc72a7051e","properties":{"id":"d069f88e-77d7-4edc-b884-e3dc72a7051e","height":23,"num_floors":7,"class":"building","areaM2":78,"sourceTile":"tile_1_1","sourceFeatureCount":102299,"heightEstimated":true},"geometry":{"type":"Polygon","coordinates":[[[114.34924,30.556326],[114.349337,30.556159],[114.349326,30.55633],[114.34924,30.556326]]]}},{"type":"Feature","id":"264db918-6944-442e-b11c-0fd5ce195623","properties":{"id":"264db918-6944-442e-b11c-0fd5ce195623","height":102,"num_floors":32,"class":"building","areaM2":6540,"sourceTile":"tile_1_1","sourceFeatureCount":102299,"heightEstimated":true},"geometry":{"type":"Polygon","coordinates":[[[114.341855,30.554244],[114.342689,30.553673],[114.343098,30.554305],[114.342321,30.554648],[114.341855,30.554244]]]}},{"type":"Feature","id":"da6a0ee8-34b0-4500-bf2f-f697e1fd4a94","properties":{"id":"da6a0ee8-34b0-4500-bf2f-f697e1fd4a94","height":10,"num_floors":3,"class":"building","areaM2":17,"sourceTile":"tile_1_1","sourceFeatureCount":102299,"heightEstimated":true},"geometry":{"type":"Polygon","coordinates":[[[114.344748,30.55949],[114.344698,30.559556],[114.344677,30.55952],[114.344748,30.55949]]]}},{"type":"Feature","id":"0014b7e3-416f-49ac-b0b8-c55ade349180","properties":{"id":"0014b7e3-416f-49ac-b0b8-c55ade349180","height":35,"num_floors":11,"class":"building","areaM2":35,"sourceTile":"tile_1_1","sourceFeatureCount":102299,"heightEstimated":true},"geometry":{"type":"Polygon","coordinates":[[[114.345985,30.564397],[114.346102,30.564356],[114.346052,30.56443],[114.345985,30.564397]]]}},{"type":"Feature","id":"a37e4906-f53e-412d-ae28-5ea804579eb8","properties":{"id":"a37e4906-f53e-412d-ae28-5ea804579eb8","height":103,"num_floors":32,"class":"building","areaM2":7626,"sourceTile":"tile_1_1","sourceFeatureCount":102299,"heightEstimated":true},"geometry":{"type":"Polygon","coordinates":[[[114.345554,30.565323],[114.346181,30.566117],[114.345611,30.566496],[114.344935,30.565735],[114.345554,30.565323]]]}},{"type":"Feature","id":"a4ec0158-c0f9-439b-b90a-5eb77a396ad1","properties":{"id":"a4ec0158-c0f9-439b-b90a-5eb77a396ad1","height":94,"num_floors":29,"class":"building","areaM2":7752,"sourceTile":"tile_1_1","sourceFeatureCount":102299,"heightEstimated":true},"geometry":{"type":"Polygon","coordinates":[[[114.343005,30.579051],[114.342415,30.578317],[114.342855,30.577948],[114.343841,30.578877],[114.343264,30.57927],[114.343138,30.579132],[114.34369,30.578756],[114.343287,30.578859],[114.342798,30.578366],[114.343164,30.578943],[114.343005,30.579051]]]}},{"type":"Feature","id":"d76a9d59-2f01-4c52-b118-8136fe0b859f","properties":{"id":"d76a9d59-2f01-4c52-b118-8136fe0b859f","height":27,"num_floors":8,"class":"building","areaM2":41,"sourceTile":"tile_1_1","sourceFeatureCount":102299,"heightEstimated":true},"geometry":{"type":"Polygon","coordinates":[[[114.34566,30.578781],[114.345628,30.578837],[114.345521,30.578782],[114.34566,30.578781]]]}},{"type":"Feature","id":"a0ced6cd-c943-40f6-9df8-c7eea5e2e284","properties":{"id":"a0ced6cd-c943-40f6-9df8-c7eea5e2e284","height":128,"num_floors":40,"class":"building","areaM2":9913,"sourceTile":"tile_1_1","sourceFeatureCount":102299,"heightEstimated":true},"geometry":{"type":"Polygon","coordinates":[[[114.343759,30.58033],[114.340424,30.58105],[114.340365,30.580851],[114.343527,30.580022],[114.343759,30.58033]]]}},{"type":"Feature","id":"f849e892-a32c-48f1-b040-5e1964f2be0f","properties":{"id":"f849e892-a32c-48f1-b040-5e1964f2be0f","height":167,"num_floors":52,"class":"building","areaM2":22172,"sourceTile":"tile_1_1","sourceFeatureCount":102299,"heightEstimated":true},"geometry":{"type":"Polygon","coordinates":[[[114.340229,30.589691],[114.339521,30.590637],[114.338194,30.58998],[114.338654,30.589295],[114.33821,30.589054],[114.338394,30.588617],[114.340229,30.589691]]]}},{"type":"Feature","id":"cb9db7ff-6385-45bb-b014-71cc3a8cb5e7","properties":{"id":"cb9db7ff-6385-45bb-b014-71cc3a8cb5e7","height":19,"num_floors":6,"class":"building","areaM2":41,"sourceTile":"tile_1_1","sourceFeatureCount":102299,"heightEstimated":true},"geometry":{"type":"Polygon","coordinates":[[[114.341179,30.588353],[114.341189,30.58847],[114.341121,30.588432],[114.341179,30.588353]]]}},{"type":"Feature","id":"b189f5a9-e97a-4a2f-ae97-d9efdbdb131b","properties":{"id":"b189f5a9-e97a-4a2f-ae97-d9efdbdb131b","height":163,"num_floors":51,"class":"commercial","areaM2":18985,"sourceTile":"tile_1_1","sourceFeatureCount":102299,"heightEstimated":true},"geometry":{"type":"Polygon","coordinates":[[[114.344595,30.586751],[114.344059,30.587125],[114.343816,30.586875],[114.34353,30.587081],[114.342451,30.586502],[114.343097,30.585638],[114.34339,30.585636],[114.344504,30.586422],[114.34417,30.586585],[114.344595,30.586751]]]}},{"type":"Feature","id":"3b3b755a-322a-4e31-a90b-c1e5555cab2f","properties":{"id":"3b3b755a-322a-4e31-a90b-c1e5555cab2f","height":12,"num_floors":4,"class":"building","areaM2":47,"sourceTile":"tile_1_1","sourceFeatureCount":102299,"heightEstimated":true},"geometry":{"type":"Polygon","coordinates":[[[114.190464,30.632744],[114.190623,30.632696],[114.190618,30.632753],[114.190464,30.632744]]]}},{"type":"Feature","id":"962a876a-ee35-4bce-b13f-e79ec9faa0a7","properties":{"id":"962a876a-ee35-4bce-b13f-e79ec9faa0a7","height":126,"num_floors":39,"class":"building","areaM2":12203,"sourceTile":"tile_1_1","sourceFeatureCount":102299,"heightEstimated":true},"geometry":{"type":"Polygon","coordinates":[[[114.191746,30.632383],[114.191664,30.631114],[114.192569,30.63107],[114.192651,30.632339],[114.191746,30.632383]]]}},{"type":"Feature","id":"3d9f07f6-d724-4565-89be-2fecf490a432","properties":{"id":"3d9f07f6-d724-4565-89be-2fecf490a432","height":114,"num_floors":36,"class":"building","areaM2":9064,"sourceTile":"tile_1_1","sourceFeatureCount":102299,"heightEstimated":true},"geometry":{"type":"Polygon","coordinates":[[[114.19148,30.631766],[114.190408,30.6318],[114.190365,30.631007],[114.191436,30.630964],[114.19148,30.631766]]]}},{"type":"Feature","id":"6a3de9a5-9fdf-4fba-aa21-480868c7efbc","properties":{"id":"6a3de9a5-9fdf-4fba-aa21-480868c7efbc","height":81,"num_floors":25,"class":"building","areaM2":6537,"sourceTile":"tile_1_1","sourceFeatureCount":102299,"heightEstimated":true},"geometry":{"type":"Polygon","coordinates":[[[114.191591,30.622512],[114.192686,30.622533],[114.192684,30.623088],[114.19159,30.623085],[114.191591,30.622512]]]}},{"type":"Feature","id":"85161cac-a9d5-4fef-9763-c889b20bb29a","properties":{"id":"85161cac-a9d5-4fef-9763-c889b20bb29a","height":140,"num_floors":44,"class":"building","areaM2":16562,"sourceTile":"tile_1_1","sourceFeatureCount":102299,"heightEstimated":true},"geometry":{"type":"Polygon","coordinates":[[[114.192945,30.623604],[114.192993,30.622275],[114.193534,30.622297],[114.193612,30.623142],[114.193669,30.622043],[114.194238,30.62196],[114.194212,30.623299],[114.192945,30.623604]]]}},{"type":"Feature","id":"8406abcf-a056-44be-9aa0-2d3d59fe15d3","properties":{"id":"8406abcf-a056-44be-9aa0-2d3d59fe15d3","height":98,"num_floors":31,"class":"building","areaM2":6361,"sourceTile":"tile_1_1","sourceFeatureCount":102299,"heightEstimated":true},"geometry":{"type":"Polygon","coordinates":[[[114.191602,30.621816],[114.192685,30.621862],[114.192679,30.622398],[114.191596,30.62239],[114.191602,30.621816]]]}},{"type":"Feature","id":"16e423cb-c4ea-49c5-b101-68ff7aebffac","properties":{"id":"16e423cb-c4ea-49c5-b101-68ff7aebffac","height":32,"num_floors":10,"class":"building","areaM2":20,"sourceTile":"tile_1_1","sourceFeatureCount":102299,"heightEstimated":true},"geometry":{"type":"Polygon","coordinates":[[[114.187502,30.622649],[114.187563,30.622712],[114.187507,30.622715],[114.187502,30.622649]]]}},{"type":"Feature","id":"279709b3-4c5f-475f-a0b3-1c9c16af889e","properties":{"id":"279709b3-4c5f-475f-a0b3-1c9c16af889e","height":107,"num_floors":33,"class":"building","areaM2":6110,"sourceTile":"tile_1_1","sourceFeatureCount":102299,"heightEstimated":true},"geometry":{"type":"Polygon","coordinates":[[[114.192927,30.623996],[114.193502,30.623999],[114.193496,30.625003],[114.192921,30.625],[114.192927,30.623996]]]}},{"type":"Feature","id":"37cd18e9-6dd3-4fb3-82c8-894255a0920d","properties":{"id":"37cd18e9-6dd3-4fb3-82c8-894255a0920d","height":26,"num_floors":8,"class":"building","areaM2":39,"sourceTile":"tile_1_1","sourceFeatureCount":102299,"heightEstimated":true},"geometry":{"type":"Polygon","coordinates":[[[114.184834,30.631227],[114.184727,30.631297],[114.184725,30.63123],[114.184834,30.631227]]]}},{"type":"Feature","id":"68cc6a4a-7fd2-4185-8921-39f1bac31238","properties":{"id":"68cc6a4a-7fd2-4185-8921-39f1bac31238","height":109,"num_floors":34,"class":"building","areaM2":7786,"sourceTile":"tile_1_1","sourceFeatureCount":102299,"heightEstimated":true},"geometry":{"type":"Polygon","coordinates":[[[114.168004,30.63121],[114.169575,30.631311],[114.169509,30.63167],[114.167899,30.631776],[114.168004,30.63121]]]}},{"type":"Feature","id":"968450f0-55d9-4b87-9d7d-4ef4187e0a95","properties":{"id":"968450f0-55d9-4b87-9d7d-4ef4187e0a95","height":19,"num_floors":6,"class":"building","areaM2":54,"sourceTile":"tile_1_1","sourceFeatureCount":102299,"heightEstimated":true},"geometry":{"type":"Polygon","coordinates":[[[114.169284,30.621565],[114.16937,30.621452],[114.169378,30.62156],[114.169284,30.621565]]]}},{"type":"Feature","id":"6fd10fbf-30d8-41e8-8c60-427e34e6295d","properties":{"id":"6fd10fbf-30d8-41e8-8c60-427e34e6295d","height":168,"num_floors":53,"class":"building","areaM2":40880,"sourceTile":"tile_1_1","sourceFeatureCount":102299,"heightEstimated":true},"geometry":{"type":"Polygon","coordinates":[[[114.166676,30.623778],[114.165459,30.623764],[114.16557,30.620854],[114.16527,30.620808],[114.165298,30.620284],[114.166371,30.620533],[114.16665,30.620953],[114.166676,30.623778]]]}},{"type":"Feature","id":"2c94dc40-12a2-4150-8bc2-8fed5a571a97","properties":{"id":"2c94dc40-12a2-4150-8bc2-8fed5a571a97","height":162,"num_floors":51,"class":"building","areaM2":22079,"sourceTile":"tile_1_1","sourceFeatureCount":102299,"heightEstimated":true},"geometry":{"type":"Polygon","coordinates":[[[114.161529,30.620268],[114.161855,30.621524],[114.160511,30.621783],[114.16039,30.621321],[114.160076,30.621381],[114.160103,30.620341],[114.161529,30.620268]]]}},{"type":"Feature","id":"c169efdb-5b49-418e-8dd4-cb1184c00143","properties":{"id":"c169efdb-5b49-418e-8dd4-cb1184c00143","height":87,"num_floors":27,"class":"building","areaM2":7050,"sourceTile":"tile_1_1","sourceFeatureCount":102299,"heightEstimated":true},"geometry":{"type":"Polygon","coordinates":[[[114.162508,30.632001],[114.162637,30.632382],[114.161028,30.632786],[114.160898,30.632405],[114.162508,30.632001]]]}},{"type":"Feature","id":"46c090b9-d493-4c39-83b2-570b84706067","properties":{"id":"46c090b9-d493-4c39-83b2-570b84706067","height":98,"num_floors":31,"class":"building","areaM2":7420,"sourceTile":"tile_1_1","sourceFeatureCount":102299,"heightEstimated":true},"geometry":{"type":"Polygon","coordinates":[[[114.151595,30.632938],[114.151808,30.632741],[114.152478,30.633179],[114.152158,30.633545],[114.150897,30.632721],[114.151196,30.632378],[114.151761,30.632747],[114.151595,30.632938]]]}},{"type":"Feature","id":"f6d2f748-6fe9-4255-bf85-ea465156d9a7","properties":{"id":"f6d2f748-6fe9-4255-bf85-ea465156d9a7","height":105,"num_floors":33,"class":"building","areaM2":8899,"sourceTile":"tile_1_1","sourceFeatureCount":102299,"heightEstimated":true},"geometry":{"type":"Polygon","coordinates":[[[114.148947,30.61864],[114.148992,30.617916],[114.150151,30.61797],[114.150106,30.618693],[114.148947,30.61864]]]}},{"type":"Feature","id":"762e6246-90a5-4034-a246-8e358e0624b4","properties":{"id":"762e6246-90a5-4034-a246-8e358e0624b4","height":118,"num_floors":37,"class":"building","areaM2":8967,"sourceTile":"tile_1_1","sourceFeatureCount":102299,"heightEstimated":true},"geometry":{"type":"Polygon","coordinates":[[[114.150161,30.617884],[114.148992,30.617813],[114.149051,30.617092],[114.150221,30.617164],[114.150161,30.617884]]]}},{"type":"Feature","id":"7f6956bf-1fc2-443d-9796-b91e9dd95be3","properties":{"id":"7f6956bf-1fc2-443d-9796-b91e9dd95be3","height":104,"num_floors":33,"class":"building","areaM2":9176,"sourceTile":"tile_1_1","sourceFeatureCount":102299,"heightEstimated":true},"geometry":{"type":"Polygon","coordinates":[[[114.155424,30.591186],[114.154878,30.591453],[114.154001,30.590318],[114.154521,30.590017],[114.155424,30.591186]]]}},{"type":"Feature","id":"da1aa7aa-7ada-45c2-9d1f-4c8034634792","properties":{"id":"da1aa7aa-7ada-45c2-9d1f-4c8034634792","height":100,"num_floors":31,"class":"building","areaM2":7356,"sourceTile":"tile_1_1","sourceFeatureCount":102299,"heightEstimated":true},"geometry":{"type":"Polygon","coordinates":[[[114.155475,30.591196],[114.154707,30.589926],[114.155136,30.589731],[114.155904,30.591001],[114.155475,30.591196]]]}},{"type":"Feature","id":"0a7fd5d3-f750-4245-9fcf-d1aa15157821","properties":{"id":"0a7fd5d3-f750-4245-9fcf-d1aa15157821","height":99,"num_floors":31,"class":"building","areaM2":6513,"sourceTile":"tile_1_1","sourceFeatureCount":102299,"heightEstimated":true},"geometry":{"type":"Polygon","coordinates":[[[114.152687,30.591497],[114.154523,30.59201],[114.154479,30.592227],[114.152705,30.591956],[114.152687,30.591497]]]}},{"type":"Feature","id":"7d255953-a89d-403b-80ee-bc745c0a3e78","properties":{"id":"7d255953-a89d-403b-80ee-bc745c0a3e78","height":8,"num_floors":3,"class":"building","areaM2":20,"sourceTile":"tile_1_1","sourceFeatureCount":102299,"heightEstimated":true},"geometry":{"type":"Polygon","coordinates":[[[114.156396,30.592635],[114.156456,30.59271],[114.156409,30.592715],[114.156396,30.592635]]]}},{"type":"Feature","id":"b61ed5d3-b010-432a-9268-d84b338d97c0","properties":{"id":"b61ed5d3-b010-432a-9268-d84b338d97c0","height":125,"num_floors":39,"class":"building","areaM2":11881,"sourceTile":"tile_1_1","sourceFeatureCount":102299,"heightEstimated":true},"geometry":{"type":"Polygon","coordinates":[[[114.159325,30.594779],[114.159735,30.594881],[114.159655,30.595594],[114.158355,30.595503],[114.15865,30.59427],[114.159074,30.594344],[114.158985,30.595134],[114.159325,30.594779]]]}},{"type":"Feature","id":"ba5dc34d-deb2-4d85-90b1-15d26a2b98cd","properties":{"id":"ba5dc34d-deb2-4d85-90b1-15d26a2b98cd","height":85,"num_floors":27,"class":"building","areaM2":7049,"sourceTile":"tile_1_1","sourceFeatureCount":102299,"heightEstimated":true},"geometry":{"type":"Polygon","coordinates":[[[114.158503,30.593177],[114.157842,30.593387],[114.157358,30.593496],[114.157136,30.592749],[114.157601,30.592631],[114.157785,30.592979],[114.158384,30.592827],[114.158503,30.593177]],[[114.157753,30.593389],[114.157739,30.593371],[114.157733,30.59338],[114.157753,30.593389]]]}},{"type":"Feature","id":"82080a79-d177-4147-89c8-2e3e44d53afa","properties":{"id":"82080a79-d177-4147-89c8-2e3e44d53afa","height":132,"num_floors":41,"class":"building","areaM2":11294,"sourceTile":"tile_1_1","sourceFeatureCount":102299,"heightEstimated":true},"geometry":{"type":"Polygon","coordinates":[[[114.160016,30.590436],[114.161359,30.590252],[114.161501,30.591027],[114.160158,30.59121],[114.160016,30.590436]]]}},{"type":"Feature","id":"a6955ce5-5692-47af-acb7-b52e14735ffe","properties":{"id":"a6955ce5-5692-47af-acb7-b52e14735ffe","height":86,"num_floors":27,"class":"building","areaM2":6097,"sourceTile":"tile_1_1","sourceFeatureCount":102299,"heightEstimated":true},"geometry":{"type":"Polygon","coordinates":[[[114.163225,30.592664],[114.163477,30.594211],[114.163112,30.594256],[114.162861,30.592708],[114.163225,30.592664]]]}},{"type":"Feature","id":"2ed425ff-9e4b-4aae-9f6e-398cc9592551","properties":{"id":"2ed425ff-9e4b-4aae-9f6e-398cc9592551","height":161,"num_floors":50,"class":"building","areaM2":18302,"sourceTile":"tile_1_1","sourceFeatureCount":102299,"heightEstimated":true},"geometry":{"type":"Polygon","coordinates":[[[114.164695,30.59301],[114.1662,30.59266],[114.166033,30.592998],[114.166473,30.592739],[114.16619,30.592539],[114.166379,30.592166],[114.166795,30.59277],[114.166003,30.593179],[114.166222,30.593167],[114.166176,30.593522],[114.164941,30.594159],[114.164501,30.59352],[114.164959,30.593394],[114.164695,30.59301]]]}},{"type":"Feature","id":"bcbff664-6a83-41da-9a2e-553c822ea96e","properties":{"id":"bcbff664-6a83-41da-9a2e-553c822ea96e","height":32,"num_floors":10,"class":"building","areaM2":28,"sourceTile":"tile_1_1","sourceFeatureCount":102299,"heightEstimated":true},"geometry":{"type":"Polygon","coordinates":[[[114.167348,30.593689],[114.167261,30.593629],[114.167339,30.593622],[114.167348,30.593689]]]}},{"type":"Feature","id":"1556b1e6-0cfa-42a5-8edf-700f9a4c5ea6","properties":{"id":"1556b1e6-0cfa-42a5-8edf-700f9a4c5ea6","height":168,"num_floors":53,"class":"building","areaM2":24606,"sourceTile":"tile_1_1","sourceFeatureCount":102299,"heightEstimated":true},"geometry":{"type":"Polygon","coordinates":[[[114.166924,30.595597],[114.166969,30.595978],[114.167174,30.59571],[114.167241,30.596617],[114.167064,30.596261],[114.167052,30.596616],[114.16618,30.596656],[114.166186,30.597479],[114.165513,30.597509],[114.165068,30.595826],[114.165619,30.5958],[114.165663,30.596526],[114.165933,30.59659],[114.165916,30.595586],[114.166924,30.595597]]]}},{"type":"Feature","id":"6c729140-f9d0-4e8e-949a-05841348e076","properties":{"id":"6c729140-f9d0-4e8e-949a-05841348e076","height":105,"num_floors":33,"class":"building","areaM2":7610,"sourceTile":"tile_1_1","sourceFeatureCount":102299,"heightEstimated":true},"geometry":{"type":"Polygon","coordinates":[[[114.161524,30.598088],[114.163027,30.598095],[114.163024,30.598573],[114.161521,30.598566],[114.161524,30.598088]]]}},{"type":"Feature","id":"0043ae6a-5466-44c9-ab92-e36cd5df91fe","properties":{"id":"0043ae6a-5466-44c9-ab92-e36cd5df91fe","height":25,"num_floors":8,"class":"building","areaM2":39,"sourceTile":"tile_1_1","sourceFeatureCount":102299,"heightEstimated":true},"geometry":{"type":"Polygon","coordinates":[[[114.15152,30.602637],[114.151433,30.602726],[114.151414,30.60266],[114.15152,30.602637]]]}},{"type":"Feature","id":"2e624ce3-59c6-4aef-a4d9-d4dd7641ef3c","properties":{"id":"2e624ce3-59c6-4aef-a4d9-d4dd7641ef3c","height":168,"num_floors":53,"class":"building","areaM2":22904,"sourceTile":"tile_1_1","sourceFeatureCount":102299,"heightEstimated":true},"geometry":{"type":"Polygon","coordinates":[[[114.150374,30.607769],[114.149736,30.607244],[114.151705,30.605475],[114.152343,30.606001],[114.150374,30.607769]]]}},{"type":"Feature","id":"e0a39a33-43f8-490f-9de4-61cbff9cd7e8","properties":{"id":"e0a39a33-43f8-490f-9de4-61cbff9cd7e8","height":95,"num_floors":30,"class":"building","areaM2":6179,"sourceTile":"tile_1_1","sourceFeatureCount":102299,"heightEstimated":true},"geometry":{"type":"Polygon","coordinates":[[[114.153355,30.607941],[114.152652,30.607391],[114.153132,30.606936],[114.153835,30.607486],[114.153355,30.607941]]]}},{"type":"Feature","id":"40bb1a00-170f-4a10-99da-eb94ed0ddb8d","properties":{"id":"40bb1a00-170f-4a10-99da-eb94ed0ddb8d","height":100,"num_floors":31,"class":"building","areaM2":6037,"sourceTile":"tile_1_1","sourceFeatureCount":102299,"heightEstimated":true},"geometry":{"type":"Polygon","coordinates":[[[114.154405,30.606976],[114.153918,30.607424],[114.153239,30.606876],[114.153726,30.606429],[114.154405,30.606976]]]}},{"type":"Feature","id":"f1abb29d-7240-40ad-a57d-66730788db9e","properties":{"id":"f1abb29d-7240-40ad-a57d-66730788db9e","height":106,"num_floors":33,"class":"building","areaM2":6158,"sourceTile":"tile_1_1","sourceFeatureCount":102299,"heightEstimated":true},"geometry":{"type":"Polygon","coordinates":[[[114.154473,30.606925],[114.153802,30.606371],[114.154306,30.60592],[114.154976,30.606474],[114.154473,30.606925]]]}},{"type":"Feature","id":"9bcc0952-be12-496a-960a-61238f83574d","properties":{"id":"9bcc0952-be12-496a-960a-61238f83574d","height":55,"num_floors":17,"class":"building","areaM2":1947,"sourceTile":"tile_1_1","sourceFeatureCount":102299,"heightEstimated":true},"geometry":{"type":"Polygon","coordinates":[[[114.1518,30.614687],[114.151469,30.614671],[114.151504,30.614117],[114.151836,30.614133],[114.1518,30.614687]]]}},{"type":"Feature","id":"35237a0c-5086-45ae-9b83-da606c73e84e","properties":{"id":"35237a0c-5086-45ae-9b83-da606c73e84e","height":111,"num_floors":35,"class":"building","areaM2":6675,"sourceTile":"tile_1_1","sourceFeatureCount":102299,"heightEstimated":true},"geometry":{"type":"Polygon","coordinates":[[[114.152697,30.614801],[114.152769,30.614144],[114.153506,30.614204],[114.1535,30.614665],[114.153673,30.614199],[114.153582,30.615027],[114.152697,30.614801]]]}},{"type":"Feature","id":"91ae49a6-0d35-49af-a62d-57d59fa8e880","properties":{"id":"91ae49a6-0d35-49af-a62d-57d59fa8e880","height":107,"num_floors":33,"class":"building","areaM2":10815,"sourceTile":"tile_1_1","sourceFeatureCount":102299,"heightEstimated":true},"geometry":{"type":"Polygon","coordinates":[[[114.151956,30.617951],[114.150556,30.617882],[114.150604,30.617155],[114.152004,30.617224],[114.151956,30.617951]]]}},{"type":"Feature","id":"3eeba015-9dab-489c-aa0e-8928f1825807","properties":{"id":"3eeba015-9dab-489c-aa0e-8928f1825807","height":133,"num_floors":42,"class":"building","areaM2":10617,"sourceTile":"tile_1_1","sourceFeatureCount":102299,"heightEstimated":true},"geometry":{"type":"Polygon","coordinates":[[[114.150503,30.618722],[114.150553,30.618011],[114.151959,30.618085],[114.151908,30.618796],[114.150503,30.618722]]]}},{"type":"Feature","id":"92c38ad5-ff18-4f5a-ae7e-e24b8bb67d61","properties":{"id":"92c38ad5-ff18-4f5a-ae7e-e24b8bb67d61","height":168,"num_floors":53,"class":"building","areaM2":64102,"sourceTile":"tile_1_1","sourceFeatureCount":102299,"heightEstimated":true},"geometry":{"type":"Polygon","coordinates":[[[114.162705,30.620965],[114.161177,30.620134],[114.160759,30.620215],[114.159863,30.619356],[114.160426,30.618403],[114.162282,30.618874],[114.163236,30.619848],[114.164079,30.619843],[114.1641,30.621071],[114.163027,30.621076],[114.163011,30.620845],[114.162705,30.620965]]]}},{"type":"Feature","id":"24fb0f69-4733-4c22-b4b9-5f2e10140c2a","properties":{"id":"24fb0f69-4733-4c22-b4b9-5f2e10140c2a","height":82,"num_floors":26,"class":"building","areaM2":6813,"sourceTile":"tile_1_1","sourceFeatureCount":102299,"heightEstimated":true},"geometry":{"type":"Polygon","coordinates":[[[114.169612,30.614548],[114.169334,30.614587],[114.169284,30.61432],[114.16873,30.614657],[114.168652,30.614244],[114.16822,30.614304],[114.168295,30.614704],[114.168017,30.614743],[114.167965,30.614463],[114.168129,30.614152],[114.169502,30.613961],[114.169612,30.614548]]]}},{"type":"Feature","id":"b3b86a08-a285-4f1e-bcf8-9a0e60bdaa01","properties":{"id":"b3b86a08-a285-4f1e-bcf8-9a0e60bdaa01","height":42,"num_floors":13,"class":"building","areaM2":1513,"sourceTile":"tile_1_1","sourceFeatureCount":102299,"heightEstimated":true},"geometry":{"type":"Polygon","coordinates":[[[114.162495,30.615972],[114.16319,30.616282],[114.163123,30.616428],[114.162374,30.616145],[114.162495,30.615972]]]}},{"type":"Feature","id":"4a786a18-0d11-49ec-86b6-13c806ce4cfd","properties":{"id":"4a786a18-0d11-49ec-86b6-13c806ce4cfd","height":101,"num_floors":32,"class":"building","areaM2":9294,"sourceTile":"tile_1_1","sourceFeatureCount":102299,"heightEstimated":true},"geometry":{"type":"Polygon","coordinates":[[[114.168561,30.611845],[114.168894,30.612847],[114.168456,30.612931],[114.168172,30.612037],[114.168093,30.612523],[114.167343,30.612587],[114.167268,30.612155],[114.168561,30.611845]]]}},{"type":"Feature","id":"78920d10-e0d0-4430-a43f-9bb4ff74ad4e","properties":{"id":"78920d10-e0d0-4430-a43f-9bb4ff74ad4e","height":41,"num_floors":13,"class":"building","areaM2":233,"sourceTile":"tile_1_1","sourceFeatureCount":102299,"heightEstimated":true},"geometry":{"type":"Polygon","coordinates":[[[114.164442,30.610055],[114.164205,30.61036],[114.164126,30.610276],[114.164442,30.610055]]]}},{"type":"Feature","id":"64a7b5d4-2dce-46a5-b1cd-4aa1cbd74ef4","properties":{"id":"64a7b5d4-2dce-46a5-b1cd-4aa1cbd74ef4","height":92,"num_floors":29,"class":"building","areaM2":6810,"sourceTile":"tile_1_1","sourceFeatureCount":102299,"heightEstimated":true},"geometry":{"type":"Polygon","coordinates":[[[114.167228,30.609278],[114.167574,30.609975],[114.16673,30.610301],[114.166434,30.609732],[114.167228,30.609278]]]}},{"type":"Feature","id":"6b80579b-4ef4-452f-a0d3-5f4528604dea","properties":{"id":"6b80579b-4ef4-452f-a0d3-5f4528604dea","height":102,"num_floors":32,"class":"building","areaM2":6234,"sourceTile":"tile_1_1","sourceFeatureCount":102299,"heightEstimated":true},"geometry":{"type":"Polygon","coordinates":[[[114.175909,30.608337],[114.175774,30.607958],[114.176899,30.607506],[114.177098,30.608037],[114.175909,30.608337]]]}},{"type":"Feature","id":"9bae5c64-ba6a-4740-b424-60d911c982bb","properties":{"id":"9bae5c64-ba6a-4740-b424-60d911c982bb","height":27,"num_floors":8,"class":"building","areaM2":89,"sourceTile":"tile_1_1","sourceFeatureCount":102299,"heightEstimated":true},"geometry":{"type":"Polygon","coordinates":[[[114.183575,30.606378],[114.183748,30.606461],[114.18362,30.606497],[114.183575,30.606378]]]}},{"type":"Feature","id":"009886ba-41d2-4b0e-99eb-08c46a2fa61e","properties":{"id":"009886ba-41d2-4b0e-99eb-08c46a2fa61e","height":131,"num_floors":41,"class":"building","areaM2":10903,"sourceTile":"tile_1_1","sourceFeatureCount":102299,"heightEstimated":true},"geometry":{"type":"Polygon","coordinates":[[[114.186787,30.609206],[114.185459,30.609371],[114.185351,30.608726],[114.186623,30.608326],[114.186787,30.609206]]]}},{"type":"Feature","id":"46acb901-b373-40a0-9050-771766ef69e9","properties":{"id":"46acb901-b373-40a0-9050-771766ef69e9","height":108,"num_floors":34,"class":"building","areaM2":8261,"sourceTile":"tile_1_1","sourceFeatureCount":102299,"heightEstimated":true},"geometry":{"type":"Polygon","coordinates":[[[114.183117,30.6112],[114.183741,30.611165],[114.183821,30.611933],[114.183568,30.611912],[114.18358,30.612033],[114.183824,30.61196],[114.18389,30.612593],[114.183407,30.61263],[114.183117,30.6112]]]}},{"type":"Feature","id":"d61f099c-330e-4869-a88f-c930c8b42b55","properties":{"id":"d61f099c-330e-4869-a88f-c930c8b42b55","height":129,"num_floors":40,"class":"building","areaM2":11765,"sourceTile":"tile_1_1","sourceFeatureCount":102299,"heightEstimated":true},"geometry":{"type":"Polygon","coordinates":[[[114.182122,30.6131],[114.181971,30.612121],[114.183087,30.611992],[114.183238,30.612971],[114.182122,30.6131]]]}},{"type":"Feature","id":"3da59dfd-eebc-4f38-a2b8-dae92d726ac1","properties":{"id":"3da59dfd-eebc-4f38-a2b8-dae92d726ac1","height":103,"num_floors":32,"class":"building","areaM2":7886,"sourceTile":"tile_1_1","sourceFeatureCount":102299,"heightEstimated":true},"geometry":{"type":"Polygon","coordinates":[[[114.176094,30.610192],[114.176166,30.610565],[114.174933,30.610744],[114.174758,30.610413],[114.175087,30.610229],[114.174532,30.610309],[114.17448,30.610042],[114.175243,30.609891],[114.175246,30.610315],[114.176094,30.610192]]]}},{"type":"Feature","id":"be0690e6-06a1-4383-a706-1ec1e4615876","properties":{"id":"be0690e6-06a1-4383-a706-1ec1e4615876","height":149,"num_floors":47,"class":"building","areaM2":18479,"sourceTile":"tile_1_1","sourceFeatureCount":102299,"heightEstimated":true},"geometry":{"type":"Polygon","coordinates":[[[114.175515,30.611223],[114.175548,30.610712],[114.176165,30.610627],[114.17584,30.610836],[114.176788,30.61083],[114.17641,30.61084],[114.175906,30.610937],[114.176963,30.611093],[114.176007,30.61132],[114.177362,30.611025],[114.177421,30.611345],[114.176801,30.611334],[114.176853,30.611615],[114.175045,30.612027],[114.175091,30.6115],[114.17567,30.61138],[114.174806,30.611498],[114.174732,30.611098],[114.175319,30.611017],[114.174882,30.61131],[114.175515,30.611223]]]}},{"type":"Feature","id":"6c8322fd-539b-4e98-b3ca-57689bc9d693","properties":{"id":"6c8322fd-539b-4e98-b3ca-57689bc9d693","height":17,"num_floors":5,"class":"building","areaM2":45,"sourceTile":"tile_1_1","sourceFeatureCount":102299,"heightEstimated":true},"geometry":{"type":"Polygon","coordinates":[[[114.176271,30.614458],[114.176417,30.614386],[114.176426,30.61444],[114.176271,30.614458]]]}},{"type":"Feature","id":"2e3d4434-ebfd-4a99-a9d8-cdc300d67b56","properties":{"id":"2e3d4434-ebfd-4a99-a9d8-cdc300d67b56","height":88,"num_floors":28,"class":"building","areaM2":6802,"sourceTile":"tile_1_1","sourceFeatureCount":102299,"heightEstimated":true},"geometry":{"type":"Polygon","coordinates":[[[114.17864,30.614009],[114.17873,30.614663],[114.177745,30.614763],[114.177661,30.614129],[114.17864,30.614009]]]}},{"type":"Feature","id":"291e7153-2b0a-4453-84a3-450c3735dbec","properties":{"id":"291e7153-2b0a-4453-84a3-450c3735dbec","height":161,"num_floors":50,"class":"building","areaM2":25527,"sourceTile":"tile_1_1","sourceFeatureCount":102299,"heightEstimated":true},"geometry":{"type":"Polygon","coordinates":[[[114.174217,30.618006],[114.174035,30.616779],[114.176086,30.616552],[114.176265,30.617754],[114.175623,30.617825],[114.175561,30.617411],[114.175265,30.617444],[114.175331,30.617883],[114.174217,30.618006]]]}},{"type":"Feature","id":"aeefe936-d7ac-4e3c-a7e9-ec5805a91584","properties":{"id":"aeefe936-d7ac-4e3c-a7e9-ec5805a91584","height":95,"num_floors":30,"class":"building","areaM2":7731,"sourceTile":"tile_1_1","sourceFeatureCount":102299,"heightEstimated":true},"geometry":{"type":"Polygon","coordinates":[[[114.177312,30.617209],[114.176389,30.617312],[114.176272,30.616534],[114.177195,30.616431],[114.177312,30.617209]]]}},{"type":"Feature","id":"369d0e4b-2a53-43ab-937c-57e73d632144","properties":{"id":"369d0e4b-2a53-43ab-937c-57e73d632144","height":159,"num_floors":50,"class":"building","areaM2":19618,"sourceTile":"tile_1_1","sourceFeatureCount":102299,"heightEstimated":true},"geometry":{"type":"Polygon","coordinates":[[[114.176832,30.618741],[114.176834,30.61779],[114.178783,30.617793],[114.178781,30.618743],[114.176832,30.618741]]]}},{"type":"Feature","id":"401c78ea-ce7a-4ea1-beec-20af10e9f845","properties":{"id":"401c78ea-ce7a-4ea1-beec-20af10e9f845","height":102,"num_floors":32,"class":"building","areaM2":7321,"sourceTile":"tile_1_1","sourceFeatureCount":102299,"heightEstimated":true},"geometry":{"type":"Polygon","coordinates":[[[114.1816,30.616783],[114.180807,30.616854],[114.180792,30.616732],[114.182148,30.61664],[114.182219,30.617231],[114.181114,30.617329],[114.18106,30.616872],[114.1816,30.616783]]]}},{"type":"Feature","id":"5388df4f-b86a-434e-bedd-f56de063743f","properties":{"id":"5388df4f-b86a-434e-bedd-f56de063743f","height":9,"num_floors":3,"class":"building","areaM2":50,"sourceTile":"tile_1_1","sourceFeatureCount":102299,"heightEstimated":true},"geometry":{"type":"Polygon","coordinates":[[[114.18168,30.614033],[114.18177,30.614149],[114.181692,30.614155],[114.18168,30.614033]]]}},{"type":"Feature","id":"83f15787-8d2b-48f1-8f4b-cdd503fcd67d","properties":{"id":"83f15787-8d2b-48f1-8f4b-cdd503fcd67d","height":162,"num_floors":51,"class":"building","areaM2":20034,"sourceTile":"tile_1_1","sourceFeatureCount":102299,"heightEstimated":true},"geometry":{"type":"Polygon","coordinates":[[[114.192152,30.615265],[114.190071,30.615369],[114.189967,30.614699],[114.192012,30.614463],[114.192304,30.615534],[114.190926,30.615598],[114.190897,30.61541],[114.192152,30.615265]]]}},{"type":"Feature","id":"f194cd0d-9120-45f9-b034-b36008b6dc71","properties":{"id":"f194cd0d-9120-45f9-b034-b36008b6dc71","height":123,"num_floors":38,"class":"building","areaM2":14906,"sourceTile":"tile_1_1","sourceFeatureCount":102299,"heightEstimated":true},"geometry":{"type":"Polygon","coordinates":[[[114.19178,30.616017],[114.191893,30.61723],[114.19074,30.61731],[114.190627,30.616098],[114.19178,30.616017]]]}},{"type":"Feature","id":"f32a6fd0-8225-4522-84a9-dc0e69208c0d","properties":{"id":"f32a6fd0-8225-4522-84a9-dc0e69208c0d","height":92,"num_floors":29,"class":"building","areaM2":5977,"sourceTile":"tile_1_1","sourceFeatureCount":102299,"heightEstimated":true},"geometry":{"type":"Polygon","coordinates":[[[114.188603,30.616652],[114.188739,30.617158],[114.188688,30.616538],[114.189218,30.616505],[114.189301,30.617517],[114.188755,30.617551],[114.188603,30.616652]]]}},{"type":"Feature","id":"2b88e254-f208-4571-9d40-6aee555b6137","properties":{"id":"2b88e254-f208-4571-9d40-6aee555b6137","height":127,"num_floors":40,"class":"building","areaM2":11187,"sourceTile":"tile_1_1","sourceFeatureCount":102299,"heightEstimated":true},"geometry":{"type":"Polygon","coordinates":[[[114.189272,30.616501],[114.190335,30.616462],[114.190432,30.617432],[114.189373,30.617512],[114.189272,30.616501]]]}},{"type":"Feature","id":"0aae604e-4303-48be-a76d-91643273f79e","properties":{"id":"0aae604e-4303-48be-a76d-91643273f79e","height":111,"num_floors":35,"class":"building","areaM2":6589,"sourceTile":"tile_1_1","sourceFeatureCount":102299,"heightEstimated":true},"geometry":{"type":"Polygon","coordinates":[[[114.194398,30.614925],[114.194318,30.614063],[114.195035,30.614013],[114.195115,30.614875],[114.194398,30.614925]]]}},{"type":"Feature","id":"b44fdc80-bcb5-4306-ae2e-54edfcddaaf2","properties":{"id":"b44fdc80-bcb5-4306-ae2e-54edfcddaaf2","height":34,"num_floors":11,"class":"building","areaM2":77,"sourceTile":"tile_1_1","sourceFeatureCount":102299,"heightEstimated":true},"geometry":{"type":"Polygon","coordinates":[[[114.19725,30.612938],[114.197186,30.613159],[114.197184,30.612939],[114.19725,30.612938]]]}},{"type":"Feature","id":"0bec1450-f6dc-4b40-9998-0ea4c7be20f7","properties":{"id":"0bec1450-f6dc-4b40-9998-0ea4c7be20f7","height":130,"num_floors":41,"class":"building","areaM2":13825,"sourceTile":"tile_1_1","sourceFeatureCount":102299,"heightEstimated":true},"geometry":{"type":"Polygon","coordinates":[[[114.189065,30.612019],[114.187718,30.612178],[114.187568,30.611227],[114.188915,30.611068],[114.189065,30.612019]]]}},{"type":"Feature","id":"bd0c3e40-c583-40f0-8758-57f5df6ad03a","properties":{"id":"bd0c3e40-c583-40f0-8758-57f5df6ad03a","height":129,"num_floors":40,"class":"building","areaM2":9789,"sourceTile":"tile_1_1","sourceFeatureCount":102299,"heightEstimated":true},"geometry":{"type":"Polygon","coordinates":[[[114.191352,30.609795],[114.190108,30.609973],[114.189951,30.60926],[114.191057,30.609016],[114.191352,30.609795]]]}},{"type":"Feature","id":"78afad52-2d76-44f7-ac32-9542b8cd15dc","properties":{"id":"78afad52-2d76-44f7-ac32-9542b8cd15dc","height":98,"num_floors":31,"class":"building","areaM2":6312,"sourceTile":"tile_1_1","sourceFeatureCount":102299,"heightEstimated":true},"geometry":{"type":"Polygon","coordinates":[[[114.190118,30.608288],[114.190299,30.608904],[114.18939,30.609104],[114.189209,30.608488],[114.190118,30.608288]]]}},{"type":"Feature","id":"aed7f6fd-740a-4f36-8e7e-68006a4e6535","properties":{"id":"aed7f6fd-740a-4f36-8e7e-68006a4e6535","height":28,"num_floors":9,"class":"building","areaM2":118,"sourceTile":"tile_1_1","sourceFeatureCount":102299,"heightEstimated":true},"geometry":{"type":"Polygon","coordinates":[[[114.195013,30.608955],[114.195257,30.608949],[114.195077,30.609045],[114.195013,30.608955]]]}},{"type":"Feature","id":"4139851e-8d90-403c-a906-e3a5a0f50f1a","properties":{"id":"4139851e-8d90-403c-a906-e3a5a0f50f1a","height":24,"num_floors":8,"class":"building","areaM2":224,"sourceTile":"tile_1_1","sourceFeatureCount":102299,"heightEstimated":true},"geometry":{"type":"Polygon","coordinates":[[[114.192338,30.597908],[114.192574,30.597617],[114.192649,30.597704],[114.192338,30.597908]]]}},{"type":"Feature","id":"7cfe0cd5-33f6-4db9-a304-91ae2eaafaff","properties":{"id":"7cfe0cd5-33f6-4db9-a304-91ae2eaafaff","height":123,"num_floors":38,"class":"building","areaM2":9221,"sourceTile":"tile_1_1","sourceFeatureCount":102299,"heightEstimated":true},"geometry":{"type":"Polygon","coordinates":[[[114.184177,30.601548],[114.185059,30.601109],[114.185542,30.601789],[114.184607,30.602306],[114.184177,30.601548]]]}},{"type":"Feature","id":"c3cfe692-fd3c-4054-8934-fd4fac46ca43","properties":{"id":"c3cfe692-fd3c-4054-8934-fd4fac46ca43","height":10,"num_floors":3,"class":"building","areaM2":84,"sourceTile":"tile_1_1","sourceFeatureCount":102299,"heightEstimated":true},"geometry":{"type":"Polygon","coordinates":[[[114.185691,30.602725],[114.18585,30.602562],[114.185891,30.602619],[114.185691,30.602725]]]}},{"type":"Feature","id":"51279aa8-3620-4111-a67f-d6e540fc5c43","properties":{"id":"51279aa8-3620-4111-a67f-d6e540fc5c43","height":110,"num_floors":34,"class":"building","areaM2":8729,"sourceTile":"tile_1_1","sourceFeatureCount":102299,"heightEstimated":true},"geometry":{"type":"Polygon","coordinates":[[[114.177022,30.597861],[114.177565,30.598644],[114.176797,30.599051],[114.176252,30.59826],[114.177022,30.597861]]]}},{"type":"Feature","id":"80d2b271-1346-4d61-8a49-2968d4dac7fe","properties":{"id":"80d2b271-1346-4d61-8a49-2968d4dac7fe","height":32,"num_floors":10,"class":"building","areaM2":71,"sourceTile":"tile_1_1","sourceFeatureCount":102299,"heightEstimated":true},"geometry":{"type":"Polygon","coordinates":[[[114.186566,30.598474],[114.186795,30.598408],[114.186798,30.598465],[114.186566,30.598474]]]}},{"type":"Feature","id":"2ce26df8-ab94-4116-9b84-8618308fdaa1","properties":{"id":"2ce26df8-ab94-4116-9b84-8618308fdaa1","height":92,"num_floors":29,"class":"building","areaM2":6849,"sourceTile":"tile_1_1","sourceFeatureCount":102299,"heightEstimated":true},"geometry":{"type":"Polygon","coordinates":[[[114.1763,30.597467],[114.176119,30.596815],[114.177057,30.596622],[114.177239,30.597273],[114.1763,30.597467]]]}},{"type":"Feature","id":"36245df0-eee5-4f18-a5c7-197ddd4e1ed1","properties":{"id":"36245df0-eee5-4f18-a5c7-197ddd4e1ed1","height":40,"num_floors":13,"class":"building","areaM2":571,"sourceTile":"tile_1_1","sourceFeatureCount":102299,"heightEstimated":true},"geometry":{"type":"Polygon","coordinates":[[[114.18375,30.590767],[114.183803,30.590438],[114.1839,30.590415],[114.183992,30.590712],[114.18375,30.590767]]]}},{"type":"Feature","id":"18b75b38-20ee-486b-82c7-84285af99dbf","properties":{"id":"18b75b38-20ee-486b-82c7-84285af99dbf","height":95,"num_floors":30,"class":"building","areaM2":7867,"sourceTile":"tile_1_1","sourceFeatureCount":102299,"heightEstimated":true},"geometry":{"type":"Polygon","coordinates":[[[114.190998,30.590028],[114.191693,30.590978],[114.191217,30.591352],[114.190462,30.590321],[114.190998,30.590028]]]}},{"type":"Feature","id":"d3bedcdd-ddfc-449d-b69b-bdb1ba417ace","properties":{"id":"d3bedcdd-ddfc-449d-b69b-bdb1ba417ace","height":16,"num_floors":5,"class":"building","areaM2":67,"sourceTile":"tile_1_1","sourceFeatureCount":102299,"heightEstimated":true},"geometry":{"type":"Polygon","coordinates":[[[114.191747,30.59332],[114.191575,30.593268],[114.191647,30.593216],[114.191747,30.59332]]]}},{"type":"Feature","id":"bfc74f7b-7a39-4ac6-b500-dc760f0f92f5","properties":{"id":"bfc74f7b-7a39-4ac6-b500-dc760f0f92f5","height":115,"num_floors":36,"class":"building","areaM2":9526,"sourceTile":"tile_1_1","sourceFeatureCount":102299,"heightEstimated":true},"geometry":{"type":"Polygon","coordinates":[[[114.189044,30.591372],[114.189267,30.591889],[114.189613,30.591703],[114.190165,30.592472],[114.189528,30.592815],[114.188646,30.591586],[114.189044,30.591372]]]}},{"type":"Feature","id":"2480bf41-5ad3-4a11-b6ee-3b09cb0e7e97","properties":{"id":"2480bf41-5ad3-4a11-b6ee-3b09cb0e7e97","height":8,"num_floors":3,"class":"building","areaM2":9,"sourceTile":"tile_1_1","sourceFeatureCount":102299,"heightEstimated":true},"geometry":{"type":"Polygon","coordinates":[[[114.19924,30.59452],[114.199284,30.594558],[114.19924,30.594558],[114.19924,30.59452]]]}},{"type":"Feature","id":"d1707dec-f335-42ed-b0ea-6ce3eea22da9","properties":{"id":"d1707dec-f335-42ed-b0ea-6ce3eea22da9","height":37,"num_floors":12,"class":"building","areaM2":209,"sourceTile":"tile_1_1","sourceFeatureCount":102299,"heightEstimated":true},"geometry":{"type":"Polygon","coordinates":[[[114.205287,30.593046],[114.204975,30.593092],[114.205171,30.592937],[114.205287,30.593046]]]}},{"type":"Feature","id":"34a119ca-6fb5-4b64-b574-647764a292ec","properties":{"id":"34a119ca-6fb5-4b64-b574-647764a292ec","height":98,"num_floors":31,"class":"building","areaM2":6535,"sourceTile":"tile_1_1","sourceFeatureCount":102299,"heightEstimated":true},"geometry":{"type":"Polygon","coordinates":[[[114.206392,30.598184],[114.205773,30.598609],[114.205589,30.597262],[114.206003,30.59719],[114.206089,30.597906],[114.206319,30.597866],[114.206392,30.598184]]]}},{"type":"Feature","id":"6e3e53bf-1eee-476e-afb1-369ceddc9bb1","properties":{"id":"6e3e53bf-1eee-476e-afb1-369ceddc9bb1","height":39,"num_floors":12,"class":"building","areaM2":574,"sourceTile":"tile_1_1","sourceFeatureCount":102299,"heightEstimated":true},"geometry":{"type":"Polygon","coordinates":[[[114.205585,30.598949],[114.206001,30.59889],[114.206029,30.599009],[114.205616,30.599082],[114.205585,30.598949]]]}},{"type":"Feature","id":"ca837a47-b61f-4781-bc4a-037f9e1e2297","properties":{"id":"ca837a47-b61f-4781-bc4a-037f9e1e2297","height":107,"num_floors":33,"class":"building","areaM2":7617,"sourceTile":"tile_1_1","sourceFeatureCount":102299,"heightEstimated":true},"geometry":{"type":"Polygon","coordinates":[[[114.202968,30.60314],[114.203478,30.604114],[114.202865,30.604388],[114.202392,30.603314],[114.202968,30.60314]]]}},{"type":"Feature","id":"6dee843d-8841-445d-98b7-7c0697755746","properties":{"id":"6dee843d-8841-445d-98b7-7c0697755746","height":13,"num_floors":4,"class":"building","areaM2":40,"sourceTile":"tile_1_1","sourceFeatureCount":102299,"heightEstimated":true},"geometry":{"type":"Polygon","coordinates":[[[114.200098,30.601964],[114.200006,30.601733],[114.200036,30.601727],[114.200098,30.601964]]]}},{"type":"Feature","id":"cdb0a29b-4ea7-4442-8fa2-40244e04970f","properties":{"id":"cdb0a29b-4ea7-4442-8fa2-40244e04970f","height":126,"num_floors":39,"class":"building","areaM2":10789,"sourceTile":"tile_1_1","sourceFeatureCount":102299,"heightEstimated":true},"geometry":{"type":"Polygon","coordinates":[[[114.203821,30.606831],[114.202153,30.607222],[114.205807,30.606059],[114.206006,30.606506],[114.204955,30.606833],[114.204857,30.606616],[114.204137,30.607115],[114.203821,30.606831]]]}},{"type":"Feature","id":"5d56c5a8-ac07-4bac-8e4c-104871b73522","properties":{"id":"5d56c5a8-ac07-4bac-8e4c-104871b73522","height":93,"num_floors":29,"class":"building","areaM2":7848,"sourceTile":"tile_1_1","sourceFeatureCount":102299,"heightEstimated":true},"geometry":{"type":"Polygon","coordinates":[[[114.202015,30.612869],[114.201149,30.612992],[114.200989,30.612148],[114.201893,30.612071],[114.202015,30.612869]]]}},{"type":"Feature","id":"396fb177-fd72-44da-911d-34ab7261562b","properties":{"id":"396fb177-fd72-44da-911d-34ab7261562b","height":41,"num_floors":13,"class":"building","areaM2":111,"sourceTile":"tile_1_1","sourceFeatureCount":102299,"heightEstimated":true},"geometry":{"type":"Polygon","coordinates":[[[114.202747,30.618936],[114.202626,30.619097],[114.202607,30.618949],[114.202747,30.618936]]]}},{"type":"Feature","id":"3621617c-83c8-4f13-ae00-d8ea1b099c08","properties":{"id":"3621617c-83c8-4f13-ae00-d8ea1b099c08","height":102,"num_floors":32,"class":"building","areaM2":6090,"sourceTile":"tile_1_1","sourceFeatureCount":102299,"heightEstimated":true},"geometry":{"type":"Polygon","coordinates":[[[114.207903,30.614752],[114.206857,30.614865],[114.206773,30.614342],[114.207825,30.614198],[114.207903,30.614752]]]}},{"type":"Feature","id":"e5e1992b-1454-42fa-97c3-492184bcc9dc","properties":{"id":"e5e1992b-1454-42fa-97c3-492184bcc9dc","height":112,"num_floors":35,"class":"building","areaM2":7556,"sourceTile":"tile_1_1","sourceFeatureCount":102299,"heightEstimated":true},"geometry":{"type":"Polygon","coordinates":[[[114.204976,30.610234],[114.2049,30.609534],[114.205383,30.609495],[114.205431,30.609939],[114.205758,30.609913],[114.205703,30.609402],[114.206107,30.609369],[114.206186,30.610096],[114.204976,30.610234]]]}},{"type":"Feature","id":"789e0f0d-683c-4466-bf60-43df71a2aa15","properties":{"id":"789e0f0d-683c-4466-bf60-43df71a2aa15","height":47,"num_floors":15,"class":"building","areaM2":651,"sourceTile":"tile_1_1","sourceFeatureCount":102299,"heightEstimated":true},"geometry":{"type":"Polygon","coordinates":[[[114.207454,30.60808],[114.207504,30.608449],[114.207428,30.608454],[114.207199,30.608102],[114.207454,30.60808]]]}},{"type":"Feature","id":"97130046-8ac0-4939-9fab-d31793aae2d8","properties":{"id":"97130046-8ac0-4939-9fab-d31793aae2d8","height":33,"num_floors":10,"class":"building","areaM2":347,"sourceTile":"tile_1_1","sourceFeatureCount":102299,"heightEstimated":true},"geometry":{"type":"Polygon","coordinates":[[[114.211115,30.611721],[114.210649,30.611897],[114.210633,30.611763],[114.211115,30.611721]]]}},{"type":"Feature","id":"f4bcc1b4-4435-474d-8f3b-0cb8c27dac0d","properties":{"id":"f4bcc1b4-4435-474d-8f3b-0cb8c27dac0d","height":162,"num_floors":51,"class":"building","areaM2":22910,"sourceTile":"tile_1_1","sourceFeatureCount":102299,"heightEstimated":true},"geometry":{"type":"Polygon","coordinates":[[[114.212577,30.617331],[114.21596,30.615183],[114.216314,30.615592],[114.212943,30.617746],[114.212577,30.617331]]]}},{"type":"Feature","id":"35140016-d151-4c80-ad38-a591bde975db","properties":{"id":"35140016-d151-4c80-ad38-a591bde975db","height":12,"num_floors":4,"class":"building","areaM2":34,"sourceTile":"tile_1_1","sourceFeatureCount":102299,"heightEstimated":true},"geometry":{"type":"Polygon","coordinates":[[[114.22049,30.60374],[114.22032,30.603759],[114.220326,30.603721],[114.22049,30.60374]]]}},{"type":"Feature","id":"8691950e-c210-4ed6-b208-fbe9c8e07e19","properties":{"id":"8691950e-c210-4ed6-b208-fbe9c8e07e19","height":38,"num_floors":12,"class":"building","areaM2":80,"sourceTile":"tile_1_1","sourceFeatureCount":102299,"heightEstimated":true},"geometry":{"type":"Polygon","coordinates":[[[114.216653,30.604386],[114.216782,30.604239],[114.216739,30.604405],[114.216653,30.604386]]]}},{"type":"Feature","id":"09f1fc5f-1b8e-4b3a-a951-011f7e932222","properties":{"id":"09f1fc5f-1b8e-4b3a-a951-011f7e932222","height":152,"num_floors":48,"class":"building","areaM2":17212,"sourceTile":"tile_1_1","sourceFeatureCount":102299,"heightEstimated":true},"geometry":{"type":"Polygon","coordinates":[[[114.216322,30.600934],[114.215657,30.600838],[114.215733,30.600442],[114.216482,30.600627],[114.216277,30.601693],[114.216059,30.602766],[114.215307,30.602658],[114.215592,30.601352],[114.216219,30.601355],[114.215575,30.601262],[114.215642,30.600913],[114.216322,30.600934]]]}},{"type":"Feature","id":"a6a7adbc-a08c-4d44-a080-2ff281265cb8","properties":{"id":"a6a7adbc-a08c-4d44-a080-2ff281265cb8","height":44,"num_floors":14,"class":"building","areaM2":531,"sourceTile":"tile_1_1","sourceFeatureCount":102299,"heightEstimated":true},"geometry":{"type":"Polygon","coordinates":[[[114.211303,30.595226],[114.211695,30.595403],[114.211438,30.595543],[114.211303,30.595226]]]}},{"type":"Feature","id":"a45cd7d9-eb02-4593-a25c-600d7a02fde8","properties":{"id":"a45cd7d9-eb02-4593-a25c-600d7a02fde8","height":20,"num_floors":6,"class":"building","areaM2":54,"sourceTile":"tile_1_1","sourceFeatureCount":102299,"heightEstimated":true},"geometry":{"type":"Polygon","coordinates":[[[114.21977,30.590964],[114.219806,30.591098],[114.219709,30.591019],[114.21977,30.590964]]]}},{"type":"Feature","id":"907a09b3-ffd5-458c-a8a1-dcdd60b486b5","properties":{"id":"907a09b3-ffd5-458c-a8a1-dcdd60b486b5","height":16,"num_floors":5,"class":"building","areaM2":123,"sourceTile":"tile_1_1","sourceFeatureCount":102299,"heightEstimated":true},"geometry":{"type":"Polygon","coordinates":[[[114.224296,30.604853],[114.22447,30.605033],[114.224369,30.605062],[114.224296,30.604853]]]}},{"type":"Feature","id":"69c86b04-0c90-47a8-a3a6-c5f362e38517","properties":{"id":"69c86b04-0c90-47a8-a3a6-c5f362e38517","height":127,"num_floors":40,"class":"building","areaM2":13458,"sourceTile":"tile_1_1","sourceFeatureCount":102299,"heightEstimated":true},"geometry":{"type":"Polygon","coordinates":[[[114.226356,30.598931],[114.2267,30.599317],[114.224989,30.600637],[114.224548,30.600144],[114.226356,30.598931]]]}},{"type":"Feature","id":"f4194fb8-56a8-4379-87cf-2a5a3403d08a","properties":{"id":"f4194fb8-56a8-4379-87cf-2a5a3403d08a","height":100,"num_floors":31,"class":"building","areaM2":7931,"sourceTile":"tile_1_1","sourceFeatureCount":102299,"heightEstimated":true},"geometry":{"type":"Polygon","coordinates":[[[114.233349,30.597363],[114.231982,30.597887],[114.231825,30.597446],[114.232598,30.596871],[114.233349,30.597363]]]}},{"type":"Feature","id":"6f2e1800-2333-41ab-a7e9-5c96930fc59e","properties":{"id":"6f2e1800-2333-41ab-a7e9-5c96930fc59e","height":93,"num_floors":29,"class":"building","areaM2":6973,"sourceTile":"tile_1_1","sourceFeatureCount":102299,"heightEstimated":true},"geometry":{"type":"Polygon","coordinates":[[[114.22866,30.595326],[114.229322,30.59603],[114.228694,30.596409],[114.228095,30.595666],[114.22866,30.595326]]]}},{"type":"Feature","id":"1f5e610a-a219-42e8-8686-26b12f312516","properties":{"id":"1f5e610a-a219-42e8-8686-26b12f312516","height":40,"num_floors":13,"class":"building","areaM2":145,"sourceTile":"tile_1_1","sourceFeatureCount":102299,"heightEstimated":true},"geometry":{"type":"Polygon","coordinates":[[[114.229195,30.59706],[114.228989,30.596749],[114.229254,30.597016],[114.229195,30.59706]]]}},{"type":"Feature","id":"4fc16ba7-8de9-4792-b6bc-591d0bbe76bd","properties":{"id":"4fc16ba7-8de9-4792-b6bc-591d0bbe76bd","height":101,"num_floors":32,"class":"building","areaM2":9024,"sourceTile":"tile_1_1","sourceFeatureCount":102299,"heightEstimated":true},"geometry":{"type":"Polygon","coordinates":[[[114.242948,30.592479],[114.243746,30.592544],[114.243632,30.593602],[114.242833,30.593537],[114.242948,30.592479]]]}},{"type":"Feature","id":"6490f880-f8fa-40ac-9ad7-e8fe68e83ad2","properties":{"id":"6490f880-f8fa-40ac-9ad7-e8fe68e83ad2","height":113,"num_floors":4,"class":"commercial","areaM2":6843,"sourceTile":"tile_1_1","sourceFeatureCount":102299,"heightEstimated":true},"geometry":{"type":"Polygon","coordinates":[[[114.240343,30.597437],[114.238992,30.597702],[114.238872,30.597248],[114.240223,30.596982],[114.240343,30.597437]]]}},{"type":"Feature","id":"e141576f-b180-445a-847f-6e4b3401f81d","properties":{"id":"e141576f-b180-445a-847f-6e4b3401f81d","height":61,"num_floors":26,"class":"building","areaM2":1727,"sourceTile":"tile_1_1","sourceFeatureCount":102299,"heightEstimated":true},"geometry":{"type":"Polygon","coordinates":[[[114.239848,30.601707],[114.239698,30.601354],[114.240181,30.601259],[114.240263,30.601571],[114.239848,30.601707]]]}},{"type":"Feature","id":"2f807f5f-26d3-4f12-8206-d323b05ecfad","properties":{"id":"2f807f5f-26d3-4f12-8206-d323b05ecfad","height":17,"num_floors":5,"class":"building","areaM2":27,"sourceTile":"tile_1_1","sourceFeatureCount":102299,"heightEstimated":true},"geometry":{"type":"Polygon","coordinates":[[[114.237121,30.608883],[114.237017,30.608916],[114.237036,30.608861],[114.237121,30.608883]]]}},{"type":"Feature","id":"a5c9fcad-d617-4545-8fe1-6f30daa40377","properties":{"id":"a5c9fcad-d617-4545-8fe1-6f30daa40377","height":11,"num_floors":3,"class":"building","areaM2":50,"sourceTile":"tile_1_1","sourceFeatureCount":102299,"heightEstimated":true},"geometry":{"type":"Polygon","coordinates":[[[114.240518,30.611928],[114.240623,30.611837],[114.240617,30.611933],[114.240518,30.611928]]]}},{"type":"Feature","id":"19e8a83f-1388-4a8c-a48d-517783513e44","properties":{"id":"19e8a83f-1388-4a8c-a48d-517783513e44","height":31,"num_floors":10,"class":"building","areaM2":18,"sourceTile":"tile_1_1","sourceFeatureCount":102299,"heightEstimated":true},"geometry":{"type":"Polygon","coordinates":[[[114.235511,30.614461],[114.235531,30.614387],[114.235564,30.614432],[114.235511,30.614461]]]}},{"type":"Feature","id":"9beec35c-b413-43a4-bda0-f58d5e03a5f3","properties":{"id":"9beec35c-b413-43a4-bda0-f58d5e03a5f3","height":31,"num_floors":10,"class":"building","areaM2":133,"sourceTile":"tile_1_1","sourceFeatureCount":102299,"heightEstimated":true},"geometry":{"type":"Polygon","coordinates":[[[114.231521,30.610556],[114.231344,30.610477],[114.231211,30.610493],[114.231276,30.610383],[114.231521,30.610556]]]}},{"type":"Feature","id":"235ca703-bfd5-4ef9-a239-2d2f8c9d1669","properties":{"id":"235ca703-bfd5-4ef9-a239-2d2f8c9d1669","height":19,"num_floors":6,"class":"building","areaM2":65,"sourceTile":"tile_1_1","sourceFeatureCount":102299,"heightEstimated":true},"geometry":{"type":"Polygon","coordinates":[[[114.223142,30.605877],[114.223285,30.605948],[114.223203,30.605993],[114.223142,30.605877]]]}},{"type":"Feature","id":"c417ca44-3549-441a-83b4-53f4493b51ea","properties":{"id":"c417ca44-3549-441a-83b4-53f4493b51ea","height":116,"num_floors":36,"class":"building","areaM2":7486,"sourceTile":"tile_1_1","sourceFeatureCount":102299,"heightEstimated":true},"geometry":{"type":"Polygon","coordinates":[[[114.222239,30.621994],[114.220928,30.621532],[114.221147,30.62107],[114.222459,30.621532],[114.222239,30.621994]]]}},{"type":"Feature","id":"f41509d5-d937-4b47-91e3-978e6efb4980","properties":{"id":"f41509d5-d937-4b47-91e3-978e6efb4980","height":104,"num_floors":33,"class":"building","areaM2":6677,"sourceTile":"tile_1_1","sourceFeatureCount":102299,"heightEstimated":true},"geometry":{"type":"Polygon","coordinates":[[[114.224295,30.622889],[114.224144,30.623228],[114.222525,30.622689],[114.222675,30.62235],[114.224295,30.622889]]]}},{"type":"Feature","id":"a06674e9-7cee-468e-bc93-15c44e23d3fa","properties":{"id":"a06674e9-7cee-468e-bc93-15c44e23d3fa","height":118,"num_floors":37,"class":"building","areaM2":8196,"sourceTile":"tile_1_1","sourceFeatureCount":102299,"heightEstimated":true},"geometry":{"type":"Polygon","coordinates":[[[114.223838,30.623946],[114.222547,30.62352],[114.222699,30.622987],[114.224062,30.623437],[114.223838,30.623946]]]}},{"type":"Feature","id":"4944de29-4126-4585-9551-addce9d40750","properties":{"id":"4944de29-4126-4585-9551-addce9d40750","height":108,"num_floors":34,"class":"building","areaM2":9948,"sourceTile":"tile_1_1","sourceFeatureCount":102299,"heightEstimated":true},"geometry":{"type":"Polygon","coordinates":[[[114.224323,30.622716],[114.222585,30.622118],[114.222802,30.621652],[114.22454,30.62225],[114.224323,30.622716]]]}},{"type":"Feature","id":"bb5d6c66-fb81-4e38-a982-a9bb306face4","properties":{"id":"bb5d6c66-fb81-4e38-a982-a9bb306face4","height":156,"num_floors":49,"class":"building","areaM2":17722,"sourceTile":"tile_1_1","sourceFeatureCount":102299,"heightEstimated":true},"geometry":{"type":"Polygon","coordinates":[[[114.223559,30.62696],[114.223905,30.626341],[114.226105,30.627064],[114.225876,30.627561],[114.223746,30.627202],[114.223559,30.62696]]]}},{"type":"Feature","id":"1d9b01c9-b9dc-4c7d-b1a3-0866a0f5ce9d","properties":{"id":"1d9b01c9-b9dc-4c7d-b1a3-0866a0f5ce9d","height":8,"num_floors":3,"class":"building","areaM2":8,"sourceTile":"tile_1_1","sourceFeatureCount":102299,"heightEstimated":true},"geometry":{"type":"Polygon","coordinates":[[[114.222836,30.625257],[114.222916,30.625253],[114.222912,30.625272],[114.222836,30.625257]]]}},{"type":"Feature","id":"84816545-354c-4e5f-8656-7a026fa80f4f","properties":{"id":"84816545-354c-4e5f-8656-7a026fa80f4f","height":44,"num_floors":14,"class":"building","areaM2":337,"sourceTile":"tile_1_1","sourceFeatureCount":102299,"heightEstimated":true},"geometry":{"type":"Polygon","coordinates":[[[114.232561,30.625503],[114.232874,30.62531],[114.23282,30.625546],[114.232561,30.625503]]]}},{"type":"Feature","id":"77783caf-e7f9-4b75-826b-5cbd808bff8c","properties":{"id":"77783caf-e7f9-4b75-826b-5cbd808bff8c","height":167,"num_floors":52,"class":"building","areaM2":26135,"sourceTile":"tile_1_1","sourceFeatureCount":102299,"heightEstimated":true},"geometry":{"type":"Polygon","coordinates":[[[114.238168,30.62627],[114.236355,30.625809],[114.236269,30.625504],[114.236924,30.624664],[114.238651,30.625024],[114.238168,30.62627]]]}},{"type":"Feature","id":"f6b06842-5955-4f78-84b3-88e07f0894bb","properties":{"id":"f6b06842-5955-4f78-84b3-88e07f0894bb","height":168,"num_floors":53,"class":"building","areaM2":34971,"sourceTile":"tile_1_1","sourceFeatureCount":102299,"heightEstimated":true},"geometry":{"type":"Polygon","coordinates":[[[114.240606,30.629072],[114.238873,30.628642],[114.239452,30.626944],[114.241281,30.627359],[114.240606,30.629072]]]}},{"type":"Feature","id":"8e6dac19-e0f4-431b-bdc3-d5a63fba7f97","properties":{"id":"8e6dac19-e0f4-431b-bdc3-d5a63fba7f97","height":163,"num_floors":51,"class":"building","areaM2":22792,"sourceTile":"tile_1_1","sourceFeatureCount":102299,"heightEstimated":true},"geometry":{"type":"Polygon","coordinates":[[[114.239452,30.626944],[114.238873,30.628642],[114.237671,30.628333],[114.238277,30.62669],[114.239452,30.626944]]]}},{"type":"Feature","id":"930504cf-aa16-455c-b55a-cf11fbeaafd9","properties":{"id":"930504cf-aa16-455c-b55a-cf11fbeaafd9","height":27,"num_floors":8,"class":"building","areaM2":90,"sourceTile":"tile_1_1","sourceFeatureCount":102299,"heightEstimated":true},"geometry":{"type":"Polygon","coordinates":[[[114.241429,30.631901],[114.241167,30.631863],[114.241202,30.631803],[114.241429,30.631901]]]}},{"type":"Feature","id":"eaf78ffe-4ac8-4cba-a86e-80acfec0b4c5","properties":{"id":"eaf78ffe-4ac8-4cba-a86e-80acfec0b4c5","height":112,"num_floors":2,"class":"building","areaM2":6787,"sourceTile":"tile_1_1","sourceFeatureCount":102299,"heightEstimated":true},"geometry":{"type":"Polygon","coordinates":[[[114.241067,30.633557],[114.240558,30.633539],[114.240689,30.633192],[114.2411,30.633241],[114.241151,30.63304],[114.24077,30.632994],[114.24088,30.632606],[114.241349,30.632417],[114.241054,30.632193],[114.242181,30.632528],[114.242095,30.63274],[114.240971,30.632694],[114.241301,30.632973],[114.241177,30.633347],[114.240724,30.633446],[114.241067,30.633557]]]}},{"type":"Feature","id":"ee069b67-a58e-4eae-9ad7-d6daf56f610c","properties":{"id":"ee069b67-a58e-4eae-9ad7-d6daf56f610c","height":103,"num_floors":32,"class":"building","areaM2":7227,"sourceTile":"tile_1_1","sourceFeatureCount":102299,"heightEstimated":true},"geometry":{"type":"Polygon","coordinates":[[[114.238425,30.629968],[114.238188,30.630625],[114.237176,30.630174],[114.2372,30.629695],[114.238425,30.629968]]]}},{"type":"Feature","id":"fbfeb112-e768-49ec-b591-5518525cd0d2","properties":{"id":"fbfeb112-e768-49ec-b591-5518525cd0d2","height":93,"num_floors":29,"class":"building","areaM2":7824,"sourceTile":"tile_1_1","sourceFeatureCount":102299,"heightEstimated":true},"geometry":{"type":"Polygon","coordinates":[[[114.235562,30.628115],[114.235032,30.628746],[114.234003,30.628091],[114.234255,30.627786],[114.235562,30.628115]]]}},{"type":"Feature","id":"5f221a9e-242d-4135-bacd-972ec4128f70","properties":{"id":"5f221a9e-242d-4135-bacd-972ec4128f70","height":168,"num_floors":53,"class":"building","areaM2":26285,"sourceTile":"tile_1_1","sourceFeatureCount":102299,"heightEstimated":true},"geometry":{"type":"Polygon","coordinates":[[[114.222089,30.633433],[114.220599,30.635656],[114.219745,30.635233],[114.22129,30.633008],[114.222089,30.633433]]]}},{"type":"Feature","id":"73fbe9c8-64c1-42f7-a334-da576fb5c5a2","properties":{"id":"73fbe9c8-64c1-42f7-a334-da576fb5c5a2","height":101,"num_floors":32,"class":"building","areaM2":6110,"sourceTile":"tile_1_1","sourceFeatureCount":102299,"heightEstimated":true},"geometry":{"type":"Polygon","coordinates":[[[114.222329,30.62224],[114.22217,30.622586],[114.220732,30.622091],[114.220892,30.621744],[114.222329,30.62224]]]}},{"type":"Feature","id":"05435532-6dd2-41e7-ac24-0ea204236aaf","properties":{"id":"05435532-6dd2-41e7-ac24-0ea204236aaf","height":27,"num_floors":8,"class":"building","areaM2":294,"sourceTile":"tile_1_1","sourceFeatureCount":102299,"heightEstimated":true},"geometry":{"type":"Polygon","coordinates":[[[114.220593,30.621518],[114.220741,30.621039],[114.220707,30.621525],[114.220593,30.621518]]]}},{"type":"Feature","id":"4c510911-c9bc-483b-882a-37b4fc0762ba","properties":{"id":"4c510911-c9bc-483b-882a-37b4fc0762ba","height":168,"num_floors":53,"class":"building","areaM2":24691,"sourceTile":"tile_1_1","sourceFeatureCount":102299,"heightEstimated":true},"geometry":{"type":"Polygon","coordinates":[[[114.215998,30.626243],[114.215017,30.626222],[114.215497,30.625218],[114.217181,30.625283],[114.217573,30.625899],[114.21753,30.626307],[114.216578,30.626256],[114.216575,30.626487],[114.215998,30.626459],[114.215998,30.626243]]]}},{"type":"Feature","id":"92db70f5-a746-427f-9ef3-dba44cf6df41","properties":{"id":"92db70f5-a746-427f-9ef3-dba44cf6df41","height":12,"num_floors":4,"class":"building","areaM2":92,"sourceTile":"tile_1_1","sourceFeatureCount":102299,"heightEstimated":true},"geometry":{"type":"Polygon","coordinates":[[[114.209907,30.629079],[114.210007,30.629262],[114.209852,30.629152],[114.209907,30.629079]]]}},{"type":"Feature","id":"7b6002ea-4a1a-4f8a-a219-bd606f137deb","properties":{"id":"7b6002ea-4a1a-4f8a-a219-bd606f137deb","height":36,"num_floors":11,"class":"building","areaM2":131,"sourceTile":"tile_1_1","sourceFeatureCount":102299,"heightEstimated":true},"geometry":{"type":"Polygon","coordinates":[[[114.201915,30.628149],[114.202138,30.62815],[114.202038,30.628261],[114.201915,30.628149]]]}},{"type":"Feature","id":"c417eb7b-e684-4f1e-a1da-17fafdd3c69b","properties":{"id":"c417eb7b-e684-4f1e-a1da-17fafdd3c69b","height":132,"num_floors":41,"class":"building","areaM2":10872,"sourceTile":"tile_1_1","sourceFeatureCount":102299,"heightEstimated":true},"geometry":{"type":"Polygon","coordinates":[[[114.202747,30.631358],[114.204194,30.630947],[114.204469,30.631683],[114.20299,30.631975],[114.202886,30.63158],[114.203132,30.63142],[114.202747,30.631358]]]}},{"type":"Feature","id":"e16cbd17-961b-4ed0-a040-a2ab46979844","properties":{"id":"e16cbd17-961b-4ed0-a040-a2ab46979844","height":116,"num_floors":36,"class":"building","areaM2":10048,"sourceTile":"tile_1_1","sourceFeatureCount":102299,"heightEstimated":true},"geometry":{"type":"Polygon","coordinates":[[[114.286384,30.633979],[114.284794,30.633426],[114.285042,30.632919],[114.286611,30.633447],[114.286384,30.633979]]]}},{"type":"Feature","id":"be755a51-f1de-4d6a-baa7-2d6f842cd233","properties":{"id":"be755a51-f1de-4d6a-baa7-2d6f842cd233","height":94,"num_floors":29,"class":"building","areaM2":7471,"sourceTile":"tile_1_1","sourceFeatureCount":102299,"heightEstimated":true},"geometry":{"type":"Polygon","coordinates":[[[114.285069,30.627256],[114.284897,30.626599],[114.285952,30.626548],[114.28611,30.627224],[114.285069,30.627256]]]}},{"type":"Feature","id":"0205885b-10ca-49e3-b3ae-df134e8c758d","properties":{"id":"0205885b-10ca-49e3-b3ae-df134e8c758d","height":32,"num_floors":10,"class":"building","areaM2":219,"sourceTile":"tile_1_1","sourceFeatureCount":102299,"heightEstimated":true},"geometry":{"type":"Polygon","coordinates":[[[114.284764,30.621021],[114.284954,30.621164],[114.28474,30.62122],[114.284764,30.621021]]]}},{"type":"Feature","id":"1edb7252-89b7-4a39-ad6f-6e0c2c4c09a3","properties":{"id":"1edb7252-89b7-4a39-ad6f-6e0c2c4c09a3","height":168,"num_floors":53,"class":"building","areaM2":25078,"sourceTile":"tile_1_1","sourceFeatureCount":102299,"heightEstimated":true},"geometry":{"type":"Polygon","coordinates":[[[114.282596,30.624494],[114.282998,30.625929],[114.282014,30.626119],[114.281228,30.625849],[114.280904,30.624844],[114.282596,30.624494]]]}},{"type":"Feature","id":"3efd26c1-d08d-4e56-9656-59cf6bce3d6d","properties":{"id":"3efd26c1-d08d-4e56-9656-59cf6bce3d6d","height":94,"num_floors":29,"class":"building","areaM2":6223,"sourceTile":"tile_1_1","sourceFeatureCount":102299,"heightEstimated":true},"geometry":{"type":"Polygon","coordinates":[[[114.283812,30.623741],[114.284236,30.624988],[114.283565,30.625007],[114.28354,30.6238],[114.283812,30.623741]]]}},{"type":"Feature","id":"ec3c652f-0232-49e3-a958-27c8801659e1","properties":{"id":"ec3c652f-0232-49e3-a958-27c8801659e1","height":24,"num_floors":8,"class":"building","areaM2":223,"sourceTile":"tile_1_1","sourceFeatureCount":102299,"heightEstimated":true},"geometry":{"type":"Polygon","coordinates":[[[114.27759,30.621737],[114.277755,30.621928],[114.277538,30.621933],[114.27759,30.621737]]]}},{"type":"Feature","id":"af113695-704c-4b9d-9cd0-2572e4b1809a","properties":{"id":"af113695-704c-4b9d-9cd0-2572e4b1809a","height":158,"num_floors":49,"class":"building","areaM2":23206,"sourceTile":"tile_1_1","sourceFeatureCount":102299,"heightEstimated":true},"geometry":{"type":"Polygon","coordinates":[[[114.278356,30.632064],[114.279121,30.632173],[114.278869,30.634792],[114.278005,30.634788],[114.278356,30.632064]]]}},{"type":"Feature","id":"292966c1-83b4-4c8d-938a-d4c2608bf570","properties":{"id":"292966c1-83b4-4c8d-938a-d4c2608bf570","height":116,"num_floors":1,"class":"building","areaM2":7615,"sourceTile":"tile_1_1","sourceFeatureCount":102299,"heightEstimated":true},"geometry":{"type":"Polygon","coordinates":[[[114.273117,30.630917],[114.274407,30.631408],[114.274222,30.63175],[114.272813,30.631508],[114.273117,30.630917]]]}},{"type":"Feature","id":"9b8c0b66-8fdb-4daf-8b9b-2ba7adf8506e","properties":{"id":"9b8c0b66-8fdb-4daf-8b9b-2ba7adf8506e","height":98,"num_floors":31,"class":"building","areaM2":8041,"sourceTile":"tile_1_1","sourceFeatureCount":102299,"heightEstimated":true},"geometry":{"type":"Polygon","coordinates":[[[114.271395,30.629904],[114.271885,30.628989],[114.272238,30.62932],[114.27291,30.629386],[114.272705,30.629781],[114.271868,30.629455],[114.271932,30.629835],[114.272611,30.629905],[114.272409,30.630294],[114.272019,30.630144],[114.272118,30.629955],[114.271395,30.629904]]]}},{"type":"Feature","id":"33d1a4ec-8e31-452d-8c0d-d2a05cf666a3","properties":{"id":"33d1a4ec-8e31-452d-8c0d-d2a05cf666a3","height":8,"num_floors":3,"class":"building","areaM2":6,"sourceTile":"tile_1_1","sourceFeatureCount":102299,"heightEstimated":true},"geometry":{"type":"Polygon","coordinates":[[[114.275775,30.625398],[114.275832,30.625384],[114.27583,30.625403],[114.275775,30.625398]]]}},{"type":"Feature","id":"641a4e17-276b-4ded-8616-618407a72295","properties":{"id":"641a4e17-276b-4ded-8616-618407a72295","height":29,"num_floors":9,"class":"building","areaM2":24,"sourceTile":"tile_1_1","sourceFeatureCount":102299,"heightEstimated":true},"geometry":{"type":"Polygon","coordinates":[[[114.269818,30.623946],[114.269917,30.623927],[114.269886,30.623978],[114.269818,30.623946]]]}},{"type":"Feature","id":"65004f85-24bd-47bf-a45b-cbbcff757f8e","properties":{"id":"65004f85-24bd-47bf-a45b-cbbcff757f8e","height":100,"num_floors":31,"class":"building","areaM2":7755,"sourceTile":"tile_1_1","sourceFeatureCount":102299,"heightEstimated":true},"geometry":{"type":"Polygon","coordinates":[[[114.26668,30.622995],[114.266446,30.623539],[114.265084,30.622998],[114.26525,30.622624],[114.26668,30.622995]]]}},{"type":"Feature","id":"1474f16b-fdda-455a-b88f-cbc96296450a","properties":{"id":"1474f16b-fdda-455a-b88f-cbc96296450a","height":79,"num_floors":25,"class":"building","areaM2":6217,"sourceTile":"tile_1_1","sourceFeatureCount":102299,"heightEstimated":true},"geometry":{"type":"Polygon","coordinates":[[[114.26789,30.629001],[114.26737,30.629607],[114.266729,30.629353],[114.26709,30.628681],[114.26789,30.629001]]]}},{"type":"Feature","id":"d8729a3d-3eaf-400a-b2b5-09614583ab71","properties":{"id":"d8729a3d-3eaf-400a-b2b5-09614583ab71","height":90,"num_floors":28,"class":"building","areaM2":8036,"sourceTile":"tile_1_1","sourceFeatureCount":102299,"heightEstimated":true},"geometry":{"type":"Polygon","coordinates":[[[114.268929,30.629977],[114.269181,30.630481],[114.268349,30.630922],[114.267781,30.630729],[114.268271,30.630114],[114.268929,30.629977]]]}},{"type":"Feature","id":"00595f68-b624-4c11-8825-f568daebb729","properties":{"id":"00595f68-b624-4c11-8825-f568daebb729","height":38,"num_floors":12,"class":"building","areaM2":499,"sourceTile":"tile_1_1","sourceFeatureCount":102299,"heightEstimated":true},"geometry":{"type":"Polygon","coordinates":[[[114.252889,30.62835],[114.25349,30.62835],[114.253436,30.628507],[114.252889,30.62835]]]}},{"type":"Feature","id":"a9d00bc9-0776-4e1a-9e9d-365f0dd4cd5a","properties":{"id":"a9d00bc9-0776-4e1a-9e9d-365f0dd4cd5a","height":107,"num_floors":33,"class":"building","areaM2":6203,"sourceTile":"tile_1_1","sourceFeatureCount":102299,"heightEstimated":true},"geometry":{"type":"Polygon","coordinates":[[[114.247383,30.630732],[114.24614,30.630471],[114.246323,30.630026],[114.247523,30.630287],[114.247383,30.630732]]]}},{"type":"Feature","id":"10d17c91-ee30-44bd-8202-368a552539b8","properties":{"id":"10d17c91-ee30-44bd-8202-368a552539b8","height":17,"num_floors":5,"class":"building","areaM2":81,"sourceTile":"tile_1_1","sourceFeatureCount":102299,"heightEstimated":true},"geometry":{"type":"Polygon","coordinates":[[[114.245363,30.626507],[114.245687,30.626526],[114.245674,30.626573],[114.245363,30.626507]]]}},{"type":"Feature","id":"292ded48-6ebb-4c1e-b831-96310073726c","properties":{"id":"292ded48-6ebb-4c1e-b831-96310073726c","height":168,"num_floors":53,"class":"train_station","areaM2":148314,"sourceTile":"tile_1_1","sourceFeatureCount":102299,"heightEstimated":true},"geometry":{"type":"Polygon","coordinates":[[[114.24758,30.622241],[114.246092,30.621812],[114.246859,30.619843],[114.248866,30.620422],[114.24923,30.61949],[114.251097,30.620029],[114.250929,30.620461],[114.250405,30.620487],[114.250268,30.620839],[114.252111,30.621372],[114.251128,30.62329],[114.24982,30.623236],[114.247964,30.622701],[114.247489,30.622472],[114.24758,30.622241]]]}},{"type":"Feature","id":"81015059-aaf3-4b8d-b927-ca3010a66c33","properties":{"id":"81015059-aaf3-4b8d-b927-ca3010a66c33","height":91,"num_floors":28,"class":"building","areaM2":7467,"sourceTile":"tile_1_1","sourceFeatureCount":102299,"heightEstimated":true},"geometry":{"type":"Polygon","coordinates":[[[114.253618,30.628039],[114.252641,30.627779],[114.252894,30.627127],[114.253855,30.62736],[114.253618,30.628039]]]}},{"type":"Feature","id":"56768c08-aae9-455b-a7af-6da636e467bc","properties":{"id":"56768c08-aae9-455b-a7af-6da636e467bc","height":168,"num_floors":53,"class":"building","areaM2":25638,"sourceTile":"tile_1_1","sourceFeatureCount":102299,"heightEstimated":true},"geometry":{"type":"Polygon","coordinates":[[[114.254256,30.625382],[114.25269,30.624937],[114.253156,30.623711],[114.254867,30.623843],[114.254256,30.625382]]]}},{"type":"Feature","id":"f08b4e02-5a9d-4e0c-b695-621f8750cdfb","properties":{"id":"f08b4e02-5a9d-4e0c-b695-621f8750cdfb","height":8,"num_floors":3,"class":"building","areaM2":28,"sourceTile":"tile_1_1","sourceFeatureCount":102299,"heightEstimated":true},"geometry":{"type":"Polygon","coordinates":[[[114.258024,30.627302],[114.258129,30.627332],[114.258059,30.627362],[114.258024,30.627302]]]}},{"type":"Feature","id":"4675ac61-f1fb-4626-af45-a542a6e402a6","properties":{"id":"4675ac61-f1fb-4626-af45-a542a6e402a6","height":125,"num_floors":39,"class":"building","areaM2":10201,"sourceTile":"tile_1_1","sourceFeatureCount":102299,"heightEstimated":true},"geometry":{"type":"Polygon","coordinates":[[[114.257353,30.626252],[114.255659,30.625825],[114.255837,30.625302],[114.257531,30.625729],[114.257353,30.626252]]]}},{"type":"Feature","id":"c7478e21-5148-4ab2-886d-de108390131c","properties":{"id":"c7478e21-5148-4ab2-886d-de108390131c","height":115,"num_floors":36,"class":"building","areaM2":7610,"sourceTile":"tile_1_1","sourceFeatureCount":102299,"heightEstimated":true},"geometry":{"type":"Polygon","coordinates":[[[114.258641,30.631213],[114.259814,30.632073],[114.259496,30.632283],[114.259695,30.632528],[114.25815,30.631475],[114.258641,30.631213]]]}},{"type":"Feature","id":"5c463e99-5480-4825-b938-9db62c2cf630","properties":{"id":"5c463e99-5480-4825-b938-9db62c2cf630","height":168,"num_floors":53,"class":"building","areaM2":25680,"sourceTile":"tile_1_1","sourceFeatureCount":102299,"heightEstimated":true},"geometry":{"type":"Polygon","coordinates":[[[114.261117,30.630632],[114.259803,30.629737],[114.260919,30.628597],[114.262153,30.629395],[114.261117,30.630632]]]}},{"type":"Feature","id":"f7b5f232-e0a7-4aa2-a92f-c4557d568e40","properties":{"id":"f7b5f232-e0a7-4aa2-a92f-c4557d568e40","height":54,"num_floors":17,"class":"building","areaM2":972,"sourceTile":"tile_1_1","sourceFeatureCount":102299,"heightEstimated":true},"geometry":{"type":"Polygon","coordinates":[[[114.26264,30.630457],[114.262937,30.630389],[114.263209,30.63057],[114.26306,30.630737],[114.26264,30.630457]]]}},{"type":"Feature","id":"70f21bc9-b368-4e14-882f-6f1fae03bf0b","properties":{"id":"70f21bc9-b368-4e14-882f-6f1fae03bf0b","height":124,"num_floors":39,"class":"building","areaM2":9002,"sourceTile":"tile_1_1","sourceFeatureCount":102299,"heightEstimated":true},"geometry":{"type":"Polygon","coordinates":[[[114.2645,30.62139],[114.263195,30.621064],[114.263407,30.620473],[114.264695,30.620767],[114.2645,30.62139]]]}},{"type":"Feature","id":"88a9ee3d-91dd-4bbf-89f0-7787adb3737f","properties":{"id":"88a9ee3d-91dd-4bbf-89f0-7787adb3737f","height":21,"num_floors":7,"class":"building","areaM2":40,"sourceTile":"tile_1_1","sourceFeatureCount":102299,"heightEstimated":true},"geometry":{"type":"Polygon","coordinates":[[[114.262514,30.618651],[114.262424,30.618736],[114.26242,30.618655],[114.262514,30.618651]]]}},{"type":"Feature","id":"0894e63b-c872-4fb2-b2c7-4487e825ef5a","properties":{"id":"0894e63b-c872-4fb2-b2c7-4487e825ef5a","height":137,"num_floors":43,"class":"building","areaM2":14448,"sourceTile":"tile_1_1","sourceFeatureCount":102299,"heightEstimated":true},"geometry":{"type":"Polygon","coordinates":[[[114.261206,30.613602],[114.261845,30.613135],[114.262921,30.61364],[114.262167,30.614732],[114.261206,30.613602]]]}},{"type":"Feature","id":"f6ba0080-c3b8-404a-9a75-2736629c1740","properties":{"id":"f6ba0080-c3b8-404a-9a75-2736629c1740","height":123,"num_floors":38,"class":"building","areaM2":12753,"sourceTile":"tile_1_1","sourceFeatureCount":102299,"heightEstimated":true},"geometry":{"type":"Polygon","coordinates":[[[114.262282,30.614804],[114.263048,30.613657],[114.263793,30.61374],[114.263943,30.614622],[114.262282,30.614804]]]}},{"type":"Feature","id":"e95ac717-66d6-47a5-b44b-92f5f9829209","properties":{"id":"e95ac717-66d6-47a5-b44b-92f5f9829209","height":168,"num_floors":53,"class":"building","areaM2":27343,"sourceTile":"tile_1_1","sourceFeatureCount":102299,"heightEstimated":true},"geometry":{"type":"Polygon","coordinates":[[[114.262103,30.611926],[114.264656,30.612576],[114.264921,30.613049],[114.264172,30.61344],[114.262243,30.612848],[114.261647,30.612406],[114.262103,30.611926]]]}},{"type":"Feature","id":"993f48f6-96a0-4544-9d78-bdf92f0f0b2b","properties":{"id":"993f48f6-96a0-4544-9d78-bdf92f0f0b2b","height":13,"num_floors":4,"class":"building","areaM2":36,"sourceTile":"tile_1_1","sourceFeatureCount":102299,"heightEstimated":true},"geometry":{"type":"Polygon","coordinates":[[[114.259803,30.612307],[114.259853,30.612406],[114.259771,30.612378],[114.259803,30.612307]]]}},{"type":"Feature","id":"7c1ea973-70e8-4b0b-8ba3-e405b05cbb81","properties":{"id":"7c1ea973-70e8-4b0b-8ba3-e405b05cbb81","height":168,"num_floors":53,"class":"retail","areaM2":25014,"sourceTile":"tile_1_1","sourceFeatureCount":102299,"heightEstimated":true},"geometry":{"type":"Polygon","coordinates":[[[114.257295,30.609848],[114.2555,30.609827],[114.255175,30.609234],[114.256005,30.607981],[114.256817,30.608229],[114.256357,30.609061],[114.257316,30.609389],[114.257295,30.609848]]]}},{"type":"Feature","id":"5bd90d8e-3219-44e1-a1e6-6cba7db9d0f8","properties":{"id":"5bd90d8e-3219-44e1-a1e6-6cba7db9d0f8","height":124,"num_floors":39,"class":"retail","areaM2":9967,"sourceTile":"tile_1_1","sourceFeatureCount":102299,"heightEstimated":true},"geometry":{"type":"Polygon","coordinates":[[[114.255595,30.606367],[114.255,30.607134],[114.254188,30.606694],[114.254641,30.605879],[114.255595,30.606367]]]}},{"type":"Feature","id":"7fe4f652-f3d8-463a-8f7c-f2b28b9cd887","properties":{"id":"7fe4f652-f3d8-463a-8f7c-f2b28b9cd887","height":45,"num_floors":14,"class":"building","areaM2":224,"sourceTile":"tile_1_1","sourceFeatureCount":102299,"heightEstimated":true},"geometry":{"type":"Polygon","coordinates":[[[114.258098,30.615573],[114.258505,30.615224],[114.258174,30.615611],[114.258098,30.615573]]]}},{"type":"Feature","id":"577c3488-a45c-4ea5-b37d-8e452c981849","properties":{"id":"577c3488-a45c-4ea5-b37d-8e452c981849","height":95,"num_floors":30,"class":"building","areaM2":8760,"sourceTile":"tile_1_1","sourceFeatureCount":102299,"heightEstimated":true},"geometry":{"type":"Polygon","coordinates":[[[114.258082,30.620388],[114.257358,30.62021],[114.257689,30.619214],[114.258564,30.619601],[114.258082,30.620388]]]}},{"type":"Feature","id":"767e7574-f018-4a05-a998-7bdac300c447","properties":{"id":"767e7574-f018-4a05-a998-7bdac300c447","height":104,"num_floors":33,"class":"building","areaM2":9202,"sourceTile":"tile_1_1","sourceFeatureCount":102299,"heightEstimated":true},"geometry":{"type":"Polygon","coordinates":[[[114.256881,30.620315],[114.256145,30.62017],[114.256403,30.619261],[114.256657,30.61932],[114.256752,30.61902],[114.25725,30.619137],[114.256881,30.620315]]]}},{"type":"Feature","id":"300ab22c-6c17-4ad3-8f69-a9549a8deb89","properties":{"id":"300ab22c-6c17-4ad3-8f69-a9549a8deb89","height":112,"num_floors":35,"class":"building","areaM2":11809,"sourceTile":"tile_1_1","sourceFeatureCount":102299,"heightEstimated":true},"geometry":{"type":"Polygon","coordinates":[[[114.252968,30.620375],[114.251981,30.620063],[114.252406,30.619068],[114.253393,30.61938],[114.252968,30.620375]]]}},{"type":"Feature","id":"5283b180-5ebd-4c25-b77f-518c17fef8f9","properties":{"id":"5283b180-5ebd-4c25-b77f-518c17fef8f9","height":104,"num_floors":33,"class":"building","areaM2":7853,"sourceTile":"tile_1_1","sourceFeatureCount":102299,"heightEstimated":true},"geometry":{"type":"Polygon","coordinates":[[[114.252506,30.618562],[114.252846,30.6179],[114.253719,30.618202],[114.253367,30.618968],[114.252506,30.618562]]]}},{"type":"Feature","id":"e63ed6e0-3147-41f8-80f5-57dfbec73a2f","properties":{"id":"e63ed6e0-3147-41f8-80f5-57dfbec73a2f","height":106,"num_floors":3,"class":"building","areaM2":6410,"sourceTile":"tile_1_1","sourceFeatureCount":102299,"heightEstimated":true},"geometry":{"type":"Polygon","coordinates":[[[114.250369,30.613821],[114.25071,30.613328],[114.251585,30.613735],[114.251198,30.614288],[114.250369,30.613821]]]}},{"type":"Feature","id":"e5b1088f-f824-478c-9f02-ca67f34cdc44","properties":{"id":"e5b1088f-f824-478c-9f02-ca67f34cdc44","height":105,"num_floors":33,"class":"building","areaM2":8851,"sourceTile":"tile_1_1","sourceFeatureCount":102299,"heightEstimated":true},"geometry":{"type":"Polygon","coordinates":[[[114.247816,30.617162],[114.248047,30.61656],[114.249299,30.616916],[114.249069,30.617518],[114.247816,30.617162]]]}},{"type":"Feature","id":"d66ba27c-24fe-42fe-bf2d-7eee78cdc788","properties":{"id":"d66ba27c-24fe-42fe-bf2d-7eee78cdc788","height":112,"num_floors":35,"class":"building","areaM2":10787,"sourceTile":"tile_1_1","sourceFeatureCount":102299,"heightEstimated":true},"geometry":{"type":"Polygon","coordinates":[[[114.247071,30.617052],[114.245672,30.616795],[114.24568,30.616301],[114.247379,30.616253],[114.247071,30.617052]]]}},{"type":"Feature","id":"6cc76fdf-0dc8-4b2e-91d5-716969070f0b","properties":{"id":"6cc76fdf-0dc8-4b2e-91d5-716969070f0b","height":104,"num_floors":33,"class":"building","areaM2":6728,"sourceTile":"tile_1_1","sourceFeatureCount":102299,"heightEstimated":true},"geometry":{"type":"Polygon","coordinates":[[[114.246521,30.609096],[114.247172,30.609565],[114.246594,30.610132],[114.245952,30.609652],[114.246521,30.609096]]]}},{"type":"Feature","id":"f848597a-d156-4a4d-a874-9800b7f5b78c","properties":{"id":"f848597a-d156-4a4d-a874-9800b7f5b78c","height":160,"num_floors":4,"class":"building","areaM2":17587,"sourceTile":"tile_1_1","sourceFeatureCount":102299,"heightEstimated":true},"geometry":{"type":"Polygon","coordinates":[[[114.246006,30.610831],[114.245317,30.610273],[114.246521,30.609096],[114.247393,30.609724],[114.246006,30.610831]]]}},{"type":"Feature","id":"5e04402b-fb34-4a8a-8745-31f6e0e6eeea","properties":{"id":"5e04402b-fb34-4a8a-8745-31f6e0e6eeea","height":18,"num_floors":36,"class":"building","areaM2":24354,"sourceTile":"tile_1_1","sourceFeatureCount":102299,"heightEstimated":false},"geometry":{"type":"Polygon","coordinates":[[[114.250811,30.606614],[114.24992,30.606789],[114.249225,30.604755],[114.250465,30.604527],[114.250811,30.606614]]]}},{"type":"Feature","id":"5569a434-8392-4cc2-87eb-a5a103d7c937","properties":{"id":"5569a434-8392-4cc2-87eb-a5a103d7c937","height":168,"num_floors":53,"class":"library","areaM2":21377,"sourceTile":"tile_1_1","sourceFeatureCount":102299,"heightEstimated":true},"geometry":{"type":"Polygon","coordinates":[[[114.251715,30.60898],[114.251101,30.60906],[114.249951,30.607619],[114.250015,30.607371],[114.250933,30.6072],[114.251832,30.608264],[114.251715,30.60898]]]}},{"type":"Feature","id":"9fe56ded-6edb-4c17-b7ee-f4edf413ba92","properties":{"id":"9fe56ded-6edb-4c17-b7ee-f4edf413ba92","height":168,"num_floors":53,"class":"office","areaM2":25186,"sourceTile":"tile_1_1","sourceFeatureCount":102299,"heightEstimated":true},"geometry":{"type":"Polygon","coordinates":[[[114.25201,30.609479],[114.252274,30.608163],[114.253046,30.607879],[114.254146,30.608745],[114.253442,30.60953],[114.25201,30.609479]]]}},{"type":"Feature","id":"779acb7c-be6d-468a-b523-2b047bdfd870","properties":{"id":"779acb7c-be6d-468a-b523-2b047bdfd870","height":99,"num_floors":31,"class":"retail","areaM2":6629,"sourceTile":"tile_1_1","sourceFeatureCount":102299,"heightEstimated":true},"geometry":{"type":"Polygon","coordinates":[[[114.253804,30.606637],[114.253344,30.606415],[114.253844,30.605544],[114.254516,30.605682],[114.253804,30.606637]]]}},{"type":"Feature","id":"501d4a30-5074-464b-9b3d-63b7ba117a96","properties":{"id":"501d4a30-5074-464b-9b3d-63b7ba117a96","height":18,"num_floors":6,"class":"building","areaM2":16,"sourceTile":"tile_1_1","sourceFeatureCount":102299,"heightEstimated":true},"geometry":{"type":"Polygon","coordinates":[[[114.246552,30.603186],[114.246492,30.603103],[114.246522,30.603096],[114.246552,30.603186]]]}},{"type":"Feature","id":"911a7f0e-1790-470d-9f06-be3169b41034","properties":{"id":"911a7f0e-1790-470d-9f06-be3169b41034","height":12,"num_floors":20,"class":"building","areaM2":6810,"sourceTile":"tile_1_1","sourceFeatureCount":102299,"heightEstimated":false},"geometry":{"type":"Polygon","coordinates":[[[114.245476,30.600977],[114.245394,30.600661],[114.245781,30.600586],[114.245896,30.601175],[114.246249,30.601231],[114.244631,30.601514],[114.244542,30.601157],[114.245476,30.600977]]]}},{"type":"Feature","id":"aa644747-1bba-482e-9cc5-f526c9485c98","properties":{"id":"aa644747-1bba-482e-9cc5-f526c9485c98","height":99,"num_floors":31,"class":"building","areaM2":8987,"sourceTile":"tile_1_1","sourceFeatureCount":102299,"heightEstimated":true},"geometry":{"type":"Polygon","coordinates":[[[114.245226,30.59339],[114.24439,30.59348],[114.244565,30.592333],[114.245313,30.592388],[114.245226,30.59339]]]}},{"type":"Feature","id":"bbe59755-c1b6-43f3-9357-2e947e6ef649","properties":{"id":"bbe59755-c1b6-43f3-9357-2e947e6ef649","height":18,"num_floors":6,"class":"building","areaM2":151,"sourceTile":"tile_1_1","sourceFeatureCount":102299,"heightEstimated":true},"geometry":{"type":"Polygon","coordinates":[[[114.252034,30.59695],[114.25191,30.597204],[114.251924,30.596946],[114.252034,30.59695]]]}},{"type":"Feature","id":"11b4388f-edd9-4814-a17e-304bf4d2e41d","properties":{"id":"11b4388f-edd9-4814-a17e-304bf4d2e41d","height":46,"num_floors":14,"class":"building","areaM2":277,"sourceTile":"tile_1_1","sourceFeatureCount":102299,"heightEstimated":true},"geometry":{"type":"Polygon","coordinates":[[[114.257078,30.593988],[114.256652,30.59411],[114.256652,30.593987],[114.257078,30.593988]]]}},{"type":"Feature","id":"c2f9dce9-eec6-463d-bf7c-4cca954be7ef","properties":{"id":"c2f9dce9-eec6-463d-bf7c-4cca954be7ef","height":168,"num_floors":53,"class":"commercial","areaM2":44603,"sourceTile":"tile_1_1","sourceFeatureCount":102299,"heightEstimated":true},"geometry":{"type":"Polygon","coordinates":[[[114.256028,30.606153],[114.254076,30.60511],[114.255052,30.603651],[114.255417,30.603595],[114.257069,30.604639],[114.256028,30.606153]]]}},{"type":"Feature","id":"e8df8ae7-5e3b-4684-99e9-5dbdc108ed66","properties":{"id":"e8df8ae7-5e3b-4684-99e9-5dbdc108ed66","height":45,"num_floors":14,"class":"building","areaM2":584,"sourceTile":"tile_1_1","sourceFeatureCount":102299,"heightEstimated":true},"geometry":{"type":"Polygon","coordinates":[[[114.264828,30.601192],[114.264892,30.600614],[114.265076,30.60068],[114.264828,30.601192]]]}},{"type":"Feature","id":"104da785-aa9c-4ed2-b2c7-6c57cb2bf9eb","properties":{"id":"104da785-aa9c-4ed2-b2c7-6c57cb2bf9eb","height":17,"num_floors":5,"class":"building","areaM2":7,"sourceTile":"tile_1_1","sourceFeatureCount":102299,"heightEstimated":true},"geometry":{"type":"Polygon","coordinates":[[[114.263917,30.593699],[114.263869,30.593731],[114.263869,30.593703],[114.263917,30.593699]]]}},{"type":"Feature","id":"661f249d-e696-4f06-999c-ed4ccaff35c8","properties":{"id":"661f249d-e696-4f06-999c-ed4ccaff35c8","height":10,"num_floors":3,"class":"building","areaM2":27,"sourceTile":"tile_1_1","sourceFeatureCount":102299,"heightEstimated":true},"geometry":{"type":"Polygon","coordinates":[[[114.276274,30.592932],[114.276374,30.592978],[114.276281,30.592986],[114.276274,30.592932]]]}},{"type":"Feature","id":"c9bc1955-472c-4bca-abde-1bef26d225ce","properties":{"id":"c9bc1955-472c-4bca-abde-1bef26d225ce","height":33,"num_floors":10,"class":"building","areaM2":22,"sourceTile":"tile_1_1","sourceFeatureCount":102299,"heightEstimated":true},"geometry":{"type":"Polygon","coordinates":[[[114.275349,30.598737],[114.275453,30.598731],[114.275427,30.598773],[114.275349,30.598737]]]}},{"type":"Feature","id":"55eb9bed-9a73-4cea-b112-ff4e5f9816c5","properties":{"id":"55eb9bed-9a73-4cea-b112-ff4e5f9816c5","height":26,"num_floors":8,"class":"building","areaM2":40,"sourceTile":"tile_1_1","sourceFeatureCount":102299,"heightEstimated":true},"geometry":{"type":"Polygon","coordinates":[[[114.270483,30.603117],[114.270403,30.603209],[114.27039,30.603128],[114.270483,30.603117]]]}},{"type":"Feature","id":"4554f440-0205-4df9-94cd-b96793e6f568","properties":{"id":"4554f440-0205-4df9-94cd-b96793e6f568","height":18,"num_floors":6,"class":"building","areaM2":38,"sourceTile":"tile_1_1","sourceFeatureCount":102299,"heightEstimated":true},"geometry":{"type":"Polygon","coordinates":[[[114.267642,30.605979],[114.267717,30.605885],[114.267717,30.60598],[114.267642,30.605979]]]}},{"type":"Feature","id":"4e18e91d-60f0-47cc-8ad9-789d392ae8d9","properties":{"id":"4e18e91d-60f0-47cc-8ad9-789d392ae8d9","height":98,"num_floors":31,"class":"building","areaM2":6278,"sourceTile":"tile_1_1","sourceFeatureCount":102299,"heightEstimated":true},"geometry":{"type":"Polygon","coordinates":[[[114.266115,30.62057],[114.266276,30.619813],[114.26706,30.619943],[114.266985,30.620598],[114.266115,30.62057]]]}},{"type":"Feature","id":"d445d853-2dbf-46ce-81bd-b419fc59975c","properties":{"id":"d445d853-2dbf-46ce-81bd-b419fc59975c","height":11,"num_floors":3,"class":"building","areaM2":45,"sourceTile":"tile_1_1","sourceFeatureCount":102299,"heightEstimated":true},"geometry":{"type":"Polygon","coordinates":[[[114.269845,30.620374],[114.269888,30.62049],[114.269806,30.620463],[114.269845,30.620374]]]}},{"type":"Feature","id":"af72c302-a59a-4e27-9a29-9af2525e8eba","properties":{"id":"af72c302-a59a-4e27-9a29-9af2525e8eba","height":38,"num_floors":12,"class":"building","areaM2":125,"sourceTile":"tile_1_1","sourceFeatureCount":102299,"heightEstimated":true},"geometry":{"type":"Polygon","coordinates":[[[114.273516,30.619011],[114.273289,30.618916],[114.273507,30.618903],[114.273516,30.619011]]]}},{"type":"Feature","id":"f53189d2-daed-4cac-b78b-9cbb658b742a","properties":{"id":"f53189d2-daed-4cac-b78b-9cbb658b742a","height":30,"num_floors":9,"class":"building","areaM2":117,"sourceTile":"tile_1_1","sourceFeatureCount":102299,"heightEstimated":true},"geometry":{"type":"Polygon","coordinates":[[[114.275401,30.614654],[114.275674,30.61464],[114.27544,30.614733],[114.275401,30.614654]]]}},{"type":"Feature","id":"5f096aa5-ba46-4e7c-a471-7975f716c626","properties":{"id":"5f096aa5-ba46-4e7c-a471-7975f716c626","height":15,"num_floors":5,"class":"building","areaM2":13,"sourceTile":"tile_1_1","sourceFeatureCount":102299,"heightEstimated":true},"geometry":{"type":"Polygon","coordinates":[[[114.273628,30.60547],[114.273585,30.605547],[114.273562,30.605528],[114.273628,30.60547]]]}},{"type":"Feature","id":"77e1cb6c-6d19-4205-a8c5-17fad542f00e","properties":{"id":"77e1cb6c-6d19-4205-a8c5-17fad542f00e","height":14,"num_floors":4,"class":"building","areaM2":111,"sourceTile":"tile_1_1","sourceFeatureCount":102299,"heightEstimated":true},"geometry":{"type":"Polygon","coordinates":[[[114.281312,30.612234],[114.281122,30.612134],[114.281255,30.612094],[114.281312,30.612234]]]}},{"type":"Feature","id":"7ac9b788-0310-4c2e-b489-9359136bccec","properties":{"id":"7ac9b788-0310-4c2e-b489-9359136bccec","height":31,"num_floors":10,"class":"building","areaM2":23,"sourceTile":"tile_1_1","sourceFeatureCount":102299,"heightEstimated":true},"geometry":{"type":"Polygon","coordinates":[[[114.277372,30.615258],[114.277443,30.615176],[114.277467,30.615211],[114.277372,30.615258]]]}},{"type":"Feature","id":"6b962167-af9f-4388-9f79-b1b8d1b3c23f","properties":{"id":"6b962167-af9f-4388-9f79-b1b8d1b3c23f","height":113,"num_floors":35,"class":"building","areaM2":9853,"sourceTile":"tile_1_1","sourceFeatureCount":102299,"heightEstimated":true},"geometry":{"type":"Polygon","coordinates":[[[114.279436,30.619765],[114.279232,30.618909],[114.280428,30.618868],[114.280396,30.619731],[114.279436,30.619765]]]}},{"type":"Feature","id":"c6f5f906-21c2-4830-840a-ec1731621128","properties":{"id":"c6f5f906-21c2-4830-840a-ec1731621128","height":23,"num_floors":7,"class":"building","areaM2":28,"sourceTile":"tile_1_1","sourceFeatureCount":102299,"heightEstimated":true},"geometry":{"type":"Polygon","coordinates":[[[114.283989,30.613117],[114.284039,30.613031],[114.284063,30.613095],[114.283989,30.613117]]]}},{"type":"Feature","id":"b7066ff6-b13b-4bb8-9eb7-14b3f35896ab","properties":{"id":"b7066ff6-b13b-4bb8-9eb7-14b3f35896ab","height":31,"num_floors":10,"class":"building","areaM2":427,"sourceTile":"tile_1_1","sourceFeatureCount":102299,"heightEstimated":true},"geometry":{"type":"Polygon","coordinates":[[[114.284725,30.611369],[114.285147,30.611695],[114.284996,30.61177],[114.284725,30.611369]]]}},{"type":"Feature","id":"684eca63-72db-460e-bef4-ddb87d97791e","properties":{"id":"684eca63-72db-460e-bef4-ddb87d97791e","height":138,"num_floors":43,"class":"hospital","areaM2":17751,"sourceTile":"tile_1_1","sourceFeatureCount":102299,"heightEstimated":true},"geometry":{"type":"Polygon","coordinates":[[[114.283314,30.606858],[114.281764,30.605663],[114.282383,30.605065],[114.283935,30.606243],[114.283314,30.606858]]]}},{"type":"Feature","id":"5bcf8147-f2e0-44b1-a185-18e7bdb58a86","properties":{"id":"5bcf8147-f2e0-44b1-a185-18e7bdb58a86","height":91,"num_floors":28,"class":"building","areaM2":7817,"sourceTile":"tile_1_1","sourceFeatureCount":102299,"heightEstimated":true},"geometry":{"type":"Polygon","coordinates":[[[114.2847,30.607504],[114.284168,30.607592],[114.284598,30.607106],[114.28446,30.606899],[114.285187,30.606393],[114.285698,30.606721],[114.2847,30.607504]]]}},{"type":"Feature","id":"a6e5cdb5-8b5e-4567-b34f-dd7acbe578f5","properties":{"id":"a6e5cdb5-8b5e-4567-b34f-dd7acbe578f5","height":9,"num_floors":3,"class":"building","areaM2":51,"sourceTile":"tile_1_1","sourceFeatureCount":102299,"heightEstimated":true},"geometry":{"type":"Polygon","coordinates":[[[114.285344,30.598573],[114.285344,30.598702],[114.285269,30.598656],[114.285344,30.598573]]]}},{"type":"Feature","id":"3ca4f223-22f6-4138-a3e7-9c742ad8cc7a","properties":{"id":"3ca4f223-22f6-4138-a3e7-9c742ad8cc7a","height":38,"num_floors":12,"class":"building","areaM2":180,"sourceTile":"tile_1_1","sourceFeatureCount":102299,"heightEstimated":true},"geometry":{"type":"Polygon","coordinates":[[[114.278868,30.602542],[114.279239,30.602491],[114.278916,30.602628],[114.278868,30.602542]]]}},{"type":"Feature","id":"860d7a3c-f834-4390-87f0-558ea54043ab","properties":{"id":"860d7a3c-f834-4390-87f0-558ea54043ab","height":25,"num_floors":8,"class":"building","areaM2":67,"sourceTile":"tile_1_1","sourceFeatureCount":102299,"heightEstimated":true},"geometry":{"type":"Polygon","coordinates":[[[114.27906,30.591433],[114.279236,30.591346],[114.279246,30.591413],[114.27906,30.591433]]]}},{"type":"Feature","id":"985b2ed5-95eb-492d-9d40-8eca190f8d50","properties":{"id":"985b2ed5-95eb-492d-9d40-8eca190f8d50","height":18,"num_floors":6,"class":"building","areaM2":75,"sourceTile":"tile_1_1","sourceFeatureCount":102299,"heightEstimated":true},"geometry":{"type":"Polygon","coordinates":[[[114.287295,30.595468],[114.287477,30.595477],[114.287402,30.595551],[114.287295,30.595468]]]}},{"type":"Feature","id":"ceaa1b39-7104-409e-9ef6-2bd04f6f86bb","properties":{"id":"ceaa1b39-7104-409e-9ef6-2bd04f6f86bb","height":8,"num_floors":3,"class":"building","areaM2":25,"sourceTile":"tile_1_1","sourceFeatureCount":102299,"heightEstimated":true},"geometry":{"type":"Polygon","coordinates":[[[114.290087,30.591772],[114.289985,30.591894],[114.289963,30.591875],[114.290087,30.591772]]]}},{"type":"Feature","id":"ce09fdb4-7512-4aa4-a802-f83458ce5569","properties":{"id":"ce09fdb4-7512-4aa4-a802-f83458ce5569","height":30,"num_floors":9,"class":"building","areaM2":38,"sourceTile":"tile_1_1","sourceFeatureCount":102299,"heightEstimated":true},"geometry":{"type":"Polygon","coordinates":[[[114.29514,30.595384],[114.295253,30.595337],[114.295239,30.595407],[114.29514,30.595384]]]}},{"type":"Feature","id":"0aee44ef-1175-407e-9f8f-197f88241f0e","properties":{"id":"0aee44ef-1175-407e-9f8f-197f88241f0e","height":22,"num_floors":7,"class":"building","areaM2":37,"sourceTile":"tile_1_1","sourceFeatureCount":102299,"heightEstimated":true},"geometry":{"type":"Polygon","coordinates":[[[114.292833,30.603501],[114.292947,30.603457],[114.292942,30.603519],[114.292833,30.603501]]]}},{"type":"Feature","id":"3c2e0933-1822-44f7-8534-ba479ad3d4a9","properties":{"id":"3c2e0933-1822-44f7-8534-ba479ad3d4a9","height":14,"num_floors":4,"class":"building","areaM2":39,"sourceTile":"tile_1_1","sourceFeatureCount":102299,"heightEstimated":true},"geometry":{"type":"Polygon","coordinates":[[[114.289602,30.607717],[114.289661,30.607613],[114.289679,30.607706],[114.289602,30.607717]]]}},{"type":"Feature","id":"51297f6f-0ee6-48af-8acb-2e99af8a5169","properties":{"id":"51297f6f-0ee6-48af-8acb-2e99af8a5169","height":8,"num_floors":3,"class":"building","areaM2":7,"sourceTile":"tile_1_1","sourceFeatureCount":102299,"heightEstimated":true},"geometry":{"type":"Polygon","coordinates":[[[114.292632,30.615595],[114.292625,30.615535],[114.292647,30.615539],[114.292632,30.615595]]]}},{"type":"Feature","id":"3904918f-031e-484d-aaf7-1204142249c1","properties":{"id":"3904918f-031e-484d-aaf7-1204142249c1","height":28,"num_floors":9,"class":"building","areaM2":24,"sourceTile":"tile_1_1","sourceFeatureCount":102299,"heightEstimated":true},"geometry":{"type":"Polygon","coordinates":[[[114.296978,30.607289],[114.297064,30.607361],[114.297021,30.607377],[114.296978,30.607289]]]}},{"type":"Feature","id":"ad323717-8282-420b-b9b1-07bb936950b3","properties":{"id":"ad323717-8282-420b-b9b1-07bb936950b3","height":108,"num_floors":34,"class":"building","areaM2":10868,"sourceTile":"tile_1_1","sourceFeatureCount":102299,"heightEstimated":true},"geometry":{"type":"Polygon","coordinates":[[[114.297291,30.619646],[114.296923,30.619865],[114.296724,30.619573],[114.297846,30.618906],[114.29855,30.619497],[114.297635,30.620075],[114.297291,30.619646]]]}},{"type":"Feature","id":"54a40332-e054-49aa-a7dc-0738fb1581ff","properties":{"id":"54a40332-e054-49aa-a7dc-0738fb1581ff","height":21,"num_floors":7,"class":"building","areaM2":34,"sourceTile":"tile_1_1","sourceFeatureCount":102299,"heightEstimated":true},"geometry":{"type":"Polygon","coordinates":[[[114.301976,30.618607],[114.301863,30.618662],[114.301865,30.618605],[114.301976,30.618607]]]}},{"type":"Feature","id":"22d81121-8dbf-45f4-9709-324a02f0e3fd","properties":{"id":"22d81121-8dbf-45f4-9709-324a02f0e3fd","height":94,"num_floors":29,"class":"hospital","areaM2":6095,"sourceTile":"tile_1_1","sourceFeatureCount":102299,"heightEstimated":true},"geometry":{"type":"Polygon","coordinates":[[[114.303133,30.617254],[114.30376,30.617096],[114.303785,30.616807],[114.303227,30.616775],[114.303236,30.61655],[114.304632,30.616616],[114.30392,30.616778],[114.30389,30.61712],[114.304601,30.61716],[114.303851,30.617292],[114.304164,30.617683],[114.303424,30.61765],[114.303709,30.617286],[114.303133,30.617254]]]}},{"type":"Feature","id":"ff983c0b-aa2a-4536-9f04-f48152453f0b","properties":{"id":"ff983c0b-aa2a-4536-9f04-f48152453f0b","height":168,"num_floors":6,"class":"commercial","areaM2":30319,"sourceTile":"tile_1_1","sourceFeatureCount":102299,"heightEstimated":true},"geometry":{"type":"Polygon","coordinates":[[[114.305424,30.613035],[114.304795,30.613353],[114.302809,30.610414],[114.303841,30.610207],[114.305424,30.613035]]]}},{"type":"Feature","id":"a59fc444-a554-47b8-a08a-9b79d1b3c215","properties":{"id":"a59fc444-a554-47b8-a08a-9b79d1b3c215","height":109,"num_floors":5,"class":"building","areaM2":11944,"sourceTile":"tile_1_1","sourceFeatureCount":102299,"heightEstimated":true},"geometry":{"type":"Polygon","coordinates":[[[114.302488,30.609702],[114.302193,30.609827],[114.301914,30.609347],[114.302858,30.608917],[114.302407,30.608262],[114.301694,30.608594],[114.301962,30.609287],[114.301205,30.608257],[114.30215,30.608109],[114.302144,30.607745],[114.302321,30.608026],[114.302681,30.607938],[114.303131,30.608982],[114.3023,30.609356],[114.302488,30.609702]]]}},{"type":"Feature","id":"02d2e5bf-53d3-4c96-a08c-775695b253a1","properties":{"id":"02d2e5bf-53d3-4c96-a08c-775695b253a1","height":14,"num_floors":4,"class":"building","areaM2":45,"sourceTile":"tile_1_1","sourceFeatureCount":102299,"heightEstimated":true},"geometry":{"type":"Polygon","coordinates":[[[114.305215,30.605696],[114.305094,30.605595],[114.305151,30.605573],[114.305215,30.605696]]]}},{"type":"Feature","id":"e639a9cc-0617-4f0d-99ca-e9c1cb5c9f20","properties":{"id":"e639a9cc-0617-4f0d-99ca-e9c1cb5c9f20","height":34,"num_floors":11,"class":"building","areaM2":9,"sourceTile":"tile_1_1","sourceFeatureCount":102299,"heightEstimated":true},"geometry":{"type":"Polygon","coordinates":[[[114.297701,30.598517],[114.297644,30.598482],[114.297671,30.59847],[114.297701,30.598517]]]}},{"type":"Feature","id":"f0691621-fb48-4905-85fe-c84582ec5904","properties":{"id":"f0691621-fb48-4905-85fe-c84582ec5904","height":39,"num_floors":12,"class":"building","areaM2":276,"sourceTile":"tile_1_1","sourceFeatureCount":102299,"heightEstimated":true},"geometry":{"type":"Polygon","coordinates":[[[114.319548,30.5931],[114.319841,30.593475],[114.319733,30.593514],[114.319548,30.5931]]]}},{"type":"Feature","id":"5c5786a1-5cb3-4180-aa78-c586bc454fd5","properties":{"id":"5c5786a1-5cb3-4180-aa78-c586bc454fd5","height":110,"num_floors":34,"class":"commercial","areaM2":9791,"sourceTile":"tile_1_1","sourceFeatureCount":102299,"heightEstimated":true},"geometry":{"type":"Polygon","coordinates":[[[114.325004,30.591476],[114.323944,30.591885],[114.323692,30.591602],[114.324163,30.591304],[114.323692,30.590744],[114.324147,30.590447],[114.325004,30.591476]]]}},{"type":"Feature","id":"0eda4aee-416b-44b9-8834-c1a00abe5520","properties":{"id":"0eda4aee-416b-44b9-8834-c1a00abe5520","height":20,"num_floors":6,"class":"building","areaM2":39,"sourceTile":"tile_1_1","sourceFeatureCount":102299,"heightEstimated":true},"geometry":{"type":"Polygon","coordinates":[[[114.313756,30.618651],[114.313631,30.618609],[114.313696,30.618572],[114.313756,30.618651]]]}},{"type":"Feature","id":"f9d9c438-85f5-433a-8272-d069b1671dfb","properties":{"id":"f9d9c438-85f5-433a-8272-d069b1671dfb","height":153,"num_floors":48,"class":"building","areaM2":20193,"sourceTile":"tile_1_1","sourceFeatureCount":102299,"heightEstimated":true},"geometry":{"type":"Polygon","coordinates":[[[114.309809,30.61872],[114.308525,30.619445],[114.307695,30.618657],[114.308873,30.617651],[114.309809,30.61872]]]}},{"type":"Feature","id":"6f078a21-ab62-4159-8678-66a3ba9ac613","properties":{"id":"6f078a21-ab62-4159-8678-66a3ba9ac613","height":12,"num_floors":4,"class":"building","areaM2":39,"sourceTile":"tile_1_1","sourceFeatureCount":102299,"heightEstimated":true},"geometry":{"type":"Polygon","coordinates":[[[114.306811,30.619542],[114.306874,30.619439],[114.306909,30.6195],[114.306811,30.619542]]]}},{"type":"Feature","id":"b92c4e98-40c9-4272-ae54-27a4cdca2090","properties":{"id":"b92c4e98-40c9-4272-ae54-27a4cdca2090","height":42,"num_floors":13,"class":"building","areaM2":168,"sourceTile":"tile_1_1","sourceFeatureCount":102299,"heightEstimated":true},"geometry":{"type":"Polygon","coordinates":[[[114.306932,30.631517],[114.306591,30.631701],[114.306561,30.631624],[114.306932,30.631517]]]}},{"type":"Feature","id":"1bd93d08-ab19-4cf7-abbf-5e5c3eb742e4","properties":{"id":"1bd93d08-ab19-4cf7-abbf-5e5c3eb742e4","height":83,"num_floors":26,"class":"building","areaM2":6768,"sourceTile":"tile_1_1","sourceFeatureCount":102299,"heightEstimated":true},"geometry":{"type":"Polygon","coordinates":[[[114.30814,30.632518],[114.308487,30.63224],[114.309291,30.632265],[114.309096,30.631837],[114.309869,30.632789],[114.309426,30.632925],[114.309577,30.632735],[114.309149,30.632466],[114.308445,30.632894],[114.30814,30.632518]]]}},{"type":"Feature","id":"bb77a21d-a86e-4bf9-9009-2144e6ae132e","properties":{"id":"bb77a21d-a86e-4bf9-9009-2144e6ae132e","height":36,"num_floors":11,"class":"building","areaM2":227,"sourceTile":"tile_1_1","sourceFeatureCount":102299,"heightEstimated":true},"geometry":{"type":"Polygon","coordinates":[[[114.314365,30.63208],[114.314309,30.631999],[114.314754,30.631879],[114.314365,30.63208]]]}},{"type":"Feature","id":"85a7dee5-cb7b-44fd-9d72-8ff8623e354f","properties":{"id":"85a7dee5-cb7b-44fd-9d72-8ff8623e354f","height":19,"num_floors":6,"class":"building","areaM2":36,"sourceTile":"tile_1_1","sourceFeatureCount":102299,"heightEstimated":true},"geometry":{"type":"Polygon","coordinates":[[[114.31828,30.625166],[114.318404,30.625162],[114.318344,30.625218],[114.31828,30.625166]]]}},{"type":"Feature","id":"2801a83c-a85d-4773-b355-6c1619cd823e","properties":{"id":"2801a83c-a85d-4773-b355-6c1619cd823e","height":98,"num_floors":31,"class":"building","areaM2":9235,"sourceTile":"tile_1_1","sourceFeatureCount":102299,"heightEstimated":true},"geometry":{"type":"Polygon","coordinates":[[[114.318159,30.631231],[114.318954,30.632364],[114.318204,30.632772],[114.31795,30.632414],[114.318231,30.632256],[114.317695,30.63148],[114.318159,30.631231]]]}},{"type":"Feature","id":"728e9c76-0075-43e7-b381-65ca41f46cc2","properties":{"id":"728e9c76-0075-43e7-b381-65ca41f46cc2","height":104,"num_floors":33,"class":"building","areaM2":6149,"sourceTile":"tile_1_1","sourceFeatureCount":102299,"heightEstimated":true},"geometry":{"type":"Polygon","coordinates":[[[114.316901,30.630247],[114.316302,30.63056],[114.315875,30.630007],[114.316769,30.629537],[114.316901,30.630247]]]}},{"type":"Feature","id":"9748dade-9d6a-4cb7-a2f9-ce45c16ab50b","properties":{"id":"9748dade-9d6a-4cb7-a2f9-ce45c16ab50b","height":139,"num_floors":43,"class":"building","areaM2":13360,"sourceTile":"tile_1_1","sourceFeatureCount":102299,"heightEstimated":true},"geometry":{"type":"Polygon","coordinates":[[[114.318127,30.63277],[114.317406,30.63303],[114.316698,30.631989],[114.317657,30.631506],[114.31817,30.63227],[114.317878,30.632414],[114.318127,30.63277]]]}},{"type":"Feature","id":"ff47415d-7372-466d-a882-346075bfb347","properties":{"id":"ff47415d-7372-466d-a882-346075bfb347","height":92,"num_floors":29,"class":"building","areaM2":7184,"sourceTile":"tile_1_1","sourceFeatureCount":102299,"heightEstimated":true},"geometry":{"type":"Polygon","coordinates":[[[114.302123,30.633799],[114.301377,30.633522],[114.301318,30.632816],[114.302123,30.632747],[114.302123,30.633799]]]}},{"type":"Feature","id":"4774cd80-52ba-4abf-b746-1a9ff4bde0fd","properties":{"id":"4774cd80-52ba-4abf-b746-1a9ff4bde0fd","height":17,"num_floors":5,"class":"building","areaM2":143,"sourceTile":"tile_1_1","sourceFeatureCount":102299,"heightEstimated":true},"geometry":{"type":"Polygon","coordinates":[[[114.303623,30.627607],[114.303894,30.627548],[114.303705,30.627689],[114.303623,30.627607]]]}},{"type":"Feature","id":"ef2897aa-b2e9-4d3d-adf9-670426c95148","properties":{"id":"ef2897aa-b2e9-4d3d-adf9-670426c95148","height":43,"num_floors":13,"class":"building","areaM2":224,"sourceTile":"tile_1_1","sourceFeatureCount":102299,"heightEstimated":true},"geometry":{"type":"Polygon","coordinates":[[[114.30258,30.627033],[114.30223,30.627035],[114.302509,30.626912],[114.30258,30.627033]]]}},{"type":"Feature","id":"739c3998-57a5-4f8d-a1bd-a4310a2ca301","properties":{"id":"739c3998-57a5-4f8d-a1bd-a4310a2ca301","height":95,"num_floors":30,"class":"building","areaM2":6290,"sourceTile":"tile_1_1","sourceFeatureCount":102299,"heightEstimated":true},"geometry":{"type":"Polygon","coordinates":[[[114.298226,30.626247],[114.297657,30.626691],[114.297103,30.626145],[114.297787,30.625645],[114.298226,30.626247]]]}},{"type":"Feature","id":"53003a02-d211-4bff-89d7-55a0d0b4f764","properties":{"id":"53003a02-d211-4bff-89d7-55a0d0b4f764","height":97,"num_floors":1,"class":"building","areaM2":7461,"sourceTile":"tile_1_1","sourceFeatureCount":102299,"heightEstimated":true},"geometry":{"type":"Polygon","coordinates":[[[114.298293,30.628014],[114.297783,30.627538],[114.298593,30.626966],[114.29913,30.627529],[114.298293,30.628014]]]}},{"type":"Feature","id":"594b0629-5165-4d40-a2ae-2c6a7c0596c1","properties":{"id":"594b0629-5165-4d40-a2ae-2c6a7c0596c1","height":29,"num_floors":9,"class":"building","areaM2":76,"sourceTile":"tile_1_1","sourceFeatureCount":102299,"heightEstimated":true},"geometry":{"type":"Polygon","coordinates":[[[114.295986,30.631758],[114.296155,30.631862],[114.29597,30.631833],[114.295986,30.631758]]]}},{"type":"Feature","id":"b619518e-5f51-4ab4-85d8-aa57c64b9836","properties":{"id":"b619518e-5f51-4ab4-85d8-aa57c64b9836","height":168,"num_floors":53,"class":"building","areaM2":29958,"sourceTile":"tile_1_1","sourceFeatureCount":102299,"heightEstimated":true},"geometry":{"type":"Polygon","coordinates":[[[114.297221,30.633248],[114.292527,30.632116],[114.292709,30.631555],[114.297143,30.632624],[114.297378,30.632766],[114.297221,30.633248]]]}},{"type":"Feature","id":"6b267440-afad-4134-bcd2-0997961f88ef","properties":{"id":"6b267440-afad-4134-bcd2-0997961f88ef","height":127,"num_floors":40,"class":"building","areaM2":13143,"sourceTile":"tile_1_1","sourceFeatureCount":102299,"heightEstimated":true},"geometry":{"type":"Polygon","coordinates":[[[114.296735,30.624925],[114.296027,30.625765],[114.295057,30.624529],[114.295882,30.624252],[114.296735,30.624925]]]}},{"type":"Feature","id":"6fef14e0-c42a-4d01-9f5d-2a29d0654447","properties":{"id":"6fef14e0-c42a-4d01-9f5d-2a29d0654447","height":17,"num_floors":5,"class":"building","areaM2":21,"sourceTile":"tile_1_1","sourceFeatureCount":102299,"heightEstimated":true},"geometry":{"type":"Polygon","coordinates":[[[114.289822,30.623783],[114.289725,30.62382],[114.289715,30.623783],[114.289822,30.623783]]]}},{"type":"Feature","id":"eaab3c0b-7386-42e6-b857-771292eada22","properties":{"id":"eaab3c0b-7386-42e6-b857-771292eada22","height":9,"num_floors":3,"class":"building","areaM2":24,"sourceTile":"tile_1_1","sourceFeatureCount":102299,"heightEstimated":true},"geometry":{"type":"Polygon","coordinates":[[[114.341793,30.615238],[114.341903,30.615243],[114.341874,30.615282],[114.341793,30.615238]]]}},{"type":"Feature","id":"1219e17e-4772-4093-887c-58ab305655b7","properties":{"id":"1219e17e-4772-4093-887c-58ab305655b7","height":33,"num_floors":10,"class":"building","areaM2":31,"sourceTile":"tile_1_1","sourceFeatureCount":102299,"heightEstimated":true},"geometry":{"type":"Polygon","coordinates":[[[114.33779,30.608702],[114.337794,30.608601],[114.33785,30.608647],[114.33779,30.608702]]]}},{"type":"Feature","id":"7d0dc1af-f542-482d-8184-f867080d53eb","properties":{"id":"7d0dc1af-f542-482d-8184-f867080d53eb","height":108,"num_floors":34,"class":"building","areaM2":6982,"sourceTile":"tile_1_1","sourceFeatureCount":102299,"heightEstimated":true},"geometry":{"type":"Polygon","coordinates":[[[114.333202,30.607354],[114.333381,30.607248],[114.334452,30.608406],[114.33405,30.608674],[114.333196,30.607735],[114.333439,30.607591],[114.333202,30.607354]]]}},{"type":"Feature","id":"efe379f6-8e3d-491d-8768-f2737f5f20af","properties":{"id":"efe379f6-8e3d-491d-8768-f2737f5f20af","height":23,"num_floors":7,"class":"building","areaM2":9,"sourceTile":"tile_1_1","sourceFeatureCount":102299,"heightEstimated":true},"geometry":{"type":"Polygon","coordinates":[[[114.33181,30.602698],[114.331875,30.602718],[114.331834,30.602731],[114.33181,30.602698]]]}},{"type":"Feature","id":"b9222a78-0320-477b-b3bf-31f606afaedb","properties":{"id":"b9222a78-0320-477b-b3bf-31f606afaedb","height":112,"num_floors":35,"class":"industrial","areaM2":9508,"sourceTile":"tile_1_1","sourceFeatureCount":102299,"heightEstimated":true},"geometry":{"type":"Polygon","coordinates":[[[114.329972,30.601044],[114.33004,30.601304],[114.329029,30.600123],[114.329439,30.599857],[114.329809,30.600305],[114.330045,30.600155],[114.330647,30.600851],[114.329972,30.601044]]]}},{"type":"Feature","id":"2a47572b-6db2-4961-b755-e614c75287d2","properties":{"id":"2a47572b-6db2-4961-b755-e614c75287d2","height":16,"num_floors":5,"class":"building","areaM2":28,"sourceTile":"tile_1_1","sourceFeatureCount":102299,"heightEstimated":true},"geometry":{"type":"Polygon","coordinates":[[[114.328555,30.59505],[114.328445,30.595048],[114.328501,30.595001],[114.328555,30.59505]]]}},{"type":"Feature","id":"8ffa08c9-d2c6-4789-882f-7b1d106d39f6","properties":{"id":"8ffa08c9-d2c6-4789-882f-7b1d106d39f6","height":8,"num_floors":3,"class":"building","areaM2":21,"sourceTile":"tile_1_1","sourceFeatureCount":102299,"heightEstimated":true},"geometry":{"type":"Polygon","coordinates":[[[114.327571,30.593489],[114.327672,30.593492],[114.327601,30.593529],[114.327571,30.593489]]]}},{"type":"Feature","id":"34dde895-ff6e-4e36-beb0-90b4de9cea35","properties":{"id":"34dde895-ff6e-4e36-beb0-90b4de9cea35","height":91,"num_floors":28,"class":"building","areaM2":7177,"sourceTile":"tile_1_1","sourceFeatureCount":102299,"heightEstimated":true},"geometry":{"type":"Polygon","coordinates":[[[114.33031,30.594381],[114.330543,30.594145],[114.331711,30.594289],[114.332601,30.593865],[114.333088,30.594492],[114.332496,30.594194],[114.332009,30.594525],[114.33031,30.594381]]]}},{"type":"Feature","id":"340dcaec-97b1-4719-ba23-6cd26d0cd473","properties":{"id":"340dcaec-97b1-4719-ba23-6cd26d0cd473","height":168,"num_floors":53,"class":"building","areaM2":31010,"sourceTile":"tile_1_1","sourceFeatureCount":102299,"heightEstimated":true},"geometry":{"type":"Polygon","coordinates":[[[114.338753,30.591019],[114.337834,30.591763],[114.336003,30.590035],[114.336866,30.589288],[114.338753,30.591019]]]}},{"type":"Feature","id":"51e3f94c-c623-4948-a028-80bebd2e1122","properties":{"id":"51e3f94c-c623-4948-a028-80bebd2e1122","height":35,"num_floors":11,"class":"building","areaM2":86,"sourceTile":"tile_1_1","sourceFeatureCount":102299,"heightEstimated":true},"geometry":{"type":"Polygon","coordinates":[[[114.334871,30.596971],[114.33471,30.596805],[114.334871,30.596869],[114.334871,30.596971]]]}},{"type":"Feature","id":"3dcb2d5f-386b-45d8-9542-2ecdb5f0a8e4","properties":{"id":"3dcb2d5f-386b-45d8-9542-2ecdb5f0a8e4","height":22,"num_floors":7,"class":"building","areaM2":17,"sourceTile":"tile_1_1","sourceFeatureCount":102299,"heightEstimated":true},"geometry":{"type":"Polygon","coordinates":[[[114.340696,30.598909],[114.340628,30.598863],[114.340694,30.598861],[114.340696,30.598909]]]}},{"type":"Feature","id":"14923613-e49e-4baf-a706-3ab1c65660ef","properties":{"id":"14923613-e49e-4baf-a706-3ab1c65660ef","height":93,"num_floors":29,"class":"building","areaM2":6648,"sourceTile":"tile_1_1","sourceFeatureCount":102299,"heightEstimated":true},"geometry":{"type":"Polygon","coordinates":[[[114.340055,30.602249],[114.340977,30.603177],[114.340589,30.603467],[114.339666,30.602537],[114.340055,30.602249]]]}},{"type":"Feature","id":"190cac9e-9f1a-4b87-8de4-1c7bc55b7cdb","properties":{"id":"190cac9e-9f1a-4b87-8de4-1c7bc55b7cdb","height":107,"num_floors":33,"class":"building","areaM2":6626,"sourceTile":"tile_1_1","sourceFeatureCount":102299,"heightEstimated":true},"geometry":{"type":"Polygon","coordinates":[[[114.34066,30.601847],[114.341581,30.602778],[114.341193,30.603064],[114.340272,30.602135],[114.34066,30.601847]]]}},{"type":"Feature","id":"7ab91b4f-1a2b-4b4f-a3e4-c9935cce409e","properties":{"id":"7ab91b4f-1a2b-4b4f-a3e4-c9935cce409e","height":83,"num_floors":26,"class":"commercial","areaM2":6166,"sourceTile":"tile_1_1","sourceFeatureCount":102299,"heightEstimated":true},"geometry":{"type":"Polygon","coordinates":[[[114.340785,30.594203],[114.341562,30.594833],[114.341108,30.595248],[114.340328,30.594444],[114.340785,30.594203]]]}},{"type":"Feature","id":"e5f63974-3698-4102-bb0b-e79055306b42","properties":{"id":"e5f63974-3698-4102-bb0b-e79055306b42","height":131,"num_floors":41,"class":"commercial","areaM2":10221,"sourceTile":"tile_1_1","sourceFeatureCount":102299,"heightEstimated":true},"geometry":{"type":"Polygon","coordinates":[[[114.339499,30.593244],[114.338896,30.592356],[114.339936,30.591559],[114.340518,30.591689],[114.339443,30.592561],[114.339865,30.592875],[114.339499,30.593244]]]}},{"type":"Feature","id":"2dc88828-344a-47f7-a7b3-2a2b448cc497","properties":{"id":"2dc88828-344a-47f7-a7b3-2a2b448cc497","height":144,"num_floors":45,"class":"commercial","areaM2":13525,"sourceTile":"tile_1_1","sourceFeatureCount":102299,"heightEstimated":true},"geometry":{"type":"Polygon","coordinates":[[[114.34143,30.590366],[114.342236,30.590666],[114.341464,30.591882],[114.340568,30.591425],[114.34143,30.590366]]]}},{"type":"Feature","id":"1c8215c8-bfe3-43f7-95f9-588c3743a978","properties":{"id":"1c8215c8-bfe3-43f7-95f9-588c3743a978","height":33,"num_floors":10,"class":"house","areaM2":510,"sourceTile":"tile_1_1","sourceFeatureCount":102299,"heightEstimated":true},"geometry":{"type":"Polygon","coordinates":[[[114.343337,30.592584],[114.342693,30.592244],[114.343414,30.592475],[114.343337,30.592584]]]}},{"type":"Feature","id":"919832f9-72c9-4cd8-94fd-b919ad9db80d","properties":{"id":"919832f9-72c9-4cd8-94fd-b919ad9db80d","height":100,"num_floors":31,"class":"house","areaM2":6204,"sourceTile":"tile_1_1","sourceFeatureCount":102299,"heightEstimated":true},"geometry":{"type":"Polygon","coordinates":[[[114.345148,30.59507],[114.345517,30.59527],[114.344926,30.596006],[114.344111,30.595923],[114.345148,30.59507]]]}},{"type":"Feature","id":"d26ca1d9-1fd5-4c6b-ba65-8454d6675a68","properties":{"id":"d26ca1d9-1fd5-4c6b-ba65-8454d6675a68","height":41,"num_floors":13,"class":"apartments","areaM2":1543,"sourceTile":"tile_1_1","sourceFeatureCount":102299,"heightEstimated":true},"geometry":{"type":"Polygon","coordinates":[[[114.346835,30.603937],[114.346701,30.603727],[114.347195,30.603436],[114.347265,30.603752],[114.346835,30.603937]]]}},{"type":"Feature","id":"9b594d58-ba56-4068-8f2f-d880546a7965","properties":{"id":"9b594d58-ba56-4068-8f2f-d880546a7965","height":32,"num_floors":10,"class":"building","areaM2":50,"sourceTile":"tile_1_1","sourceFeatureCount":102299,"heightEstimated":true},"geometry":{"type":"Polygon","coordinates":[[[114.347624,30.608672],[114.34747,30.608713],[114.347568,30.608625],[114.347624,30.608672]]]}},{"type":"Feature","id":"3e9c1a22-847f-40a9-b97a-c9ddae3ef971","properties":{"id":"3e9c1a22-847f-40a9-b97a-c9ddae3ef971","height":80,"num_floors":25,"class":"building","areaM2":5934,"sourceTile":"tile_1_1","sourceFeatureCount":102299,"heightEstimated":true},"geometry":{"type":"Polygon","coordinates":[[[114.343193,30.616637],[114.344534,30.617791],[114.344159,30.618131],[114.34373,30.617766],[114.344024,30.617509],[114.343265,30.616841],[114.343437,30.616993],[114.343089,30.617075],[114.343662,30.617729],[114.34293,30.617103],[114.343193,30.616637]]]}},{"type":"Feature","id":"31a61508-5513-45e1-a565-f039d71f70df","properties":{"id":"31a61508-5513-45e1-a565-f039d71f70df","height":117,"num_floors":37,"class":"building","areaM2":9163,"sourceTile":"tile_1_1","sourceFeatureCount":102299,"heightEstimated":true},"geometry":{"type":"Polygon","coordinates":[[[114.349129,30.613202],[114.348551,30.613781],[114.347646,30.613357],[114.348369,30.612634],[114.349129,30.613202]]]}},{"type":"Feature","id":"b4b3c255-bd3c-4116-bde2-379c87448649","properties":{"id":"b4b3c255-bd3c-4116-bde2-379c87448649","height":94,"num_floors":29,"class":"building","areaM2":8550,"sourceTile":"tile_1_1","sourceFeatureCount":102299,"heightEstimated":true},"geometry":{"type":"Polygon","coordinates":[[[114.349271,30.614315],[114.348793,30.613946],[114.349351,30.613404],[114.350102,30.613983],[114.349382,30.614682],[114.349109,30.614472],[114.349271,30.614315]]]}},{"type":"Feature","id":"d2f0b7eb-ba76-4fee-bf05-2a6ec1da97e8","properties":{"id":"d2f0b7eb-ba76-4fee-bf05-2a6ec1da97e8","height":68,"num_floors":21,"class":"building","areaM2":2563,"sourceTile":"tile_1_1","sourceFeatureCount":102299,"heightEstimated":true},"geometry":{"type":"Polygon","coordinates":[[[114.350695,30.615048],[114.350957,30.614878],[114.350532,30.615293],[114.349903,30.614812],[114.350343,30.614382],[114.350161,30.61469],[114.350695,30.615048]]]}}]}