{"type":"FeatureCollection","name":"wuhan-building-display-tile_1_0","source":"data/geospatial/wuhan/buildings/low/tile_1_0.geojson","sourceFeatureCount":50722,"displayFeatureCount":495,"generatedAt":"2026-06-03T12:54:11.359Z","features":[{"type":"Feature","id":"7d6f2610-106a-438d-8a33-0aa0c1b2022c","properties":{"id":"7d6f2610-106a-438d-8a33-0aa0c1b2022c","height":20,"num_floors":6,"class":"building","areaM2":118,"sourceTile":"tile_1_0","sourceFeatureCount":50722,"heightEstimated":true},"geometry":{"type":"Polygon","coordinates":[[[113.950078,30.558821],[113.949927,30.55864],[113.950034,30.558622],[113.950078,30.558821]]]}},{"type":"Feature","id":"5d8c809c-c09b-49de-90be-da55f5725532","properties":{"id":"5d8c809c-c09b-49de-90be-da55f5725532","height":17,"num_floors":5,"class":"building","areaM2":81,"sourceTile":"tile_1_0","sourceFeatureCount":50722,"heightEstimated":true},"geometry":{"type":"Polygon","coordinates":[[[113.955275,30.562555],[113.955152,30.562408],[113.955245,30.562395],[113.955275,30.562555]]]}},{"type":"Feature","id":"16f11ddc-2cc7-4f7e-a097-2c3e8a67dc13","properties":{"id":"16f11ddc-2cc7-4f7e-a097-2c3e8a67dc13","height":16,"num_floors":5,"class":"building","areaM2":105,"sourceTile":"tile_1_0","sourceFeatureCount":50722,"heightEstimated":true},"geometry":{"type":"Polygon","coordinates":[[[113.961689,30.555903],[113.961582,30.555732],[113.961703,30.555741],[113.961689,30.555903]]]}},{"type":"Feature","id":"5027ad1d-0ff2-48e5-adf4-dab00ab50beb","properties":{"id":"5027ad1d-0ff2-48e5-adf4-dab00ab50beb","height":11,"num_floors":3,"class":"building","areaM2":45,"sourceTile":"tile_1_0","sourceFeatureCount":50722,"heightEstimated":true},"geometry":{"type":"Polygon","coordinates":[[[113.965909,30.553548],[113.966024,30.55362],[113.965913,30.553624],[113.965909,30.553548]]]}},{"type":"Feature","id":"ddc77bbb-639e-45dc-8552-a365bb33b04d","properties":{"id":"ddc77bbb-639e-45dc-8552-a365bb33b04d","height":8,"num_floors":3,"class":"building","areaM2":5,"sourceTile":"tile_1_0","sourceFeatureCount":50722,"heightEstimated":true},"geometry":{"type":"Polygon","coordinates":[[[113.966256,30.574252],[113.966289,30.574215],[113.966294,30.574238],[113.966256,30.574252]]]}},{"type":"Feature","id":"a3f8e55e-fa60-4b52-ad83-6a5a82ab9be0","properties":{"id":"a3f8e55e-fa60-4b52-ad83-6a5a82ab9be0","height":8,"num_floors":3,"class":"building","areaM2":17,"sourceTile":"tile_1_0","sourceFeatureCount":50722,"heightEstimated":true},"geometry":{"type":"Polygon","coordinates":[[[113.95905,30.557838],[113.959092,30.557904],[113.95903,30.557883],[113.95905,30.557838]]]}},{"type":"Feature","id":"eb1135c9-40b6-4a56-bf52-b8e4513aff37","properties":{"id":"eb1135c9-40b6-4a56-bf52-b8e4513aff37","height":36,"num_floors":11,"class":"building","areaM2":40,"sourceTile":"tile_1_0","sourceFeatureCount":50722,"heightEstimated":true},"geometry":{"type":"Polygon","coordinates":[[[113.958306,30.581692],[113.958435,30.581722],[113.958354,30.581762],[113.958306,30.581692]]]}},{"type":"Feature","id":"9e669b68-9b23-479f-8c64-22e251335a3f","properties":{"id":"9e669b68-9b23-479f-8c64-22e251335a3f","height":33,"num_floors":10,"class":"building","areaM2":34,"sourceTile":"tile_1_0","sourceFeatureCount":50722,"heightEstimated":true},"geometry":{"type":"Polygon","coordinates":[[[113.966902,30.578784],[113.966819,30.578699],[113.966924,30.57873],[113.966902,30.578784]]]}},{"type":"Feature","id":"39dbeed4-bd9a-42e3-b720-a9e462f0903d","properties":{"id":"39dbeed4-bd9a-42e3-b720-a9e462f0903d","height":30,"num_floors":9,"class":"building","areaM2":13,"sourceTile":"tile_1_0","sourceFeatureCount":50722,"heightEstimated":true},"geometry":{"type":"Polygon","coordinates":[[[113.966057,30.594546],[113.965992,30.594586],[113.96599,30.594548],[113.966057,30.594546]]]}},{"type":"Feature","id":"2cbb30c1-abb1-4c36-90fa-732732496359","properties":{"id":"2cbb30c1-abb1-4c36-90fa-732732496359","height":80,"num_floors":25,"class":"building","areaM2":7674,"sourceTile":"tile_1_0","sourceFeatureCount":50722,"heightEstimated":true},"geometry":{"type":"Polygon","coordinates":[[[113.963265,30.607744],[113.963888,30.607699],[113.963269,30.607459],[113.964266,30.607386],[113.964014,30.60754],[113.964357,30.607515],[113.964414,30.608094],[113.963162,30.608132],[113.963092,30.607418],[113.963265,30.607744]]]}},{"type":"Feature","id":"943171e2-49c2-436e-a692-7b5483e66fbc","properties":{"id":"943171e2-49c2-436e-a692-7b5483e66fbc","height":30,"num_floors":9,"class":"building","areaM2":40,"sourceTile":"tile_1_0","sourceFeatureCount":50722,"heightEstimated":true},"geometry":{"type":"Polygon","coordinates":[[[113.959881,30.607256],[113.959752,30.60723],[113.959832,30.607187],[113.959881,30.607256]]]}},{"type":"Feature","id":"67203b27-e85d-4d89-99d7-ba780aea1482","properties":{"id":"67203b27-e85d-4d89-99d7-ba780aea1482","height":27,"num_floors":8,"class":"building","areaM2":27,"sourceTile":"tile_1_0","sourceFeatureCount":50722,"heightEstimated":true},"geometry":{"type":"Polygon","coordinates":[[[113.954127,30.581855],[113.954058,30.581929],[113.954061,30.581853],[113.954127,30.581855]]]}},{"type":"Feature","id":"ab99321b-c780-4038-ad56-26909f58ff04","properties":{"id":"ab99321b-c780-4038-ad56-26909f58ff04","height":89,"num_floors":28,"class":"building","areaM2":9088,"sourceTile":"tile_1_0","sourceFeatureCount":50722,"heightEstimated":true},"geometry":{"type":"Polygon","coordinates":[[[113.949599,30.63195],[113.9503,30.632291],[113.949116,30.632998],[113.948626,30.632371],[113.949599,30.63195]]]}},{"type":"Feature","id":"30b78339-2a69-4201-8736-c762d4b6cdb8","properties":{"id":"30b78339-2a69-4201-8736-c762d4b6cdb8","height":24,"num_floors":8,"class":"building","areaM2":13,"sourceTile":"tile_1_0","sourceFeatureCount":50722,"heightEstimated":true},"geometry":{"type":"Polygon","coordinates":[[[113.959911,30.624356],[113.959987,30.624372],[113.95995,30.624398],[113.959911,30.624356]]]}},{"type":"Feature","id":"a03c6b27-ae2e-447e-8498-46e4d4e7e033","properties":{"id":"a03c6b27-ae2e-447e-8498-46e4d4e7e033","height":23,"num_floors":7,"class":"building","areaM2":28,"sourceTile":"tile_1_0","sourceFeatureCount":50722,"heightEstimated":true},"geometry":{"type":"Polygon","coordinates":[[[113.982619,30.625224],[113.982726,30.625246],[113.98266,30.625281],[113.982619,30.625224]]]}},{"type":"Feature","id":"7d6e64b6-94e3-4d4e-8615-0673bd82278f","properties":{"id":"7d6e64b6-94e3-4d4e-8615-0673bd82278f","height":21,"num_floors":7,"class":"building","areaM2":28,"sourceTile":"tile_1_0","sourceFeatureCount":50722,"heightEstimated":true},"geometry":{"type":"Polygon","coordinates":[[[113.977193,30.632641],[113.977303,30.632649],[113.977243,30.632692],[113.977193,30.632641]]]}},{"type":"Feature","id":"f93dcfc9-c074-4865-b32c-73c20d013b65","properties":{"id":"f93dcfc9-c074-4865-b32c-73c20d013b65","height":18,"num_floors":6,"class":"building","areaM2":13,"sourceTile":"tile_1_0","sourceFeatureCount":50722,"heightEstimated":true},"geometry":{"type":"Polygon","coordinates":[[[113.999084,30.608519],[113.999097,30.608451],[113.999129,30.608477],[113.999084,30.608519]]]}},{"type":"Feature","id":"ddb379e0-6cc7-4830-b80c-4cd3518f6fdf","properties":{"id":"ddb379e0-6cc7-4830-b80c-4cd3518f6fdf","height":18,"num_floors":6,"class":"building","areaM2":45,"sourceTile":"tile_1_0","sourceFeatureCount":50722,"heightEstimated":true},"geometry":{"type":"Polygon","coordinates":[[[113.99608,30.601078],[113.996219,30.601055],[113.996178,30.601122],[113.99608,30.601078]]]}},{"type":"Feature","id":"2cbc3d67-42d5-4fe6-b645-1d3c865ca50c","properties":{"id":"2cbc3d67-42d5-4fe6-b645-1d3c865ca50c","height":14,"num_floors":4,"class":"building","areaM2":17,"sourceTile":"tile_1_0","sourceFeatureCount":50722,"heightEstimated":true},"geometry":{"type":"Polygon","coordinates":[[[114.000666,30.586698],[114.000832,30.586685],[114.000831,30.586704],[114.000666,30.586698]]]}},{"type":"Feature","id":"b2074ad5-8433-4f1f-9a37-85c1bfcb675c","properties":{"id":"b2074ad5-8433-4f1f-9a37-85c1bfcb675c","height":17,"num_floors":5,"class":"building","areaM2":101,"sourceTile":"tile_1_0","sourceFeatureCount":50722,"heightEstimated":true},"geometry":{"type":"Polygon","coordinates":[[[113.996133,30.587123],[113.995925,30.587201],[113.995936,30.587106],[113.996133,30.587123]]]}},{"type":"Feature","id":"013d54de-c0fc-4462-bee2-e0ac7aaa8a3b","properties":{"id":"013d54de-c0fc-4462-bee2-e0ac7aaa8a3b","height":103,"num_floors":32,"class":"building","areaM2":8224,"sourceTile":"tile_1_0","sourceFeatureCount":50722,"heightEstimated":true},"geometry":{"type":"Polygon","coordinates":[[[113.993885,30.585873],[113.993221,30.585961],[113.993062,30.58471],[113.993618,30.584636],[113.993885,30.585873]]]}},{"type":"Feature","id":"067bc98c-a471-4526-9026-87138f094f94","properties":{"id":"067bc98c-a471-4526-9026-87138f094f94","height":16,"num_floors":5,"class":"building","areaM2":134,"sourceTile":"tile_1_0","sourceFeatureCount":50722,"heightEstimated":true},"geometry":{"type":"Polygon","coordinates":[[[113.994609,30.583576],[113.994628,30.583656],[113.994303,30.583631],[113.994609,30.583576]]]}},{"type":"Feature","id":"9f7581df-23a2-452e-a65b-50144ffb0601","properties":{"id":"9f7581df-23a2-452e-a65b-50144ffb0601","height":106,"num_floors":33,"class":"building","areaM2":10162,"sourceTile":"tile_1_0","sourceFeatureCount":50722,"heightEstimated":true},"geometry":{"type":"Polygon","coordinates":[[[113.994355,30.584301],[113.994686,30.58565],[113.993979,30.585762],[113.993694,30.584405],[113.994355,30.584301]]]}},{"type":"Feature","id":"dd2c379c-7a3c-4846-a201-8bfa8d09aba2","properties":{"id":"dd2c379c-7a3c-4846-a201-8bfa8d09aba2","height":106,"num_floors":33,"class":"building","areaM2":9571,"sourceTile":"tile_1_0","sourceFeatureCount":50722,"heightEstimated":true},"geometry":{"type":"Polygon","coordinates":[[[113.987533,30.585759],[113.987988,30.586934],[113.987121,30.587037],[113.986929,30.585831],[113.987533,30.585759]]]}},{"type":"Feature","id":"5d7706b1-47bf-4d57-9b55-e7f286e39c04","properties":{"id":"5d7706b1-47bf-4d57-9b55-e7f286e39c04","height":10,"num_floors":3,"class":"building","areaM2":40,"sourceTile":"tile_1_0","sourceFeatureCount":50722,"heightEstimated":true},"geometry":{"type":"Polygon","coordinates":[[[113.990623,30.593694],[113.990545,30.593786],[113.990531,30.593706],[113.990623,30.593694]]]}},{"type":"Feature","id":"fe3dda84-781b-42d4-b337-bfc3616cae62","properties":{"id":"fe3dda84-781b-42d4-b337-bfc3616cae62","height":8,"num_floors":3,"class":"building","areaM2":50,"sourceTile":"tile_1_0","sourceFeatureCount":50722,"heightEstimated":true},"geometry":{"type":"Polygon","coordinates":[[[113.985038,30.603333],[113.985177,30.603403],[113.985109,30.603438],[113.985038,30.603333]]]}},{"type":"Feature","id":"f9d31e54-19b0-45ab-8b48-884623bbd299","properties":{"id":"f9d31e54-19b0-45ab-8b48-884623bbd299","height":8,"num_floors":3,"class":"building","areaM2":36,"sourceTile":"tile_1_0","sourceFeatureCount":50722,"heightEstimated":true},"geometry":{"type":"Polygon","coordinates":[[[113.978348,30.597867],[113.97826,30.597944],[113.978259,30.597867],[113.978348,30.597867]]]}},{"type":"Feature","id":"d44505d4-4247-4dcc-86a3-447f8242d32f","properties":{"id":"d44505d4-4247-4dcc-86a3-447f8242d32f","height":36,"num_floors":11,"class":"building","areaM2":72,"sourceTile":"tile_1_0","sourceFeatureCount":50722,"heightEstimated":true},"geometry":{"type":"Polygon","coordinates":[[[113.972458,30.587036],[113.972633,30.586958],[113.972634,30.587034],[113.972458,30.587036]]]}},{"type":"Feature","id":"31e3d8d9-5fb6-40ac-b4b8-945c403954b0","properties":{"id":"31e3d8d9-5fb6-40ac-b4b8-945c403954b0","height":33,"num_floors":10,"class":"building","areaM2":45,"sourceTile":"tile_1_0","sourceFeatureCount":50722,"heightEstimated":true},"geometry":{"type":"Polygon","coordinates":[[[113.976975,30.584301],[113.977079,30.584218],[113.977063,30.584313],[113.976975,30.584301]]]}},{"type":"Feature","id":"00321548-e93e-4c1d-8d2b-7d6d82401167","properties":{"id":"00321548-e93e-4c1d-8d2b-7d6d82401167","height":141,"num_floors":44,"class":"garage","areaM2":23180,"sourceTile":"tile_1_0","sourceFeatureCount":50722,"heightEstimated":true},"geometry":{"type":"Polygon","coordinates":[[[113.978592,30.577646],[113.979411,30.577428],[113.980244,30.579895],[113.979421,30.580092],[113.978592,30.577646]]]}},{"type":"Feature","id":"e1f4cb67-d1fa-430f-8654-77114e104dc9","properties":{"id":"e1f4cb67-d1fa-430f-8654-77114e104dc9","height":82,"num_floors":26,"class":"building","areaM2":8228,"sourceTile":"tile_1_0","sourceFeatureCount":50722,"heightEstimated":true},"geometry":{"type":"Polygon","coordinates":[[[113.980928,30.582526],[113.981639,30.58455],[113.98128,30.58463],[113.980578,30.582621],[113.980928,30.582526]]]}},{"type":"Feature","id":"88d9227c-6f87-4849-b25b-8312074058e7","properties":{"id":"88d9227c-6f87-4849-b25b-8312074058e7","height":30,"num_floors":9,"class":"building","areaM2":27,"sourceTile":"tile_1_0","sourceFeatureCount":50722,"heightEstimated":true},"geometry":{"type":"Polygon","coordinates":[[[113.985066,30.587866],[113.98497,30.587913],[113.984978,30.587857],[113.985066,30.587866]]]}},{"type":"Feature","id":"2d2905f0-830e-423d-a223-18ced2ee0690","properties":{"id":"2d2905f0-830e-423d-a223-18ced2ee0690","height":100,"num_floors":31,"class":"building","areaM2":8356,"sourceTile":"tile_1_0","sourceFeatureCount":50722,"heightEstimated":true},"geometry":{"type":"Polygon","coordinates":[[[113.985901,30.585532],[113.986411,30.585466],[113.986707,30.586986],[113.986351,30.587032],[113.98611,30.586735],[113.985901,30.585532]]]}},{"type":"Feature","id":"3037e688-28d1-48d6-b4d2-1b2b5d631559","properties":{"id":"3037e688-28d1-48d6-b4d2-1b2b5d631559","height":29,"num_floors":9,"class":"building","areaM2":45,"sourceTile":"tile_1_0","sourceFeatureCount":50722,"heightEstimated":true},"geometry":{"type":"Polygon","coordinates":[[[113.984809,30.57225],[113.984765,30.572133],[113.984858,30.572186],[113.984809,30.57225]]]}},{"type":"Feature","id":"39e5cdcc-2240-4f83-a926-52e13ff12dc8","properties":{"id":"39e5cdcc-2240-4f83-a926-52e13ff12dc8","height":26,"num_floors":8,"class":"building","areaM2":36,"sourceTile":"tile_1_0","sourceFeatureCount":50722,"heightEstimated":true},"geometry":{"type":"Polygon","coordinates":[[[113.981797,30.569841],[113.98187,30.56993],[113.981783,30.569917],[113.981797,30.569841]]]}},{"type":"Feature","id":"28b5a8ce-2103-47c6-ba31-797f636f941d","properties":{"id":"28b5a8ce-2103-47c6-ba31-797f636f941d","height":25,"num_floors":8,"class":"building","areaM2":55,"sourceTile":"tile_1_0","sourceFeatureCount":50722,"heightEstimated":true},"geometry":{"type":"Polygon","coordinates":[[[113.975133,30.558766],[113.975261,30.558841],[113.975154,30.558859],[113.975133,30.558766]]]}},{"type":"Feature","id":"ac70fa01-8a44-4212-81ac-8c8e3baad7c0","properties":{"id":"ac70fa01-8a44-4212-81ac-8c8e3baad7c0","height":23,"num_floors":7,"class":"building","areaM2":45,"sourceTile":"tile_1_0","sourceFeatureCount":50722,"heightEstimated":true},"geometry":{"type":"Polygon","coordinates":[[[113.974402,30.549365],[113.974498,30.549455],[113.97441,30.549461],[113.974402,30.549365]]]}},{"type":"Feature","id":"7b36e138-2f63-4313-bfc4-602157abb508","properties":{"id":"7b36e138-2f63-4313-bfc4-602157abb508","height":168,"num_floors":53,"class":"building","areaM2":93007,"sourceTile":"tile_1_0","sourceFeatureCount":50722,"heightEstimated":true},"geometry":{"type":"Polygon","coordinates":[[[113.982915,30.544037],[113.983046,30.543625],[113.984303,30.543705],[113.985128,30.54332],[113.986077,30.544424],[113.987038,30.544678],[113.987987,30.544063],[113.987999,30.54349],[113.988631,30.542661],[113.989882,30.54209],[113.990741,30.542162],[113.991834,30.542774],[113.991918,30.543634],[113.991732,30.543892],[113.99006,30.543482],[113.989443,30.543667],[113.987295,30.545251],[113.986053,30.544737],[113.984362,30.54468],[113.98383,30.543908],[113.982915,30.544037]]]}},{"type":"Feature","id":"ab034ec3-0260-474d-9aae-bdecb69e0fb2","properties":{"id":"ab034ec3-0260-474d-9aae-bdecb69e0fb2","height":22,"num_floors":7,"class":"building","areaM2":62,"sourceTile":"tile_1_0","sourceFeatureCount":50722,"heightEstimated":true},"geometry":{"type":"Polygon","coordinates":[[[113.994574,30.543994],[113.994642,30.544124],[113.99453,30.544082],[113.994574,30.543994]]]}},{"type":"Feature","id":"0bbe22dd-463a-497a-bae8-bc4d99bc410e","properties":{"id":"0bbe22dd-463a-497a-bae8-bc4d99bc410e","height":18,"num_floors":6,"class":"building","areaM2":36,"sourceTile":"tile_1_0","sourceFeatureCount":50722,"heightEstimated":true},"geometry":{"type":"Polygon","coordinates":[[[113.987691,30.572364],[113.987593,30.572431],[113.987604,30.572355],[113.987691,30.572364]]]}},{"type":"Feature","id":"cfbe1c4e-786c-48b7-8bd6-29fa86f12cc9","properties":{"id":"cfbe1c4e-786c-48b7-8bd6-29fa86f12cc9","height":20,"num_floors":6,"class":"building","areaM2":101,"sourceTile":"tile_1_0","sourceFeatureCount":50722,"heightEstimated":true},"geometry":{"type":"Polygon","coordinates":[[[113.998168,30.557928],[113.998304,30.558069],[113.998141,30.55804],[113.998168,30.557928]]]}},{"type":"Feature","id":"9bf18e27-f566-4fde-8113-e23d76fe8031","properties":{"id":"9bf18e27-f566-4fde-8113-e23d76fe8031","height":19,"num_floors":6,"class":"building","areaM2":141,"sourceTile":"tile_1_0","sourceFeatureCount":50722,"heightEstimated":true},"geometry":{"type":"Polygon","coordinates":[[[113.995766,30.545533],[113.99553,30.545335],[113.995831,30.545474],[113.995766,30.545533]]]}},{"type":"Feature","id":"3beb772b-7927-4b82-ade5-021c5c2ee775","properties":{"id":"3beb772b-7927-4b82-ade5-021c5c2ee775","height":11,"num_floors":3,"class":"building","areaM2":8,"sourceTile":"tile_1_0","sourceFeatureCount":50722,"heightEstimated":true},"geometry":{"type":"Polygon","coordinates":[[[113.993717,30.532661],[113.993749,30.532624],[113.99376,30.532661],[113.993717,30.532661]]]}},{"type":"Feature","id":"d8195503-d25b-4975-9360-f52777fce21c","properties":{"id":"d8195503-d25b-4975-9360-f52777fce21c","height":10,"num_floors":3,"class":"building","areaM2":36,"sourceTile":"tile_1_0","sourceFeatureCount":50722,"heightEstimated":true},"geometry":{"type":"Polygon","coordinates":[[[113.993864,30.524152],[113.99386,30.524044],[113.993924,30.524096],[113.993864,30.524152]]]}},{"type":"Feature","id":"7df130a6-db83-4853-890b-6127b97cd9e0","properties":{"id":"7df130a6-db83-4853-890b-6127b97cd9e0","height":16,"num_floors":5,"class":"building","areaM2":227,"sourceTile":"tile_1_0","sourceFeatureCount":50722,"heightEstimated":true},"geometry":{"type":"Polygon","coordinates":[[[113.981727,30.524969],[113.981265,30.524919],[113.981715,30.524875],[113.981727,30.524969]]]}},{"type":"Feature","id":"99bb311a-2e8f-4bdb-bf37-293a35b484f9","properties":{"id":"99bb311a-2e8f-4bdb-bf37-293a35b484f9","height":8,"num_floors":3,"class":"building","areaM2":54,"sourceTile":"tile_1_0","sourceFeatureCount":50722,"heightEstimated":true},"geometry":{"type":"Polygon","coordinates":[[[113.981916,30.535877],[113.982033,30.535967],[113.981941,30.535983],[113.981916,30.535877]]]}},{"type":"Feature","id":"814e81bd-4014-4f66-8874-131e491d4547","properties":{"id":"814e81bd-4014-4f66-8874-131e491d4547","height":37,"num_floors":12,"class":"building","areaM2":67,"sourceTile":"tile_1_0","sourceFeatureCount":50722,"heightEstimated":true},"geometry":{"type":"Polygon","coordinates":[[[113.977301,30.527125],[113.977248,30.526983],[113.97736,30.527044],[113.977301,30.527125]]]}},{"type":"Feature","id":"53e66ca9-3a85-48c9-8f43-80afe937f568","properties":{"id":"53e66ca9-3a85-48c9-8f43-80afe937f568","height":32,"num_floors":10,"class":"building","areaM2":9,"sourceTile":"tile_1_0","sourceFeatureCount":50722,"heightEstimated":true},"geometry":{"type":"Polygon","coordinates":[[[113.968781,30.533217],[113.96872,30.533246],[113.968719,30.533219],[113.968781,30.533217]]]}},{"type":"Feature","id":"964ea482-32d1-4b9b-be8c-3367293ed66b","properties":{"id":"964ea482-32d1-4b9b-be8c-3367293ed66b","height":121,"num_floors":38,"class":"building","areaM2":13775,"sourceTile":"tile_1_0","sourceFeatureCount":50722,"heightEstimated":true},"geometry":{"type":"Polygon","coordinates":[[[113.967723,30.532369],[113.96851,30.532765],[113.967826,30.53228],[113.968141,30.531911],[113.969127,30.532542],[113.968418,30.533372],[113.967329,30.53283],[113.967723,30.532369]]]}},{"type":"Feature","id":"19c17a2e-0491-4b81-8950-e3c3b2429d55","properties":{"id":"19c17a2e-0491-4b81-8950-e3c3b2429d55","height":30,"num_floors":9,"class":"building","areaM2":6,"sourceTile":"tile_1_0","sourceFeatureCount":50722,"heightEstimated":true},"geometry":{"type":"Polygon","coordinates":[[[113.97199,30.522969],[113.971967,30.522922],[113.971989,30.522921],[113.97199,30.522969]]]}},{"type":"Feature","id":"ea64c670-16e3-46f8-9d69-1b2350d6b4d7","properties":{"id":"ea64c670-16e3-46f8-9d69-1b2350d6b4d7","height":29,"num_floors":9,"class":"building","areaM2":27,"sourceTile":"tile_1_0","sourceFeatureCount":50722,"heightEstimated":true},"geometry":{"type":"Polygon","coordinates":[[[114.049359,30.517273],[114.04939,30.51718],[114.04943,30.517221],[114.049359,30.517273]]]}},{"type":"Feature","id":"73bbca28-30e6-489a-a3b1-eafc3bee3470","properties":{"id":"73bbca28-30e6-489a-a3b1-eafc3bee3470","height":28,"num_floors":9,"class":"building","areaM2":45,"sourceTile":"tile_1_0","sourceFeatureCount":50722,"heightEstimated":true},"geometry":{"type":"Polygon","coordinates":[[[114.072028,30.519824],[114.072141,30.519751],[114.072138,30.519827],[114.072028,30.519824]]]}},{"type":"Feature","id":"4e8f1a92-d552-4513-aa20-0dca30fca9ed","properties":{"id":"4e8f1a92-d552-4513-aa20-0dca30fca9ed","height":29,"num_floors":9,"class":"building","areaM2":114,"sourceTile":"tile_1_0","sourceFeatureCount":50722,"heightEstimated":true},"geometry":{"type":"Polygon","coordinates":[[[114.071491,30.526054],[114.071314,30.525927],[114.071501,30.52594],[114.071491,30.526054]]]}},{"type":"Feature","id":"b78a88ee-5b77-47e2-941c-c8135a8941c2","properties":{"id":"b78a88ee-5b77-47e2-941c-c8135a8941c2","height":25,"num_floors":8,"class":"building","areaM2":72,"sourceTile":"tile_1_0","sourceFeatureCount":50722,"heightEstimated":true},"geometry":{"type":"Polygon","coordinates":[[[114.067757,30.529201],[114.067588,30.529111],[114.067764,30.529125],[114.067757,30.529201]]]}},{"type":"Feature","id":"215f4812-973a-47c3-84e8-dcb0b216a6a2","properties":{"id":"215f4812-973a-47c3-84e8-dcb0b216a6a2","height":120,"num_floors":38,"class":"building","areaM2":11396,"sourceTile":"tile_1_0","sourceFeatureCount":50722,"heightEstimated":true},"geometry":{"type":"Polygon","coordinates":[[[114.080685,30.52921],[114.081576,30.528953],[114.081759,30.529587],[114.082274,30.529477],[114.082341,30.529708],[114.08181,30.529822],[114.082371,30.530023],[114.081019,30.530313],[114.080953,30.530084],[114.081511,30.529864],[114.080854,30.529815],[114.081464,30.529594],[114.080781,30.529546],[114.081383,30.529291],[114.080748,30.529427],[114.080685,30.52921]]]}},{"type":"Feature","id":"307f56e8-92f2-4a20-915b-2fa3f33ca884","properties":{"id":"307f56e8-92f2-4a20-915b-2fa3f33ca884","height":96,"num_floors":30,"class":"building","areaM2":9341,"sourceTile":"tile_1_0","sourceFeatureCount":50722,"heightEstimated":true},"geometry":{"type":"Polygon","coordinates":[[[114.081395,30.539749],[114.079551,30.540148],[114.079204,30.539267],[114.081395,30.539749]]]}},{"type":"Feature","id":"cd1a36c0-730b-4362-aa6c-cc06dd9c7523","properties":{"id":"cd1a36c0-730b-4362-aa6c-cc06dd9c7523","height":22,"num_floors":7,"class":"building","areaM2":45,"sourceTile":"tile_1_0","sourceFeatureCount":50722,"heightEstimated":true},"geometry":{"type":"Polygon","coordinates":[[[114.073729,30.537017],[114.073641,30.537119],[114.073613,30.537056],[114.073729,30.537017]]]}},{"type":"Feature","id":"5378ea6b-300f-4017-ae19-7222287d118b","properties":{"id":"5378ea6b-300f-4017-ae19-7222287d118b","height":19,"num_floors":6,"class":"building","areaM2":27,"sourceTile":"tile_1_0","sourceFeatureCount":50722,"heightEstimated":true},"geometry":{"type":"Polygon","coordinates":[[[114.045083,30.533025],[114.045195,30.533032],[114.045113,30.533072],[114.045083,30.533025]]]}},{"type":"Feature","id":"59e2987c-930c-4f50-9136-2a1f573fe545","properties":{"id":"59e2987c-930c-4f50-9136-2a1f573fe545","height":88,"num_floors":28,"class":"university","areaM2":9555,"sourceTile":"tile_1_0","sourceFeatureCount":50722,"heightEstimated":true},"geometry":{"type":"Polygon","coordinates":[[[114.025041,30.531615],[114.024656,30.532016],[114.024083,30.531609],[114.024855,30.530803],[114.02633,30.531851],[114.026169,30.532019],[114.024941,30.531147],[114.024715,30.531383],[114.025041,30.531615]]]}},{"type":"Feature","id":"e51dc539-656a-4d21-9440-51c3b8011a08","properties":{"id":"e51dc539-656a-4d21-9440-51c3b8011a08","height":136,"num_floors":5,"class":"university","areaM2":19042,"sourceTile":"tile_1_0","sourceFeatureCount":50722,"heightEstimated":true},"geometry":{"type":"Polygon","coordinates":[[[114.027146,30.530986],[114.026235,30.530327],[114.026256,30.529435],[114.02682,30.529445],[114.027407,30.530188],[114.027591,30.530002],[114.028073,30.530355],[114.028166,30.53084],[114.027146,30.530986]]]}},{"type":"Feature","id":"6d5a5953-cf26-4b99-badf-63a96ddfeef6","properties":{"id":"6d5a5953-cf26-4b99-badf-63a96ddfeef6","height":18,"num_floors":6,"class":"building","areaM2":45,"sourceTile":"tile_1_0","sourceFeatureCount":50722,"heightEstimated":true},"geometry":{"type":"Polygon","coordinates":[[[114.042209,30.531165],[114.04221,30.531288],[114.042141,30.53124],[114.042209,30.531165]]]}},{"type":"Feature","id":"66b85987-5a85-41af-825c-d7e209d6cdf0","properties":{"id":"66b85987-5a85-41af-825c-d7e209d6cdf0","height":15,"num_floors":5,"class":"building","areaM2":39,"sourceTile":"tile_1_0","sourceFeatureCount":50722,"heightEstimated":true},"geometry":{"type":"Polygon","coordinates":[[[114.039973,30.517457],[114.039846,30.51742],[114.039909,30.517381],[114.039973,30.517457]]]}},{"type":"Feature","id":"bede04f0-0ec0-482f-b810-98035c554662","properties":{"id":"bede04f0-0ec0-482f-b810-98035c554662","height":12,"num_floors":4,"class":"building","areaM2":25,"sourceTile":"tile_1_0","sourceFeatureCount":50722,"heightEstimated":true},"geometry":{"type":"Polygon","coordinates":[[[114.014501,30.534291],[114.014492,30.534193],[114.014542,30.534213],[114.014501,30.534291]]]}},{"type":"Feature","id":"755b2012-8138-4669-8791-0bdedef1ad35","properties":{"id":"755b2012-8138-4669-8791-0bdedef1ad35","height":168,"num_floors":53,"class":"apartments","areaM2":39260,"sourceTile":"tile_1_0","sourceFeatureCount":50722,"heightEstimated":true},"geometry":{"type":"Polygon","coordinates":[[[114.021706,30.539277],[114.021396,30.539383],[114.020861,30.538415],[114.021307,30.538245],[114.021306,30.537897],[114.022983,30.538254],[114.023932,30.538878],[114.02389,30.539527],[114.022984,30.53989],[114.021706,30.539277]]]}},{"type":"Feature","id":"d209ec63-74d8-4281-8055-b62df44db0a1","properties":{"id":"d209ec63-74d8-4281-8055-b62df44db0a1","height":10,"num_floors":3,"class":"building","areaM2":17,"sourceTile":"tile_1_0","sourceFeatureCount":50722,"heightEstimated":true},"geometry":{"type":"Polygon","coordinates":[[[114.018337,30.539342],[114.018427,30.539356],[114.018396,30.539386],[114.018337,30.539342]]]}},{"type":"Feature","id":"46e1af0f-7022-46f6-9372-5aae8b4c5f16","properties":{"id":"46e1af0f-7022-46f6-9372-5aae8b4c5f16","height":9,"num_floors":3,"class":"building","areaM2":36,"sourceTile":"tile_1_0","sourceFeatureCount":50722,"heightEstimated":true},"geometry":{"type":"Polygon","coordinates":[[[114.009232,30.552291],[114.009128,30.552351],[114.009145,30.552276],[114.009232,30.552291]]]}},{"type":"Feature","id":"e94b344a-b8c9-46f6-b652-06574e51bbb0","properties":{"id":"e94b344a-b8c9-46f6-b652-06574e51bbb0","height":11,"num_floors":3,"class":"building","areaM2":103,"sourceTile":"tile_1_0","sourceFeatureCount":50722,"heightEstimated":true},"geometry":{"type":"Polygon","coordinates":[[[114.015796,30.545087],[114.0158,30.544964],[114.015961,30.54492],[114.015796,30.545087]]]}},{"type":"Feature","id":"42278c86-4b7a-4da8-ae94-7ed3d7306eee","properties":{"id":"42278c86-4b7a-4da8-ae94-7ed3d7306eee","height":8,"num_floors":3,"class":"building","areaM2":27,"sourceTile":"tile_1_0","sourceFeatureCount":50722,"heightEstimated":true},"geometry":{"type":"Polygon","coordinates":[[[114.026086,30.540459],[114.025998,30.54052],[114.025993,30.540466],[114.026086,30.540459]]]}},{"type":"Feature","id":"5b64ad0b-4b91-4e37-9a3e-dd57fda115c7","properties":{"id":"5b64ad0b-4b91-4e37-9a3e-dd57fda115c7","height":33,"num_floors":10,"class":"building","areaM2":17,"sourceTile":"tile_1_0","sourceFeatureCount":50722,"heightEstimated":true},"geometry":{"type":"Polygon","coordinates":[[[114.038529,30.546336],[114.038584,30.546274],[114.038601,30.546312],[114.038529,30.546336]]]}},{"type":"Feature","id":"52de3dfb-4818-4952-8085-dfe46dc116b3","properties":{"id":"52de3dfb-4818-4952-8085-dfe46dc116b3","height":33,"num_floors":10,"class":"building","areaM2":50,"sourceTile":"tile_1_0","sourceFeatureCount":50722,"heightEstimated":true},"geometry":{"type":"Polygon","coordinates":[[[114.026276,30.555276],[114.026117,30.555299],[114.026228,30.555223],[114.026276,30.555276]]]}},{"type":"Feature","id":"b46e8eb7-4790-45e1-997c-8aa686d5a2ff","properties":{"id":"b46e8eb7-4790-45e1-997c-8aa686d5a2ff","height":35,"num_floors":11,"class":"building","areaM2":133,"sourceTile":"tile_1_0","sourceFeatureCount":50722,"heightEstimated":true},"geometry":{"type":"Polygon","coordinates":[[[114.03291,30.558473],[114.032774,30.558692],[114.032704,30.558619],[114.03291,30.558473]]]}},{"type":"Feature","id":"6207bb42-ac1a-41ec-aef6-9496cc10e557","properties":{"id":"6207bb42-ac1a-41ec-aef6-9496cc10e557","height":94,"num_floors":2,"class":"hospital","areaM2":7916,"sourceTile":"tile_1_0","sourceFeatureCount":50722,"heightEstimated":true},"geometry":{"type":"Polygon","coordinates":[[[114.038909,30.564723],[114.037945,30.565062],[114.037806,30.564757],[114.038199,30.564546],[114.037757,30.564697],[114.037601,30.564357],[114.038595,30.564018],[114.038741,30.564336],[114.038295,30.564488],[114.0388,30.564486],[114.038909,30.564723]]]}},{"type":"Feature","id":"22fa546f-4921-4ea5-92a7-77bad33c2b41","properties":{"id":"22fa546f-4921-4ea5-92a7-77bad33c2b41","height":29,"num_floors":9,"class":"building","areaM2":40,"sourceTile":"tile_1_0","sourceFeatureCount":50722,"heightEstimated":true},"geometry":{"type":"Polygon","coordinates":[[[114.030521,30.563117],[114.030425,30.563038],[114.030518,30.563036],[114.030521,30.563117]]]}},{"type":"Feature","id":"44164d3b-f454-44c1-ad75-33557fdcebdf","properties":{"id":"44164d3b-f454-44c1-ad75-33557fdcebdf","height":168,"num_floors":53,"class":"building","areaM2":77992,"sourceTile":"tile_1_0","sourceFeatureCount":50722,"heightEstimated":true},"geometry":{"type":"Polygon","coordinates":[[[114.019295,30.563632],[114.017476,30.56377],[114.017763,30.559474],[114.01957,30.559844],[114.019295,30.563632]]]}},{"type":"Feature","id":"e35eea18-e99d-43aa-b4c7-ba11f324d519","properties":{"id":"e35eea18-e99d-43aa-b4c7-ba11f324d519","height":168,"num_floors":53,"class":"building","areaM2":124548,"sourceTile":"tile_1_0","sourceFeatureCount":50722,"heightEstimated":true},"geometry":{"type":"Polygon","coordinates":[[[114.023485,30.56334],[114.019856,30.563593],[114.020132,30.559922],[114.023807,30.56061],[114.023485,30.56334]]]}},{"type":"Feature","id":"91630ad7-12e8-45bd-9436-9ba7a92026e2","properties":{"id":"91630ad7-12e8-45bd-9436-9ba7a92026e2","height":28,"num_floors":9,"class":"building","areaM2":56,"sourceTile":"tile_1_0","sourceFeatureCount":50722,"heightEstimated":true},"geometry":{"type":"Polygon","coordinates":[[[114.0221,30.555271],[114.022016,30.555157],[114.022124,30.555178],[114.0221,30.555271]]]}},{"type":"Feature","id":"d47ac719-aefc-438f-926b-f3be35ee7866","properties":{"id":"d47ac719-aefc-438f-926b-f3be35ee7866","height":23,"num_floors":7,"class":"building","areaM2":24,"sourceTile":"tile_1_0","sourceFeatureCount":50722,"heightEstimated":true},"geometry":{"type":"Polygon","coordinates":[[[114.009339,30.561946],[114.009244,30.561979],[114.00928,30.561919],[114.009339,30.561946]]]}},{"type":"Feature","id":"064483b2-74fd-4adf-922e-e1c8b940bc6b","properties":{"id":"064483b2-74fd-4adf-922e-e1c8b940bc6b","height":168,"num_floors":53,"class":"building","areaM2":117311,"sourceTile":"tile_1_0","sourceFeatureCount":50722,"heightEstimated":true},"geometry":{"type":"Polygon","coordinates":[[[114.013631,30.564088],[114.010293,30.564299],[114.00989,30.561083],[114.013514,30.560967],[114.013631,30.564088]]]}},{"type":"Feature","id":"2b469483-a004-455d-9084-1d2483168f7e","properties":{"id":"2b469483-a004-455d-9084-1d2483168f7e","height":21,"num_floors":7,"class":"building","areaM2":10,"sourceTile":"tile_1_0","sourceFeatureCount":50722,"heightEstimated":true},"geometry":{"type":"Polygon","coordinates":[[[114.012816,30.566756],[114.012888,30.566743],[114.012879,30.566771],[114.012816,30.566756]]]}},{"type":"Feature","id":"bb4e0c55-28a6-4555-9d91-964eba2566d0","properties":{"id":"bb4e0c55-28a6-4555-9d91-964eba2566d0","height":129,"num_floors":40,"class":"building","areaM2":20338,"sourceTile":"tile_1_0","sourceFeatureCount":50722,"heightEstimated":true},"geometry":{"type":"Polygon","coordinates":[[[114.02131,30.566233],[114.019998,30.56639],[114.019792,30.564953],[114.021129,30.564816],[114.02131,30.566233]]]}},{"type":"Feature","id":"a7f7776e-71f8-4ccb-9eaf-caddf4d2a970","properties":{"id":"a7f7776e-71f8-4ccb-9eaf-caddf4d2a970","height":168,"num_floors":53,"class":"building","areaM2":56871,"sourceTile":"tile_1_0","sourceFeatureCount":50722,"heightEstimated":true},"geometry":{"type":"Polygon","coordinates":[[[114.016392,30.569856],[114.01456,30.570139],[114.014205,30.569612],[114.014107,30.567763],[114.016539,30.567518],[114.016392,30.569856]]]}},{"type":"Feature","id":"684adeee-a1db-4680-b60f-72cc27b85d63","properties":{"id":"684adeee-a1db-4680-b60f-72cc27b85d63","height":23,"num_floors":7,"class":"building","areaM2":94,"sourceTile":"tile_1_0","sourceFeatureCount":50722,"heightEstimated":true},"geometry":{"type":"Polygon","coordinates":[[[114.012369,30.573004],[114.012535,30.573152],[114.012447,30.573181],[114.012369,30.573004]]]}},{"type":"Feature","id":"377fde11-ebb0-4fed-af11-bf5d83817456","properties":{"id":"377fde11-ebb0-4fed-af11-bf5d83817456","height":17,"num_floors":5,"class":"building","areaM2":17,"sourceTile":"tile_1_0","sourceFeatureCount":50722,"heightEstimated":true},"geometry":{"type":"Polygon","coordinates":[[[114.016305,30.575734],[114.016222,30.575701],[114.016261,30.575678],[114.016305,30.575734]]]}},{"type":"Feature","id":"32232835-e153-407d-bc5e-b8fc4aca051c","properties":{"id":"32232835-e153-407d-bc5e-b8fc4aca051c","height":29,"num_floors":26,"class":"building","areaM2":406,"sourceTile":"tile_1_0","sourceFeatureCount":50722,"heightEstimated":true},"geometry":{"type":"Polygon","coordinates":[[[114.009587,30.573996],[114.009222,30.574246],[114.009181,30.574064],[114.009587,30.573996]]]}},{"type":"Feature","id":"72a0ec46-cf7c-4437-b86c-e6d72e512651","properties":{"id":"72a0ec46-cf7c-4437-b86c-e6d72e512651","height":19,"num_floors":6,"class":"building","areaM2":140,"sourceTile":"tile_1_0","sourceFeatureCount":50722,"heightEstimated":true},"geometry":{"type":"Polygon","coordinates":[[[114.010602,30.578007],[114.010385,30.577718],[114.010457,30.577693],[114.010602,30.578007]]]}},{"type":"Feature","id":"2daf6038-8e03-4887-971b-648400b4b2a3","properties":{"id":"2daf6038-8e03-4887-971b-648400b4b2a3","height":17,"num_floors":5,"class":"building","areaM2":143,"sourceTile":"tile_1_0","sourceFeatureCount":50722,"heightEstimated":true},"geometry":{"type":"Polygon","coordinates":[[[114.002837,30.584239],[114.002979,30.584031],[114.003047,30.584122],[114.002837,30.584239]]]}},{"type":"Feature","id":"429ce240-56d2-4d38-b053-69690e75b1a1","properties":{"id":"429ce240-56d2-4d38-b053-69690e75b1a1","height":85,"num_floors":27,"class":"building","areaM2":8302,"sourceTile":"tile_1_0","sourceFeatureCount":50722,"heightEstimated":true},"geometry":{"type":"Polygon","coordinates":[[[114.002016,30.585206],[114.001913,30.584576],[114.003376,30.584491],[114.003317,30.58499],[114.002016,30.585206]]]}},{"type":"Feature","id":"3a4125f8-4803-4346-95f6-9437888e1e28","properties":{"id":"3a4125f8-4803-4346-95f6-9437888e1e28","height":10,"num_floors":3,"class":"building","areaM2":39,"sourceTile":"tile_1_0","sourceFeatureCount":50722,"heightEstimated":true},"geometry":{"type":"Polygon","coordinates":[[[114.009704,30.589891],[114.009806,30.589815],[114.009813,30.589883],[114.009704,30.589891]]]}},{"type":"Feature","id":"de662a4c-7d57-4ca9-b6d8-d7fd7f07e243","properties":{"id":"de662a4c-7d57-4ca9-b6d8-d7fd7f07e243","height":10,"num_floors":3,"class":"building","areaM2":60,"sourceTile":"tile_1_0","sourceFeatureCount":50722,"heightEstimated":true},"geometry":{"type":"Polygon","coordinates":[[[114.010026,30.584352],[114.010165,30.58443],[114.010033,30.584437],[114.010026,30.584352]]]}},{"type":"Feature","id":"fc2d4cc8-42f9-4357-a152-1df7db30eb00","properties":{"id":"fc2d4cc8-42f9-4357-a152-1df7db30eb00","height":8,"num_floors":3,"class":"building","areaM2":73,"sourceTile":"tile_1_0","sourceFeatureCount":50722,"heightEstimated":true},"geometry":{"type":"Polygon","coordinates":[[[114.013066,30.588246],[114.013182,30.588087],[114.013229,30.588141],[114.013066,30.588246]]]}},{"type":"Feature","id":"88a73106-d522-4441-af21-1f012aa31831","properties":{"id":"88a73106-d522-4441-af21-1f012aa31831","height":38,"num_floors":12,"class":"building","areaM2":76,"sourceTile":"tile_1_0","sourceFeatureCount":50722,"heightEstimated":true},"geometry":{"type":"Polygon","coordinates":[[[114.01783,30.588971],[114.017985,30.589165],[114.017788,30.589011],[114.01783,30.588971]]]}},{"type":"Feature","id":"75c6cd98-353b-4a89-b557-38249400bf98","properties":{"id":"75c6cd98-353b-4a89-b557-38249400bf98","height":33,"num_floors":10,"class":"building","areaM2":39,"sourceTile":"tile_1_0","sourceFeatureCount":50722,"heightEstimated":true},"geometry":{"type":"Polygon","coordinates":[[[114.01744,30.584991],[114.017366,30.585089],[114.017362,30.584994],[114.01744,30.584991]]]}},{"type":"Feature","id":"f7531a56-3f4c-4438-9f78-1b21aa3d6798","properties":{"id":"f7531a56-3f4c-4438-9f78-1b21aa3d6798","height":35,"num_floors":11,"class":"building","areaM2":113,"sourceTile":"tile_1_0","sourceFeatureCount":50722,"heightEstimated":true},"geometry":{"type":"Polygon","coordinates":[[[114.018675,30.58334],[114.018361,30.583255],[114.018681,30.583273],[114.018675,30.58334]]]}},{"type":"Feature","id":"fd0373ec-ca28-4ba8-af70-72d010b8fdfc","properties":{"id":"fd0373ec-ca28-4ba8-af70-72d010b8fdfc","height":33,"num_floors":10,"class":"building","areaM2":95,"sourceTile":"tile_1_0","sourceFeatureCount":50722,"heightEstimated":true},"geometry":{"type":"Polygon","coordinates":[[[114.016989,30.580557],[114.016781,30.580399],[114.016847,30.580362],[114.016989,30.580557]]]}},{"type":"Feature","id":"79c60c48-015d-463d-8e8a-8cd8f0e62bbb","properties":{"id":"79c60c48-015d-463d-8e8a-8cd8f0e62bbb","height":31,"num_floors":10,"class":"building","areaM2":106,"sourceTile":"tile_1_0","sourceFeatureCount":50722,"heightEstimated":true},"geometry":{"type":"Polygon","coordinates":[[[114.019302,30.579732],[114.019086,30.579817],[114.019093,30.579722],[114.019302,30.579732]]]}},{"type":"Feature","id":"87ce5c98-5cba-4f6c-a0a3-c92f8bd602b7","properties":{"id":"87ce5c98-5cba-4f6c-a0a3-c92f8bd602b7","height":39,"num_floors":12,"class":"building","areaM2":467,"sourceTile":"tile_1_0","sourceFeatureCount":50722,"heightEstimated":true},"geometry":{"type":"Polygon","coordinates":[[[114.022558,30.57974],[114.023,30.580178],[114.022539,30.579844],[114.022199,30.579939],[114.022558,30.57974]]]}},{"type":"Feature","id":"c7eb1998-68f1-42cb-a5bc-bd84f720c26d","properties":{"id":"c7eb1998-68f1-42cb-a5bc-bd84f720c26d","height":22,"num_floors":7,"class":"building","areaM2":7,"sourceTile":"tile_1_0","sourceFeatureCount":50722,"heightEstimated":true},"geometry":{"type":"Polygon","coordinates":[[[114.030698,30.57811],[114.030764,30.578089],[114.030765,30.578108],[114.030698,30.57811]]]}},{"type":"Feature","id":"3dcc96d8-e51d-48b0-94ef-12b536522881","properties":{"id":"3dcc96d8-e51d-48b0-94ef-12b536522881","height":34,"num_floors":4,"class":"school","areaM2":434,"sourceTile":"tile_1_0","sourceFeatureCount":50722,"heightEstimated":true},"geometry":{"type":"Polygon","coordinates":[[[114.027546,30.583521],[114.027846,30.583977],[114.027431,30.58362],[114.027546,30.583521]]]}},{"type":"Feature","id":"525c994c-cc0d-419d-a9de-2bc6ebe1f648","properties":{"id":"525c994c-cc0d-419d-a9de-2bc6ebe1f648","height":112,"num_floors":35,"class":"building","areaM2":12001,"sourceTile":"tile_1_0","sourceFeatureCount":50722,"heightEstimated":true},"geometry":{"type":"Polygon","coordinates":[[[114.024038,30.585268],[114.023012,30.58514],[114.023063,30.584785],[114.023765,30.584234],[114.024844,30.584585],[114.024038,30.585268]]]}},{"type":"Feature","id":"bf05afb2-1a26-43e5-a396-ff76f01d1e53","properties":{"id":"bf05afb2-1a26-43e5-a396-ff76f01d1e53","height":23,"num_floors":7,"class":"building","areaM2":106,"sourceTile":"tile_1_0","sourceFeatureCount":50722,"heightEstimated":true},"geometry":{"type":"Polygon","coordinates":[[[114.02712,30.584799],[114.026969,30.584837],[114.026756,30.584759],[114.02712,30.584799]]]}},{"type":"Feature","id":"f60f403a-f3a2-4b5f-811d-009046b088ee","properties":{"id":"f60f403a-f3a2-4b5f-811d-009046b088ee","height":21,"num_floors":7,"class":"building","areaM2":118,"sourceTile":"tile_1_0","sourceFeatureCount":50722,"heightEstimated":true},"geometry":{"type":"Polygon","coordinates":[[[114.025537,30.589106],[114.025696,30.589282],[114.025589,30.589303],[114.025537,30.589106]]]}},{"type":"Feature","id":"442275a3-faa4-4e3e-8844-61c851ae4417","properties":{"id":"442275a3-faa4-4e3e-8844-61c851ae4417","height":16,"num_floors":5,"class":"building","areaM2":47,"sourceTile":"tile_1_0","sourceFeatureCount":50722,"heightEstimated":true},"geometry":{"type":"Polygon","coordinates":[[[114.028463,30.589041],[114.028412,30.589158],[114.028374,30.589069],[114.028463,30.589041]]]}},{"type":"Feature","id":"dcbad325-a89e-41f7-afad-2f249dbc97da","properties":{"id":"dcbad325-a89e-41f7-afad-2f249dbc97da","height":16,"num_floors":5,"class":"building","areaM2":94,"sourceTile":"tile_1_0","sourceFeatureCount":50722,"heightEstimated":true},"geometry":{"type":"Polygon","coordinates":[[[114.031203,30.586479],[114.031354,30.586649],[114.031157,30.586544],[114.031203,30.586479]]]}},{"type":"Feature","id":"f0510d05-c820-4fb0-8310-d3c91ce2f039","properties":{"id":"f0510d05-c820-4fb0-8310-d3c91ce2f039","height":12,"num_floors":4,"class":"building","areaM2":55,"sourceTile":"tile_1_0","sourceFeatureCount":50722,"heightEstimated":true},"geometry":{"type":"Polygon","coordinates":[[[114.035845,30.586077],[114.035858,30.585943],[114.035929,30.586016],[114.035845,30.586077]]]}},{"type":"Feature","id":"bfe7e4c5-3795-486c-b257-647c2bd93a30","properties":{"id":"bfe7e4c5-3795-486c-b257-647c2bd93a30","height":8,"num_floors":3,"class":"building","areaM2":22,"sourceTile":"tile_1_0","sourceFeatureCount":50722,"heightEstimated":true},"geometry":{"type":"Polygon","coordinates":[[[114.037835,30.582138],[114.037931,30.582103],[114.037923,30.58215],[114.037835,30.582138]]]}},{"type":"Feature","id":"471a7abe-c66f-42d1-9024-c3b7ab74171e","properties":{"id":"471a7abe-c66f-42d1-9024-c3b7ab74171e","height":10,"num_floors":3,"class":"building","areaM2":86,"sourceTile":"tile_1_0","sourceFeatureCount":50722,"heightEstimated":true},"geometry":{"type":"Polygon","coordinates":[[[114.034974,30.578128],[114.034823,30.578247],[114.034804,30.578154],[114.034974,30.578128]]]}},{"type":"Feature","id":"0dfa3ea3-7429-4981-829e-3cd1af9180c2","properties":{"id":"0dfa3ea3-7429-4981-829e-3cd1af9180c2","height":8,"num_floors":3,"class":"building","areaM2":17,"sourceTile":"tile_1_0","sourceFeatureCount":50722,"heightEstimated":true},"geometry":{"type":"Polygon","coordinates":[[[114.041512,30.575184],[114.041434,30.575215],[114.041448,30.575169],[114.041512,30.575184]]]}},{"type":"Feature","id":"33e911f4-4ee8-4a5f-8030-11e2b7904bd4","properties":{"id":"33e911f4-4ee8-4a5f-8030-11e2b7904bd4","height":38,"num_floors":12,"class":"building","areaM2":101,"sourceTile":"tile_1_0","sourceFeatureCount":50722,"heightEstimated":true},"geometry":{"type":"Polygon","coordinates":[[[114.030294,30.576023],[114.030501,30.575941],[114.030493,30.576036],[114.030294,30.576023]]]}},{"type":"Feature","id":"394e5f3a-2d9a-419b-ac70-934e801b14c8","properties":{"id":"394e5f3a-2d9a-419b-ac70-934e801b14c8","height":33,"num_floors":10,"class":"building","areaM2":40,"sourceTile":"tile_1_0","sourceFeatureCount":50722,"heightEstimated":true},"geometry":{"type":"Polygon","coordinates":[[[114.027199,30.575602],[114.027345,30.575583],[114.027325,30.575638],[114.027199,30.575602]]]}},{"type":"Feature","id":"f30cf8a4-8288-438e-a058-ac4a3cd975aa","properties":{"id":"f30cf8a4-8288-438e-a058-ac4a3cd975aa","height":39,"num_floors":12,"class":"school","areaM2":273,"sourceTile":"tile_1_0","sourceFeatureCount":50722,"heightEstimated":true},"geometry":{"type":"Polygon","coordinates":[[[114.030268,30.57362],[114.029805,30.573673],[114.029826,30.573559],[114.030268,30.57362]]]}},{"type":"Feature","id":"e665fb73-136d-4860-a061-a8b3c4b37ccd","properties":{"id":"e665fb73-136d-4860-a061-a8b3c4b37ccd","height":32,"num_floors":10,"class":"building","areaM2":102,"sourceTile":"tile_1_0","sourceFeatureCount":50722,"heightEstimated":true},"geometry":{"type":"Polygon","coordinates":[[[114.023546,30.566923],[114.023483,30.567116],[114.023405,30.56705],[114.023546,30.566923]]]}},{"type":"Feature","id":"da215053-4990-41f3-9d34-e420ad652919","properties":{"id":"da215053-4990-41f3-9d34-e420ad652919","height":34,"num_floors":11,"class":"building","areaM2":215,"sourceTile":"tile_1_0","sourceFeatureCount":50722,"heightEstimated":true},"geometry":{"type":"Polygon","coordinates":[[[114.036026,30.571015],[114.036368,30.571153],[114.036016,30.571129],[114.036026,30.571015]]]}},{"type":"Feature","id":"2aafb253-6c46-43d7-bacf-6825dc7dc9fe","properties":{"id":"2aafb253-6c46-43d7-bacf-6825dc7dc9fe","height":116,"num_floors":36,"class":"building","areaM2":10734,"sourceTile":"tile_1_0","sourceFeatureCount":50722,"heightEstimated":true},"geometry":{"type":"Polygon","coordinates":[[[114.041878,30.566894],[114.041507,30.566079],[114.042794,30.565815],[114.042891,30.566661],[114.041878,30.566894]]]}},{"type":"Feature","id":"0f5cfe03-e860-46a4-b0d5-4a6a021e2ded","properties":{"id":"0f5cfe03-e860-46a4-b0d5-4a6a021e2ded","height":99,"num_floors":31,"class":"industrial","areaM2":9071,"sourceTile":"tile_1_0","sourceFeatureCount":50722,"heightEstimated":true},"geometry":{"type":"Polygon","coordinates":[[[114.051242,30.570757],[114.050113,30.570886],[114.049998,30.570141],[114.051127,30.570012],[114.051242,30.570757]]]}},{"type":"Feature","id":"b9579203-1550-44e4-8afb-9ba220565d76","properties":{"id":"b9579203-1550-44e4-8afb-9ba220565d76","height":104,"num_floors":33,"class":"industrial","areaM2":11702,"sourceTile":"tile_1_0","sourceFeatureCount":50722,"heightEstimated":true},"geometry":{"type":"Polygon","coordinates":[[[114.053153,30.570713],[114.051529,30.570865],[114.051444,30.570193],[114.053068,30.570041],[114.053153,30.570713]]]}},{"type":"Feature","id":"c41904ee-93d2-45ac-a3b2-a0d19eacc9b1","properties":{"id":"c41904ee-93d2-45ac-a3b2-a0d19eacc9b1","height":110,"num_floors":34,"class":"industrial","areaM2":11703,"sourceTile":"tile_1_0","sourceFeatureCount":50722,"heightEstimated":true},"geometry":{"type":"Polygon","coordinates":[[[114.053048,30.569851],[114.051424,30.570003],[114.051339,30.56933],[114.052963,30.569179],[114.053048,30.569851]]]}},{"type":"Feature","id":"2a4adfff-9d9e-49d8-8fc7-84535902d7a3","properties":{"id":"2a4adfff-9d9e-49d8-8fc7-84535902d7a3","height":121,"num_floors":38,"class":"industrial","areaM2":11702,"sourceTile":"tile_1_0","sourceFeatureCount":50722,"heightEstimated":true},"geometry":{"type":"Polygon","coordinates":[[[114.052933,30.56909],[114.051309,30.569242],[114.051225,30.568569],[114.052848,30.568417],[114.052933,30.56909]]]}},{"type":"Feature","id":"1a2c111b-4cd3-4721-9a59-367a89971e59","properties":{"id":"1a2c111b-4cd3-4721-9a59-367a89971e59","height":96,"num_floors":30,"class":"industrial","areaM2":11703,"sourceTile":"tile_1_0","sourceFeatureCount":50722,"heightEstimated":true},"geometry":{"type":"Polygon","coordinates":[[[114.052817,30.568227],[114.051193,30.56838],[114.051108,30.567707],[114.052732,30.567555],[114.052817,30.568227]]]}},{"type":"Feature","id":"2b3bf639-7226-4665-aaa4-d2fc5bc978e5","properties":{"id":"2b3bf639-7226-4665-aaa4-d2fc5bc978e5","height":39,"num_floors":12,"class":"building","areaM2":543,"sourceTile":"tile_1_0","sourceFeatureCount":50722,"heightEstimated":true},"geometry":{"type":"Polygon","coordinates":[[[114.052,30.567161],[114.051582,30.56754],[114.051489,30.56738],[114.052,30.567161]]]}},{"type":"Feature","id":"fa14b7b2-7a65-43d9-9902-6a29a7a4f9f1","properties":{"id":"fa14b7b2-7a65-43d9-9902-6a29a7a4f9f1","height":89,"num_floors":28,"class":"building","areaM2":9192,"sourceTile":"tile_1_0","sourceFeatureCount":50722,"heightEstimated":true},"geometry":{"type":"Polygon","coordinates":[[[114.054535,30.56688],[114.054133,30.566443],[114.055647,30.565959],[114.055903,30.566537],[114.054535,30.56688]]]}},{"type":"Feature","id":"74d0a45a-6de5-4a24-8d02-baa21d9ec1fd","properties":{"id":"74d0a45a-6de5-4a24-8d02-baa21d9ec1fd","height":145,"num_floors":45,"class":"building","areaM2":25871,"sourceTile":"tile_1_0","sourceFeatureCount":50722,"heightEstimated":true},"geometry":{"type":"Polygon","coordinates":[[[114.058051,30.566616],[114.056335,30.566618],[114.056304,30.565469],[114.058015,30.564925],[114.058051,30.566616]]]}},{"type":"Feature","id":"be1af240-2634-44ab-a2f0-b68ee42d1632","properties":{"id":"be1af240-2634-44ab-a2f0-b68ee42d1632","height":168,"num_floors":53,"class":"building","areaM2":30475,"sourceTile":"tile_1_0","sourceFeatureCount":50722,"heightEstimated":true},"geometry":{"type":"Polygon","coordinates":[[[114.062024,30.565751],[114.058284,30.56572],[114.058284,30.565203],[114.060109,30.564592],[114.062025,30.565472],[114.062024,30.565751]]]}},{"type":"Feature","id":"ab0db290-6f5d-4064-a032-998c9b93ea9c","properties":{"id":"ab0db290-6f5d-4064-a032-998c9b93ea9c","height":155,"num_floors":48,"class":"industrial","areaM2":29101,"sourceTile":"tile_1_0","sourceFeatureCount":50722,"heightEstimated":true},"geometry":{"type":"Polygon","coordinates":[[[114.060529,30.570432],[114.058411,30.570463],[114.058385,30.569167],[114.060503,30.569135],[114.060529,30.570432]]]}},{"type":"Feature","id":"cff33aee-31a8-45a5-b315-e0c5e8f9be10","properties":{"id":"cff33aee-31a8-45a5-b315-e0c5e8f9be10","height":167,"num_floors":52,"class":"industrial","areaM2":34372,"sourceTile":"tile_1_0","sourceFeatureCount":50722,"heightEstimated":true},"geometry":{"type":"Polygon","coordinates":[[[114.05829,30.570459],[114.056579,30.570493],[114.056528,30.568598],[114.058239,30.568565],[114.05829,30.570459]]]}},{"type":"Feature","id":"53299ad8-0b70-4366-8ee8-ba89dbc9beaa","properties":{"id":"53299ad8-0b70-4366-8ee8-ba89dbc9beaa","height":127,"num_floors":40,"class":"building","areaM2":15828,"sourceTile":"tile_1_0","sourceFeatureCount":50722,"heightEstimated":true},"geometry":{"type":"Polygon","coordinates":[[[114.054906,30.570076],[114.054934,30.568565],[114.055907,30.568563],[114.055911,30.570073],[114.054906,30.570076]]]}},{"type":"Feature","id":"7fca1b2d-5652-411a-b048-9df60dfa400d","properties":{"id":"7fca1b2d-5652-411a-b048-9df60dfa400d","height":138,"num_floors":43,"class":"building","areaM2":17466,"sourceTile":"tile_1_0","sourceFeatureCount":50722,"heightEstimated":true},"geometry":{"type":"Polygon","coordinates":[[[114.053588,30.568543],[114.054627,30.568533],[114.054648,30.57012],[114.05361,30.57013],[114.053588,30.568543]]]}},{"type":"Feature","id":"bf88c0a2-70de-4f80-bac3-75040b95b936","properties":{"id":"bf88c0a2-70de-4f80-bac3-75040b95b936","height":120,"num_floors":38,"class":"building","areaM2":12689,"sourceTile":"tile_1_0","sourceFeatureCount":50722,"heightEstimated":true},"geometry":{"type":"Polygon","coordinates":[[[114.053589,30.570268],[114.055887,30.570241],[114.055892,30.570767],[114.053594,30.570784],[114.053589,30.570268]]]}},{"type":"Feature","id":"29f8923f-07fc-4f64-9dcb-272d13f333f2","properties":{"id":"29f8923f-07fc-4f64-9dcb-272d13f333f2","height":103,"num_floors":32,"class":"industrial","areaM2":12986,"sourceTile":"tile_1_0","sourceFeatureCount":50722,"heightEstimated":true},"geometry":{"type":"Polygon","coordinates":[[[114.054993,30.572329],[114.053759,30.572353],[114.053721,30.571366],[114.054967,30.571342],[114.054993,30.572329]]]}},{"type":"Feature","id":"7bb0c76a-7056-4b70-9347-c53b7d766886","properties":{"id":"7bb0c76a-7056-4b70-9347-c53b7d766886","height":108,"num_floors":34,"class":"industrial","areaM2":8775,"sourceTile":"tile_1_0","sourceFeatureCount":50722,"heightEstimated":true},"geometry":{"type":"Polygon","coordinates":[[[114.056028,30.573273],[114.054756,30.573296],[114.05474,30.572645],[114.056012,30.572622],[114.056028,30.573273]]]}},{"type":"Feature","id":"a20d4b05-33fe-43b9-8944-e5f8b447fd04","properties":{"id":"a20d4b05-33fe-43b9-8944-e5f8b447fd04","height":83,"num_floors":26,"class":"industrial","areaM2":7543,"sourceTile":"tile_1_0","sourceFeatureCount":50722,"heightEstimated":true},"geometry":{"type":"Polygon","coordinates":[[[114.057277,30.573989],[114.056642,30.573988],[114.056642,30.572868],[114.057278,30.572868],[114.057277,30.573989]]]}},{"type":"Feature","id":"0ad5bf07-41dd-4a3d-8dbd-6de48b8240be","properties":{"id":"0ad5bf07-41dd-4a3d-8dbd-6de48b8240be","height":125,"num_floors":39,"class":"industrial","areaM2":18582,"sourceTile":"tile_1_0","sourceFeatureCount":50722,"heightEstimated":true},"geometry":{"type":"Polygon","coordinates":[[[114.058446,30.57269],[114.056838,30.572699],[114.056829,30.571609],[114.058438,30.5716],[114.058446,30.57269]]]}},{"type":"Feature","id":"dabf4619-d40e-4885-9592-c96a27844d39","properties":{"id":"dabf4619-d40e-4885-9592-c96a27844d39","height":168,"num_floors":53,"class":"industrial","areaM2":59019,"sourceTile":"tile_1_0","sourceFeatureCount":50722,"heightEstimated":true},"geometry":{"type":"Polygon","coordinates":[[[114.061564,30.575098],[114.059601,30.575104],[114.059589,30.572267],[114.061552,30.572261],[114.061564,30.575098]]]}},{"type":"Feature","id":"6d100025-9072-4ebc-8817-c0501b785d2c","properties":{"id":"6d100025-9072-4ebc-8817-c0501b785d2c","height":21,"num_floors":7,"class":"building","areaM2":9,"sourceTile":"tile_1_0","sourceFeatureCount":50722,"heightEstimated":true},"geometry":{"type":"Polygon","coordinates":[[[114.061803,30.573045],[114.061808,30.573124],[114.061786,30.57312],[114.061803,30.573045]]]}},{"type":"Feature","id":"8ee740ce-b9e3-49ee-962a-d2bc7d22b987","properties":{"id":"8ee740ce-b9e3-49ee-962a-d2bc7d22b987","height":80,"num_floors":25,"class":"industrial","areaM2":7544,"sourceTile":"tile_1_0","sourceFeatureCount":50722,"heightEstimated":true},"geometry":{"type":"Polygon","coordinates":[[[114.058855,30.573984],[114.058219,30.573984],[114.05822,30.572863],[114.058855,30.572864],[114.058855,30.573984]]]}},{"type":"Feature","id":"abfb711b-0dd3-4f8e-a7ea-762c26af90c3","properties":{"id":"abfb711b-0dd3-4f8e-a7ea-762c26af90c3","height":86,"num_floors":27,"class":"industrial","areaM2":7544,"sourceTile":"tile_1_0","sourceFeatureCount":50722,"heightEstimated":true},"geometry":{"type":"Polygon","coordinates":[[[114.058081,30.573986],[114.057445,30.573985],[114.057445,30.572865],[114.058081,30.572865],[114.058081,30.573986]]]}},{"type":"Feature","id":"98ebfa17-14c0-4c23-8c83-3616a1e5e9ef","properties":{"id":"98ebfa17-14c0-4c23-8c83-3616a1e5e9ef","height":124,"num_floors":39,"class":"building","areaM2":13759,"sourceTile":"tile_1_0","sourceFeatureCount":50722,"heightEstimated":true},"geometry":{"type":"Polygon","coordinates":[[[114.052369,30.572935],[114.051299,30.57296],[114.051261,30.571751],[114.052331,30.571717],[114.052369,30.572935]]]}},{"type":"Feature","id":"e5cd53d4-04bb-4029-ae21-e22ad3cc5a69","properties":{"id":"e5cd53d4-04bb-4029-ae21-e22ad3cc5a69","height":136,"num_floors":43,"class":"industrial","areaM2":18447,"sourceTile":"tile_1_0","sourceFeatureCount":50722,"heightEstimated":true},"geometry":{"type":"Polygon","coordinates":[[[114.046307,30.576198],[114.0442,30.576244],[114.044185,30.575738],[114.045341,30.575713],[114.04532,30.575003],[114.046271,30.574983],[114.046307,30.576198]]]}},{"type":"Feature","id":"ec4af53f-8aa0-445d-9ca3-9b451233bc66","properties":{"id":"ec4af53f-8aa0-445d-9ca3-9b451233bc66","height":125,"num_floors":39,"class":"industrial","areaM2":19217,"sourceTile":"tile_1_0","sourceFeatureCount":50722,"heightEstimated":true},"geometry":{"type":"Polygon","coordinates":[[[114.047087,30.577837],[114.045525,30.577886],[114.045477,30.576725],[114.047038,30.576677],[114.047087,30.577837]]]}},{"type":"Feature","id":"8abb02fa-a0cf-42f3-ace0-4360414e1881","properties":{"id":"8abb02fa-a0cf-42f3-ace0-4360414e1881","height":100,"num_floors":31,"class":"industrial","areaM2":9475,"sourceTile":"tile_1_0","sourceFeatureCount":50722,"heightEstimated":true},"geometry":{"type":"Polygon","coordinates":[[[114.045088,30.57907],[114.043737,30.579113],[114.043709,30.578451],[114.04506,30.578409],[114.045088,30.57907]]]}},{"type":"Feature","id":"a94b8820-abfe-4d56-8f0f-1d17ab835f4b","properties":{"id":"a94b8820-abfe-4d56-8f0f-1d17ab835f4b","height":24,"num_floors":8,"class":"building","areaM2":162,"sourceTile":"tile_1_0","sourceFeatureCount":50722,"heightEstimated":true},"geometry":{"type":"Polygon","coordinates":[[[114.059651,30.589],[114.059667,30.588707],[114.05977,30.588742],[114.059651,30.589]]]}},{"type":"Feature","id":"db139e18-8da5-427f-a32e-2f348ac8c698","properties":{"id":"db139e18-8da5-427f-a32e-2f348ac8c698","height":125,"num_floors":39,"class":"industrial","areaM2":11935,"sourceTile":"tile_1_0","sourceFeatureCount":50722,"heightEstimated":true},"geometry":{"type":"Polygon","coordinates":[[[114.055867,30.578884],[114.054549,30.57893],[114.054509,30.578077],[114.055826,30.57803],[114.055867,30.578884]]]}},{"type":"Feature","id":"4589b0fe-99c8-4742-ac80-3d8f13bd973b","properties":{"id":"4589b0fe-99c8-4742-ac80-3d8f13bd973b","height":105,"num_floors":33,"class":"building","areaM2":7853,"sourceTile":"tile_1_0","sourceFeatureCount":50722,"heightEstimated":true},"geometry":{"type":"Polygon","coordinates":[[[114.059011,30.578865],[114.057703,30.578864],[114.057704,30.578298],[114.059012,30.578299],[114.059011,30.578865]]]}},{"type":"Feature","id":"816dfd96-0c30-4dbf-bdd5-d9ad1756d9c9","properties":{"id":"816dfd96-0c30-4dbf-bdd5-d9ad1756d9c9","height":114,"num_floors":36,"class":"building","areaM2":12907,"sourceTile":"tile_1_0","sourceFeatureCount":50722,"heightEstimated":true},"geometry":{"type":"Polygon","coordinates":[[[114.059154,30.580175],[114.057196,30.580216],[114.057164,30.579077],[114.057437,30.579072],[114.057453,30.579672],[114.059139,30.579637],[114.059154,30.580175]]]}},{"type":"Feature","id":"5217e1a6-5fb8-4503-b9f5-4a9b989091bd","properties":{"id":"5217e1a6-5fb8-4503-b9f5-4a9b989091bd","height":77,"num_floors":24,"class":"industrial","areaM2":7575,"sourceTile":"tile_1_0","sourceFeatureCount":50722,"heightEstimated":true},"geometry":{"type":"Polygon","coordinates":[[[114.061316,30.580075],[114.059754,30.580084],[114.05975,30.579626],[114.061313,30.579618],[114.061316,30.580075]]]}},{"type":"Feature","id":"cb1cde52-fee2-4003-a79e-a94bc5fb2cb2","properties":{"id":"cb1cde52-fee2-4003-a79e-a94bc5fb2cb2","height":15,"num_floors":5,"class":"building","areaM2":18,"sourceTile":"tile_1_0","sourceFeatureCount":50722,"heightEstimated":true},"geometry":{"type":"Polygon","coordinates":[[[114.071815,30.579518],[114.071899,30.579542],[114.071844,30.579567],[114.071815,30.579518]]]}},{"type":"Feature","id":"c57028de-9d39-480d-bd5b-8d7644434167","properties":{"id":"c57028de-9d39-480d-bd5b-8d7644434167","height":18,"num_floors":6,"class":"building","areaM2":118,"sourceTile":"tile_1_0","sourceFeatureCount":50722,"heightEstimated":true},"geometry":{"type":"Polygon","coordinates":[[[114.074989,30.577838],[114.074796,30.577689],[114.074896,30.577652],[114.074989,30.577838]]]}},{"type":"Feature","id":"2d7369e3-e12f-4d17-9364-d7d60783bbb3","properties":{"id":"2d7369e3-e12f-4d17-9364-d7d60783bbb3","height":19,"num_floors":6,"class":"building","areaM2":188,"sourceTile":"tile_1_0","sourceFeatureCount":50722,"heightEstimated":true},"geometry":{"type":"Polygon","coordinates":[[[114.071067,30.574776],[114.07064,30.574891],[114.070631,30.574811],[114.071067,30.574776]]]}},{"type":"Feature","id":"ab3c5dc8-ec0a-4452-9b70-4fda0d1e2a21","properties":{"id":"ab3c5dc8-ec0a-4452-9b70-4fda0d1e2a21","height":168,"num_floors":53,"class":"industrial","areaM2":85748,"sourceTile":"tile_1_0","sourceFeatureCount":50722,"heightEstimated":true},"geometry":{"type":"Polygon","coordinates":[[[114.066691,30.574417],[114.062552,30.574408],[114.062555,30.573568],[114.066729,30.573578],[114.066731,30.572784],[114.062565,30.572774],[114.062567,30.571949],[114.067151,30.57196],[114.067142,30.574697],[114.06669,30.574696],[114.066691,30.574417]]]}},{"type":"Feature","id":"f22b0aa2-985e-4450-81ec-9eae72552879","properties":{"id":"f22b0aa2-985e-4450-81ec-9eae72552879","height":12,"num_floors":4,"class":"building","areaM2":60,"sourceTile":"tile_1_0","sourceFeatureCount":50722,"heightEstimated":true},"geometry":{"type":"Polygon","coordinates":[[[114.070262,30.57257],[114.07042,30.572526],[114.070387,30.572607],[114.070262,30.57257]]]}},{"type":"Feature","id":"01826ff5-c07f-42c9-8c95-62180bb5d6c4","properties":{"id":"01826ff5-c07f-42c9-8c95-62180bb5d6c4","height":97,"num_floors":30,"class":"building","areaM2":8135,"sourceTile":"tile_1_0","sourceFeatureCount":50722,"heightEstimated":true},"geometry":{"type":"Polygon","coordinates":[[[114.06425,30.567774],[114.064614,30.567714],[114.064172,30.567717],[114.064168,30.567354],[114.064665,30.567274],[114.064145,30.567278],[114.064086,30.566896],[114.064782,30.566881],[114.064783,30.568067],[114.064101,30.568292],[114.06425,30.567774]]]}},{"type":"Feature","id":"bd33193b-93d4-4226-9f05-46d5444cc728","properties":{"id":"bd33193b-93d4-4226-9f05-46d5444cc728","height":9,"num_floors":3,"class":"building","areaM2":47,"sourceTile":"tile_1_0","sourceFeatureCount":50722,"heightEstimated":true},"geometry":{"type":"Polygon","coordinates":[[[114.073436,30.565436],[114.07331,30.565532],[114.073377,30.565411],[114.073436,30.565436]]]}},{"type":"Feature","id":"0088fb26-96ab-4a75-aa9e-94b65b87160e","properties":{"id":"0088fb26-96ab-4a75-aa9e-94b65b87160e","height":8,"num_floors":3,"class":"building","areaM2":45,"sourceTile":"tile_1_0","sourceFeatureCount":50722,"heightEstimated":true},"geometry":{"type":"Polygon","coordinates":[[[114.079954,30.570912],[114.080048,30.57082],[114.080043,30.570916],[114.079954,30.570912]]]}},{"type":"Feature","id":"93747cef-9644-4227-98db-7ba1a29e3a5b","properties":{"id":"93747cef-9644-4227-98db-7ba1a29e3a5b","height":38,"num_floors":12,"class":"building","areaM2":81,"sourceTile":"tile_1_0","sourceFeatureCount":50722,"heightEstimated":true},"geometry":{"type":"Polygon","coordinates":[[[114.079426,30.562942],[114.079616,30.563018],[114.079429,30.563023],[114.079426,30.562942]]]}},{"type":"Feature","id":"dd2e7df7-567a-4a37-8612-226fd6146bd8","properties":{"id":"dd2e7df7-567a-4a37-8612-226fd6146bd8","height":35,"num_floors":11,"class":"building","areaM2":62,"sourceTile":"tile_1_0","sourceFeatureCount":50722,"heightEstimated":true},"geometry":{"type":"Polygon","coordinates":[[[114.07829,30.55924],[114.078478,30.559252],[114.078317,30.559303],[114.07829,30.55924]]]}},{"type":"Feature","id":"73c7c25b-c3f1-4bd1-be63-fab1eebd5498","properties":{"id":"73c7c25b-c3f1-4bd1-be63-fab1eebd5498","height":38,"num_floors":12,"class":"building","areaM2":197,"sourceTile":"tile_1_0","sourceFeatureCount":50722,"heightEstimated":true},"geometry":{"type":"Polygon","coordinates":[[[114.072171,30.554195],[114.071942,30.553949],[114.07206,30.553914],[114.072171,30.554195]]]}},{"type":"Feature","id":"73a41217-2364-4dbd-aa88-7e08b3091b61","properties":{"id":"73a41217-2364-4dbd-aa88-7e08b3091b61","height":108,"num_floors":34,"class":"building","areaM2":8507,"sourceTile":"tile_1_0","sourceFeatureCount":50722,"heightEstimated":true},"geometry":{"type":"Polygon","coordinates":[[[114.064674,30.560789],[114.064652,30.560312],[114.06633,30.560254],[114.066352,30.560732],[114.064674,30.560789]]]}},{"type":"Feature","id":"f6b6f990-2072-4eee-bbb4-cad61587a731","properties":{"id":"f6b6f990-2072-4eee-bbb4-cad61587a731","height":30,"num_floors":9,"class":"building","areaM2":40,"sourceTile":"tile_1_0","sourceFeatureCount":50722,"heightEstimated":true},"geometry":{"type":"Polygon","coordinates":[[[114.057547,30.563382],[114.057462,30.56347],[114.057453,30.56339],[114.057547,30.563382]]]}},{"type":"Feature","id":"9573010e-f7c9-4e10-9c14-f7da3934d185","properties":{"id":"9573010e-f7c9-4e10-9c14-f7da3934d185","height":104,"num_floors":33,"class":"building","areaM2":7625,"sourceTile":"tile_1_0","sourceFeatureCount":50722,"heightEstimated":true},"geometry":{"type":"Polygon","coordinates":[[[114.055864,30.564045],[114.055864,30.564542],[114.054417,30.564542],[114.054417,30.564045],[114.055864,30.564045]]]}},{"type":"Feature","id":"ae4377a4-c616-4a6f-8859-bc75ed228796","properties":{"id":"ae4377a4-c616-4a6f-8859-bc75ed228796","height":28,"num_floors":9,"class":"building","areaM2":45,"sourceTile":"tile_1_0","sourceFeatureCount":50722,"heightEstimated":true},"geometry":{"type":"Polygon","coordinates":[[[114.046894,30.562968],[114.046983,30.563063],[114.046875,30.563043],[114.046894,30.562968]]]}},{"type":"Feature","id":"3ab88987-0e2b-4680-af2d-d3e2c46a08a5","properties":{"id":"3ab88987-0e2b-4680-af2d-d3e2c46a08a5","height":26,"num_floors":8,"class":"building","areaM2":40,"sourceTile":"tile_1_0","sourceFeatureCount":50722,"heightEstimated":true},"geometry":{"type":"Polygon","coordinates":[[[114.050991,30.552928],[114.05111,30.553005],[114.050979,30.552985],[114.050991,30.552928]]]}},{"type":"Feature","id":"6ee325b4-bf25-44d9-8a7a-c46fc87414af","properties":{"id":"6ee325b4-bf25-44d9-8a7a-c46fc87414af","height":25,"num_floors":8,"class":"building","areaM2":71,"sourceTile":"tile_1_0","sourceFeatureCount":50722,"heightEstimated":true},"geometry":{"type":"Polygon","coordinates":[[[114.064187,30.549933],[114.064203,30.550087],[114.064107,30.549998],[114.064187,30.549933]]]}},{"type":"Feature","id":"0b370fca-8b86-42b7-9c62-de8d4ff54b32","properties":{"id":"0b370fca-8b86-42b7-9c62-de8d4ff54b32","height":20,"num_floors":6,"class":"building","areaM2":16,"sourceTile":"tile_1_0","sourceFeatureCount":50722,"heightEstimated":true},"geometry":{"type":"Polygon","coordinates":[[[114.073183,30.549641],[114.073134,30.549577],[114.073178,30.549574],[114.073183,30.549641]]]}},{"type":"Feature","id":"c62242d4-20fc-4999-a4de-187654f83c9d","properties":{"id":"c62242d4-20fc-4999-a4de-187654f83c9d","height":31,"num_floors":10,"class":"building","areaM2":373,"sourceTile":"tile_1_0","sourceFeatureCount":50722,"heightEstimated":true},"geometry":{"type":"Polygon","coordinates":[[[114.076094,30.546188],[114.076104,30.545794],[114.076281,30.545873],[114.076094,30.546188]]]}},{"type":"Feature","id":"4b255cee-50e4-4118-bc71-59d3cd0381b1","properties":{"id":"4b255cee-50e4-4118-bc71-59d3cd0381b1","height":23,"num_floors":7,"class":"building","areaM2":146,"sourceTile":"tile_1_0","sourceFeatureCount":50722,"heightEstimated":true},"geometry":{"type":"Polygon","coordinates":[[[114.08257,30.541472],[114.082285,30.541372],[114.082572,30.541377],[114.08257,30.541472]]]}},{"type":"Feature","id":"9568f150-4120-4330-b51e-7a970c127f17","properties":{"id":"9568f150-4120-4330-b51e-7a970c127f17","height":114,"num_floors":36,"class":"building","areaM2":9725,"sourceTile":"tile_1_0","sourceFeatureCount":50722,"heightEstimated":true},"geometry":{"type":"Polygon","coordinates":[[[114.084797,30.541224],[114.084305,30.539911],[114.085769,30.539641],[114.085846,30.539942],[114.085228,30.540093],[114.084797,30.541224]]]}},{"type":"Feature","id":"67a27f8b-565d-45bf-ac40-b0c9db855e46","properties":{"id":"67a27f8b-565d-45bf-ac40-b0c9db855e46","height":16,"num_floors":5,"class":"building","areaM2":40,"sourceTile":"tile_1_0","sourceFeatureCount":50722,"heightEstimated":true},"geometry":{"type":"Polygon","coordinates":[[[114.086574,30.552313],[114.086689,30.552393],[114.086559,30.552369],[114.086574,30.552313]]]}},{"type":"Feature","id":"9a7bc98c-24f8-4824-b6dc-352b292616e8","properties":{"id":"9a7bc98c-24f8-4824-b6dc-352b292616e8","height":29,"num_floors":9,"class":"building","areaM2":551,"sourceTile":"tile_1_0","sourceFeatureCount":50722,"heightEstimated":true},"geometry":{"type":"Polygon","coordinates":[[[114.101746,30.551409],[114.101842,30.551981],[114.101576,30.551476],[114.101746,30.551409]]]}},{"type":"Feature","id":"f4f46a35-b5fb-4cd6-8798-ab36391cae8f","properties":{"id":"f4f46a35-b5fb-4cd6-8798-ab36391cae8f","height":12,"num_floors":4,"class":"building","areaM2":52,"sourceTile":"tile_1_0","sourceFeatureCount":50722,"heightEstimated":true},"geometry":{"type":"Polygon","coordinates":[[[114.106883,30.540068],[114.107248,30.540124],[114.106885,30.540095],[114.106883,30.540068]]]}},{"type":"Feature","id":"16dddf3c-8094-4d86-8c91-848dae37c2b6","properties":{"id":"16dddf3c-8094-4d86-8c91-848dae37c2b6","height":10,"num_floors":3,"class":"building","areaM2":49,"sourceTile":"tile_1_0","sourceFeatureCount":50722,"heightEstimated":true},"geometry":{"type":"Polygon","coordinates":[[[114.122049,30.548817],[114.121974,30.548672],[114.122094,30.548779],[114.122049,30.548817]]]}},{"type":"Feature","id":"610861ce-1a55-4cb9-aa12-f4e9a39d986e","properties":{"id":"610861ce-1a55-4cb9-aa12-f4e9a39d986e","height":168,"num_floors":53,"class":"hospital","areaM2":26576,"sourceTile":"tile_1_0","sourceFeatureCount":50722,"heightEstimated":true},"geometry":{"type":"Polygon","coordinates":[[[114.109167,30.551396],[114.107432,30.551388],[114.107472,30.549879],[114.109255,30.549886],[114.109043,30.550133],[114.109221,30.550711],[114.109003,30.55071],[114.109167,30.551396]]]}},{"type":"Feature","id":"1dd0e400-40ce-42b5-93f5-a905e193e2f7","properties":{"id":"1dd0e400-40ce-42b5-93f5-a905e193e2f7","height":18,"num_floors":6,"class":"building","areaM2":353,"sourceTile":"tile_1_0","sourceFeatureCount":50722,"heightEstimated":true},"geometry":{"type":"Polygon","coordinates":[[[114.102711,30.54944],[114.103387,30.549248],[114.103404,30.549341],[114.102711,30.54944]]]}},{"type":"Feature","id":"6312a72c-3c05-4f9c-b8cb-3b55fc4400a0","properties":{"id":"6312a72c-3c05-4f9c-b8cb-3b55fc4400a0","height":113,"num_floors":35,"class":"building","areaM2":14090,"sourceTile":"tile_1_0","sourceFeatureCount":50722,"heightEstimated":true},"geometry":{"type":"Polygon","coordinates":[[[114.103589,30.551774],[114.103432,30.551391],[114.103839,30.55115],[114.103975,30.551763],[114.102794,30.55216],[114.102269,30.552165],[114.10204,30.551706],[114.103143,30.550984],[114.103589,30.551774]]]}},{"type":"Feature","id":"4de5a025-6c38-4c71-a2a8-c2611c577e34","properties":{"id":"4de5a025-6c38-4c71-a2a8-c2611c577e34","height":9,"num_floors":3,"class":"building","areaM2":112,"sourceTile":"tile_1_0","sourceFeatureCount":50722,"heightEstimated":true},"geometry":{"type":"Polygon","coordinates":[[[114.11074,30.558583],[114.111015,30.558504],[114.111017,30.55858],[114.11074,30.558583]]]}},{"type":"Feature","id":"cd98a8ea-9d7e-4f4a-ade5-59afc8e5ae35","properties":{"id":"cd98a8ea-9d7e-4f4a-ade5-59afc8e5ae35","height":70,"num_floors":22,"class":"building","areaM2":2237,"sourceTile":"tile_1_0","sourceFeatureCount":50722,"heightEstimated":true},"geometry":{"type":"Polygon","coordinates":[[[114.122037,30.553194],[114.121392,30.553075],[114.122146,30.553061],[114.12217,30.553996],[114.121899,30.554001],[114.122037,30.553194]]]}},{"type":"Feature","id":"b90ad57d-f224-499a-a428-774ddfaea593","properties":{"id":"b90ad57d-f224-499a-a428-774ddfaea593","height":33,"num_floors":10,"class":"building","areaM2":45,"sourceTile":"tile_1_0","sourceFeatureCount":50722,"heightEstimated":true},"geometry":{"type":"Polygon","coordinates":[[[114.117605,30.560482],[114.117519,30.560384],[114.117626,30.560408],[114.117605,30.560482]]]}},{"type":"Feature","id":"056232df-ceb3-4087-98bd-4d59a596ecbd","properties":{"id":"056232df-ceb3-4087-98bd-4d59a596ecbd","height":34,"num_floors":11,"class":"building","areaM2":112,"sourceTile":"tile_1_0","sourceFeatureCount":50722,"heightEstimated":true},"geometry":{"type":"Polygon","coordinates":[[[114.114089,30.562406],[114.113886,30.562283],[114.114104,30.562311],[114.114089,30.562406]]]}},{"type":"Feature","id":"8ce399c8-7308-47ff-9dd1-14ab8cb472c9","properties":{"id":"8ce399c8-7308-47ff-9dd1-14ab8cb472c9","height":27,"num_floors":8,"class":"building","areaM2":18,"sourceTile":"tile_1_0","sourceFeatureCount":50722,"heightEstimated":true},"geometry":{"type":"Polygon","coordinates":[[[114.093783,30.563127],[114.093776,30.56305],[114.093823,30.563086],[114.093783,30.563127]]]}},{"type":"Feature","id":"2246766f-3214-46a2-b805-e188c579944a","properties":{"id":"2246766f-3214-46a2-b805-e188c579944a","height":168,"num_floors":53,"class":"building","areaM2":65989,"sourceTile":"tile_1_0","sourceFeatureCount":50722,"heightEstimated":true},"geometry":{"type":"Polygon","coordinates":[[[114.104498,30.557951],[114.100271,30.559065],[114.099815,30.557686],[114.104129,30.556625],[114.104498,30.557951]]]}},{"type":"Feature","id":"9e5627db-6fd6-404e-a2a6-67f23a6a61d3","properties":{"id":"9e5627db-6fd6-404e-a2a6-67f23a6a61d3","height":26,"num_floors":8,"class":"building","areaM2":27,"sourceTile":"tile_1_0","sourceFeatureCount":50722,"heightEstimated":true},"geometry":{"type":"Polygon","coordinates":[[[114.099571,30.552797],[114.09947,30.552754],[114.099563,30.552743],[114.099571,30.552797]]]}},{"type":"Feature","id":"17ea0388-4c6b-4a3b-82ed-4dd260755159","properties":{"id":"17ea0388-4c6b-4a3b-82ed-4dd260755159","height":113,"num_floors":35,"class":"building","areaM2":16413,"sourceTile":"tile_1_0","sourceFeatureCount":50722,"heightEstimated":true},"geometry":{"type":"Polygon","coordinates":[[[114.095508,30.55271],[114.096706,30.552275],[114.097316,30.553781],[114.096889,30.553911],[114.096504,30.553368],[114.095855,30.553565],[114.095508,30.55271]]]}},{"type":"Feature","id":"56357f49-71f2-4ad5-a383-99d4b59ccc60","properties":{"id":"56357f49-71f2-4ad5-a383-99d4b59ccc60","height":141,"num_floors":44,"class":"building","areaM2":19419,"sourceTile":"tile_1_0","sourceFeatureCount":50722,"heightEstimated":true},"geometry":{"type":"Polygon","coordinates":[[[114.095453,30.553673],[114.095705,30.553641],[114.095459,30.553771],[114.09574,30.553688],[114.095861,30.553995],[114.095343,30.554148],[114.095066,30.553444],[114.094815,30.553518],[114.095171,30.554213],[114.094653,30.554365],[114.094059,30.552855],[114.095242,30.552507],[114.095705,30.553599],[114.095453,30.553673]]]}},{"type":"Feature","id":"0aa55850-a3f3-4130-8995-49de34dda25d","properties":{"id":"0aa55850-a3f3-4130-8995-49de34dda25d","height":32,"num_floors":10,"class":"building","areaM2":215,"sourceTile":"tile_1_0","sourceFeatureCount":50722,"heightEstimated":true},"geometry":{"type":"Polygon","coordinates":[[[114.090334,30.556166],[114.090001,30.555982],[114.090098,30.555914],[114.090334,30.556166]]]}},{"type":"Feature","id":"a488bb5a-747c-44fd-bb83-3a4fda6e316e","properties":{"id":"a488bb5a-747c-44fd-bb83-3a4fda6e316e","height":21,"num_floors":7,"class":"building","areaM2":22,"sourceTile":"tile_1_0","sourceFeatureCount":50722,"heightEstimated":true},"geometry":{"type":"Polygon","coordinates":[[[114.0883,30.5632],[114.088204,30.563176],[114.088276,30.56315],[114.0883,30.5632]]]}},{"type":"Feature","id":"b35fbe7e-70b3-446b-ac4b-d2390ca40bb6","properties":{"id":"b35fbe7e-70b3-446b-ac4b-d2390ca40bb6","height":19,"num_floors":6,"class":"building","areaM2":7,"sourceTile":"tile_1_0","sourceFeatureCount":50722,"heightEstimated":true},"geometry":{"type":"Polygon","coordinates":[[[114.08919,30.575133],[114.089137,30.575146],[114.089148,30.575119],[114.08919,30.575133]]]}},{"type":"Feature","id":"51dd11b9-7564-4395-8c18-eda14d6d4279","properties":{"id":"51dd11b9-7564-4395-8c18-eda14d6d4279","height":17,"num_floors":5,"class":"building","areaM2":7,"sourceTile":"tile_1_0","sourceFeatureCount":50722,"heightEstimated":true},"geometry":{"type":"Polygon","coordinates":[[[114.107265,30.586024],[114.107217,30.586001],[114.107271,30.586001],[114.107265,30.586024]]]}},{"type":"Feature","id":"d0631f73-48a8-4423-b218-83479382495b","properties":{"id":"d0631f73-48a8-4423-b218-83479382495b","height":22,"num_floors":7,"class":"building","areaM2":161,"sourceTile":"tile_1_0","sourceFeatureCount":50722,"heightEstimated":true},"geometry":{"type":"Polygon","coordinates":[[[114.113269,30.587526],[114.113671,30.587587],[114.113273,30.587602],[114.113269,30.587526]]]}},{"type":"Feature","id":"f0f90850-a1ec-49f0-8765-22de79b320c9","properties":{"id":"f0f90850-a1ec-49f0-8765-22de79b320c9","height":85,"num_floors":27,"class":"building","areaM2":7870,"sourceTile":"tile_1_0","sourceFeatureCount":50722,"heightEstimated":true},"geometry":{"type":"Polygon","coordinates":[[[114.11325,30.589089],[114.113195,30.588531],[114.114322,30.588563],[114.114277,30.589298],[114.113361,30.589257],[114.113388,30.588808],[114.11325,30.589089]]]}},{"type":"Feature","id":"d70b924b-7678-4315-8544-e6b572b34e89","properties":{"id":"d70b924b-7678-4315-8544-e6b572b34e89","height":101,"num_floors":32,"class":"building","areaM2":8811,"sourceTile":"tile_1_0","sourceFeatureCount":50722,"heightEstimated":true},"geometry":{"type":"Polygon","coordinates":[[[114.113152,30.590215],[114.113216,30.589405],[114.1137,30.589438],[114.113699,30.589812],[114.113734,30.58944],[114.114243,30.589447],[114.114165,30.590286],[114.113152,30.590215]]]}},{"type":"Feature","id":"b653c4ba-3f0e-40f9-8a7d-68264754f87b","properties":{"id":"b653c4ba-3f0e-40f9-8a7d-68264754f87b","height":13,"num_floors":4,"class":"building","areaM2":18,"sourceTile":"tile_1_0","sourceFeatureCount":50722,"heightEstimated":true},"geometry":{"type":"Polygon","coordinates":[[[114.120223,30.582716],[114.120177,30.58264],[114.120222,30.582639],[114.120223,30.582716]]]}},{"type":"Feature","id":"2843d0c2-8961-4da8-bb41-f803da0c7668","properties":{"id":"2843d0c2-8961-4da8-bb41-f803da0c7668","height":159,"num_floors":50,"class":"building","areaM2":22011,"sourceTile":"tile_1_0","sourceFeatureCount":50722,"heightEstimated":true},"geometry":{"type":"Polygon","coordinates":[[[114.141341,30.570631],[114.141359,30.569801],[114.14386,30.569841],[114.143842,30.570671],[114.141341,30.570631]]]}},{"type":"Feature","id":"29f1ebbf-61c4-4c7a-a65d-84454b3a5bff","properties":{"id":"29f1ebbf-61c4-4c7a-a65d-84454b3a5bff","height":130,"num_floors":41,"class":"building","areaM2":15474,"sourceTile":"tile_1_0","sourceFeatureCount":50722,"heightEstimated":true},"geometry":{"type":"Polygon","coordinates":[[[114.139495,30.573881],[114.139551,30.571424],[114.140145,30.571434],[114.14009,30.573891],[114.139495,30.573881]]]}},{"type":"Feature","id":"0081cc75-364e-49db-b3f7-9e7d62dc6b44","properties":{"id":"0081cc75-364e-49db-b3f7-9e7d62dc6b44","height":123,"num_floors":38,"class":"building","areaM2":12094,"sourceTile":"tile_1_0","sourceFeatureCount":50722,"heightEstimated":true},"geometry":{"type":"Polygon","coordinates":[[[114.141599,30.57281],[114.141538,30.573143],[114.141553,30.572293],[114.142867,30.57231],[114.142852,30.573189],[114.141615,30.573173],[114.141599,30.57281]]]}},{"type":"Feature","id":"21c461f6-78c7-4d05-b828-911db4a15317","properties":{"id":"21c461f6-78c7-4d05-b828-911db4a15317","height":14,"num_floors":4,"class":"building","areaM2":73,"sourceTile":"tile_1_0","sourceFeatureCount":50722,"heightEstimated":true},"geometry":{"type":"Polygon","coordinates":[[[114.138573,30.574348],[114.138427,30.574441],[114.138467,30.574322],[114.138573,30.574348]]]}},{"type":"Feature","id":"f49b64ab-6057-4406-b320-e42a658e92bc","properties":{"id":"f49b64ab-6057-4406-b320-e42a658e92bc","height":112,"num_floors":35,"class":"building","areaM2":8865,"sourceTile":"tile_1_0","sourceFeatureCount":50722,"heightEstimated":true},"geometry":{"type":"Polygon","coordinates":[[[114.130909,30.580493],[114.130156,30.580792],[114.129884,30.580461],[114.130257,30.580099],[114.129912,30.580378],[114.130044,30.580097],[114.129701,30.580309],[114.129299,30.580009],[114.130475,30.579665],[114.130417,30.580083],[114.130631,30.580017],[114.130909,30.580493]]]}},{"type":"Feature","id":"bfdd982d-b73d-4aaf-863f-34991cf9d639","properties":{"id":"bfdd982d-b73d-4aaf-863f-34991cf9d639","height":9,"num_floors":3,"class":"building","areaM2":7,"sourceTile":"tile_1_0","sourceFeatureCount":50722,"heightEstimated":true},"geometry":{"type":"Polygon","coordinates":[[[114.124244,30.585349],[114.124281,30.585322],[114.124292,30.585349],[114.124244,30.585349]]]}},{"type":"Feature","id":"cf834ce7-511c-4969-9ec3-d9325a3fd430","properties":{"id":"cf834ce7-511c-4969-9ec3-d9325a3fd430","height":20,"num_floors":6,"class":"building","areaM2":364,"sourceTile":"tile_1_0","sourceFeatureCount":50722,"heightEstimated":true},"geometry":{"type":"Polygon","coordinates":[[[114.140557,30.582868],[114.140468,30.583074],[114.140735,30.583199],[114.140294,30.583136],[114.140557,30.582868]]]}},{"type":"Feature","id":"a36e8dd8-25fb-450f-9787-b3e94f60c830","properties":{"id":"a36e8dd8-25fb-450f-9787-b3e94f60c830","height":128,"num_floors":40,"class":"building","areaM2":15323,"sourceTile":"tile_1_0","sourceFeatureCount":50722,"heightEstimated":true},"geometry":{"type":"Polygon","coordinates":[[[114.139463,30.580343],[114.140635,30.580682],[114.140328,30.58179],[114.139217,30.581468],[114.139386,30.581035],[114.139066,30.580732],[114.139463,30.580343]]]}},{"type":"Feature","id":"6338c279-18fe-42c9-bc4b-f99a180bf303","properties":{"id":"6338c279-18fe-42c9-bc4b-f99a180bf303","height":8,"num_floors":3,"class":"building","areaM2":39,"sourceTile":"tile_1_0","sourceFeatureCount":50722,"heightEstimated":true},"geometry":{"type":"Polygon","coordinates":[[[114.137956,30.578728],[114.138026,30.578827],[114.137925,30.578789],[114.137956,30.578728]]]}},{"type":"Feature","id":"045ccb7d-1c46-424f-9149-10df643a2411","properties":{"id":"045ccb7d-1c46-424f-9149-10df643a2411","height":94,"num_floors":29,"class":"building","areaM2":9190,"sourceTile":"tile_1_0","sourceFeatureCount":50722,"heightEstimated":true},"geometry":{"type":"Polygon","coordinates":[[[114.142652,30.577917],[114.142801,30.577534],[114.144888,30.57791],[114.144794,30.578303],[114.142652,30.577917]]]}},{"type":"Feature","id":"2805afe6-d72c-47e7-a925-9e75c1dd3605","properties":{"id":"2805afe6-d72c-47e7-a925-9e75c1dd3605","height":102,"num_floors":32,"class":"building","areaM2":10016,"sourceTile":"tile_1_0","sourceFeatureCount":50722,"heightEstimated":true},"geometry":{"type":"Polygon","coordinates":[[[114.1475,30.578662],[114.144834,30.578383],[114.144892,30.578033],[114.147611,30.578328],[114.1475,30.578662]]]}},{"type":"Feature","id":"1bf4c970-3e90-4a1a-a055-912b13f5edcf","properties":{"id":"1bf4c970-3e90-4a1a-a055-912b13f5edcf","height":87,"num_floors":27,"class":"building","areaM2":8221,"sourceTile":"tile_1_0","sourceFeatureCount":50722,"heightEstimated":true},"geometry":{"type":"Polygon","coordinates":[[[114.15086,30.578676],[114.150795,30.578927],[114.150048,30.578969],[114.150291,30.579124],[114.148732,30.578714],[114.14881,30.578415],[114.15086,30.578676]]]}},{"type":"Feature","id":"5650840a-ab5a-4b0f-86e2-356017b39c7c","properties":{"id":"5650840a-ab5a-4b0f-86e2-356017b39c7c","height":103,"num_floors":32,"class":"building","areaM2":10372,"sourceTile":"tile_1_0","sourceFeatureCount":50722,"heightEstimated":true},"geometry":{"type":"Polygon","coordinates":[[[114.151993,30.579979],[114.152189,30.580364],[114.149743,30.580649],[114.149674,30.580242],[114.151993,30.579979]]]}},{"type":"Feature","id":"7b02d92b-1c90-4ec0-a970-c51af5a54676","properties":{"id":"7b02d92b-1c90-4ec0-a970-c51af5a54676","height":120,"num_floors":38,"class":"building","areaM2":11199,"sourceTile":"tile_1_0","sourceFeatureCount":50722,"heightEstimated":true},"geometry":{"type":"Polygon","coordinates":[[[114.14666,30.582428],[114.147558,30.582322],[114.14773,30.583216],[114.146569,30.583353],[114.146398,30.582268],[114.146599,30.582244],[114.146758,30.583249],[114.147238,30.583192],[114.146786,30.583232],[114.14666,30.582428]]]}},{"type":"Feature","id":"ff266a3b-482f-425b-be8e-cf863d0ec6ba","properties":{"id":"ff266a3b-482f-425b-be8e-cf863d0ec6ba","height":105,"num_floors":33,"class":"building","areaM2":10959,"sourceTile":"tile_1_0","sourceFeatureCount":50722,"heightEstimated":true},"geometry":{"type":"Polygon","coordinates":[[[114.146425,30.580967],[114.14695,30.580787],[114.146984,30.581342],[114.145914,30.581459],[114.145725,30.580171],[114.146361,30.580102],[114.146425,30.580967]]]}},{"type":"Feature","id":"75fc73ed-8d11-42f2-ae10-139341060a5d","properties":{"id":"75fc73ed-8d11-42f2-ae10-139341060a5d","height":160,"num_floors":50,"class":"building","areaM2":22697,"sourceTile":"tile_1_0","sourceFeatureCount":50722,"heightEstimated":true},"geometry":{"type":"Polygon","coordinates":[[[114.148024,30.584567],[114.147226,30.585201],[114.147134,30.584886],[114.147391,30.584739],[114.146636,30.584847],[114.14676,30.585501],[114.145449,30.585687],[114.145288,30.584504],[114.147308,30.584217],[114.147402,30.58471],[114.148024,30.584567]]]}},{"type":"Feature","id":"2d7a21dd-1772-409e-b454-e70ff15b4197","properties":{"id":"2d7a21dd-1772-409e-b454-e70ff15b4197","height":101,"num_floors":32,"class":"building","areaM2":7563,"sourceTile":"tile_1_0","sourceFeatureCount":50722,"heightEstimated":true},"geometry":{"type":"Polygon","coordinates":[[[114.145962,30.586951],[114.14502,30.587167],[114.144731,30.586525],[114.145633,30.586221],[114.145962,30.586951]]]}},{"type":"Feature","id":"01c2bebc-0ce4-46ae-aa45-59f8b8990981","properties":{"id":"01c2bebc-0ce4-46ae-aa45-59f8b8990981","height":35,"num_floors":11,"class":"building","areaM2":34,"sourceTile":"tile_1_0","sourceFeatureCount":50722,"heightEstimated":true},"geometry":{"type":"Polygon","coordinates":[[[114.142778,30.586445],[114.142851,30.586537],[114.142785,30.586541],[114.142778,30.586445]]]}},{"type":"Feature","id":"4b24777c-f3aa-4c8f-aaba-64d39aff27be","properties":{"id":"4b24777c-f3aa-4c8f-aaba-64d39aff27be","height":149,"num_floors":47,"class":"building","areaM2":28118,"sourceTile":"tile_1_0","sourceFeatureCount":50722,"heightEstimated":true},"geometry":{"type":"Polygon","coordinates":[[[114.146204,30.575362],[114.144723,30.575341],[114.144774,30.573544],[114.146254,30.573575],[114.146204,30.575362]]]}},{"type":"Feature","id":"029cdde8-c3cb-4158-bbf0-d24410b7067a","properties":{"id":"029cdde8-c3cb-4158-bbf0-d24410b7067a","height":149,"num_floors":47,"class":"building","areaM2":19204,"sourceTile":"tile_1_0","sourceFeatureCount":50722,"heightEstimated":true},"geometry":{"type":"Polygon","coordinates":[[[114.147025,30.565773],[114.147047,30.564722],[114.14877,30.564749],[114.148748,30.5658],[114.147025,30.565773]]]}},{"type":"Feature","id":"5b5c6622-1095-49c8-a516-38cb81a71943","properties":{"id":"5b5c6622-1095-49c8-a516-38cb81a71943","height":39,"num_floors":12,"class":"building","areaM2":160,"sourceTile":"tile_1_0","sourceFeatureCount":50722,"heightEstimated":true},"geometry":{"type":"Polygon","coordinates":[[[114.148301,30.555907],[114.148581,30.555845],[114.14855,30.555959],[114.148301,30.555907]]]}},{"type":"Feature","id":"1e460fee-6b24-40cc-96ac-97454440df44","properties":{"id":"1e460fee-6b24-40cc-96ac-97454440df44","height":33,"num_floors":10,"class":"building","areaM2":57,"sourceTile":"tile_1_0","sourceFeatureCount":50722,"heightEstimated":true},"geometry":{"type":"Polygon","coordinates":[[[114.145768,30.558436],[114.145569,30.558431],[114.145593,30.558378],[114.145768,30.558436]]]}},{"type":"Feature","id":"0df06cf4-656b-4186-8fc9-cba3186424d2","properties":{"id":"0df06cf4-656b-4186-8fc9-cba3186424d2","height":30,"num_floors":9,"class":"building","areaM2":44,"sourceTile":"tile_1_0","sourceFeatureCount":50722,"heightEstimated":true},"geometry":{"type":"Polygon","coordinates":[[[114.13919,30.559925],[114.139306,30.559859],[114.139284,30.559942],[114.13919,30.559925]]]}},{"type":"Feature","id":"feea80fe-35cd-4dc9-a627-350df30ff63a","properties":{"id":"feea80fe-35cd-4dc9-a627-350df30ff63a","height":27,"num_floors":8,"class":"building","areaM2":28,"sourceTile":"tile_1_0","sourceFeatureCount":50722,"heightEstimated":true},"geometry":{"type":"Polygon","coordinates":[[[114.123297,30.564544],[114.123317,30.564439],[114.123362,30.564467],[114.123297,30.564544]]]}},{"type":"Feature","id":"2b0b10fd-8b85-4906-9537-e88596ea3d60","properties":{"id":"2b0b10fd-8b85-4906-9537-e88596ea3d60","height":24,"num_floors":8,"class":"building","areaM2":9,"sourceTile":"tile_1_0","sourceFeatureCount":50722,"heightEstimated":true},"geometry":{"type":"Polygon","coordinates":[[[114.132486,30.560081],[114.132448,30.56003],[114.132479,30.560027],[114.132486,30.560081]]]}},{"type":"Feature","id":"bd8c495f-b00a-4753-8cc4-a4fbe4d54f76","properties":{"id":"bd8c495f-b00a-4753-8cc4-a4fbe4d54f76","height":30,"num_floors":9,"class":"building","areaM2":193,"sourceTile":"tile_1_0","sourceFeatureCount":50722,"heightEstimated":true},"geometry":{"type":"Polygon","coordinates":[[[114.124231,30.557167],[114.124714,30.557179],[114.124695,30.557254],[114.124231,30.557167]]]}},{"type":"Feature","id":"ef650681-fe0d-4bb2-8c03-d8463dc87e70","properties":{"id":"ef650681-fe0d-4bb2-8c03-d8463dc87e70","height":20,"num_floors":6,"class":"building","areaM2":25,"sourceTile":"tile_1_0","sourceFeatureCount":50722,"heightEstimated":true},"geometry":{"type":"Polygon","coordinates":[[[114.126829,30.553864],[114.12693,30.553818],[114.126876,30.55389],[114.126829,30.553864]]]}},{"type":"Feature","id":"f8e241f1-f5b2-4531-8564-db6d7ba54316","properties":{"id":"f8e241f1-f5b2-4531-8564-db6d7ba54316","height":22,"num_floors":7,"class":"building","areaM2":81,"sourceTile":"tile_1_0","sourceFeatureCount":50722,"heightEstimated":true},"geometry":{"type":"Polygon","coordinates":[[[114.13545,30.557487],[114.13524,30.557486],[114.135408,30.557414],[114.13545,30.557487]]]}},{"type":"Feature","id":"d73c1b05-6410-4cc5-97a3-3084920e1693","properties":{"id":"d73c1b05-6410-4cc5-97a3-3084920e1693","height":21,"num_floors":7,"class":"building","areaM2":107,"sourceTile":"tile_1_0","sourceFeatureCount":50722,"heightEstimated":true},"geometry":{"type":"Polygon","coordinates":[[[114.140988,30.546556],[114.141199,30.546626],[114.141016,30.546661],[114.140988,30.546556]]]}},{"type":"Feature","id":"d3f5e570-b37e-4ce0-bc5c-dd6bc871f921","properties":{"id":"d3f5e570-b37e-4ce0-bc5c-dd6bc871f921","height":18,"num_floors":6,"class":"building","areaM2":77,"sourceTile":"tile_1_0","sourceFeatureCount":50722,"heightEstimated":true},"geometry":{"type":"Polygon","coordinates":[[[114.135144,30.548531],[114.135029,30.548735],[114.135079,30.54852],[114.135144,30.548531]]]}},{"type":"Feature","id":"4b8bc83f-ed43-4261-830e-808a664c28ba","properties":{"id":"4b8bc83f-ed43-4261-830e-808a664c28ba","height":113,"num_floors":35,"class":"building","areaM2":14329,"sourceTile":"tile_1_0","sourceFeatureCount":50722,"heightEstimated":true},"geometry":{"type":"Polygon","coordinates":[[[114.131938,30.55073],[114.133563,30.55077],[114.133589,30.550475],[114.134999,30.550569],[114.134944,30.551188],[114.131916,30.550987],[114.131938,30.55073]]]}},{"type":"Feature","id":"0f06776b-fb03-454e-9460-d2f2ed143d5c","properties":{"id":"0f06776b-fb03-454e-9460-d2f2ed143d5c","height":91,"num_floors":28,"class":"building","areaM2":7772,"sourceTile":"tile_1_0","sourceFeatureCount":50722,"heightEstimated":true},"geometry":{"type":"Polygon","coordinates":[[[114.133776,30.550379],[114.133831,30.549788],[114.135064,30.549873],[114.13501,30.550464],[114.133776,30.550379]]]}},{"type":"Feature","id":"dee86738-d076-4cb0-ab0f-e0a26c255b0e","properties":{"id":"dee86738-d076-4cb0-ab0f-e0a26c255b0e","height":118,"num_floors":37,"class":"building","areaM2":18117,"sourceTile":"tile_1_0","sourceFeatureCount":50722,"heightEstimated":true},"geometry":{"type":"Polygon","coordinates":[[[114.13535,30.549869],[114.136607,30.549926],[114.136526,30.551282],[114.135268,30.551225],[114.13535,30.549869]]]}},{"type":"Feature","id":"0a63a7ce-7d79-42ba-995b-2976e8cdefda","properties":{"id":"0a63a7ce-7d79-42ba-995b-2976e8cdefda","height":18,"num_floors":6,"class":"building","areaM2":143,"sourceTile":"tile_1_0","sourceFeatureCount":50722,"heightEstimated":true},"geometry":{"type":"Polygon","coordinates":[[[114.128656,30.544151],[114.128844,30.54433],[114.128724,30.544359],[114.128656,30.544151]]]}},{"type":"Feature","id":"f9806e93-b291-4092-93f9-e2b4b113d4e3","properties":{"id":"f9806e93-b291-4092-93f9-e2b4b113d4e3","height":11,"num_floors":3,"class":"building","areaM2":27,"sourceTile":"tile_1_0","sourceFeatureCount":50722,"heightEstimated":true},"geometry":{"type":"Polygon","coordinates":[[[114.137447,30.545146],[114.137428,30.545052],[114.137492,30.545105],[114.137447,30.545146]]]}},{"type":"Feature","id":"06b7cdf2-606f-4a06-a03b-4c57461a0c28","properties":{"id":"06b7cdf2-606f-4a06-a03b-4c57461a0c28","height":13,"num_floors":4,"class":"building","areaM2":111,"sourceTile":"tile_1_0","sourceFeatureCount":50722,"heightEstimated":true},"geometry":{"type":"Polygon","coordinates":[[[114.141194,30.543248],[114.14123,30.543058],[114.141323,30.54315],[114.141194,30.543248]]]}},{"type":"Feature","id":"e30220fb-0f38-48c0-b59c-c5a7bf22bd3f","properties":{"id":"e30220fb-0f38-48c0-b59c-c5a7bf22bd3f","height":8,"num_floors":3,"class":"building","areaM2":54,"sourceTile":"tile_1_0","sourceFeatureCount":50722,"heightEstimated":true},"geometry":{"type":"Polygon","coordinates":[[[114.144881,30.551395],[114.145014,30.55132],[114.144963,30.551425],[114.144881,30.551395]]]}},{"type":"Feature","id":"0131201a-6d24-4998-89d9-5d5339cb8cbb","properties":{"id":"0131201a-6d24-4998-89d9-5d5339cb8cbb","height":168,"num_floors":53,"class":"building","areaM2":42638,"sourceTile":"tile_1_0","sourceFeatureCount":50722,"heightEstimated":true},"geometry":{"type":"Polygon","coordinates":[[[114.150375,30.529162],[114.150647,30.529762],[114.15023,30.530955],[114.1495,30.531269],[114.148752,30.530838],[114.149041,30.530245],[114.148276,30.529952],[114.148812,30.528679],[114.149992,30.528767],[114.149958,30.529059],[114.150375,30.529162]]]}},{"type":"Feature","id":"70875e02-f5a4-47fa-b3e0-f4e8986ad0a6","properties":{"id":"70875e02-f5a4-47fa-b3e0-f4e8986ad0a6","height":35,"num_floors":11,"class":"building","areaM2":57280,"sourceTile":"tile_1_0","sourceFeatureCount":50722,"heightEstimated":false},"geometry":{"type":"Polygon","coordinates":[[[114.142683,30.5184],[114.142026,30.517312],[114.143248,30.516289],[114.143633,30.515464],[114.143378,30.515356],[114.143625,30.515194],[114.143996,30.515287],[114.14392,30.515539],[114.144344,30.515869],[114.147935,30.517261],[114.147463,30.518086],[114.145759,30.517193],[114.144981,30.517341],[114.145113,30.516904],[114.144027,30.516452],[114.142772,30.517564],[114.143088,30.518056],[114.142683,30.5184]]]}},{"type":"Feature","id":"19987b1f-f437-4d0b-8d3a-9e9d7fab2e81","properties":{"id":"19987b1f-f437-4d0b-8d3a-9e9d7fab2e81","height":16,"num_floors":5,"class":"building","areaM2":323,"sourceTile":"tile_1_0","sourceFeatureCount":50722,"heightEstimated":true},"geometry":{"type":"Polygon","coordinates":[[[114.144208,30.51886],[114.143866,30.51865],[114.144237,30.5187],[114.144208,30.51886]]]}},{"type":"Feature","id":"b828e341-2d2e-4760-b653-aed71107038c","properties":{"id":"b828e341-2d2e-4760-b653-aed71107038c","height":41,"num_floors":13,"class":"building","areaM2":201,"sourceTile":"tile_1_0","sourceFeatureCount":50722,"heightEstimated":true},"geometry":{"type":"Polygon","coordinates":[[[114.13444,30.522364],[114.134038,30.522447],[114.134042,30.522352],[114.13444,30.522364]]]}},{"type":"Feature","id":"d1cc25c8-a72f-431b-8061-44f7b666d3a1","properties":{"id":"d1cc25c8-a72f-431b-8061-44f7b666d3a1","height":113,"num_floors":35,"class":"building","areaM2":14672,"sourceTile":"tile_1_0","sourceFeatureCount":50722,"heightEstimated":true},"geometry":{"type":"Polygon","coordinates":[[[114.139556,30.516702],[114.140037,30.51585],[114.141351,30.5164],[114.140871,30.517252],[114.139556,30.516702]]]}},{"type":"Feature","id":"48fb417d-90c0-41db-ae9f-2cb2af4db5d0","properties":{"id":"48fb417d-90c0-41db-ae9f-2cb2af4db5d0","height":32,"num_floors":10,"class":"building","areaM2":36,"sourceTile":"tile_1_0","sourceFeatureCount":50722,"heightEstimated":true},"geometry":{"type":"Polygon","coordinates":[[[114.124246,30.518792],[114.12415,30.51888],[114.124128,30.51883],[114.124246,30.518792]]]}},{"type":"Feature","id":"aa236732-5231-4c1d-bebe-1d0ef44ebfe3","properties":{"id":"aa236732-5231-4c1d-bebe-1d0ef44ebfe3","height":33,"num_floors":10,"class":"building","areaM2":86,"sourceTile":"tile_1_0","sourceFeatureCount":50722,"heightEstimated":true},"geometry":{"type":"Polygon","coordinates":[[[114.127741,30.522807],[114.127682,30.522976],[114.127611,30.522904],[114.127741,30.522807]]]}},{"type":"Feature","id":"921e513a-2639-45cb-80e9-b736425a78fd","properties":{"id":"921e513a-2639-45cb-80e9-b736425a78fd","height":28,"num_floors":9,"class":"building","areaM2":36,"sourceTile":"tile_1_0","sourceFeatureCount":50722,"heightEstimated":true},"geometry":{"type":"Polygon","coordinates":[[[114.135481,30.53085],[114.135605,30.530905],[114.135555,30.530937],[114.135481,30.53085]]]}},{"type":"Feature","id":"2d424770-d99c-4883-b7d2-590af20bf4c9","properties":{"id":"2d424770-d99c-4883-b7d2-590af20bf4c9","height":32,"num_floors":10,"class":"building","areaM2":157,"sourceTile":"tile_1_0","sourceFeatureCount":50722,"heightEstimated":true},"geometry":{"type":"Polygon","coordinates":[[[114.108658,30.537039],[114.108863,30.536889],[114.108876,30.537024],[114.108658,30.537039]]]}},{"type":"Feature","id":"4fac12d6-05ef-4d8c-afab-1ad87788e24a","properties":{"id":"4fac12d6-05ef-4d8c-afab-1ad87788e24a","height":23,"num_floors":7,"class":"building","areaM2":23,"sourceTile":"tile_1_0","sourceFeatureCount":50722,"heightEstimated":true},"geometry":{"type":"Polygon","coordinates":[[[114.097272,30.538894],[114.097211,30.538965],[114.097206,30.538898],[114.097272,30.538894]]]}},{"type":"Feature","id":"a702b966-036f-40e2-880e-62a97db38aca","properties":{"id":"a702b966-036f-40e2-880e-62a97db38aca","height":24,"num_floors":8,"class":"building","areaM2":60,"sourceTile":"tile_1_0","sourceFeatureCount":50722,"heightEstimated":true},"geometry":{"type":"Polygon","coordinates":[[[114.08963,30.536598],[114.089837,30.536567],[114.089827,30.536624],[114.08963,30.536598]]]}},{"type":"Feature","id":"b185c286-36c3-455b-8235-d80d3954002c","properties":{"id":"b185c286-36c3-455b-8235-d80d3954002c","height":100,"num_floors":31,"class":"building","areaM2":7785,"sourceTile":"tile_1_0","sourceFeatureCount":50722,"heightEstimated":true},"geometry":{"type":"Polygon","coordinates":[[[114.082653,30.530954],[114.082505,30.530378],[114.084076,30.530078],[114.084222,30.530645],[114.083737,30.530375],[114.083826,30.530721],[114.083563,30.530771],[114.083452,30.530341],[114.083232,30.530383],[114.083343,30.530818],[114.083073,30.53087],[114.082814,30.530456],[114.082928,30.530901],[114.082653,30.530954]]]}},{"type":"Feature","id":"d2f97962-d0c2-49ef-9dda-1c8dab508a65","properties":{"id":"d2f97962-d0c2-49ef-9dda-1c8dab508a65","height":26,"num_floors":8,"class":"building","areaM2":154,"sourceTile":"tile_1_0","sourceFeatureCount":50722,"heightEstimated":true},"geometry":{"type":"Polygon","coordinates":[[[114.082745,30.520306],[114.082686,30.52039],[114.082386,30.520319],[114.082745,30.520306]]]}},{"type":"Feature","id":"b2382729-85e1-4dc3-921b-42e4ccd0518f","properties":{"id":"b2382729-85e1-4dc3-921b-42e4ccd0518f","height":19,"num_floors":6,"class":"building","areaM2":54,"sourceTile":"tile_1_0","sourceFeatureCount":50722,"heightEstimated":true},"geometry":{"type":"Polygon","coordinates":[[[114.098184,30.51717],[114.098107,30.517028],[114.098225,30.517115],[114.098184,30.51717]]]}},{"type":"Feature","id":"76cbdc8c-f062-4086-899e-b91e275c7837","properties":{"id":"76cbdc8c-f062-4086-899e-b91e275c7837","height":20,"num_floors":6,"class":"building","areaM2":117,"sourceTile":"tile_1_0","sourceFeatureCount":50722,"heightEstimated":true},"geometry":{"type":"Polygon","coordinates":[[[114.107362,30.519168],[114.10759,30.519097],[114.107568,30.5192],[114.107362,30.519168]]]}},{"type":"Feature","id":"52ef971f-072b-458e-8449-4adcdb354227","properties":{"id":"52ef971f-072b-458e-8449-4adcdb354227","height":13,"num_floors":4,"class":"building","areaM2":8,"sourceTile":"tile_1_0","sourceFeatureCount":50722,"heightEstimated":true},"geometry":{"type":"Polygon","coordinates":[[[114.11418,30.521997],[114.114234,30.521973],[114.114234,30.522001],[114.11418,30.521997]]]}},{"type":"Feature","id":"300f3054-aa8b-4677-8888-3d868727c1d2","properties":{"id":"300f3054-aa8b-4677-8888-3d868727c1d2","height":30,"num_floors":9,"class":"building","areaM2":701,"sourceTile":"tile_1_0","sourceFeatureCount":50722,"heightEstimated":true},"geometry":{"type":"Polygon","coordinates":[[[114.008648,30.59149],[114.00852,30.591448],[114.00821,30.591265],[114.008297,30.591155],[114.008717,30.591403],[114.008648,30.59149]]]}},{"type":"Feature","id":"8d520abe-3125-4ce5-be00-9c125087eaf3","properties":{"id":"8d520abe-3125-4ce5-be00-9c125087eaf3","height":12,"num_floors":4,"class":"building","areaM2":67,"sourceTile":"tile_1_0","sourceFeatureCount":50722,"heightEstimated":true},"geometry":{"type":"Polygon","coordinates":[[[114.006253,30.595579],[114.006084,30.595612],[114.006134,30.595527],[114.006253,30.595579]]]}},{"type":"Feature","id":"d80b975b-2b3f-4eac-bd5b-24172f914d01","properties":{"id":"d80b975b-2b3f-4eac-bd5b-24172f914d01","height":13,"num_floors":4,"class":"building","areaM2":134,"sourceTile":"tile_1_0","sourceFeatureCount":50722,"heightEstimated":true},"geometry":{"type":"Polygon","coordinates":[[[114.01673,30.593691],[114.017041,30.593605],[114.016784,30.593758],[114.01673,30.593691]]]}},{"type":"Feature","id":"8bdec573-88c2-4f9d-9fff-8cc2f86b4854","properties":{"id":"8bdec573-88c2-4f9d-9fff-8cc2f86b4854","height":11,"num_floors":3,"class":"building","areaM2":141,"sourceTile":"tile_1_0","sourceFeatureCount":50722,"heightEstimated":true},"geometry":{"type":"Polygon","coordinates":[[[114.021161,30.59154],[114.02119,30.59131],[114.021297,30.591378],[114.021161,30.59154]]]}},{"type":"Feature","id":"bd6c3328-f2ee-40cb-bdef-85891a41dd67","properties":{"id":"bd6c3328-f2ee-40cb-bdef-85891a41dd67","height":34,"num_floors":11,"class":"building","areaM2":7,"sourceTile":"tile_1_0","sourceFeatureCount":50722,"heightEstimated":true},"geometry":{"type":"Polygon","coordinates":[[[114.023849,30.592286],[114.023806,30.592258],[114.023838,30.592249],[114.023849,30.592286]]]}},{"type":"Feature","id":"35a28a09-ab5a-49d3-8955-703c562eda68","properties":{"id":"35a28a09-ab5a-49d3-8955-703c562eda68","height":53,"num_floors":17,"class":"building","areaM2":799,"sourceTile":"tile_1_0","sourceFeatureCount":50722,"heightEstimated":true},"geometry":{"type":"Polygon","coordinates":[[[114.023575,30.604197],[114.023645,30.603926],[114.024119,30.60425],[114.023575,30.604197]]]}},{"type":"Feature","id":"1ccb8658-f79e-450e-8d72-fa207ef5019d","properties":{"id":"1ccb8658-f79e-450e-8d72-fa207ef5019d","height":34,"num_floors":11,"class":"building","areaM2":81,"sourceTile":"tile_1_0","sourceFeatureCount":50722,"heightEstimated":true},"geometry":{"type":"Polygon","coordinates":[[[114.005512,30.608304],[114.00564,30.608161],[114.005681,30.608234],[114.005512,30.608304]]]}},{"type":"Feature","id":"cc0af508-6cb5-4509-a760-bfa0e7ab5b83","properties":{"id":"cc0af508-6cb5-4509-a760-bfa0e7ab5b83","height":28,"num_floors":9,"class":"building","areaM2":24,"sourceTile":"tile_1_0","sourceFeatureCount":50722,"heightEstimated":true},"geometry":{"type":"Polygon","coordinates":[[[114.01055,30.616765],[114.010468,30.616713],[114.010545,30.616708],[114.01055,30.616765]]]}},{"type":"Feature","id":"6841c00d-5a5b-4669-946d-c5499f885bb9","properties":{"id":"6841c00d-5a5b-4669-946d-c5499f885bb9","height":26,"num_floors":8,"class":"building","areaM2":18,"sourceTile":"tile_1_0","sourceFeatureCount":50722,"heightEstimated":true},"geometry":{"type":"Polygon","coordinates":[[[114.025826,30.614919],[114.025914,30.614926],[114.025865,30.614961],[114.025826,30.614919]]]}},{"type":"Feature","id":"bf739d81-0fde-4f90-9895-4e063f7e2244","properties":{"id":"bf739d81-0fde-4f90-9895-4e063f7e2244","height":36,"num_floors":11,"class":"building","areaM2":347,"sourceTile":"tile_1_0","sourceFeatureCount":50722,"heightEstimated":true},"geometry":{"type":"Polygon","coordinates":[[[114.04145,30.618219],[114.041223,30.617926],[114.041538,30.618044],[114.04145,30.618219]]]}},{"type":"Feature","id":"d37a39c0-f42f-41b9-9ad9-222d0a18abc2","properties":{"id":"d37a39c0-f42f-41b9-9ad9-222d0a18abc2","height":25,"num_floors":8,"class":"building","areaM2":73,"sourceTile":"tile_1_0","sourceFeatureCount":50722,"heightEstimated":true},"geometry":{"type":"Polygon","coordinates":[[[114.028705,30.598405],[114.028772,30.598584],[114.028644,30.598447],[114.028705,30.598405]]]}},{"type":"Feature","id":"131d5b16-fdf2-4792-b14a-e00e4f60d16d","properties":{"id":"131d5b16-fdf2-4792-b14a-e00e4f60d16d","height":20,"num_floors":6,"class":"building","areaM2":4,"sourceTile":"tile_1_0","sourceFeatureCount":50722,"heightEstimated":true},"geometry":{"type":"Polygon","coordinates":[[[114.02792,30.590898],[114.027898,30.590935],[114.027885,30.590919],[114.02792,30.590898]]]}},{"type":"Feature","id":"0ba9e46d-d4f7-46bb-84fb-309756e4f00f","properties":{"id":"0ba9e46d-d4f7-46bb-84fb-309756e4f00f","height":25,"num_floors":8,"class":"building","areaM2":148,"sourceTile":"tile_1_0","sourceFeatureCount":50722,"heightEstimated":true},"geometry":{"type":"Polygon","coordinates":[[[114.03216,30.590728],[114.031989,30.590458],[114.032227,30.590672],[114.03216,30.590728]]]}},{"type":"Feature","id":"2c3fb199-5c39-4889-acd1-cb5ecf14aa2d","properties":{"id":"2c3fb199-5c39-4889-acd1-cb5ecf14aa2d","height":18,"num_floors":6,"class":"building","areaM2":47,"sourceTile":"tile_1_0","sourceFeatureCount":50722,"heightEstimated":true},"geometry":{"type":"Polygon","coordinates":[[[114.05492,30.593718],[114.055087,30.593697],[114.055069,30.593753],[114.05492,30.593718]]]}},{"type":"Feature","id":"0f57f584-b704-4f99-b915-7b9356e87db6","properties":{"id":"0f57f584-b704-4f99-b915-7b9356e87db6","height":16,"num_floors":5,"class":"building","areaM2":55,"sourceTile":"tile_1_0","sourceFeatureCount":50722,"heightEstimated":true},"geometry":{"type":"Polygon","coordinates":[[[114.0728,30.590745],[114.072913,30.590836],[114.072804,30.590839],[114.0728,30.590745]]]}},{"type":"Feature","id":"0936f8c0-86cc-457c-b53d-1ec9d9c5306e","properties":{"id":"0936f8c0-86cc-457c-b53d-1ec9d9c5306e","height":13,"num_floors":4,"class":"building","areaM2":39,"sourceTile":"tile_1_0","sourceFeatureCount":50722,"heightEstimated":true},"geometry":{"type":"Polygon","coordinates":[[[114.083461,30.592652],[114.083572,30.592717],[114.083463,30.59272],[114.083461,30.592652]]]}},{"type":"Feature","id":"38753a0d-b4eb-4a45-a721-6209b3c03a48","properties":{"id":"38753a0d-b4eb-4a45-a721-6209b3c03a48","height":12,"num_floors":4,"class":"building","areaM2":54,"sourceTile":"tile_1_0","sourceFeatureCount":50722,"heightEstimated":true},"geometry":{"type":"Polygon","coordinates":[[[114.09463,30.592623],[114.094494,30.592551],[114.094627,30.592547],[114.09463,30.592623]]]}},{"type":"Feature","id":"70552533-bdbf-43bf-a8d2-0b6004ff935b","properties":{"id":"70552533-bdbf-43bf-a8d2-0b6004ff935b","height":8,"num_floors":3,"class":"building","areaM2":13,"sourceTile":"tile_1_0","sourceFeatureCount":50722,"heightEstimated":true},"geometry":{"type":"Polygon","coordinates":[[[114.093047,30.59962],[114.09311,30.599661],[114.093065,30.599672],[114.093047,30.59962]]]}},{"type":"Feature","id":"5ac3768d-3afe-46ab-a57c-668bc8d4b144","properties":{"id":"5ac3768d-3afe-46ab-a57c-668bc8d4b144","height":107,"num_floors":33,"class":"building","areaM2":12491,"sourceTile":"tile_1_0","sourceFeatureCount":50722,"heightEstimated":true},"geometry":{"type":"Polygon","coordinates":[[[114.100764,30.600407],[114.100734,30.602127],[114.100049,30.602118],[114.100079,30.600398],[114.100764,30.600407]]]}},{"type":"Feature","id":"dc2659ec-9d85-47ea-9707-e74fcc8508a9","properties":{"id":"dc2659ec-9d85-47ea-9707-e74fcc8508a9","height":89,"num_floors":28,"class":"building","areaM2":7781,"sourceTile":"tile_1_0","sourceFeatureCount":50722,"heightEstimated":true},"geometry":{"type":"Polygon","coordinates":[[[114.096668,30.600775],[114.096685,30.601616],[114.095823,30.601646],[114.095785,30.600805],[114.096668,30.600775]]]}},{"type":"Feature","id":"e107f611-3381-4d70-af78-f9fac7da1228","properties":{"id":"e107f611-3381-4d70-af78-f9fac7da1228","height":85,"num_floors":27,"class":"building","areaM2":7555,"sourceTile":"tile_1_0","sourceFeatureCount":50722,"heightEstimated":true},"geometry":{"type":"Polygon","coordinates":[[[114.089932,30.604671],[114.088525,30.604775],[114.088405,30.60419],[114.089848,30.604258],[114.089932,30.604671]]]}},{"type":"Feature","id":"9bfdff61-0262-4040-8459-f4171ca639f7","properties":{"id":"9bfdff61-0262-4040-8459-f4171ca639f7","height":8,"num_floors":3,"class":"building","areaM2":8,"sourceTile":"tile_1_0","sourceFeatureCount":50722,"heightEstimated":true},"geometry":{"type":"Polygon","coordinates":[[[114.078822,30.600162],[114.078767,30.600192],[114.078767,30.600163],[114.078822,30.600162]]]}},{"type":"Feature","id":"81c491a2-e776-4323-a53b-931f24e99ea3","properties":{"id":"81c491a2-e776-4323-a53b-931f24e99ea3","height":134,"num_floors":42,"class":"building","areaM2":17257,"sourceTile":"tile_1_0","sourceFeatureCount":50722,"heightEstimated":true},"geometry":{"type":"Polygon","coordinates":[[[114.079052,30.602072],[114.079549,30.60209],[114.07932,30.602244],[114.079593,30.602312],[114.079439,30.603837],[114.07848,30.603782],[114.078588,30.602265],[114.078953,30.602279],[114.078994,30.601907],[114.079226,30.601916],[114.079052,30.602072]]]}},{"type":"Feature","id":"f7ca7b80-5b63-4538-857d-969f7f6abb15","properties":{"id":"f7ca7b80-5b63-4538-857d-969f7f6abb15","height":103,"num_floors":32,"class":"building","areaM2":9686,"sourceTile":"tile_1_0","sourceFeatureCount":50722,"heightEstimated":true},"geometry":{"type":"Polygon","coordinates":[[[114.080481,30.602719],[114.080558,30.602434],[114.081232,30.602454],[114.081205,30.603142],[114.080476,30.603121],[114.080487,30.602853],[114.080443,30.60311],[114.079836,30.603092],[114.079885,30.602415],[114.080481,30.602432],[114.080481,30.602719]]]}},{"type":"Feature","id":"b711ee29-93bf-4cb1-9099-c577cd524cde","properties":{"id":"b711ee29-93bf-4cb1-9099-c577cd524cde","height":127,"num_floors":40,"class":"building","areaM2":20501,"sourceTile":"tile_1_0","sourceFeatureCount":50722,"heightEstimated":true},"geometry":{"type":"Polygon","coordinates":[[[114.081022,30.605968],[114.078362,30.605833],[114.078412,30.605108],[114.081071,30.605242],[114.081022,30.605968]]]}},{"type":"Feature","id":"7cb08add-e081-4e53-ac1d-32b04f1fe0e3","properties":{"id":"7cb08add-e081-4e53-ac1d-32b04f1fe0e3","height":98,"num_floors":31,"class":"building","areaM2":10652,"sourceTile":"tile_1_0","sourceFeatureCount":50722,"heightEstimated":true},"geometry":{"type":"Polygon","coordinates":[[[114.082421,30.604872],[114.082343,30.606037],[114.081482,30.605993],[114.081561,30.604829],[114.082421,30.604872]]]}},{"type":"Feature","id":"b86747e8-7d62-4d9c-874d-2b3d2a9b6d9d","properties":{"id":"b86747e8-7d62-4d9c-874d-2b3d2a9b6d9d","height":94,"num_floors":29,"class":"building","areaM2":8337,"sourceTile":"tile_1_0","sourceFeatureCount":50722,"heightEstimated":true},"geometry":{"type":"Polygon","coordinates":[[[114.082327,30.606162],[114.082271,30.607031],[114.081405,30.607075],[114.081466,30.606121],[114.082327,30.606162]]]}},{"type":"Feature","id":"d1eaf964-c53e-45f7-88ba-676302e1202c","properties":{"id":"d1eaf964-c53e-45f7-88ba-676302e1202c","height":155,"num_floors":48,"class":"building","areaM2":21715,"sourceTile":"tile_1_0","sourceFeatureCount":50722,"heightEstimated":true},"geometry":{"type":"Polygon","coordinates":[[[114.078329,30.606076],[114.080989,30.606199],[114.080945,30.606963],[114.078285,30.606849],[114.078329,30.606076]]]}},{"type":"Feature","id":"fdc77c18-a698-4f3e-8b66-8ca676f1f964","properties":{"id":"fdc77c18-a698-4f3e-8b66-8ca676f1f964","height":116,"num_floors":36,"class":"building","areaM2":10846,"sourceTile":"tile_1_0","sourceFeatureCount":50722,"heightEstimated":true},"geometry":{"type":"Polygon","coordinates":[[[114.083723,30.606112],[114.082783,30.606083],[114.082889,30.604978],[114.083826,30.605045],[114.083723,30.606112]]]}},{"type":"Feature","id":"f807c575-2252-4cf2-9748-24576c2f1b4a","properties":{"id":"f807c575-2252-4cf2-9748-24576c2f1b4a","height":94,"num_floors":29,"class":"building","areaM2":10122,"sourceTile":"tile_1_0","sourceFeatureCount":50722,"heightEstimated":true},"geometry":{"type":"Polygon","coordinates":[[[114.095496,30.605528],[114.095805,30.605542],[114.095629,30.608626],[114.09532,30.608613],[114.095496,30.605528]]]}},{"type":"Feature","id":"de87948b-ff36-4e94-a39f-bf399cf018a9","properties":{"id":"de87948b-ff36-4e94-a39f-bf399cf018a9","height":92,"num_floors":29,"class":"building","areaM2":7850,"sourceTile":"tile_1_0","sourceFeatureCount":50722,"heightEstimated":true},"geometry":{"type":"Polygon","coordinates":[[[114.101445,30.60689],[114.100617,30.606897],[114.100611,30.60639],[114.100952,30.606235],[114.100588,30.606237],[114.100496,30.605942],[114.101369,30.605935],[114.101372,30.606212],[114.10103,30.606234],[114.101372,30.606231],[114.101445,30.60689]]]}},{"type":"Feature","id":"9a300d32-56ce-4e46-bd02-b8999de3ec00","properties":{"id":"9a300d32-56ce-4e46-bd02-b8999de3ec00","height":13,"num_floors":4,"class":"building","areaM2":222,"sourceTile":"tile_1_0","sourceFeatureCount":50722,"heightEstimated":true},"geometry":{"type":"Polygon","coordinates":[[[114.097473,30.611403],[114.096975,30.611393],[114.096999,30.611309],[114.097473,30.611403]]]}},{"type":"Feature","id":"7e70708b-9e47-4930-8217-ea83a3249ce3","properties":{"id":"7e70708b-9e47-4930-8217-ea83a3249ce3","height":168,"num_floors":53,"class":"building","areaM2":128294,"sourceTile":"tile_1_0","sourceFeatureCount":50722,"heightEstimated":true},"geometry":{"type":"Polygon","coordinates":[[[114.094961,30.611011],[114.090389,30.611583],[114.090059,30.609635],[114.096392,30.608842],[114.096676,30.61052],[114.094915,30.61074],[114.094961,30.611011]]]}},{"type":"Feature","id":"9b5a3abe-8497-4d23-bd68-1a44621c86ce","properties":{"id":"9b5a3abe-8497-4d23-bd68-1a44621c86ce","height":108,"num_floors":34,"class":"building","areaM2":9793,"sourceTile":"tile_1_0","sourceFeatureCount":50722,"heightEstimated":true},"geometry":{"type":"Polygon","coordinates":[[[114.089728,30.612349],[114.090655,30.612386],[114.090604,30.613341],[114.0896,30.613301],[114.089728,30.612349]]]}},{"type":"Feature","id":"74515b47-56c6-42cd-a581-cb618af8f72a","properties":{"id":"74515b47-56c6-42cd-a581-cb618af8f72a","height":90,"num_floors":28,"class":"building","areaM2":8608,"sourceTile":"tile_1_0","sourceFeatureCount":50722,"heightEstimated":true},"geometry":{"type":"Polygon","coordinates":[[[114.092401,30.612681],[114.092432,30.612882],[114.091656,30.612969],[114.092415,30.612979],[114.092447,30.613194],[114.090757,30.613383],[114.090727,30.613182],[114.091238,30.613125],[114.090761,30.613096],[114.090727,30.612868],[114.092401,30.612681]]]}},{"type":"Feature","id":"8a0db32f-e51d-421e-8354-a6cb1b97c1a4","properties":{"id":"8a0db32f-e51d-421e-8354-a6cb1b97c1a4","height":160,"num_floors":50,"class":"building","areaM2":26446,"sourceTile":"tile_1_0","sourceFeatureCount":50722,"heightEstimated":true},"geometry":{"type":"Polygon","coordinates":[[[114.091598,30.615445],[114.091336,30.613674],[114.092684,30.613516],[114.093023,30.615278],[114.091598,30.615445]]]}},{"type":"Feature","id":"8ed28bb4-1616-4e79-a0ee-cbbf8f9e2c3e","properties":{"id":"8ed28bb4-1616-4e79-a0ee-cbbf8f9e2c3e","height":110,"num_floors":34,"class":"building","areaM2":15360,"sourceTile":"tile_1_0","sourceFeatureCount":50722,"heightEstimated":true},"geometry":{"type":"Polygon","coordinates":[[[114.095442,30.617961],[114.0954,30.618859],[114.093788,30.618803],[114.093829,30.617905],[114.095442,30.617961]]]}},{"type":"Feature","id":"c3bef92f-f0e8-4ece-bd9f-0673fedb3c52","properties":{"id":"c3bef92f-f0e8-4ece-bd9f-0673fedb3c52","height":110,"num_floors":34,"class":"building","areaM2":13601,"sourceTile":"tile_1_0","sourceFeatureCount":50722,"heightEstimated":true},"geometry":{"type":"Polygon","coordinates":[[[114.09554,30.617781],[114.093941,30.617721],[114.093982,30.61692],[114.09558,30.616979],[114.09554,30.617781]]]}},{"type":"Feature","id":"ff8ce997-416a-42c8-8bd3-be0131a636b5","properties":{"id":"ff8ce997-416a-42c8-8bd3-be0131a636b5","height":56,"num_floors":18,"class":"building","areaM2":940,"sourceTile":"tile_1_0","sourceFeatureCount":50722,"heightEstimated":true},"geometry":{"type":"Polygon","coordinates":[[[114.09029,30.618792],[114.090058,30.618777],[114.09009,30.618396],[114.090321,30.61841],[114.09029,30.618792]]]}},{"type":"Feature","id":"bc4d9f36-595a-404a-b6f7-2710f425da75","properties":{"id":"bc4d9f36-595a-404a-b6f7-2710f425da75","height":150,"num_floors":47,"class":"building","areaM2":26070,"sourceTile":"tile_1_0","sourceFeatureCount":50722,"heightEstimated":true},"geometry":{"type":"Polygon","coordinates":[[[114.076993,30.617913],[114.080234,30.617946],[114.080188,30.618758],[114.076953,30.61862],[114.076993,30.617913]]]}},{"type":"Feature","id":"59959def-1ce9-46fd-9313-9a47a89f8dd9","properties":{"id":"59959def-1ce9-46fd-9313-9a47a89f8dd9","height":92,"num_floors":29,"class":"building","areaM2":10525,"sourceTile":"tile_1_0","sourceFeatureCount":50722,"heightEstimated":true},"geometry":{"type":"Polygon","coordinates":[[[114.078993,30.620087],[114.078091,30.620049],[114.078152,30.618951],[114.079055,30.618988],[114.078993,30.620087]]]}},{"type":"Feature","id":"b22dd1d1-810b-45bb-a1f5-f7ca94a14093","properties":{"id":"b22dd1d1-810b-45bb-a1f5-f7ca94a14093","height":94,"num_floors":29,"class":"building","areaM2":9581,"sourceTile":"tile_1_0","sourceFeatureCount":50722,"heightEstimated":true},"geometry":{"type":"Polygon","coordinates":[[[114.077753,30.620031],[114.076932,30.619994],[114.076999,30.618895],[114.07782,30.618932],[114.077753,30.620031]]]}},{"type":"Feature","id":"a81b26cd-8751-4f4b-950f-c49cbbbf01e9","properties":{"id":"a81b26cd-8751-4f4b-950f-c49cbbbf01e9","height":144,"num_floors":45,"class":"building","areaM2":26715,"sourceTile":"tile_1_0","sourceFeatureCount":50722,"heightEstimated":true},"geometry":{"type":"Polygon","coordinates":[[[114.070711,30.620846],[114.069615,30.620959],[114.069301,30.61869],[114.070397,30.618577],[114.070711,30.620846]]]}},{"type":"Feature","id":"8a5f4e38-94c9-4825-810d-08568b591934","properties":{"id":"8a5f4e38-94c9-4825-810d-08568b591934","height":148,"num_floors":46,"class":"building","areaM2":20067,"sourceTile":"tile_1_0","sourceFeatureCount":50722,"heightEstimated":true},"geometry":{"type":"Polygon","coordinates":[[[114.064636,30.618663],[114.063575,30.616659],[114.064357,30.61635],[114.065418,30.618354],[114.064636,30.618663]]]}},{"type":"Feature","id":"0f8d80ea-278b-454b-b16c-0efae2cc6b19","properties":{"id":"0f8d80ea-278b-454b-b16c-0efae2cc6b19","height":33,"num_floors":10,"class":"building","areaM2":45,"sourceTile":"tile_1_0","sourceFeatureCount":50722,"heightEstimated":true},"geometry":{"type":"Polygon","coordinates":[[[114.066758,30.613759],[114.066926,30.61376],[114.066781,30.613809],[114.066758,30.613759]]]}},{"type":"Feature","id":"d60ff1ed-b570-418e-a2f8-ae0af2c483bf","properties":{"id":"d60ff1ed-b570-418e-a2f8-ae0af2c483bf","height":99,"num_floors":31,"class":"building","areaM2":8105,"sourceTile":"tile_1_0","sourceFeatureCount":50722,"heightEstimated":true},"geometry":{"type":"Polygon","coordinates":[[[114.074344,30.607265],[114.074276,30.608621],[114.073713,30.6086],[114.073781,30.607244],[114.074344,30.607265]]]}},{"type":"Feature","id":"949fc65c-a044-47c5-9b3c-78e44fb2f4f1","properties":{"id":"949fc65c-a044-47c5-9b3c-78e44fb2f4f1","height":119,"num_floors":37,"class":"building","areaM2":16393,"sourceTile":"tile_1_0","sourceFeatureCount":50722,"heightEstimated":true},"geometry":{"type":"Polygon","coordinates":[[[114.077045,30.606724],[114.07514,30.606946],[114.075096,30.606106],[114.076978,30.605941],[114.077045,30.606724]]]}},{"type":"Feature","id":"0b9745e4-2e56-4b82-8587-05ca7e80e76b","properties":{"id":"0b9745e4-2e56-4b82-8587-05ca7e80e76b","height":92,"num_floors":29,"class":"building","areaM2":9895,"sourceTile":"tile_1_0","sourceFeatureCount":50722,"heightEstimated":true},"geometry":{"type":"Polygon","coordinates":[[[114.056165,30.605956],[114.056546,30.605771],[114.055715,30.606272],[114.055056,30.605676],[114.055824,30.605021],[114.056483,30.605617],[114.056165,30.605956]]]}},{"type":"Feature","id":"cd4a8c84-7267-4c6c-8645-417322fafff0","properties":{"id":"cd4a8c84-7267-4c6c-8645-417322fafff0","height":78,"num_floors":24,"class":"building","areaM2":7836,"sourceTile":"tile_1_0","sourceFeatureCount":50722,"heightEstimated":true},"geometry":{"type":"Polygon","coordinates":[[[114.054247,30.606338],[114.055021,30.607008],[114.054468,30.607486],[114.053694,30.606816],[114.054247,30.606338]]]}},{"type":"Feature","id":"106cf563-fa5b-4066-8a76-b0abcb1d92cd","properties":{"id":"106cf563-fa5b-4066-8a76-b0abcb1d92cd","height":95,"num_floors":30,"class":"building","areaM2":7621,"sourceTile":"tile_1_0","sourceFeatureCount":50722,"heightEstimated":true},"geometry":{"type":"Polygon","coordinates":[[[114.063062,30.618064],[114.06371,30.617795],[114.064268,30.618748],[114.063549,30.618897],[114.063062,30.618064]]]}},{"type":"Feature","id":"6496cb59-c337-43c3-a870-b8974c5dc09a","properties":{"id":"6496cb59-c337-43c3-a870-b8974c5dc09a","height":168,"num_floors":53,"class":"building","areaM2":48011,"sourceTile":"tile_1_0","sourceFeatureCount":50722,"heightEstimated":true},"geometry":{"type":"Polygon","coordinates":[[[114.059713,30.621012],[114.05842,30.621557],[114.057961,30.620743],[114.059533,30.620261],[114.059523,30.619904],[114.059146,30.619235],[114.059364,30.619685],[114.059055,30.619815],[114.058642,30.619267],[114.059087,30.620057],[114.05823,30.620419],[114.057792,30.619641],[114.057273,30.619739],[114.057102,30.619435],[114.058373,30.618944],[114.058432,30.619266],[114.060209,30.618561],[114.061155,30.620238],[114.060672,30.620246],[114.059899,30.618843],[114.059505,30.619009],[114.060012,30.619908],[114.059675,30.62005],[114.060182,30.62095],[114.059836,30.620614],[114.059713,30.621012]]]}},{"type":"Feature","id":"5058ee64-d040-48c6-a38e-5cc05712f401","properties":{"id":"5058ee64-d040-48c6-a38e-5cc05712f401","height":102,"num_floors":32,"class":"building","areaM2":9671,"sourceTile":"tile_1_0","sourceFeatureCount":50722,"heightEstimated":true},"geometry":{"type":"Polygon","coordinates":[[[114.052872,30.620147],[114.053862,30.621896],[114.053471,30.622067],[114.052426,30.620343],[114.052872,30.620147]]]}},{"type":"Feature","id":"95a7c554-8114-4743-963b-7a6f0bb0a200","properties":{"id":"95a7c554-8114-4743-963b-7a6f0bb0a200","height":79,"num_floors":25,"class":"building","areaM2":7774,"sourceTile":"tile_1_0","sourceFeatureCount":50722,"heightEstimated":true},"geometry":{"type":"Polygon","coordinates":[[[114.052746,30.623892],[114.051751,30.62235],[114.052115,30.622177],[114.05311,30.623718],[114.052746,30.623892]]]}},{"type":"Feature","id":"f0ab53bb-8a11-48f2-8d28-206223f0b2a3","properties":{"id":"f0ab53bb-8a11-48f2-8d28-206223f0b2a3","height":35,"num_floors":11,"class":"building","areaM2":123,"sourceTile":"tile_1_0","sourceFeatureCount":50722,"heightEstimated":true},"geometry":{"type":"Polygon","coordinates":[[[114.056242,30.62255],[114.055952,30.622724],[114.055923,30.622661],[114.056242,30.62255]]]}},{"type":"Feature","id":"43c9a6f4-170c-4172-88f5-99fbe560803a","properties":{"id":"43c9a6f4-170c-4172-88f5-99fbe560803a","height":94,"num_floors":29,"class":"building","areaM2":10324,"sourceTile":"tile_1_0","sourceFeatureCount":50722,"heightEstimated":true},"geometry":{"type":"Polygon","coordinates":[[[114.057668,30.622918],[114.058223,30.623796],[114.057615,30.624102],[114.056868,30.622992],[114.057737,30.622617],[114.057902,30.622863],[114.057668,30.622918]]]}},{"type":"Feature","id":"07bf7d5a-05d0-4ab5-86c9-e5602e90051a","properties":{"id":"07bf7d5a-05d0-4ab5-86c9-e5602e90051a","height":100,"num_floors":31,"class":"building","areaM2":12683,"sourceTile":"tile_1_0","sourceFeatureCount":50722,"heightEstimated":true},"geometry":{"type":"Polygon","coordinates":[[[114.063695,30.622048],[114.064257,30.622617],[114.06396,30.622671],[114.06418,30.623104],[114.063235,30.623463],[114.062806,30.622415],[114.063665,30.622089],[114.063871,30.622394],[114.063695,30.622048]]]}},{"type":"Feature","id":"9a7376bb-a2e7-419b-8695-a9f1036d7c27","properties":{"id":"9a7376bb-a2e7-419b-8695-a9f1036d7c27","height":136,"num_floors":43,"class":"building","areaM2":17571,"sourceTile":"tile_1_0","sourceFeatureCount":50722,"heightEstimated":true},"geometry":{"type":"Polygon","coordinates":[[[114.061967,30.623196],[114.062389,30.62389],[114.061836,30.624142],[114.06162,30.623874],[114.061794,30.624161],[114.061436,30.624385],[114.060744,30.623248],[114.062128,30.622619],[114.062508,30.623592],[114.061967,30.623196]]]}},{"type":"Feature","id":"e957c8a9-695a-41ca-be43-a985efd03fb5","properties":{"id":"e957c8a9-695a-41ca-be43-a985efd03fb5","height":94,"num_floors":29,"class":"building","areaM2":11161,"sourceTile":"tile_1_0","sourceFeatureCount":50722,"heightEstimated":true},"geometry":{"type":"Polygon","coordinates":[[[114.063795,30.626145],[114.064287,30.626823],[114.063077,30.627361],[114.062655,30.626652],[114.063795,30.626145]]]}},{"type":"Feature","id":"8dfa7284-0042-4f3e-a714-dca535fa15e7","properties":{"id":"8dfa7284-0042-4f3e-a714-dca535fa15e7","height":116,"num_floors":36,"class":"building","areaM2":13510,"sourceTile":"tile_1_0","sourceFeatureCount":50722,"heightEstimated":true},"geometry":{"type":"Polygon","coordinates":[[[114.064324,30.626981],[114.064882,30.627813],[114.063669,30.628344],[114.063167,30.627488],[114.064324,30.626981]]]}},{"type":"Feature","id":"faaab55b-6f6b-4599-9fde-6e2b526a0eb3","properties":{"id":"faaab55b-6f6b-4599-9fde-6e2b526a0eb3","height":130,"num_floors":41,"class":"building","areaM2":19829,"sourceTile":"tile_1_0","sourceFeatureCount":50722,"heightEstimated":true},"geometry":{"type":"Polygon","coordinates":[[[114.055021,30.625023],[114.054656,30.624364],[114.055646,30.623743],[114.05524,30.624167],[114.056206,30.623751],[114.056829,30.624812],[114.056618,30.6249],[114.056765,30.624854],[114.056783,30.625011],[114.055021,30.625023]]]}},{"type":"Feature","id":"8ae06956-2649-4d46-8394-9d5f873dca87","properties":{"id":"8ae06956-2649-4d46-8394-9d5f873dca87","height":143,"num_floors":45,"class":"building","areaM2":16618,"sourceTile":"tile_1_0","sourceFeatureCount":50722,"heightEstimated":true},"geometry":{"type":"Polygon","coordinates":[[[114.055016,30.626978],[114.054317,30.627311],[114.053214,30.625591],[114.053914,30.625259],[114.055016,30.626978]]]}},{"type":"Feature","id":"c5784c46-6935-47c5-a16b-2a4a9e63778d","properties":{"id":"c5784c46-6935-47c5-a16b-2a4a9e63778d","height":112,"num_floors":35,"class":"building","areaM2":13321,"sourceTile":"tile_1_0","sourceFeatureCount":50722,"heightEstimated":true},"geometry":{"type":"Polygon","coordinates":[[[114.055358,30.631025],[114.056076,30.630612],[114.057093,30.632165],[114.056667,30.63242],[114.056081,30.631526],[114.056185,30.631739],[114.055913,30.631873],[114.055358,30.631025]]]}},{"type":"Feature","id":"e2ad60ca-0305-4308-a530-3b455459adeb","properties":{"id":"e2ad60ca-0305-4308-a530-3b455459adeb","height":130,"num_floors":41,"class":"building","areaM2":19955,"sourceTile":"tile_1_0","sourceFeatureCount":50722,"heightEstimated":true},"geometry":{"type":"Polygon","coordinates":[[[114.055733,30.633798],[114.054488,30.63198],[114.055258,30.63159],[114.056502,30.633408],[114.055733,30.633798]]]}},{"type":"Feature","id":"7f650518-eff2-4f45-9d1f-00514dd9b1de","properties":{"id":"7f650518-eff2-4f45-9d1f-00514dd9b1de","height":63,"num_floors":20,"class":"building","areaM2":2139,"sourceTile":"tile_1_0","sourceFeatureCount":50722,"heightEstimated":true},"geometry":{"type":"Polygon","coordinates":[[[114.060618,30.633101],[114.060798,30.633322],[114.060325,30.63361],[114.059913,30.63348],[114.060618,30.633101]]]}},{"type":"Feature","id":"95f953eb-8eaf-4e3a-a32f-b329234c5ed4","properties":{"id":"95f953eb-8eaf-4e3a-a32f-b329234c5ed4","height":142,"num_floors":44,"class":"building","areaM2":17335,"sourceTile":"tile_1_0","sourceFeatureCount":50722,"heightEstimated":true},"geometry":{"type":"Polygon","coordinates":[[[114.062703,30.633549],[114.062479,30.631664],[114.062913,30.631449],[114.06391,30.632949],[114.062703,30.633549]]]}},{"type":"Feature","id":"388a7e43-2463-4f3f-8247-6590afe219a5","properties":{"id":"388a7e43-2463-4f3f-8247-6590afe219a5","height":129,"num_floors":40,"class":"building","areaM2":15794,"sourceTile":"tile_1_0","sourceFeatureCount":50722,"heightEstimated":true},"geometry":{"type":"Polygon","coordinates":[[[114.059324,30.632071],[114.059083,30.631652],[114.061942,30.630438],[114.062183,30.630858],[114.059324,30.632071]]]}},{"type":"Feature","id":"be278431-d40f-4943-bb76-0a846587d877","properties":{"id":"be278431-d40f-4943-bb76-0a846587d877","height":99,"num_floors":31,"class":"building","areaM2":7869,"sourceTile":"tile_1_0","sourceFeatureCount":50722,"heightEstimated":true},"geometry":{"type":"Polygon","coordinates":[[[114.062348,30.630229],[114.061978,30.630259],[114.060929,30.628872],[114.0614,30.628659],[114.062348,30.630229]]]}},{"type":"Feature","id":"31d32bb0-6f09-4f7f-a1b8-926f5ce4039a","properties":{"id":"31d32bb0-6f09-4f7f-a1b8-926f5ce4039a","height":140,"num_floors":44,"class":"building","areaM2":20612,"sourceTile":"tile_1_0","sourceFeatureCount":50722,"heightEstimated":true},"geometry":{"type":"Polygon","coordinates":[[[114.063152,30.627674],[114.064192,30.629584],[114.063442,30.62992],[114.062472,30.62836],[114.062469,30.627797],[114.063152,30.627674]]]}},{"type":"Feature","id":"1f5126ac-2697-493a-ad7f-deebc81b5a2f","properties":{"id":"1f5126ac-2697-493a-ad7f-deebc81b5a2f","height":127,"num_floors":40,"class":"building","areaM2":14727,"sourceTile":"tile_1_0","sourceFeatureCount":50722,"heightEstimated":true},"geometry":{"type":"Polygon","coordinates":[[[114.064877,30.627966],[114.065344,30.629067],[114.064358,30.629508],[114.063739,30.628476],[114.064877,30.627966]]]}},{"type":"Feature","id":"68af0119-9d3c-44e4-9fc4-d10bec04a405","properties":{"id":"68af0119-9d3c-44e4-9fc4-d10bec04a405","height":145,"num_floors":45,"class":"building","areaM2":18391,"sourceTile":"tile_1_0","sourceFeatureCount":50722,"heightEstimated":true},"geometry":{"type":"Polygon","coordinates":[[[114.066664,30.629167],[114.063831,30.630556],[114.063517,30.630012],[114.066426,30.628756],[114.066664,30.629167]]]}},{"type":"Feature","id":"9689a6f3-d74e-4c12-9456-b5f960d742da","properties":{"id":"9689a6f3-d74e-4c12-9456-b5f960d742da","height":134,"num_floors":42,"class":"building","areaM2":16321,"sourceTile":"tile_1_0","sourceFeatureCount":50722,"heightEstimated":true},"geometry":{"type":"Polygon","coordinates":[[[114.074066,30.630563],[114.074311,30.630727],[114.073625,30.630736],[114.073683,30.629714],[114.07524,30.629579],[114.075181,30.630611],[114.074066,30.630563]]]}},{"type":"Feature","id":"c6676c9a-37ae-45d0-9038-17c67ee7ed3f","properties":{"id":"c6676c9a-37ae-45d0-9038-17c67ee7ed3f","height":86,"num_floors":27,"class":"building","areaM2":9368,"sourceTile":"tile_1_0","sourceFeatureCount":50722,"heightEstimated":true},"geometry":{"type":"Polygon","coordinates":[[[114.074673,30.629413],[114.074768,30.627934],[114.075364,30.627962],[114.075269,30.629442],[114.074673,30.629413]]]}},{"type":"Feature","id":"0a3e3d30-9096-4038-8112-957306b66105","properties":{"id":"0a3e3d30-9096-4038-8112-957306b66105","height":100,"num_floors":31,"class":"building","areaM2":11611,"sourceTile":"tile_1_0","sourceFeatureCount":50722,"heightEstimated":true},"geometry":{"type":"Polygon","coordinates":[[[114.075549,30.626975],[114.074954,30.626942],[114.07509,30.62511],[114.075686,30.625143],[114.075549,30.626975]]]}},{"type":"Feature","id":"e785202e-476e-43de-a050-e532ed3e3b6b","properties":{"id":"e785202e-476e-43de-a050-e532ed3e3b6b","height":128,"num_floors":40,"class":"building","areaM2":14496,"sourceTile":"tile_1_0","sourceFeatureCount":50722,"heightEstimated":true},"geometry":{"type":"Polygon","coordinates":[[[114.074091,30.626483],[114.074775,30.626533],[114.074752,30.626905],[114.073859,30.627037],[114.073967,30.625252],[114.074486,30.625275],[114.074815,30.625692],[114.074161,30.625701],[114.074816,30.625855],[114.074776,30.626514],[114.074091,30.626483]]]}},{"type":"Feature","id":"a3f0d3db-3c7a-43ab-9ac8-d095a018c9c9","properties":{"id":"a3f0d3db-3c7a-43ab-9ac8-d095a018c9c9","height":27,"num_floors":8,"class":"building","areaM2":49,"sourceTile":"tile_1_0","sourceFeatureCount":50722,"heightEstimated":true},"geometry":{"type":"Polygon","coordinates":[[[114.071651,30.624647],[114.071598,30.624856],[114.071607,30.624646],[114.071651,30.624647]]]}},{"type":"Feature","id":"da556075-3781-4126-b850-3af553642ca3","properties":{"id":"da556075-3781-4126-b850-3af553642ca3","height":99,"num_floors":31,"class":"building","areaM2":11815,"sourceTile":"tile_1_0","sourceFeatureCount":50722,"heightEstimated":true},"geometry":{"type":"Polygon","coordinates":[[[114.072797,30.625593],[114.072672,30.627531],[114.072098,30.627503],[114.072223,30.625565],[114.072797,30.625593]]]}},{"type":"Feature","id":"6666d5c3-2b93-48b2-91da-9db1603c91cf","properties":{"id":"6666d5c3-2b93-48b2-91da-9db1603c91cf","height":137,"num_floors":43,"class":"building","areaM2":16906,"sourceTile":"tile_1_0","sourceFeatureCount":50722,"heightEstimated":true},"geometry":{"type":"Polygon","coordinates":[[[114.065684,30.626503],[114.066334,30.626147],[114.066192,30.628802],[114.065555,30.62891],[114.065684,30.626503]]]}},{"type":"Feature","id":"87f47497-8065-4709-aa4a-ed5a78ad2f7f","properties":{"id":"87f47497-8065-4709-aa4a-ed5a78ad2f7f","height":85,"num_floors":27,"class":"building","areaM2":8578,"sourceTile":"tile_1_0","sourceFeatureCount":50722,"heightEstimated":true},"geometry":{"type":"Polygon","coordinates":[[[114.065457,30.626464],[114.065409,30.627595],[114.064965,30.627793],[114.064442,30.626916],[114.065457,30.626464]]]}},{"type":"Feature","id":"763c6c9d-d237-4b2c-a926-bb8e3c020485","properties":{"id":"763c6c9d-d237-4b2c-a926-bb8e3c020485","height":109,"num_floors":34,"class":"building","areaM2":11454,"sourceTile":"tile_1_0","sourceFeatureCount":50722,"heightEstimated":true},"geometry":{"type":"Polygon","coordinates":[[[114.066241,30.625269],[114.066828,30.625044],[114.066676,30.628704],[114.066312,30.628689],[114.066605,30.625916],[114.066241,30.625269]]]}},{"type":"Feature","id":"250f30ea-cbb6-4cb3-bcb2-7eaa419c1952","properties":{"id":"250f30ea-cbb6-4cb3-bcb2-7eaa419c1952","height":118,"num_floors":37,"class":"building","areaM2":10703,"sourceTile":"tile_1_0","sourceFeatureCount":50722,"heightEstimated":true},"geometry":{"type":"Polygon","coordinates":[[[114.065052,30.625586],[114.06559,30.626241],[114.064395,30.626774],[114.063968,30.626098],[114.065052,30.625586]]]}},{"type":"Feature","id":"ea4be4a5-196d-429d-896d-60d9c79b49e9","properties":{"id":"ea4be4a5-196d-429d-896d-60d9c79b49e9","height":95,"num_floors":30,"class":"building","areaM2":11141,"sourceTile":"tile_1_0","sourceFeatureCount":50722,"heightEstimated":true},"geometry":{"type":"Polygon","coordinates":[[[114.066884,30.621998],[114.06599,30.622357],[114.06547,30.621388],[114.066363,30.621029],[114.066884,30.621998]]]}},{"type":"Feature","id":"7e9b84aa-a720-44dd-ac88-18fa4d35be99","properties":{"id":"7e9b84aa-a720-44dd-ac88-18fa4d35be99","height":96,"num_floors":30,"class":"building","areaM2":9973,"sourceTile":"tile_1_0","sourceFeatureCount":50722,"heightEstimated":true},"geometry":{"type":"Polygon","coordinates":[[[114.064819,30.621633],[114.065267,30.622659],[114.064507,30.622945],[114.064002,30.621941],[114.064819,30.621633]]]}},{"type":"Feature","id":"9fa59a2d-0d98-4b65-9264-bee5ac6610d5","properties":{"id":"9fa59a2d-0d98-4b65-9264-bee5ac6610d5","height":24,"num_floors":8,"class":"building","areaM2":39,"sourceTile":"tile_1_0","sourceFeatureCount":50722,"heightEstimated":true},"geometry":{"type":"Polygon","coordinates":[[[114.074547,30.620554],[114.074472,30.620651],[114.074469,30.620556],[114.074547,30.620554]]]}},{"type":"Feature","id":"8e5578df-5f2d-4a92-bc30-e9f30dac1ffe","properties":{"id":"8e5578df-5f2d-4a92-bc30-e9f30dac1ffe","height":99,"num_floors":31,"class":"building","areaM2":9717,"sourceTile":"tile_1_0","sourceFeatureCount":50722,"heightEstimated":true},"geometry":{"type":"Polygon","coordinates":[[[114.076793,30.62823],[114.076843,30.627412],[114.077962,30.627463],[114.077912,30.628281],[114.076793,30.62823]]]}},{"type":"Feature","id":"6c681f82-f575-45d0-9e14-8f7ff9f512de","properties":{"id":"6c681f82-f575-45d0-9e14-8f7ff9f512de","height":122,"num_floors":38,"class":"building","areaM2":15940,"sourceTile":"tile_1_0","sourceFeatureCount":50722,"heightEstimated":true},"geometry":{"type":"Polygon","coordinates":[[[114.07968,30.628078],[114.078473,30.628417],[114.078264,30.627145],[114.079551,30.627001],[114.07968,30.628078]]]}},{"type":"Feature","id":"1d49360e-f032-4a6c-b34f-2dca2321cb93","properties":{"id":"1d49360e-f032-4a6c-b34f-2dca2321cb93","height":121,"num_floors":38,"class":"building","areaM2":14220,"sourceTile":"tile_1_0","sourceFeatureCount":50722,"heightEstimated":true},"geometry":{"type":"Polygon","coordinates":[[[114.080467,30.627153],[114.081653,30.626965],[114.081742,30.627664],[114.082269,30.627605],[114.082328,30.627899],[114.081756,30.627758],[114.081788,30.627973],[114.080485,30.628118],[114.080467,30.627153]]]}},{"type":"Feature","id":"bd38ddb3-90cf-44cf-890a-bd1da25e898a","properties":{"id":"bd38ddb3-90cf-44cf-890a-bd1da25e898a","height":88,"num_floors":28,"class":"building","areaM2":7564,"sourceTile":"tile_1_0","sourceFeatureCount":50722,"heightEstimated":true},"geometry":{"type":"Polygon","coordinates":[[[114.084953,30.624265],[114.085892,30.624217],[114.085892,30.625001],[114.084953,30.625001],[114.084953,30.624265]]]}},{"type":"Feature","id":"16986415-3858-41b7-babd-1ac306ca4221","properties":{"id":"16986415-3858-41b7-babd-1ac306ca4221","height":111,"num_floors":35,"class":"building","areaM2":11510,"sourceTile":"tile_1_0","sourceFeatureCount":50722,"heightEstimated":true},"geometry":{"type":"Polygon","coordinates":[[[114.088539,30.62384],[114.088027,30.623896],[114.088254,30.624157],[114.086146,30.624401],[114.086109,30.624146],[114.087707,30.623971],[114.087437,30.62396],[114.087355,30.623397],[114.088476,30.62341],[114.088539,30.62384]]]}},{"type":"Feature","id":"1585404a-f5c8-4f5a-a0e3-06e521261e0c","properties":{"id":"1585404a-f5c8-4f5a-a0e3-06e521261e0c","height":91,"num_floors":28,"class":"building","areaM2":8680,"sourceTile":"tile_1_0","sourceFeatureCount":50722,"heightEstimated":true},"geometry":{"type":"Polygon","coordinates":[[[114.088414,30.62236],[114.088449,30.623107],[114.087395,30.623227],[114.087283,30.62249],[114.088414,30.62236]]]}},{"type":"Feature","id":"f7ec519f-2154-4a62-80cf-3b9c427bf865","properties":{"id":"f7ec519f-2154-4a62-80cf-3b9c427bf865","height":98,"num_floors":31,"class":"building","areaM2":8273,"sourceTile":"tile_1_0","sourceFeatureCount":50722,"heightEstimated":true},"geometry":{"type":"Polygon","coordinates":[[[114.091942,30.624012],[114.091157,30.623999],[114.091197,30.622642],[114.091288,30.623026],[114.091962,30.623037],[114.091942,30.624012]]]}},{"type":"Feature","id":"853e4340-0bc9-44be-8458-993a7284c863","properties":{"id":"853e4340-0bc9-44be-8458-993a7284c863","height":32,"num_floors":10,"class":"building","areaM2":314,"sourceTile":"tile_1_0","sourceFeatureCount":50722,"heightEstimated":true},"geometry":{"type":"Polygon","coordinates":[[[114.093766,30.622958],[114.093973,30.622652],[114.093954,30.622967],[114.093766,30.622958]]]}},{"type":"Feature","id":"2a745c4a-e9d3-4377-bb2d-2339ccf115a6","properties":{"id":"2a745c4a-e9d3-4377-bb2d-2339ccf115a6","height":97,"num_floors":30,"class":"building","areaM2":10904,"sourceTile":"tile_1_0","sourceFeatureCount":50722,"heightEstimated":true},"geometry":{"type":"Polygon","coordinates":[[[114.095574,30.621153],[114.097126,30.620986],[114.097135,30.621652],[114.095566,30.621807],[114.095574,30.621153]]]}},{"type":"Feature","id":"937747a7-f579-4d7c-8ed7-a49d91bd5f6e","properties":{"id":"937747a7-f579-4d7c-8ed7-a49d91bd5f6e","height":97,"num_floors":30,"class":"building","areaM2":12077,"sourceTile":"tile_1_0","sourceFeatureCount":50722,"heightEstimated":true},"geometry":{"type":"Polygon","coordinates":[[[114.096014,30.623605],[114.095924,30.622879],[114.096637,30.622799],[114.096825,30.623924],[114.09527,30.624069],[114.095327,30.623642],[114.096014,30.623605]]]}},{"type":"Feature","id":"37efa012-1238-420d-8cce-1db637615655","properties":{"id":"37efa012-1238-420d-8cce-1db637615655","height":94,"num_floors":29,"class":"building","areaM2":9921,"sourceTile":"tile_1_0","sourceFeatureCount":50722,"heightEstimated":true},"geometry":{"type":"Polygon","coordinates":[[[114.097925,30.625719],[114.099675,30.625973],[114.099734,30.62537],[114.09974,30.625934],[114.100768,30.625878],[114.100771,30.626203],[114.099215,30.626407],[114.099178,30.626063],[114.098983,30.626485],[114.098978,30.626007],[114.097928,30.626016],[114.097925,30.625719]]]}},{"type":"Feature","id":"15d6b3b3-84f2-4f91-aae5-1f26c94def9d","properties":{"id":"15d6b3b3-84f2-4f91-aae5-1f26c94def9d","height":112,"num_floors":35,"class":"building","areaM2":9146,"sourceTile":"tile_1_0","sourceFeatureCount":50722,"heightEstimated":true},"geometry":{"type":"Polygon","coordinates":[[[114.09567,30.627579],[114.095212,30.627574],[114.095159,30.627212],[114.096617,30.627053],[114.09667,30.627415],[114.09636,30.627449],[114.096675,30.627769],[114.095573,30.627889],[114.09567,30.627579]]]}},{"type":"Feature","id":"77b24399-9452-4202-8865-337ba92c9933","properties":{"id":"77b24399-9452-4202-8865-337ba92c9933","height":104,"num_floors":33,"class":"building","areaM2":8955,"sourceTile":"tile_1_0","sourceFeatureCount":50722,"heightEstimated":true},"geometry":{"type":"Polygon","coordinates":[[[114.093398,30.627439],[114.094094,30.627455],[114.093377,30.627419],[114.093412,30.626903],[114.094184,30.626942],[114.094109,30.628059],[114.093358,30.628021],[114.093398,30.627439]]]}},{"type":"Feature","id":"54963f57-749a-4937-af12-828ef18614ff","properties":{"id":"54963f57-749a-4937-af12-828ef18614ff","height":85,"num_floors":27,"class":"building","areaM2":9354,"sourceTile":"tile_1_0","sourceFeatureCount":50722,"heightEstimated":true},"geometry":{"type":"Polygon","coordinates":[[[114.095034,30.626884],[114.093522,30.626795],[114.093568,30.626213],[114.095079,30.626302],[114.095034,30.626884]]]}},{"type":"Feature","id":"b50905f7-dbec-4f24-a41e-f8394c43c02f","properties":{"id":"b50905f7-dbec-4f24-a41e-f8394c43c02f","height":93,"num_floors":29,"class":"building","areaM2":10871,"sourceTile":"tile_1_0","sourceFeatureCount":50722,"heightEstimated":true},"geometry":{"type":"Polygon","coordinates":[[[114.090615,30.626711],[114.089719,30.626672],[114.089786,30.62553],[114.090682,30.625569],[114.090615,30.626711]]]}},{"type":"Feature","id":"8d0acd21-c49a-4068-8b97-6f1d3f2b46a8","properties":{"id":"8d0acd21-c49a-4068-8b97-6f1d3f2b46a8","height":101,"num_floors":32,"class":"building","areaM2":13355,"sourceTile":"tile_1_0","sourceFeatureCount":50722,"heightEstimated":true},"geometry":{"type":"Polygon","coordinates":[[[114.088903,30.627095],[114.089742,30.627135],[114.089646,30.628634],[114.088807,30.628594],[114.088903,30.627095]]]}},{"type":"Feature","id":"f38b7fca-834f-420a-b676-3caf1edfc685","properties":{"id":"f38b7fca-834f-420a-b676-3caf1edfc685","height":26,"num_floors":8,"class":"building","areaM2":161,"sourceTile":"tile_1_0","sourceFeatureCount":50722,"heightEstimated":true},"geometry":{"type":"Polygon","coordinates":[[[114.09414,30.630516],[114.094244,30.630211],[114.09424,30.630517],[114.09414,30.630516]]]}},{"type":"Feature","id":"2eeefbbb-b7e9-41b0-885f-b6c10a0b40bf","properties":{"id":"2eeefbbb-b7e9-41b0-885f-b6c10a0b40bf","height":156,"num_floors":49,"class":"building","areaM2":22641,"sourceTile":"tile_1_0","sourceFeatureCount":50722,"heightEstimated":true},"geometry":{"type":"Polygon","coordinates":[[[114.095472,30.63289],[114.095561,30.634983],[114.094513,30.635041],[114.094461,30.634345],[114.095288,30.634299],[114.094515,30.634323],[114.094478,30.632945],[114.095472,30.63289]]]}},{"type":"Feature","id":"80271718-7a96-4cc5-87e4-b5e48193427e","properties":{"id":"80271718-7a96-4cc5-87e4-b5e48193427e","height":90,"num_floors":28,"class":"building","areaM2":9603,"sourceTile":"tile_1_0","sourceFeatureCount":50722,"heightEstimated":true},"geometry":{"type":"Polygon","coordinates":[[[114.091095,30.633035],[114.091025,30.634277],[114.090296,30.634246],[114.090366,30.633004],[114.091095,30.633035]]]}},{"type":"Feature","id":"65684a5a-d12e-4214-8cae-38860fcfce04","properties":{"id":"65684a5a-d12e-4214-8cae-38860fcfce04","height":109,"num_floors":34,"class":"building","areaM2":8864,"sourceTile":"tile_1_0","sourceFeatureCount":50722,"heightEstimated":true},"geometry":{"type":"Polygon","coordinates":[[[114.090135,30.634233],[114.089406,30.6342],[114.089476,30.633055],[114.090204,30.633087],[114.090135,30.634233]]]}},{"type":"Feature","id":"8ab538e4-6bac-47e5-9028-0afcfdb93dc1","properties":{"id":"8ab538e4-6bac-47e5-9028-0afcfdb93dc1","height":157,"num_floors":49,"class":"building","areaM2":29713,"sourceTile":"tile_1_0","sourceFeatureCount":50722,"heightEstimated":true},"geometry":{"type":"Polygon","coordinates":[[[114.087647,30.632588],[114.085888,30.632793],[114.085641,30.631227],[114.087399,30.631021],[114.087647,30.632588]]]}},{"type":"Feature","id":"57c4490b-fed9-4e44-bb3e-35d9a5100758","properties":{"id":"57c4490b-fed9-4e44-bb3e-35d9a5100758","height":129,"num_floors":40,"class":"building","areaM2":14559,"sourceTile":"tile_1_0","sourceFeatureCount":50722,"heightEstimated":true},"geometry":{"type":"Polygon","coordinates":[[[114.086832,30.627833],[114.086965,30.627984],[114.086698,30.627998],[114.087206,30.628026],[114.087317,30.627726],[114.087676,30.627813],[114.087603,30.628786],[114.08618,30.628706],[114.086248,30.6278],[114.086458,30.627659],[114.087186,30.627699],[114.086832,30.627833]]]}},{"type":"Feature","id":"decda8e6-5548-46eb-9705-15cc28de86be","properties":{"id":"decda8e6-5548-46eb-9705-15cc28de86be","height":114,"num_floors":36,"class":"building","areaM2":9785,"sourceTile":"tile_1_0","sourceFeatureCount":50722,"heightEstimated":true},"geometry":{"type":"Polygon","coordinates":[[[114.080332,30.629859],[114.080256,30.629418],[114.082446,30.629192],[114.082513,30.62958],[114.080332,30.629859]]]}},{"type":"Feature","id":"5585798e-e695-492b-bf71-80a0b6035ccc","properties":{"id":"5585798e-e695-492b-bf71-80a0b6035ccc","height":90,"num_floors":28,"class":"building","areaM2":8574,"sourceTile":"tile_1_0","sourceFeatureCount":50722,"heightEstimated":true},"geometry":{"type":"Polygon","coordinates":[[[114.080636,30.628921],[114.080566,30.628529],[114.082586,30.628262],[114.082656,30.628653],[114.080636,30.628921]]]}},{"type":"Feature","id":"cb12c31e-aefe-44b7-a6da-dd801f2b0536","properties":{"id":"cb12c31e-aefe-44b7-a6da-dd801f2b0536","height":109,"num_floors":34,"class":"building","areaM2":8772,"sourceTile":"tile_1_0","sourceFeatureCount":50722,"heightEstimated":true},"geometry":{"type":"Polygon","coordinates":[[[114.078192,30.630143],[114.078165,30.629928],[114.078989,30.629851],[114.078239,30.629894],[114.078199,30.629571],[114.079673,30.629407],[114.079606,30.630011],[114.078192,30.630143]]]}},{"type":"Feature","id":"1b6fcc00-4f1a-42a2-9834-ce99ff5a2fe1","properties":{"id":"1b6fcc00-4f1a-42a2-9834-ce99ff5a2fe1","height":111,"num_floors":35,"class":"building","areaM2":10125,"sourceTile":"tile_1_0","sourceFeatureCount":50722,"heightEstimated":true},"geometry":{"type":"Polygon","coordinates":[[[114.077684,30.633964],[114.077675,30.632348],[114.078261,30.632363],[114.078305,30.633914],[114.077684,30.633964]]]}},{"type":"Feature","id":"b569e91e-3043-4f9f-b183-f5d35a44ee53","properties":{"id":"b569e91e-3043-4f9f-b183-f5d35a44ee53","height":125,"num_floors":39,"class":"building","areaM2":13716,"sourceTile":"tile_1_0","sourceFeatureCount":50722,"heightEstimated":true},"geometry":{"type":"Polygon","coordinates":[[[114.039179,30.632164],[114.039114,30.63177],[114.040738,30.632489],[114.04036,30.633128],[114.038668,30.632378],[114.038874,30.632029],[114.039179,30.632164]]]}},{"type":"Feature","id":"2e82fb2e-3567-4f3d-9b6f-67e4ee4618e7","properties":{"id":"2e82fb2e-3567-4f3d-9b6f-67e4ee4618e7","height":132,"num_floors":41,"class":"building","areaM2":17087,"sourceTile":"tile_1_0","sourceFeatureCount":50722,"heightEstimated":true},"geometry":{"type":"Polygon","coordinates":[[[114.041298,30.630651],[114.040816,30.631449],[114.040845,30.631238],[114.040329,30.631198],[114.040094,30.631631],[114.039355,30.631214],[114.040224,30.630088],[114.041135,30.630321],[114.041027,30.63052],[114.041298,30.630651]]]}},{"type":"Feature","id":"4592cbbe-41c6-430a-a6ab-c51be01cba45","properties":{"id":"4592cbbe-41c6-430a-a6ab-c51be01cba45","height":53,"num_floors":17,"class":"building","areaM2":2072,"sourceTile":"tile_1_0","sourceFeatureCount":50722,"heightEstimated":true},"geometry":{"type":"Polygon","coordinates":[[[114.050622,30.627414],[114.051778,30.627294],[114.051835,30.62742],[114.051269,30.627614],[114.050622,30.627414]]]}},{"type":"Feature","id":"61ea4136-365a-4000-ab77-d75327be1616","properties":{"id":"61ea4136-365a-4000-ab77-d75327be1616","height":92,"num_floors":29,"class":"building","areaM2":9194,"sourceTile":"tile_1_0","sourceFeatureCount":50722,"heightEstimated":true},"geometry":{"type":"Polygon","coordinates":[[[114.050896,30.626209],[114.050588,30.625674],[114.051892,30.625118],[114.0522,30.625653],[114.050896,30.626209]]]}},{"type":"Feature","id":"547f7cc6-798b-448d-94be-78be407fe8f6","properties":{"id":"547f7cc6-798b-448d-94be-78be407fe8f6","height":96,"num_floors":30,"class":"building","areaM2":7627,"sourceTile":"tile_1_0","sourceFeatureCount":50722,"heightEstimated":true},"geometry":{"type":"Polygon","coordinates":[[[114.050927,30.624954],[114.049738,30.625024],[114.049646,30.624489],[114.05028,30.624408],[114.050493,30.624914],[114.050437,30.624402],[114.051072,30.624321],[114.050927,30.624954]]]}},{"type":"Feature","id":"393a21eb-a42b-41bd-9455-4d8e479cf7c9","properties":{"id":"393a21eb-a42b-41bd-9455-4d8e479cf7c9","height":106,"num_floors":33,"class":"building","areaM2":7600,"sourceTile":"tile_1_0","sourceFeatureCount":50722,"heightEstimated":true},"geometry":{"type":"Polygon","coordinates":[[[114.050602,30.62144],[114.049916,30.621514],[114.04973,30.620232],[114.050062,30.62007],[114.050602,30.62144]]]}},{"type":"Feature","id":"5f12f2a4-6304-44c1-8c93-3b9b2e21510d","properties":{"id":"5f12f2a4-6304-44c1-8c93-3b9b2e21510d","height":83,"num_floors":26,"class":"building","areaM2":8031,"sourceTile":"tile_1_0","sourceFeatureCount":50722,"heightEstimated":true},"geometry":{"type":"Polygon","coordinates":[[[114.049783,30.621542],[114.049151,30.621624],[114.048959,30.620529],[114.049564,30.620293],[114.049783,30.621542]]]}},{"type":"Feature","id":"c0125605-63cd-493b-8f7d-144487577966","properties":{"id":"c0125605-63cd-493b-8f7d-144487577966","height":96,"num_floors":30,"class":"building","areaM2":8658,"sourceTile":"tile_1_0","sourceFeatureCount":50722,"heightEstimated":true},"geometry":{"type":"Polygon","coordinates":[[[114.04369,30.626526],[114.043426,30.625979],[114.0447,30.625522],[114.044965,30.626069],[114.04369,30.626526]]]}},{"type":"Feature","id":"ba057f09-ad1a-43ab-8542-292eaaad0302","properties":{"id":"ba057f09-ad1a-43ab-8542-292eaaad0302","height":127,"num_floors":40,"class":"building","areaM2":13604,"sourceTile":"tile_1_0","sourceFeatureCount":50722,"heightEstimated":true},"geometry":{"type":"Polygon","coordinates":[[[114.040899,30.628753],[114.04062,30.628172],[114.042508,30.6275],[114.042787,30.628081],[114.040899,30.628753]]]}},{"type":"Feature","id":"652fb1af-8e0a-4cce-96ed-12f73a5613a7","properties":{"id":"652fb1af-8e0a-4cce-96ed-12f73a5613a7","height":85,"num_floors":27,"class":"building","areaM2":9413,"sourceTile":"tile_1_0","sourceFeatureCount":50722,"heightEstimated":true},"geometry":{"type":"Polygon","coordinates":[[[114.041534,30.627592],[114.04124,30.627006],[114.042516,30.626531],[114.042811,30.627117],[114.041534,30.627592]]]}},{"type":"Feature","id":"670d17b3-9e39-49f8-8dd8-bdba1d53102e","properties":{"id":"670d17b3-9e39-49f8-8dd8-bdba1d53102e","height":104,"num_floors":33,"class":"building","areaM2":12641,"sourceTile":"tile_1_0","sourceFeatureCount":50722,"heightEstimated":true},"geometry":{"type":"Polygon","coordinates":[[[114.039427,30.628325],[114.039145,30.62774],[114.040886,30.627117],[114.041168,30.627701],[114.039427,30.628325]]]}},{"type":"Feature","id":"09d8e03c-9aa9-460f-a809-6f3962c94572","properties":{"id":"09d8e03c-9aa9-460f-a809-6f3962c94572","height":114,"num_floors":36,"class":"building","areaM2":15611,"sourceTile":"tile_1_0","sourceFeatureCount":50722,"heightEstimated":true},"geometry":{"type":"Polygon","coordinates":[[[114.029732,30.631465],[114.031943,30.63064],[114.032234,30.631223],[114.030353,30.631925],[114.029881,30.631763],[114.029732,30.631465]]]}},{"type":"Feature","id":"57816452-4fc9-46b9-b0ab-f338f26a5c1d","properties":{"id":"57816452-4fc9-46b9-b0ab-f338f26a5c1d","height":95,"num_floors":30,"class":"building","areaM2":9175,"sourceTile":"tile_1_0","sourceFeatureCount":50722,"heightEstimated":true},"geometry":{"type":"Polygon","coordinates":[[[114.032671,30.632128],[114.031597,30.632284],[114.03098,30.631828],[114.032271,30.631379],[114.032671,30.632128]]]}},{"type":"Feature","id":"cf55af59-7f60-4165-9bd1-2134991887f9","properties":{"id":"cf55af59-7f60-4165-9bd1-2134991887f9","height":15,"num_floors":5,"class":"building","areaM2":8,"sourceTile":"tile_1_0","sourceFeatureCount":50722,"heightEstimated":true},"geometry":{"type":"Polygon","coordinates":[[[114.035398,30.630966],[114.035492,30.630914],[114.035498,30.630927],[114.035398,30.630966]]]}},{"type":"Feature","id":"5653263a-af7a-416e-aa37-5477b054851c","properties":{"id":"5653263a-af7a-416e-aa37-5477b054851c","height":106,"num_floors":33,"class":"building","areaM2":8588,"sourceTile":"tile_1_0","sourceFeatureCount":50722,"heightEstimated":true},"geometry":{"type":"Polygon","coordinates":[[[114.030232,30.633607],[114.02962,30.634198],[114.029359,30.634006],[114.029546,30.633817],[114.028805,30.633271],[114.029214,30.632856],[114.030232,30.633607]]]}},{"type":"Feature","id":"2bf3b11a-01cf-4ab1-a536-51c7948fec73","properties":{"id":"2bf3b11a-01cf-4ab1-a536-51c7948fec73","height":115,"num_floors":36,"class":"building","areaM2":12213,"sourceTile":"tile_1_0","sourceFeatureCount":50722,"heightEstimated":true},"geometry":{"type":"Polygon","coordinates":[[[114.027406,30.633086],[114.027822,30.632263],[114.028615,30.632844],[114.027692,30.633785],[114.0269,30.633204],[114.027178,30.632919],[114.027406,30.633086]]]}},{"type":"Feature","id":"efda64e7-a158-4991-9ee3-c7b1482060a2","properties":{"id":"efda64e7-a158-4991-9ee3-c7b1482060a2","height":135,"num_floors":42,"class":"building","areaM2":18711,"sourceTile":"tile_1_0","sourceFeatureCount":50722,"heightEstimated":true},"geometry":{"type":"Polygon","coordinates":[[[114.022673,30.633661],[114.023463,30.632824],[114.024037,30.633229],[114.023701,30.633585],[114.024243,30.633375],[114.024794,30.633789],[114.024011,30.634618],[114.023403,30.634189],[114.023572,30.633752],[114.02323,30.634054],[114.022673,30.633661]]]}},{"type":"Feature","id":"cdf87477-ff61-4884-9a19-e6ff184f52e6","properties":{"id":"cdf87477-ff61-4884-9a19-e6ff184f52e6","height":126,"num_floors":39,"class":"building","areaM2":14517,"sourceTile":"tile_1_0","sourceFeatureCount":50722,"heightEstimated":true},"geometry":{"type":"Polygon","coordinates":[[[114.00278,30.633395],[114.003011,30.633397],[114.002808,30.633062],[114.004618,30.632291],[114.004973,30.632879],[114.003351,30.63361],[114.00278,30.633395]]]}},{"type":"Feature","id":"b6ad2ad9-38c3-4f18-ad08-11dece747c21","properties":{"id":"b6ad2ad9-38c3-4f18-ad08-11dece747c21","height":13,"num_floors":4,"class":"building","areaM2":11,"sourceTile":"tile_1_0","sourceFeatureCount":50722,"heightEstimated":true},"geometry":{"type":"Polygon","coordinates":[[[114.124596,30.63179],[114.124566,30.631696],[114.124588,30.631694],[114.124596,30.63179]]]}},{"type":"Feature","id":"8540bcd7-a04d-4eef-8449-6f3f6138e1ff","properties":{"id":"8540bcd7-a04d-4eef-8449-6f3f6138e1ff","height":99,"num_floors":31,"class":"building","areaM2":7996,"sourceTile":"tile_1_0","sourceFeatureCount":50722,"heightEstimated":true},"geometry":{"type":"Polygon","coordinates":[[[114.102838,30.629482],[114.103235,30.629506],[114.1032,30.629926],[114.103719,30.629958],[114.103667,30.630597],[114.102751,30.630541],[114.102838,30.629482]]]}},{"type":"Feature","id":"1f36af7d-ce43-4d59-a8b5-21b3cb9f6a9d","properties":{"id":"1f36af7d-ce43-4d59-a8b5-21b3cb9f6a9d","height":124,"num_floors":39,"class":"building","areaM2":14643,"sourceTile":"tile_1_0","sourceFeatureCount":50722,"heightEstimated":true},"geometry":{"type":"Polygon","coordinates":[[[114.10426,30.62986],[114.104436,30.628164],[114.10522,30.628206],[114.105099,30.629905],[114.10426,30.62986]]]}},{"type":"Feature","id":"056d9045-561c-4d91-ad21-682447c6dda3","properties":{"id":"056d9045-561c-4d91-ad21-682447c6dda3","height":23,"num_floors":7,"class":"building","areaM2":323,"sourceTile":"tile_1_0","sourceFeatureCount":50722,"heightEstimated":true},"geometry":{"type":"Polygon","coordinates":[[[114.109396,30.628876],[114.109525,30.628756],[114.10931,30.629429],[114.109396,30.628876]]]}},{"type":"Feature","id":"897eb98a-a94f-4657-8d8e-cbcd27f05ca1","properties":{"id":"897eb98a-a94f-4657-8d8e-cbcd27f05ca1","height":119,"num_floors":37,"class":"building","areaM2":10963,"sourceTile":"tile_1_0","sourceFeatureCount":50722,"heightEstimated":true},"geometry":{"type":"Polygon","coordinates":[[[114.108657,30.625389],[114.108667,30.625993],[114.106924,30.625896],[114.106969,30.625295],[114.108657,30.625389]]]}},{"type":"Feature","id":"3dceae31-a291-4dd6-b846-a74419721b6f","properties":{"id":"3dceae31-a291-4dd6-b846-a74419721b6f","height":97,"num_floors":30,"class":"building","areaM2":9239,"sourceTile":"tile_1_0","sourceFeatureCount":50722,"heightEstimated":true},"geometry":{"type":"Polygon","coordinates":[[[114.101799,30.626113],[114.101785,30.625654],[114.103686,30.625608],[114.1037,30.626067],[114.101799,30.626113]]]}},{"type":"Feature","id":"2d43f6ea-029d-4aba-9106-9dd3228d6a8f","properties":{"id":"2d43f6ea-029d-4aba-9106-9dd3228d6a8f","height":61,"num_floors":19,"class":"building","areaM2":4114,"sourceTile":"tile_1_0","sourceFeatureCount":50722,"heightEstimated":true},"geometry":{"type":"Polygon","coordinates":[[[114.104048,30.623961],[114.105471,30.624081],[114.105464,30.62431],[114.104038,30.624276],[114.104048,30.623961]]]}},{"type":"Feature","id":"364d91dc-7b2e-459d-b73f-06ec3aaef08d","properties":{"id":"364d91dc-7b2e-459d-b73f-06ec3aaef08d","height":102,"num_floors":32,"class":"building","areaM2":8692,"sourceTile":"tile_1_0","sourceFeatureCount":50722,"heightEstimated":true},"geometry":{"type":"Polygon","coordinates":[[[114.101942,30.623454],[114.102016,30.622461],[114.10227,30.622475],[114.102335,30.621598],[114.102253,30.622398],[114.102,30.622384],[114.102062,30.621554],[114.102547,30.621581],[114.10235,30.623476],[114.101942,30.623454]]]}},{"type":"Feature","id":"c97fd797-1543-40fb-83bc-57bcc04aedaf","properties":{"id":"c97fd797-1543-40fb-83bc-57bcc04aedaf","height":111,"num_floors":35,"class":"building","areaM2":11519,"sourceTile":"tile_1_0","sourceFeatureCount":50722,"heightEstimated":true},"geometry":{"type":"Polygon","coordinates":[[[114.105189,30.619968],[114.105105,30.621553],[114.10442,30.621526],[114.104505,30.61994],[114.105189,30.619968]]]}},{"type":"Feature","id":"9eb5c2ca-af32-4043-8dab-247cad624091","properties":{"id":"9eb5c2ca-af32-4043-8dab-247cad624091","height":103,"num_floors":32,"class":"building","areaM2":8329,"sourceTile":"tile_1_0","sourceFeatureCount":50722,"heightEstimated":true},"geometry":{"type":"Polygon","coordinates":[[[114.105811,30.619998],[114.105839,30.621558],[114.105286,30.621549],[114.105358,30.619982],[114.105811,30.619998]]]}},{"type":"Feature","id":"830fbb29-312e-427a-9502-e51678665d42","properties":{"id":"830fbb29-312e-427a-9502-e51678665d42","height":125,"num_floors":39,"class":"building","areaM2":11995,"sourceTile":"tile_1_0","sourceFeatureCount":50722,"heightEstimated":true},"geometry":{"type":"Polygon","coordinates":[[[114.104176,30.622631],[114.104282,30.621333],[114.104382,30.621336],[114.104315,30.623047],[114.104439,30.621567],[114.104627,30.621573],[114.104561,30.623255],[114.103964,30.623237],[114.103771,30.621663],[114.104213,30.621675],[114.104176,30.622631]]]}},{"type":"Feature","id":"c7fb10ab-1e0c-45c3-92d9-76647b994b7e","properties":{"id":"c7fb10ab-1e0c-45c3-92d9-76647b994b7e","height":105,"num_floors":33,"class":"building","areaM2":11879,"sourceTile":"tile_1_0","sourceFeatureCount":50722,"heightEstimated":true},"geometry":{"type":"Polygon","coordinates":[[[114.108038,30.623374],[114.107078,30.623329],[114.107152,30.622164],[114.108113,30.62221],[114.108038,30.623374]]]}},{"type":"Feature","id":"91627e68-8dec-4c1b-89fd-0d365cd3ab5e","properties":{"id":"91627e68-8dec-4c1b-89fd-0d365cd3ab5e","height":103,"num_floors":32,"class":"building","areaM2":10171,"sourceTile":"tile_1_0","sourceFeatureCount":50722,"heightEstimated":true},"geometry":{"type":"Polygon","coordinates":[[[114.109629,30.624178],[114.109586,30.62478],[114.108163,30.624704],[114.108194,30.624256],[114.10879,30.624287],[114.108823,30.623829],[114.109639,30.623873],[114.109242,30.624158],[114.109629,30.624178]]]}},{"type":"Feature","id":"e65c3da9-c8e8-4caa-a54d-cf4f445f9bcd","properties":{"id":"e65c3da9-c8e8-4caa-a54d-cf4f445f9bcd","height":103,"num_floors":32,"class":"building","areaM2":10344,"sourceTile":"tile_1_0","sourceFeatureCount":50722,"heightEstimated":true},"geometry":{"type":"Polygon","coordinates":[[[114.109753,30.622452],[114.109704,30.623608],[114.108842,30.623581],[114.108889,30.622473],[114.109753,30.622452]]]}},{"type":"Feature","id":"f22b0d71-8139-44c6-abf3-431da520da3f","properties":{"id":"f22b0d71-8139-44c6-abf3-431da520da3f","height":98,"num_floors":31,"class":"building","areaM2":8497,"sourceTile":"tile_1_0","sourceFeatureCount":50722,"heightEstimated":true},"geometry":{"type":"Polygon","coordinates":[[[114.112855,30.622345],[114.112808,30.623128],[114.112271,30.623209],[114.112086,30.622971],[114.111796,30.623188],[114.111849,30.622319],[114.112855,30.622345]]]}},{"type":"Feature","id":"37849f99-156f-4452-9458-551d2940f09e","properties":{"id":"37849f99-156f-4452-9458-551d2940f09e","height":95,"num_floors":30,"class":"building","areaM2":10826,"sourceTile":"tile_1_0","sourceFeatureCount":50722,"heightEstimated":true},"geometry":{"type":"Polygon","coordinates":[[[114.118599,30.620897],[114.118576,30.62149],[114.11685,30.621497],[114.116873,30.620904],[114.118599,30.620897]]]}},{"type":"Feature","id":"ccd6633e-021e-418a-bb48-e13e49e2e7b7","properties":{"id":"ccd6633e-021e-418a-bb48-e13e49e2e7b7","height":114,"num_floors":36,"class":"building","areaM2":11685,"sourceTile":"tile_1_0","sourceFeatureCount":50722,"heightEstimated":true},"geometry":{"type":"Polygon","coordinates":[[[114.117758,30.622525],[114.117707,30.623384],[114.116426,30.623326],[114.116478,30.622467],[114.117758,30.622525]]]}},{"type":"Feature","id":"bc73958c-3afa-4ad7-98ff-9eceb73e962a","properties":{"id":"bc73958c-3afa-4ad7-98ff-9eceb73e962a","height":11,"num_floors":3,"class":"building","areaM2":81,"sourceTile":"tile_1_0","sourceFeatureCount":50722,"heightEstimated":true},"geometry":{"type":"Polygon","coordinates":[[[114.117763,30.625005],[114.117567,30.624922],[114.117766,30.624929],[114.117763,30.625005]]]}},{"type":"Feature","id":"c59bd12b-531b-4c1b-92a4-eb173315b7c1","properties":{"id":"c59bd12b-531b-4c1b-92a4-eb173315b7c1","height":108,"num_floors":34,"class":"industrial","areaM2":13322,"sourceTile":"tile_1_0","sourceFeatureCount":50722,"heightEstimated":true},"geometry":{"type":"Polygon","coordinates":[[[114.122396,30.625356],[114.120521,30.62528],[114.120558,30.62461],[114.122433,30.624687],[114.122396,30.625356]]]}},{"type":"Feature","id":"0db8ef64-c00d-4423-af70-52c7ecbcc20d","properties":{"id":"0db8ef64-c00d-4423-af70-52c7ecbcc20d","height":121,"num_floors":38,"class":"industrial","areaM2":12240,"sourceTile":"tile_1_0","sourceFeatureCount":50722,"heightEstimated":true},"geometry":{"type":"Polygon","coordinates":[[[114.122542,30.624397],[114.120974,30.624329],[114.121018,30.623594],[114.122586,30.623662],[114.122542,30.624397]]]}},{"type":"Feature","id":"ce9b0e5e-7d0c-4d4c-b88f-983ca29c9cc3","properties":{"id":"ce9b0e5e-7d0c-4d4c-b88f-983ca29c9cc3","height":127,"num_floors":40,"class":"industrial","areaM2":12242,"sourceTile":"tile_1_0","sourceFeatureCount":50722,"heightEstimated":true},"geometry":{"type":"Polygon","coordinates":[[[114.120813,30.624307],[114.119244,30.624238],[114.119288,30.623503],[114.120849,30.623568],[114.120813,30.624307]]]}},{"type":"Feature","id":"0e428b8d-ffb3-4576-8cb7-b6eee3092460","properties":{"id":"0e428b8d-ffb3-4576-8cb7-b6eee3092460","height":103,"num_floors":32,"class":"industrial","areaM2":12575,"sourceTile":"tile_1_0","sourceFeatureCount":50722,"heightEstimated":true},"geometry":{"type":"Polygon","coordinates":[[[114.120862,30.623316],[114.119312,30.62325],[114.119351,30.622488],[114.1209,30.622548],[114.120862,30.623316]]]}},{"type":"Feature","id":"3d6482b3-e180-431a-8e10-4bb01b7bd409","properties":{"id":"3d6482b3-e180-431a-8e10-4bb01b7bd409","height":128,"num_floors":40,"class":"industrial","areaM2":18079,"sourceTile":"tile_1_0","sourceFeatureCount":50722,"heightEstimated":true},"geometry":{"type":"Polygon","coordinates":[[[114.122589,30.623392],[114.121033,30.623332],[114.121088,30.622238],[114.122647,30.622296],[114.122589,30.623392]]]}},{"type":"Feature","id":"aa1297fb-1866-4601-921a-3f55b117412b","properties":{"id":"aa1297fb-1866-4601-921a-3f55b117412b","height":80,"num_floors":25,"class":"industrial","areaM2":7750,"sourceTile":"tile_1_0","sourceFeatureCount":50722,"heightEstimated":true},"geometry":{"type":"Polygon","coordinates":[[[114.120957,30.622221],[114.119356,30.622142],[114.119387,30.621686],[114.120988,30.621766],[114.120957,30.622221]]]}},{"type":"Feature","id":"c5987553-28c4-49e6-8ff6-6e4b8f130114","properties":{"id":"c5987553-28c4-49e6-8ff6-6e4b8f130114","height":99,"num_floors":31,"class":"industrial","areaM2":10561,"sourceTile":"tile_1_0","sourceFeatureCount":50722,"heightEstimated":true},"geometry":{"type":"Polygon","coordinates":[[[114.120965,30.621639],[114.11938,30.62158],[114.119409,30.621016],[114.121,30.620947],[114.120965,30.621639]]]}},{"type":"Feature","id":"f5f487db-ce37-4368-85a7-f283a4a6acf6","properties":{"id":"f5f487db-ce37-4368-85a7-f283a4a6acf6","height":168,"num_floors":53,"class":"building","areaM2":29310,"sourceTile":"tile_1_0","sourceFeatureCount":50722,"heightEstimated":true},"geometry":{"type":"Polygon","coordinates":[[[114.128856,30.621086],[114.128986,30.62087],[114.127915,30.620837],[114.127945,30.62012],[114.129635,30.620174],[114.129652,30.621877],[114.12786,30.621878],[114.127893,30.621104],[114.128856,30.621086]]]}},{"type":"Feature","id":"a952d31b-d932-461b-86c6-c6041b0eb9c9","properties":{"id":"a952d31b-d932-461b-86c6-c6041b0eb9c9","height":13,"num_floors":4,"class":"building","areaM2":175,"sourceTile":"tile_1_0","sourceFeatureCount":50722,"heightEstimated":true},"geometry":{"type":"Polygon","coordinates":[[[114.127338,30.622336],[114.127201,30.622583],[114.127205,30.622334],[114.127338,30.622336]]]}},{"type":"Feature","id":"e2f13c75-7dc4-4527-a229-02d83ae0dd88","properties":{"id":"e2f13c75-7dc4-4527-a229-02d83ae0dd88","height":35,"num_floors":11,"class":"building","areaM2":27,"sourceTile":"tile_1_0","sourceFeatureCount":50722,"heightEstimated":true},"geometry":{"type":"Polygon","coordinates":[[[114.136152,30.624001],[114.136222,30.623927],[114.136218,30.624003],[114.136152,30.624001]]]}},{"type":"Feature","id":"a44e4ecb-1d20-4b6f-8d9a-d33491f9be48","properties":{"id":"a44e4ecb-1d20-4b6f-8d9a-d33491f9be48","height":110,"num_floors":34,"class":"building","areaM2":13395,"sourceTile":"tile_1_0","sourceFeatureCount":50722,"heightEstimated":true},"geometry":{"type":"Polygon","coordinates":[[[114.132196,30.625705],[114.132292,30.624876],[114.133683,30.624977],[114.133745,30.625865],[114.132196,30.625705]]]}},{"type":"Feature","id":"b439a215-f536-4c64-ab77-bd0f154b7cff","properties":{"id":"b439a215-f536-4c64-ab77-bd0f154b7cff","height":33,"num_floors":10,"class":"building","areaM2":39,"sourceTile":"tile_1_0","sourceFeatureCount":50722,"heightEstimated":true},"geometry":{"type":"Polygon","coordinates":[[[114.134749,30.626438],[114.134822,30.626341],[114.134828,30.626435],[114.134749,30.626438]]]}},{"type":"Feature","id":"84d6a9ec-25ea-4cd7-bf2f-7c2c343ff624","properties":{"id":"84d6a9ec-25ea-4cd7-bf2f-7c2c343ff624","height":31,"num_floors":10,"class":"building","areaM2":34,"sourceTile":"tile_1_0","sourceFeatureCount":50722,"heightEstimated":true},"geometry":{"type":"Polygon","coordinates":[[[114.127414,30.627613],[114.127304,30.627672],[114.127303,30.627614],[114.127414,30.627613]]]}},{"type":"Feature","id":"a772b05d-3685-475c-8e51-feae4643e367","properties":{"id":"a772b05d-3685-475c-8e51-feae4643e367","height":32,"num_floors":10,"class":"building","areaM2":86,"sourceTile":"tile_1_0","sourceFeatureCount":50722,"heightEstimated":true},"geometry":{"type":"Polygon","coordinates":[[[114.134822,30.632822],[114.134731,30.632627],[114.134838,30.632677],[114.134822,30.632822]]]}},{"type":"Feature","id":"d51c0ba7-8acf-4054-8ea0-a5368537e664","properties":{"id":"d51c0ba7-8acf-4054-8ea0-a5368537e664","height":35,"num_floors":11,"class":"building","areaM2":218,"sourceTile":"tile_1_0","sourceFeatureCount":50722,"heightEstimated":true},"geometry":{"type":"Polygon","coordinates":[[[114.135115,30.62871],[114.13467,30.628692],[114.134702,30.628601],[114.135115,30.62871]]]}},{"type":"Feature","id":"1adb58e7-5766-46b9-ad41-a6ceb3788b6f","properties":{"id":"1adb58e7-5766-46b9-ad41-a6ceb3788b6f","height":33,"num_floors":10,"class":"building","areaM2":209,"sourceTile":"tile_1_0","sourceFeatureCount":50722,"heightEstimated":true},"geometry":{"type":"Polygon","coordinates":[[[114.138953,30.632768],[114.139374,30.632859],[114.138955,30.632862],[114.138953,30.632768]]]}},{"type":"Feature","id":"de891ba6-ca4f-4ca6-a086-7920941d6fcc","properties":{"id":"de891ba6-ca4f-4ca6-a086-7920941d6fcc","height":28,"num_floors":9,"class":"building","areaM2":133,"sourceTile":"tile_1_0","sourceFeatureCount":50722,"heightEstimated":true},"geometry":{"type":"Polygon","coordinates":[[[114.149085,30.629556],[114.149235,30.629768],[114.149127,30.629783],[114.149085,30.629556]]]}},{"type":"Feature","id":"35f1b159-3312-4336-89ac-8909a77f103f","properties":{"id":"35f1b159-3312-4336-89ac-8909a77f103f","height":22,"num_floors":7,"class":"building","areaM2":45,"sourceTile":"tile_1_0","sourceFeatureCount":50722,"heightEstimated":true},"geometry":{"type":"Polygon","coordinates":[[[114.14172,30.62686],[114.141816,30.626949],[114.141728,30.626955],[114.14172,30.62686]]]}},{"type":"Feature","id":"38407577-29f2-4ba0-a1d9-498c7751d4d0","properties":{"id":"38407577-29f2-4ba0-a1d9-498c7751d4d0","height":23,"num_floors":7,"class":"building","areaM2":117,"sourceTile":"tile_1_0","sourceFeatureCount":50722,"heightEstimated":true},"geometry":{"type":"Polygon","coordinates":[[[114.142122,30.626107],[114.141905,30.626202],[114.141912,30.626097],[114.142122,30.626107]]]}},{"type":"Feature","id":"53073c33-20c9-405c-84ef-67e3895d55bd","properties":{"id":"53073c33-20c9-405c-84ef-67e3895d55bd","height":16,"num_floors":5,"class":"building","areaM2":16,"sourceTile":"tile_1_0","sourceFeatureCount":50722,"heightEstimated":true},"geometry":{"type":"Polygon","coordinates":[[[114.143616,30.621568],[114.143662,30.621634],[114.143618,30.621635],[114.143616,30.621568]]]}},{"type":"Feature","id":"f6d2f748-6fe9-4255-bf85-ea465156d9a7","properties":{"id":"f6d2f748-6fe9-4255-bf85-ea465156d9a7","height":86,"num_floors":27,"class":"building","areaM2":8899,"sourceTile":"tile_1_0","sourceFeatureCount":50722,"heightEstimated":true},"geometry":{"type":"Polygon","coordinates":[[[114.148947,30.61864],[114.148992,30.617916],[114.150151,30.61797],[114.150106,30.618693],[114.148947,30.61864]]]}},{"type":"Feature","id":"762e6246-90a5-4034-a246-8e358e0624b4","properties":{"id":"762e6246-90a5-4034-a246-8e358e0624b4","height":99,"num_floors":31,"class":"building","areaM2":8967,"sourceTile":"tile_1_0","sourceFeatureCount":50722,"heightEstimated":true},"geometry":{"type":"Polygon","coordinates":[[[114.150161,30.617884],[114.148992,30.617813],[114.149051,30.617092],[114.150221,30.617164],[114.150161,30.617884]]]}},{"type":"Feature","id":"d01dc93b-b4d9-4864-82f6-f5ea2a65db79","properties":{"id":"d01dc93b-b4d9-4864-82f6-f5ea2a65db79","height":146,"num_floors":46,"class":"building","areaM2":18310,"sourceTile":"tile_1_0","sourceFeatureCount":50722,"heightEstimated":true},"geometry":{"type":"Polygon","coordinates":[[[114.148221,30.617813],[114.147538,30.617771],[114.147531,30.617857],[114.148247,30.61791],[114.148186,30.618654],[114.147051,30.618585],[114.147114,30.617803],[114.147427,30.617774],[114.147063,30.617752],[114.147122,30.617018],[114.14828,30.617088],[114.148221,30.617813]]]}},{"type":"Feature","id":"f107f84f-38d8-4bff-9821-9c4505259e71","properties":{"id":"f107f84f-38d8-4bff-9821-9c4505259e71","height":117,"num_floors":37,"class":"building","areaM2":10386,"sourceTile":"tile_1_0","sourceFeatureCount":50722,"heightEstimated":true},"geometry":{"type":"Polygon","coordinates":[[[114.146759,30.620041],[114.146905,30.618958],[114.147789,30.619009],[114.147637,30.620129],[114.146759,30.620041]]]}},{"type":"Feature","id":"719c5aab-b08e-4952-b2d3-569e8df637ff","properties":{"id":"719c5aab-b08e-4952-b2d3-569e8df637ff","height":119,"num_floors":37,"class":"building","areaM2":17641,"sourceTile":"tile_1_0","sourceFeatureCount":50722,"heightEstimated":true},"geometry":{"type":"Polygon","coordinates":[[[114.146865,30.618973],[114.146573,30.620042],[114.145148,30.619982],[114.145209,30.618903],[114.146865,30.618973]]]}},{"type":"Feature","id":"595b2cd2-1476-45a3-b3c4-801d6cc5a332","properties":{"id":"595b2cd2-1476-45a3-b3c4-801d6cc5a332","height":22,"num_floors":7,"class":"building","areaM2":179,"sourceTile":"tile_1_0","sourceFeatureCount":50722,"heightEstimated":true},"geometry":{"type":"Polygon","coordinates":[[[114.14197,30.61991],[114.142408,30.620005],[114.141966,30.619986],[114.14197,30.61991]]]}},{"type":"Feature","id":"42235a99-fe01-4e44-815e-c12d4814815c","properties":{"id":"42235a99-fe01-4e44-815e-c12d4814815c","height":18,"num_floors":6,"class":"building","areaM2":141,"sourceTile":"tile_1_0","sourceFeatureCount":50722,"heightEstimated":true},"geometry":{"type":"Polygon","coordinates":[[[114.139741,30.614542],[114.139937,30.61468],[114.139738,30.614676],[114.139741,30.614542]]]}},{"type":"Feature","id":"26a21e97-a7cd-4c95-bccc-f65b22996170","properties":{"id":"26a21e97-a7cd-4c95-bccc-f65b22996170","height":121,"num_floors":38,"class":"building","areaM2":12516,"sourceTile":"tile_1_0","sourceFeatureCount":50722,"heightEstimated":true},"geometry":{"type":"Polygon","coordinates":[[[114.148681,30.610707],[114.148622,30.612724],[114.14807,30.612705],[114.148063,30.610686],[114.148681,30.610707]]]}},{"type":"Feature","id":"06d698ab-c7cf-4a6e-8a1a-4fdfbda5cc0f","properties":{"id":"06d698ab-c7cf-4a6e-8a1a-4fdfbda5cc0f","height":132,"num_floors":41,"class":"building","areaM2":13784,"sourceTile":"tile_1_0","sourceFeatureCount":50722,"heightEstimated":true},"geometry":{"type":"Polygon","coordinates":[[[114.14806,30.610608],[114.148012,30.612694],[114.147329,30.612652],[114.147497,30.610573],[114.14806,30.610608]]]}},{"type":"Feature","id":"d058bcbd-29a2-4951-8808-4f6b16d15c10","properties":{"id":"d058bcbd-29a2-4951-8808-4f6b16d15c10","height":41,"num_floors":13,"class":"building","areaM2":1572,"sourceTile":"tile_1_0","sourceFeatureCount":50722,"heightEstimated":true},"geometry":{"type":"Polygon","coordinates":[[[114.146352,30.611199],[114.146153,30.6112],[114.146153,30.610454],[114.146352,30.610454],[114.146352,30.611199]]]}},{"type":"Feature","id":"a7af84e2-de5a-4e2d-84c7-50c091c890e6","properties":{"id":"a7af84e2-de5a-4e2d-84c7-50c091c890e6","height":98,"num_floors":31,"class":"building","areaM2":10601,"sourceTile":"tile_1_0","sourceFeatureCount":50722,"heightEstimated":true},"geometry":{"type":"Polygon","coordinates":[[[114.138295,30.606463],[114.139178,30.605272],[114.139774,30.605603],[114.13889,30.606794],[114.138295,30.606463]]]}},{"type":"Feature","id":"5c623cb2-8137-4ee7-a55e-c2a75815e33a","properties":{"id":"5c623cb2-8137-4ee7-a55e-c2a75815e33a","height":112,"num_floors":35,"class":"building","areaM2":10510,"sourceTile":"tile_1_0","sourceFeatureCount":50722,"heightEstimated":true},"geometry":{"type":"Polygon","coordinates":[[[114.141377,30.609399],[114.141555,30.609556],[114.145488,30.610046],[114.145413,30.610375],[114.141317,30.609661],[114.141377,30.609399]]]}},{"type":"Feature","id":"ff4ece0f-6796-450d-a951-e22087dd9425","properties":{"id":"ff4ece0f-6796-450d-a951-e22087dd9425","height":15,"num_floors":5,"class":"building","areaM2":166,"sourceTile":"tile_1_0","sourceFeatureCount":50722,"heightEstimated":true},"geometry":{"type":"Polygon","coordinates":[[[114.138627,30.611192],[114.138216,30.611258],[114.138219,30.611181],[114.138627,30.611192]]]}},{"type":"Feature","id":"597e2973-0ad5-4146-bd9a-8b26f7c4a567","properties":{"id":"597e2973-0ad5-4146-bd9a-8b26f7c4a567","height":113,"num_floors":35,"class":"building","areaM2":12751,"sourceTile":"tile_1_0","sourceFeatureCount":50722,"heightEstimated":true},"geometry":{"type":"Polygon","coordinates":[[[114.136238,30.612842],[114.135144,30.612785],[114.135222,30.611688],[114.136315,30.611746],[114.136238,30.612842]]]}},{"type":"Feature","id":"78abdf07-d4f4-4a94-bad8-f8809c79c7df","properties":{"id":"78abdf07-d4f4-4a94-bad8-f8809c79c7df","height":78,"num_floors":24,"class":"building","areaM2":7763,"sourceTile":"tile_1_0","sourceFeatureCount":50722,"heightEstimated":true},"geometry":{"type":"Polygon","coordinates":[[[114.134819,30.613076],[114.133518,30.613],[114.133563,30.612439],[114.134863,30.612515],[114.134819,30.613076]]]}},{"type":"Feature","id":"590e56d9-dbf7-49bf-bf03-d5bd10cb0adb","properties":{"id":"590e56d9-dbf7-49bf-bf03-d5bd10cb0adb","height":123,"num_floors":38,"class":"building","areaM2":13402,"sourceTile":"tile_1_0","sourceFeatureCount":50722,"heightEstimated":true},"geometry":{"type":"Polygon","coordinates":[[[114.128505,30.607959],[114.130019,30.608023],[114.130015,30.608243],[114.129551,30.608276],[114.129959,30.608319],[114.129951,30.608931],[114.128613,30.608917],[114.128622,30.608295],[114.129131,30.608253],[114.128501,30.608246],[114.128505,30.607959]]]}},{"type":"Feature","id":"6fbd0d33-4e07-48d4-9d26-e43fd4a41ba0","properties":{"id":"6fbd0d33-4e07-48d4-9d26-e43fd4a41ba0","height":95,"num_floors":30,"class":"building","areaM2":10309,"sourceTile":"tile_1_0","sourceFeatureCount":50722,"heightEstimated":true},"geometry":{"type":"Polygon","coordinates":[[[114.130375,30.606044],[114.130428,30.604889],[114.130572,30.605114],[114.130593,30.604674],[114.131178,30.604694],[114.131113,30.606098],[114.130506,30.606078],[114.130516,30.605858],[114.130375,30.606044]]]}},{"type":"Feature","id":"efaff9d3-9065-4588-b559-4bca608a1a93","properties":{"id":"efaff9d3-9065-4588-b559-4bca608a1a93","height":8,"num_floors":3,"class":"building","areaM2":27,"sourceTile":"tile_1_0","sourceFeatureCount":50722,"heightEstimated":true},"geometry":{"type":"Polygon","coordinates":[[[114.127731,30.607545],[114.127637,30.607595],[114.127643,30.607538],[114.127731,30.607545]]]}},{"type":"Feature","id":"44ed7508-543e-44eb-b8c4-b85038defc4b","properties":{"id":"44ed7508-543e-44eb-b8c4-b85038defc4b","height":112,"num_floors":35,"class":"building","areaM2":11426,"sourceTile":"tile_1_0","sourceFeatureCount":50722,"heightEstimated":true},"geometry":{"type":"Polygon","coordinates":[[[114.125638,30.608135],[114.127466,30.608299],[114.127435,30.608843],[114.125602,30.608766],[114.125638,30.608135]]]}},{"type":"Feature","id":"1475cf25-586a-4877-9b1a-927b7a517671","properties":{"id":"1475cf25-586a-4877-9b1a-927b7a517671","height":96,"num_floors":30,"class":"building","areaM2":8289,"sourceTile":"tile_1_0","sourceFeatureCount":50722,"heightEstimated":true},"geometry":{"type":"Polygon","coordinates":[[[114.128674,30.610608],[114.128322,30.610567],[114.128488,30.609673],[114.129205,30.6097],[114.129154,30.610731],[114.128437,30.610705],[114.128674,30.610608]]]}},{"type":"Feature","id":"51a1cdc0-78cb-4606-8df7-869cf6fd5c55","properties":{"id":"51a1cdc0-78cb-4606-8df7-869cf6fd5c55","height":139,"num_floors":43,"class":"building","areaM2":21976,"sourceTile":"tile_1_0","sourceFeatureCount":50722,"heightEstimated":true},"geometry":{"type":"Polygon","coordinates":[[[114.129402,30.609662],[114.129777,30.609708],[114.12976,30.610301],[114.129407,30.610293],[114.129221,30.610624],[114.129347,30.609651],[114.128541,30.609634],[114.128557,30.609051],[114.131672,30.609165],[114.131657,30.60971],[114.129402,30.609662]]]}},{"type":"Feature","id":"5aa55cec-4833-44ce-a7ee-95c4b0c8b1f8","properties":{"id":"5aa55cec-4833-44ce-a7ee-95c4b0c8b1f8","height":98,"num_floors":31,"class":"building","areaM2":7831,"sourceTile":"tile_1_0","sourceFeatureCount":50722,"heightEstimated":true},"geometry":{"type":"Polygon","coordinates":[[[114.130244,30.610466],[114.129968,30.610469],[114.129923,30.610393],[114.129869,30.609724],[114.131218,30.609758],[114.131225,30.610255],[114.130076,30.610267],[114.130244,30.610466]]]}},{"type":"Feature","id":"000a7a76-5b94-4f79-9146-9b3d1c2a0159","properties":{"id":"000a7a76-5b94-4f79-9146-9b3d1c2a0159","height":131,"num_floors":41,"class":"building","areaM2":13581,"sourceTile":"tile_1_0","sourceFeatureCount":50722,"heightEstimated":true},"geometry":{"type":"Polygon","coordinates":[[[114.128099,30.616422],[114.128603,30.615543],[114.129877,30.615712],[114.129833,30.616495],[114.128099,30.616422]]]}},{"type":"Feature","id":"59011919-945b-4af6-88db-a85609c949a8","properties":{"id":"59011919-945b-4af6-88db-a85609c949a8","height":89,"num_floors":28,"class":"building","areaM2":8170,"sourceTile":"tile_1_0","sourceFeatureCount":50722,"heightEstimated":true},"geometry":{"type":"Polygon","coordinates":[[[114.13004,30.616039],[114.131773,30.616133],[114.131758,30.616573],[114.130024,30.616489],[114.13004,30.616039]]]}},{"type":"Feature","id":"de6db97d-8f39-41ab-a43c-1b49b1d695e5","properties":{"id":"de6db97d-8f39-41ab-a43c-1b49b1d695e5","height":8,"num_floors":3,"class":"building","areaM2":6,"sourceTile":"tile_1_0","sourceFeatureCount":50722,"heightEstimated":true},"geometry":{"type":"Polygon","coordinates":[[[114.130086,30.614001],[114.13006,30.613955],[114.130082,30.613954],[114.130086,30.614001]]]}},{"type":"Feature","id":"85dee318-4671-4112-91ad-fb1f8b76be4a","properties":{"id":"85dee318-4671-4112-91ad-fb1f8b76be4a","height":96,"num_floors":30,"class":"building","areaM2":7714,"sourceTile":"tile_1_0","sourceFeatureCount":50722,"heightEstimated":true},"geometry":{"type":"Polygon","coordinates":[[[114.134731,30.614043],[114.133465,30.613981],[114.133503,30.613407],[114.134769,30.61347],[114.134731,30.614043]]]}},{"type":"Feature","id":"fdd63e7a-6388-4c5d-b3f1-33262140d2fd","properties":{"id":"fdd63e7a-6388-4c5d-b3f1-33262140d2fd","height":110,"num_floors":34,"class":"building","areaM2":12648,"sourceTile":"tile_1_0","sourceFeatureCount":50722,"heightEstimated":true},"geometry":{"type":"Polygon","coordinates":[[[114.136147,30.614244],[114.135066,30.614191],[114.135138,30.61309],[114.13622,30.613142],[114.136147,30.614244]]]}},{"type":"Feature","id":"6cd28912-5b0b-4348-b4ff-e31141a9d08e","properties":{"id":"6cd28912-5b0b-4348-b4ff-e31141a9d08e","height":37,"num_floors":12,"class":"building","areaM2":90,"sourceTile":"tile_1_0","sourceFeatureCount":50722,"heightEstimated":true},"geometry":{"type":"Polygon","coordinates":[[[114.134675,30.619008],[114.134726,30.619315],[114.134671,30.619314],[114.134675,30.619008]]]}},{"type":"Feature","id":"165b0799-2c1c-4a37-ace3-9fcd82dd95da","properties":{"id":"165b0799-2c1c-4a37-ace3-9fcd82dd95da","height":111,"num_floors":35,"class":"building","areaM2":9598,"sourceTile":"tile_1_0","sourceFeatureCount":50722,"heightEstimated":true},"geometry":{"type":"Polygon","coordinates":[[[114.121235,30.61837],[114.120461,30.618375],[114.120635,30.617921],[114.120193,30.617907],[114.120162,30.618633],[114.1194,30.618609],[114.11943,30.617902],[114.121256,30.617874],[114.121235,30.61837]]]}},{"type":"Feature","id":"e0bfebf3-8141-407f-832b-2a68e2b0a37c","properties":{"id":"e0bfebf3-8141-407f-832b-2a68e2b0a37c","height":92,"num_floors":29,"class":"building","areaM2":10242,"sourceTile":"tile_1_0","sourceFeatureCount":50722,"heightEstimated":true},"geometry":{"type":"Polygon","coordinates":[[[114.121498,30.61774],[114.121537,30.617129],[114.123115,30.617204],[114.123076,30.617815],[114.121498,30.61774]]]}},{"type":"Feature","id":"37b2db92-80f1-4ba4-bf2f-469234a29d5d","properties":{"id":"37b2db92-80f1-4ba4-bf2f-469234a29d5d","height":44,"num_floors":14,"class":"building","areaM2":394,"sourceTile":"tile_1_0","sourceFeatureCount":50722,"heightEstimated":true},"geometry":{"type":"Polygon","coordinates":[[[114.123351,30.615901],[114.123495,30.616331],[114.123318,30.616321],[114.123351,30.615901]]]}},{"type":"Feature","id":"d6c0347c-8df6-483f-96ea-22c7f52fe35e","properties":{"id":"d6c0347c-8df6-483f-96ea-22c7f52fe35e","height":107,"num_floors":33,"class":"building","areaM2":12456,"sourceTile":"tile_1_0","sourceFeatureCount":50722,"heightEstimated":true},"geometry":{"type":"Polygon","coordinates":[[[114.121761,30.61413],[114.121772,30.614322],[114.121786,30.614083],[114.122128,30.614097],[114.122103,30.614537],[114.121367,30.614639],[114.121387,30.614286],[114.120901,30.614266],[114.120818,30.613975],[114.120778,30.614681],[114.120568,30.614673],[114.120676,30.613347],[114.121509,30.613305],[114.121492,30.613601],[114.120817,30.613602],[114.12149,30.61363],[114.121456,30.614241],[114.121761,30.61413]]]}},{"type":"Feature","id":"a9c9ac23-acc4-48da-a98e-edfbd85a5d7a","properties":{"id":"a9c9ac23-acc4-48da-a98e-edfbd85a5d7a","height":100,"num_floors":31,"class":"building","areaM2":12469,"sourceTile":"tile_1_0","sourceFeatureCount":50722,"heightEstimated":true},"geometry":{"type":"Polygon","coordinates":[[[114.120738,30.615712],[114.120469,30.615592],[114.120495,30.615229],[114.1213,30.615272],[114.121269,30.615711],[114.121024,30.615736],[114.1213,30.615751],[114.121222,30.616848],[114.12088,30.61683],[114.120889,30.616084],[114.120835,30.616837],[114.120471,30.616818],[114.120549,30.615721],[114.120738,30.615712]]]}},{"type":"Feature","id":"e5f1271e-e569-442a-be36-6db2fc8ea0e7","properties":{"id":"e5f1271e-e569-442a-be36-6db2fc8ea0e7","height":114,"num_floors":36,"class":"building","areaM2":14775,"sourceTile":"tile_1_0","sourceFeatureCount":50722,"heightEstimated":true},"geometry":{"type":"Polygon","coordinates":[[[114.119646,30.615694],[114.120364,30.61572],[114.120291,30.616809],[114.119982,30.616793],[114.119958,30.615997],[114.119814,30.616813],[114.121043,30.61698],[114.121017,30.617372],[114.119516,30.617296],[114.119583,30.616802],[114.119792,30.616812],[114.119572,30.616792],[114.119646,30.615694]]]}},{"type":"Feature","id":"37ee2065-34dd-4a6b-9a5b-d035d7c674eb","properties":{"id":"37ee2065-34dd-4a6b-9a5b-d035d7c674eb","height":88,"num_floors":28,"class":"building","areaM2":9607,"sourceTile":"tile_1_0","sourceFeatureCount":50722,"heightEstimated":true},"geometry":{"type":"Polygon","coordinates":[[[114.114287,30.615711],[114.114512,30.615802],[114.11321,30.615728],[114.113276,30.614956],[114.114312,30.615022],[114.114535,30.615535],[114.114201,30.615542],[114.114554,30.615565],[114.114287,30.615711]]]}},{"type":"Feature","id":"031f9c76-43c5-4b1b-b987-d33e9ecff7d3","properties":{"id":"031f9c76-43c5-4b1b-b987-d33e9ecff7d3","height":127,"num_floors":40,"class":"building","areaM2":20643,"sourceTile":"tile_1_0","sourceFeatureCount":50722,"heightEstimated":true},"geometry":{"type":"Polygon","coordinates":[[[114.117071,30.617143],[114.115791,30.617085],[114.115882,30.615567],[114.117163,30.615625],[114.117071,30.617143]]]}},{"type":"Feature","id":"6825c142-790b-44d7-ab96-47bc9fe2014a","properties":{"id":"6825c142-790b-44d7-ab96-47bc9fe2014a","height":96,"num_floors":30,"class":"building","areaM2":8031,"sourceTile":"tile_1_0","sourceFeatureCount":50722,"heightEstimated":true},"geometry":{"type":"Polygon","coordinates":[[[114.114049,30.616787],[114.113965,30.618277],[114.113457,30.618255],[114.113542,30.616765],[114.114049,30.616787]]]}},{"type":"Feature","id":"3e1d4323-64ac-445e-864d-e7b2e19a848d","properties":{"id":"3e1d4323-64ac-445e-864d-e7b2e19a848d","height":110,"num_floors":34,"class":"building","areaM2":8464,"sourceTile":"tile_1_0","sourceFeatureCount":50722,"heightEstimated":true},"geometry":{"type":"Polygon","coordinates":[[[114.114649,30.616992],[114.11468,30.618505],[114.114094,30.618482],[114.114174,30.616982],[114.114649,30.616992]]]}},{"type":"Feature","id":"78be98ed-a71e-47af-aab3-66b8a5cf423e","properties":{"id":"78be98ed-a71e-47af-aab3-66b8a5cf423e","height":137,"num_floors":43,"class":"building","areaM2":19947,"sourceTile":"tile_1_0","sourceFeatureCount":50722,"heightEstimated":true},"geometry":{"type":"Polygon","coordinates":[[[114.118709,30.61672],[114.118667,30.617417],[114.117254,30.617353],[114.117327,30.61614],[114.11906,30.616218],[114.119029,30.616734],[114.118709,30.61672]]]}},{"type":"Feature","id":"3b3701f4-8023-4ccc-89b9-936f64313fe5","properties":{"id":"3b3701f4-8023-4ccc-89b9-936f64313fe5","height":110,"num_floors":34,"class":"building","areaM2":11868,"sourceTile":"tile_1_0","sourceFeatureCount":50722,"heightEstimated":true},"geometry":{"type":"Polygon","coordinates":[[[114.117814,30.61985],[114.117783,30.620308],[114.118742,30.620366],[114.118713,30.620805],[114.116969,30.620718],[114.116999,30.620269],[114.117419,30.62029],[114.117025,30.620222],[114.117052,30.619812],[114.117814,30.61985]]]}},{"type":"Feature","id":"59d92751-98a3-4be3-b4c1-0237bc4ea71c","properties":{"id":"59d92751-98a3-4be3-b4c1-0237bc4ea71c","height":30,"num_floors":9,"class":"building","areaM2":30,"sourceTile":"tile_1_0","sourceFeatureCount":50722,"heightEstimated":true},"geometry":{"type":"Polygon","coordinates":[[[114.115445,30.620448],[114.115478,30.620535],[114.115444,30.620621],[114.115445,30.620448]]]}},{"type":"Feature","id":"86fba607-fd95-4fdc-a78b-79621090d8f7","properties":{"id":"86fba607-fd95-4fdc-a78b-79621090d8f7","height":98,"num_floors":31,"class":"building","areaM2":11354,"sourceTile":"tile_1_0","sourceFeatureCount":50722,"heightEstimated":true},"geometry":{"type":"Polygon","coordinates":[[[114.112714,30.617705],[114.112599,30.617221],[114.112857,30.617166],[114.112712,30.616442],[114.113444,30.616417],[114.113414,30.616923],[114.113017,30.616704],[114.113,30.617],[114.113379,30.61695],[114.113289,30.61844],[114.112837,30.618419],[114.112913,30.61715],[114.112834,30.617912],[114.112763,30.617258],[114.112714,30.617705]]]}},{"type":"Feature","id":"5b9a605e-892b-4063-b1c3-28da6ae7cd94","properties":{"id":"5b9a605e-892b-4063-b1c3-28da6ae7cd94","height":85,"num_floors":27,"class":"building","areaM2":9568,"sourceTile":"tile_1_0","sourceFeatureCount":50722,"heightEstimated":true},"geometry":{"type":"Polygon","coordinates":[[[114.107945,30.620694],[114.107984,30.619901],[114.109121,30.619943],[114.109082,30.620736],[114.107945,30.620694]]]}},{"type":"Feature","id":"429a3dc5-deaa-4cb7-8aa3-6c4f4e45d03b","properties":{"id":"429a3dc5-deaa-4cb7-8aa3-6c4f4e45d03b","height":101,"num_floors":32,"class":"building","areaM2":11717,"sourceTile":"tile_1_0","sourceFeatureCount":50722,"heightEstimated":true},"geometry":{"type":"Polygon","coordinates":[[[114.107561,30.620107],[114.107042,30.620069],[114.106703,30.620219],[114.106747,30.61934],[114.107035,30.619112],[114.107871,30.6192],[114.107818,30.62027],[114.10731,30.620251],[114.107561,30.620107]]]}},{"type":"Feature","id":"0f356dd8-5df6-40aa-a955-492b22888818","properties":{"id":"0f356dd8-5df6-40aa-a955-492b22888818","height":39,"num_floors":12,"class":"building","areaM2":338,"sourceTile":"tile_1_0","sourceFeatureCount":50722,"heightEstimated":true},"geometry":{"type":"Polygon","coordinates":[[[114.102839,30.613436],[114.102684,30.613528],[114.102453,30.613507],[114.102466,30.613402],[114.102839,30.613436]]]}},{"type":"Feature","id":"88c053ba-b772-4422-862a-ae9722254657","properties":{"id":"88c053ba-b772-4422-862a-ae9722254657","height":132,"num_floors":41,"class":"building","areaM2":14235,"sourceTile":"tile_1_0","sourceFeatureCount":50722,"heightEstimated":true},"geometry":{"type":"Polygon","coordinates":[[[114.112737,30.61358],[114.112986,30.613364],[114.112949,30.61386],[114.112379,30.613924],[114.112677,30.614094],[114.111265,30.614016],[114.111346,30.612928],[114.11147,30.613337],[114.111531,30.613111],[114.112656,30.613173],[114.112737,30.61358]]]}},{"type":"Feature","id":"7ee2f9aa-2002-4df7-a19c-903092c42ea7","properties":{"id":"7ee2f9aa-2002-4df7-a19c-903092c42ea7","height":28,"num_floors":9,"class":"building","areaM2":56,"sourceTile":"tile_1_0","sourceFeatureCount":50722,"heightEstimated":true},"geometry":{"type":"Polygon","coordinates":[[[114.111682,30.611447],[114.111604,30.611329],[114.111711,30.611355],[114.111682,30.611447]]]}},{"type":"Feature","id":"f172461f-f21c-48d5-984f-0c9eee005d60","properties":{"id":"f172461f-f21c-48d5-984f-0c9eee005d60","height":80,"num_floors":25,"class":"building","areaM2":7804,"sourceTile":"tile_1_0","sourceFeatureCount":50722,"heightEstimated":true},"geometry":{"type":"Polygon","coordinates":[[[114.110912,30.60945],[114.112742,30.609603],[114.112727,30.609957],[114.110893,30.609898],[114.110912,30.60945]]]}},{"type":"Feature","id":"66de243d-e569-4862-9fba-db1a397048b3","properties":{"id":"66de243d-e569-4862-9fba-db1a397048b3","height":106,"num_floors":33,"class":"building","areaM2":11449,"sourceTile":"tile_1_0","sourceFeatureCount":50722,"heightEstimated":true},"geometry":{"type":"Polygon","coordinates":[[[114.105801,30.608326],[114.105738,30.609376],[114.104711,30.60933],[114.104775,30.608279],[114.105801,30.608326]]]}},{"type":"Feature","id":"48a39eef-0b27-4ac1-b06b-a5c9b76eac8f","properties":{"id":"48a39eef-0b27-4ac1-b06b-a5c9b76eac8f","height":68,"num_floors":21,"class":"building","areaM2":3082,"sourceTile":"tile_1_0","sourceFeatureCount":50722,"heightEstimated":true},"geometry":{"type":"Polygon","coordinates":[[[114.100751,30.605905],[114.100739,30.60558],[114.101634,30.605556],[114.101646,30.605881],[114.100751,30.605905]]]}},{"type":"Feature","id":"7fe4d03f-03ef-43a1-b600-1d9bfb5508b8","properties":{"id":"7fe4d03f-03ef-43a1-b600-1d9bfb5508b8","height":168,"num_floors":53,"class":"building","areaM2":49110,"sourceTile":"tile_1_0","sourceFeatureCount":50722,"heightEstimated":true},"geometry":{"type":"Polygon","coordinates":[[[114.107501,30.608133],[114.110835,30.60829],[114.110567,30.609731],[114.109277,30.609655],[114.109316,30.60915],[114.1104,30.609175],[114.109242,30.609107],[114.109199,30.60966],[114.107379,30.609554],[114.107501,30.608133]]]}},{"type":"Feature","id":"fb14e1ea-6379-4c95-8828-348a912cf8ef","properties":{"id":"fb14e1ea-6379-4c95-8828-348a912cf8ef","height":105,"num_floors":33,"class":"building","areaM2":7789,"sourceTile":"tile_1_0","sourceFeatureCount":50722,"heightEstimated":true},"geometry":{"type":"Polygon","coordinates":[[[114.118785,30.605924],[114.118678,30.60649],[114.117413,30.606311],[114.11752,30.605745],[114.118785,30.605924]]]}},{"type":"Feature","id":"54ad0791-2670-41b6-b32d-d2aacfbcd9e1","properties":{"id":"54ad0791-2670-41b6-b32d-d2aacfbcd9e1","height":136,"num_floors":43,"class":"building","areaM2":16470,"sourceTile":"tile_1_0","sourceFeatureCount":50722,"heightEstimated":true},"geometry":{"type":"Polygon","coordinates":[[[114.11641,30.608834],[114.116495,30.607861],[114.115744,30.607837],[114.115765,30.60734],[114.117267,30.607388],[114.117199,30.608993],[114.11641,30.608834]]]}},{"type":"Feature","id":"cf71c49b-bd32-45d9-b6d6-4a70bdf104b7","properties":{"id":"cf71c49b-bd32-45d9-b6d6-4a70bdf104b7","height":110,"num_floors":34,"class":"building","areaM2":10029,"sourceTile":"tile_1_0","sourceFeatureCount":50722,"heightEstimated":true},"geometry":{"type":"Polygon","coordinates":[[[114.118785,30.608262],[114.118772,30.608692],[114.118254,30.608661],[114.118349,30.607497],[114.119457,30.607632],[114.119417,30.608118],[114.118785,30.608262]]]}},{"type":"Feature","id":"1ad24289-e777-4f64-aeab-056dda42942a","properties":{"id":"1ad24289-e777-4f64-aeab-056dda42942a","height":95,"num_floors":30,"class":"building","areaM2":8067,"sourceTile":"tile_1_0","sourceFeatureCount":50722,"heightEstimated":true},"geometry":{"type":"Polygon","coordinates":[[[114.113907,30.611108],[114.113416,30.61104],[114.113442,30.61084],[114.115036,30.611238],[114.11489,30.611926],[114.114264,30.611864],[114.11433,30.611361],[114.11355,30.611284],[114.113907,30.611108]]]}},{"type":"Feature","id":"0d036d70-eeb4-459b-b13e-25910e73961c","properties":{"id":"0d036d70-eeb4-459b-b13e-25910e73961c","height":101,"num_floors":32,"class":"building","areaM2":10421,"sourceTile":"tile_1_0","sourceFeatureCount":50722,"heightEstimated":true},"geometry":{"type":"Polygon","coordinates":[[[114.11594,30.611593],[114.116301,30.611332],[114.117339,30.611351],[114.117396,30.611735],[114.117331,30.611265],[114.117408,30.610827],[114.117541,30.612168],[114.116151,30.612027],[114.116443,30.611842],[114.116238,30.611647],[114.116615,30.611606],[114.11594,30.611593]]]}},{"type":"Feature","id":"42f4a6c6-5c31-4136-873f-32733efd0318","properties":{"id":"42f4a6c6-5c31-4136-873f-32733efd0318","height":21,"num_floors":7,"class":"building","areaM2":17,"sourceTile":"tile_1_0","sourceFeatureCount":50722,"heightEstimated":true},"geometry":{"type":"Polygon","coordinates":[[[114.118223,30.612348],[114.118199,30.612276],[114.11825,30.612295],[114.118223,30.612348]]]}},{"type":"Feature","id":"b68694b7-7e69-4725-9617-15b9f120599f","properties":{"id":"b68694b7-7e69-4725-9617-15b9f120599f","height":84,"num_floors":26,"class":"building","areaM2":7905,"sourceTile":"tile_1_0","sourceFeatureCount":50722,"heightEstimated":true},"geometry":{"type":"Polygon","coordinates":[[[114.116973,30.609983],[114.116012,30.609947],[114.116061,30.609193],[114.117087,30.609242],[114.116973,30.609983]]]}},{"type":"Feature","id":"020ff3be-46d5-46f4-a592-a3d907ed04b2","properties":{"id":"020ff3be-46d5-46f4-a592-a3d907ed04b2","height":102,"num_floors":32,"class":"building","areaM2":10647,"sourceTile":"tile_1_0","sourceFeatureCount":50722,"heightEstimated":true},"geometry":{"type":"Polygon","coordinates":[[[114.118791,30.609886],[114.117544,30.60983],[114.117593,30.609026],[114.11884,30.609082],[114.118791,30.609886]]]}},{"type":"Feature","id":"fbeb9caa-8df1-4156-b6b1-bf9635dd5628","properties":{"id":"fbeb9caa-8df1-4156-b6b1-bf9635dd5628","height":95,"num_floors":30,"class":"building","areaM2":11518,"sourceTile":"tile_1_0","sourceFeatureCount":50722,"heightEstimated":true},"geometry":{"type":"Polygon","coordinates":[[[114.125012,30.610007],[114.125085,30.608977],[114.1261,30.609039],[114.126009,30.610154],[114.125012,30.610007]]]}},{"type":"Feature","id":"ae7d70f6-d69c-41b8-aef8-9ab75a7b5b52","properties":{"id":"ae7d70f6-d69c-41b8-aef8-9ab75a7b5b52","height":19,"num_floors":6,"class":"building","areaM2":10,"sourceTile":"tile_1_0","sourceFeatureCount":50722,"heightEstimated":true},"geometry":{"type":"Polygon","coordinates":[[[114.12457,30.606697],[114.124549,30.606751],[114.124528,30.606715],[114.12457,30.606697]]]}},{"type":"Feature","id":"21d54db0-bb4e-47dd-b277-bead7c1879da","properties":{"id":"21d54db0-bb4e-47dd-b277-bead7c1879da","height":109,"num_floors":34,"class":"building","areaM2":11159,"sourceTile":"tile_1_0","sourceFeatureCount":50722,"heightEstimated":true},"geometry":{"type":"Polygon","coordinates":[[[114.123914,30.604474],[114.12396,30.603767],[114.125446,30.603838],[114.1254,30.604545],[114.123914,30.604474]]]}},{"type":"Feature","id":"23d077e8-c4f1-438c-beba-45620ce2e3b3","properties":{"id":"23d077e8-c4f1-438c-beba-45620ce2e3b3","height":91,"num_floors":28,"class":"building","areaM2":9447,"sourceTile":"tile_1_0","sourceFeatureCount":50722,"heightEstimated":true},"geometry":{"type":"Polygon","coordinates":[[[114.119449,30.604267],[114.119507,30.603216],[114.120325,30.603208],[114.120312,30.603734],[114.119495,30.603742],[114.120334,30.603744],[114.120333,30.60427],[114.119449,30.604267]]]}},{"type":"Feature","id":"1264f432-5014-42e9-911d-057fada81481","properties":{"id":"1264f432-5014-42e9-911d-057fada81481","height":101,"num_floors":32,"class":"building","areaM2":10295,"sourceTile":"tile_1_0","sourceFeatureCount":50722,"heightEstimated":true},"geometry":{"type":"Polygon","coordinates":[[[114.120519,30.604339],[114.120519,30.60346],[114.121624,30.60346],[114.121624,30.604339],[114.120519,30.604339]]]}},{"type":"Feature","id":"075cf49a-f38c-474a-995a-d917d06f2cb0","properties":{"id":"075cf49a-f38c-474a-995a-d917d06f2cb0","height":146,"num_floors":46,"class":"building","areaM2":17728,"sourceTile":"tile_1_0","sourceFeatureCount":50722,"heightEstimated":true},"geometry":{"type":"Polygon","coordinates":[[[114.125009,30.602869],[114.124961,30.603709],[114.122974,30.603625],[114.123022,30.602784],[114.125009,30.602869]]]}},{"type":"Feature","id":"fa6b59c3-dd9a-4700-acca-54e13e551551","properties":{"id":"fa6b59c3-dd9a-4700-acca-54e13e551551","height":143,"num_floors":45,"class":"building","areaM2":26153,"sourceTile":"tile_1_0","sourceFeatureCount":50722,"heightEstimated":true},"geometry":{"type":"Polygon","coordinates":[[[114.115998,30.6014],[114.117741,30.601353],[114.11602,30.601257],[114.116043,30.600942],[114.117764,30.601038],[114.11799,30.600533],[114.11885,30.600581],[114.118756,30.60185],[114.115976,30.601695],[114.115998,30.6014]]]}},{"type":"Feature","id":"b02f998c-16ac-410d-8387-0862c59b6674","properties":{"id":"b02f998c-16ac-410d-8387-0862c59b6674","height":29,"num_floors":9,"class":"building","areaM2":326,"sourceTile":"tile_1_0","sourceFeatureCount":50722,"heightEstimated":true},"geometry":{"type":"Polygon","coordinates":[[[114.119191,30.599331],[114.119109,30.5991],[114.118858,30.598999],[114.1192,30.599006],[114.119191,30.599331]]]}},{"type":"Feature","id":"8bd5a0a7-f1d7-4134-ba27-86ddf737a59d","properties":{"id":"8bd5a0a7-f1d7-4134-ba27-86ddf737a59d","height":168,"num_floors":53,"class":"building","areaM2":31683,"sourceTile":"tile_1_0","sourceFeatureCount":50722,"heightEstimated":true},"geometry":{"type":"Polygon","coordinates":[[[114.119066,30.604147],[114.116961,30.603932],[114.116933,30.602632],[114.119032,30.602598],[114.119066,30.604147]]]}},{"type":"Feature","id":"0c87ddfc-0edf-4fa0-9980-26fe9fc71c79","properties":{"id":"0c87ddfc-0edf-4fa0-9980-26fe9fc71c79","height":118,"num_floors":37,"class":"building","areaM2":15579,"sourceTile":"tile_1_0","sourceFeatureCount":50722,"heightEstimated":true},"geometry":{"type":"Polygon","coordinates":[[[114.106914,30.601247],[114.106943,30.602165],[114.105341,30.602203],[114.105312,30.601285],[114.106914,30.601247]]]}},{"type":"Feature","id":"d58db85e-e7c2-4c3b-a734-e8ebc4ef23d9","properties":{"id":"d58db85e-e7c2-4c3b-a734-e8ebc4ef23d9","height":107,"num_floors":33,"class":"building","areaM2":11035,"sourceTile":"tile_1_0","sourceFeatureCount":50722,"heightEstimated":true},"geometry":{"type":"Polygon","coordinates":[[[114.106876,30.600567],[114.106892,30.601217],[114.10529,30.601246],[114.105274,30.600597],[114.106876,30.600567]]]}},{"type":"Feature","id":"cab3c52c-8c31-40d9-9489-9c62f93d9c1b","properties":{"id":"cab3c52c-8c31-40d9-9489-9c62f93d9c1b","height":131,"num_floors":41,"class":"building","areaM2":15997,"sourceTile":"tile_1_0","sourceFeatureCount":50722,"heightEstimated":true},"geometry":{"type":"Polygon","coordinates":[[[114.107001,30.601358],[114.107726,30.601212],[114.107039,30.601184],[114.107008,30.600401],[114.105318,30.60045],[114.105306,30.600135],[114.107835,30.600061],[114.10783,30.601333],[114.107001,30.601358]]]}},{"type":"Feature","id":"83170d6e-7ccb-4b37-80e1-0b574cac4279","properties":{"id":"83170d6e-7ccb-4b37-80e1-0b574cac4279","height":104,"num_floors":33,"class":"building","areaM2":7709,"sourceTile":"tile_1_0","sourceFeatureCount":50722,"heightEstimated":true},"geometry":{"type":"Polygon","coordinates":[[[114.101969,30.600646],[114.103041,30.600632],[114.103053,30.601311],[114.101981,30.601325],[114.101969,30.600646]]]}},{"type":"Feature","id":"5ed0f0d5-3fd9-44eb-bc95-d4614ec7e07e","properties":{"id":"5ed0f0d5-3fd9-44eb-bc95-d4614ec7e07e","height":28,"num_floors":9,"class":"building","areaM2":394,"sourceTile":"tile_1_0","sourceFeatureCount":50722,"heightEstimated":true},"geometry":{"type":"Polygon","coordinates":[[[114.106439,30.597848],[114.106259,30.598293],[114.106273,30.597844],[114.106439,30.597848]]]}},{"type":"Feature","id":"0c2aa7c3-136b-467c-911b-0d1953adbdb9","properties":{"id":"0c2aa7c3-136b-467c-911b-0d1953adbdb9","height":106,"num_floors":33,"class":"building","areaM2":13234,"sourceTile":"tile_1_0","sourceFeatureCount":50722,"heightEstimated":true},"geometry":{"type":"Polygon","coordinates":[[[114.109911,30.600994],[114.11065,30.60095],[114.111083,30.600983],[114.111167,30.601362],[114.111149,30.60098],[114.112282,30.600845],[114.112449,30.601356],[114.109936,30.601548],[114.109911,30.600994]]]}},{"type":"Feature","id":"a4153f64-65db-4fd9-baf3-0a9e0b6574b6","properties":{"id":"a4153f64-65db-4fd9-baf3-0a9e0b6574b6","height":19,"num_floors":6,"class":"building","areaM2":125,"sourceTile":"tile_1_0","sourceFeatureCount":50722,"heightEstimated":true},"geometry":{"type":"Polygon","coordinates":[[[114.13225,30.595893],[114.13239,30.595712],[114.132377,30.595898],[114.13225,30.595893]]]}},{"type":"Feature","id":"10e55b50-7ce2-4403-b7cd-0ceddd07b561","properties":{"id":"10e55b50-7ce2-4403-b7cd-0ceddd07b561","height":17,"num_floors":5,"class":"building","areaM2":135,"sourceTile":"tile_1_0","sourceFeatureCount":50722,"heightEstimated":true},"geometry":{"type":"Polygon","coordinates":[[[114.128089,30.596715],[114.128332,30.59661],[114.128332,30.596715],[114.128089,30.596715]]]}},{"type":"Feature","id":"864b692d-3672-435e-abd4-bb99ef078fae","properties":{"id":"864b692d-3672-435e-abd4-bb99ef078fae","height":112,"num_floors":35,"class":"building","areaM2":8792,"sourceTile":"tile_1_0","sourceFeatureCount":50722,"heightEstimated":true},"geometry":{"type":"Polygon","coordinates":[[[114.128691,30.599909],[114.128847,30.600168],[114.130141,30.600199],[114.130149,30.600784],[114.128693,30.600695],[114.128691,30.599909]]]}},{"type":"Feature","id":"0b331efb-6ef6-4225-b684-95563af148e4","properties":{"id":"0b331efb-6ef6-4225-b684-95563af148e4","height":10,"num_floors":3,"class":"building","areaM2":27,"sourceTile":"tile_1_0","sourceFeatureCount":50722,"heightEstimated":true},"geometry":{"type":"Polygon","coordinates":[[[114.128983,30.603235],[114.128887,30.603183],[114.128981,30.603181],[114.128983,30.603235]]]}},{"type":"Feature","id":"21630f72-0c16-4a64-a19a-8206e5b60670","properties":{"id":"21630f72-0c16-4a64-a19a-8206e5b60670","height":87,"num_floors":27,"class":"building","areaM2":8114,"sourceTile":"tile_1_0","sourceFeatureCount":50722,"heightEstimated":true},"geometry":{"type":"Polygon","coordinates":[[[114.130679,30.602097],[114.130746,30.600989],[114.131441,30.60102],[114.131364,30.602127],[114.130679,30.602097]]]}},{"type":"Feature","id":"4858f64f-93dc-44c1-9963-c80f5332281c","properties":{"id":"4858f64f-93dc-44c1-9963-c80f5332281c","height":101,"num_floors":32,"class":"building","areaM2":7942,"sourceTile":"tile_1_0","sourceFeatureCount":50722,"heightEstimated":true},"geometry":{"type":"Polygon","coordinates":[[[114.13343,30.602947],[114.13347,30.602288],[114.134574,30.602338],[114.134497,30.603052],[114.13343,30.602947]]]}},{"type":"Feature","id":"6699e16a-3d51-418e-9ca9-36c8f9891e9e","properties":{"id":"6699e16a-3d51-418e-9ca9-36c8f9891e9e","height":127,"num_floors":40,"class":"building","areaM2":19373,"sourceTile":"tile_1_0","sourceFeatureCount":50722,"heightEstimated":true},"geometry":{"type":"Polygon","coordinates":[[[114.136983,30.603648],[114.137512,30.604629],[114.136728,30.6046],[114.137654,30.604657],[114.137666,30.60506],[114.136229,30.604876],[114.13641,30.604562],[114.135759,30.604522],[114.135835,30.603597],[114.136154,30.603616],[114.136229,30.603928],[114.136365,30.60361],[114.136983,30.603648]]]}},{"type":"Feature","id":"624a3082-b52d-4091-b095-d810fdf90182","properties":{"id":"624a3082-b52d-4091-b095-d810fdf90182","height":87,"num_floors":27,"class":"building","areaM2":9541,"sourceTile":"tile_1_0","sourceFeatureCount":50722,"heightEstimated":true},"geometry":{"type":"Polygon","coordinates":[[[114.135015,30.601736],[114.134826,30.599934],[114.135148,30.600016],[114.134942,30.600447],[114.135151,30.600469],[114.135254,30.601704],[114.136774,30.603387],[114.136613,30.603496],[114.135066,30.601848],[114.135239,30.601731],[114.135015,30.601736]]]}},{"type":"Feature","id":"59b5af0f-7ae6-4f8f-b06c-b18eff4b1533","properties":{"id":"59b5af0f-7ae6-4f8f-b06c-b18eff4b1533","height":18,"num_floors":6,"class":"building","areaM2":311,"sourceTile":"tile_1_0","sourceFeatureCount":50722,"heightEstimated":true},"geometry":{"type":"Polygon","coordinates":[[[114.136019,30.598854],[114.136131,30.598485],[114.136264,30.59857],[114.136019,30.598854]]]}},{"type":"Feature","id":"26c44b62-9e72-4442-b196-83f2e60c96c6","properties":{"id":"26c44b62-9e72-4442-b196-83f2e60c96c6","height":117,"num_floors":37,"class":"building","areaM2":10958,"sourceTile":"tile_1_0","sourceFeatureCount":50722,"heightEstimated":true},"geometry":{"type":"Polygon","coordinates":[[[114.139958,30.604101],[114.14068,30.604328],[114.139804,30.605558],[114.139164,30.605217],[114.139958,30.604101]]]}},{"type":"Feature","id":"bf0c2bc3-d26d-4e4c-a5d7-1d75bfef4b2b","properties":{"id":"bf0c2bc3-d26d-4e4c-a5d7-1d75bfef4b2b","height":8,"num_floors":3,"class":"building","areaM2":50,"sourceTile":"tile_1_0","sourceFeatureCount":50722,"heightEstimated":true},"geometry":{"type":"Polygon","coordinates":[[[114.144447,30.601737],[114.144293,30.601696],[114.14435,30.601649],[114.144447,30.601737]]]}},{"type":"Feature","id":"a9da025e-a1ac-4e20-995d-17b5259ba0f2","properties":{"id":"a9da025e-a1ac-4e20-995d-17b5259ba0f2","height":94,"num_floors":29,"class":"building","areaM2":5403,"sourceTile":"tile_1_0","sourceFeatureCount":50722,"heightEstimated":true},"geometry":{"type":"Polygon","coordinates":[[[114.140188,30.596894],[114.141409,30.597927],[114.141292,30.598077],[114.139972,30.597309],[114.140188,30.596894]]]}},{"type":"Feature","id":"bca8ed1c-ae25-4150-ab27-d2e77205faf1","properties":{"id":"bca8ed1c-ae25-4150-ab27-d2e77205faf1","height":107,"num_floors":33,"class":"building","areaM2":10561,"sourceTile":"tile_1_0","sourceFeatureCount":50722,"heightEstimated":true},"geometry":{"type":"Polygon","coordinates":[[[114.148245,30.593515],[114.147462,30.593255],[114.148282,30.592473],[114.149186,30.593259],[114.14862,30.593745],[114.148246,30.593209],[114.148245,30.593515]]]}},{"type":"Feature","id":"2e624ce3-59c6-4aef-a4d9-d4dd7641ef3c","properties":{"id":"2e624ce3-59c6-4aef-a4d9-d4dd7641ef3c","height":142,"num_floors":44,"class":"building","areaM2":22904,"sourceTile":"tile_1_0","sourceFeatureCount":50722,"heightEstimated":true},"geometry":{"type":"Polygon","coordinates":[[[114.150374,30.607769],[114.149736,30.607244],[114.151705,30.605475],[114.152343,30.606001],[114.150374,30.607769]]]}}]}