{"type":"FeatureCollection","name":"wuhan-building-display-tile_0_1","source":"data/geospatial/wuhan/buildings/low/tile_0_1.geojson","sourceFeatureCount":33961,"displayFeatureCount":405,"generatedAt":"2026-06-03T12:54:11.056Z","features":[{"type":"Feature","id":"b00e1af8-cf65-4703-9570-210b2e33b01b","properties":{"id":"b00e1af8-cf65-4703-9570-210b2e33b01b","height":3,"num_floors":1,"class":"building","areaM2":422,"sourceTile":"tile_0_1","sourceFeatureCount":33961,"heightEstimated":false},"geometry":{"type":"Polygon","coordinates":[[[114.15063,30.458003],[114.149721,30.458095],[114.149721,30.458008],[114.15063,30.458003]]]}},{"type":"Feature","id":"acca69cf-8ffb-4149-8cdf-1e75fec850ec","properties":{"id":"acca69cf-8ffb-4149-8cdf-1e75fec850ec","height":7,"num_floors":2,"class":"building","areaM2":27173,"sourceTile":"tile_0_1","sourceFeatureCount":33961,"heightEstimated":false},"geometry":{"type":"Polygon","coordinates":[[[114.150098,30.480201],[114.148845,30.480978],[114.147721,30.47963],[114.148974,30.478853],[114.150098,30.480201]]]}},{"type":"Feature","id":"40c02b75-1886-4c10-8662-7ec6eba54a6d","properties":{"id":"40c02b75-1886-4c10-8662-7ec6eba54a6d","height":7,"num_floors":2,"class":"industrial","areaM2":14228,"sourceTile":"tile_0_1","sourceFeatureCount":33961,"heightEstimated":false},"geometry":{"type":"Polygon","coordinates":[[[114.153339,30.473327],[114.151427,30.474501],[114.151042,30.474035],[114.152954,30.472862],[114.153339,30.473327]]]}},{"type":"Feature","id":"c6855dec-7eb4-48c3-8672-f275e1d6117d","properties":{"id":"c6855dec-7eb4-48c3-8672-f275e1d6117d","height":115,"num_floors":36,"class":"building","areaM2":14169,"sourceTile":"tile_0_1","sourceFeatureCount":33961,"heightEstimated":true},"geometry":{"type":"Polygon","coordinates":[[[114.155975,30.477408],[114.156649,30.476991],[114.157015,30.477878],[114.156748,30.477694],[114.157474,30.478574],[114.156864,30.478951],[114.156102,30.478027],[114.156267,30.477925],[114.155975,30.477408]]]}},{"type":"Feature","id":"4e5ffba0-6c2f-4269-ba2a-9a755ad0015a","properties":{"id":"4e5ffba0-6c2f-4269-ba2a-9a755ad0015a","height":138,"num_floors":43,"class":"building","areaM2":29073,"sourceTile":"tile_0_1","sourceFeatureCount":33961,"heightEstimated":true},"geometry":{"type":"Polygon","coordinates":[[[114.153893,30.475711],[114.155021,30.475009],[114.156304,30.476624],[114.155691,30.477322],[114.155409,30.476982],[114.155104,30.477171],[114.153893,30.475711]]]}},{"type":"Feature","id":"4523a9d8-046f-4980-b968-79399bb6e07e","properties":{"id":"4523a9d8-046f-4980-b968-79399bb6e07e","height":103,"num_floors":32,"class":"building","areaM2":19875,"sourceTile":"tile_0_1","sourceFeatureCount":33961,"heightEstimated":true},"geometry":{"type":"Polygon","coordinates":[[[114.153714,30.475812],[114.155074,30.47743],[114.154317,30.477907],[114.152957,30.476289],[114.153714,30.475812]]]}},{"type":"Feature","id":"9103bccc-a995-4c7f-aeac-aecec1e6e1f3","properties":{"id":"9103bccc-a995-4c7f-aeac-aecec1e6e1f3","height":6,"num_floors":2,"class":"industrial","areaM2":20721,"sourceTile":"tile_0_1","sourceFeatureCount":33961,"heightEstimated":false},"geometry":{"type":"Polygon","coordinates":[[[114.152195,30.475382],[114.151568,30.474628],[114.153307,30.473559],[114.15392,30.474286],[114.152195,30.475382]]]}},{"type":"Feature","id":"06cbc23b-d069-414a-a2e3-3959f99bad2e","properties":{"id":"06cbc23b-d069-414a-a2e3-3959f99bad2e","height":44,"num_floors":14,"class":"building","areaM2":1405,"sourceTile":"tile_0_1","sourceFeatureCount":33961,"heightEstimated":true},"geometry":{"type":"Polygon","coordinates":[[[114.152962,30.479882],[114.152306,30.48014],[114.15222,30.48002],[114.152672,30.479715],[114.152962,30.479882]]]}},{"type":"Feature","id":"b277872b-8c87-4193-9f3e-4c50cef2bf37","properties":{"id":"b277872b-8c87-4193-9f3e-4c50cef2bf37","height":80,"num_floors":25,"class":"building","areaM2":9607,"sourceTile":"tile_0_1","sourceFeatureCount":33961,"heightEstimated":true},"geometry":{"type":"Polygon","coordinates":[[[114.153931,30.478441],[114.1532,30.478905],[114.152518,30.478098],[114.153248,30.477634],[114.153931,30.478441]]]}},{"type":"Feature","id":"b4f4d19d-1457-4e2d-b3f2-6b913a6e96ab","properties":{"id":"b4f4d19d-1457-4e2d-b3f2-6b913a6e96ab","height":85,"num_floors":27,"class":"building","areaM2":9632,"sourceTile":"tile_0_1","sourceFeatureCount":33961,"heightEstimated":true},"geometry":{"type":"Polygon","coordinates":[[[114.155337,30.478222],[114.155194,30.478327],[114.155359,30.478225],[114.155531,30.478434],[114.154121,30.479306],[114.153768,30.478877],[114.155165,30.478013],[114.155337,30.478222]]]}},{"type":"Feature","id":"b4b67e82-63f9-4779-8e53-af7d79f5cf9e","properties":{"id":"b4b67e82-63f9-4779-8e53-af7d79f5cf9e","height":6,"num_floors":2,"class":"building","areaM2":14682,"sourceTile":"tile_0_1","sourceFeatureCount":33961,"heightEstimated":false},"geometry":{"type":"Polygon","coordinates":[[[114.154695,30.483839],[114.153694,30.484458],[114.152934,30.483544],[114.153934,30.482925],[114.154695,30.483839]]]}},{"type":"Feature","id":"c2744089-67a1-468e-a3ca-e4ecb0b474e1","properties":{"id":"c2744089-67a1-468e-a3ca-e4ecb0b474e1","height":6,"num_floors":2,"class":"building","areaM2":10695,"sourceTile":"tile_0_1","sourceFeatureCount":33961,"heightEstimated":false},"geometry":{"type":"Polygon","coordinates":[[[114.153617,30.484609],[114.152558,30.485271],[114.152032,30.484647],[114.153092,30.483985],[114.153617,30.484609]]]}},{"type":"Feature","id":"15137432-4432-4ddf-bafe-ba9776172c65","properties":{"id":"15137432-4432-4ddf-bafe-ba9776172c65","height":8,"num_floors":3,"class":"building","areaM2":23749,"sourceTile":"tile_0_1","sourceFeatureCount":33961,"heightEstimated":false},"geometry":{"type":"Polygon","coordinates":[[[114.154371,30.486449],[114.152193,30.487764],[114.151654,30.487102],[114.152318,30.486701],[114.152099,30.486432],[114.152487,30.486197],[114.152739,30.486507],[114.153866,30.485827],[114.154371,30.486449]]]}},{"type":"Feature","id":"29499cee-1282-472d-9a6c-be08993be80b","properties":{"id":"29499cee-1282-472d-9a6c-be08993be80b","height":10,"num_floors":3,"class":"building","areaM2":11790,"sourceTile":"tile_0_1","sourceFeatureCount":33961,"heightEstimated":false},"geometry":{"type":"Polygon","coordinates":[[[114.156345,30.48784],[114.155589,30.486932],[114.156397,30.486432],[114.157153,30.48734],[114.156345,30.48784]]]}},{"type":"Feature","id":"9b1e7e06-2842-4a08-a43f-877edb35519a","properties":{"id":"9b1e7e06-2842-4a08-a43f-877edb35519a","height":105,"num_floors":33,"class":"building","areaM2":12175,"sourceTile":"tile_0_1","sourceFeatureCount":33961,"heightEstimated":true},"geometry":{"type":"Polygon","coordinates":[[[114.155027,30.478823],[114.155775,30.47969],[114.154896,30.48023],[114.154174,30.479347],[114.155027,30.478823]]]}},{"type":"Feature","id":"adaf97e6-8e20-49d5-bbca-9de3a9f588fa","properties":{"id":"adaf97e6-8e20-49d5-bbca-9de3a9f588fa","height":4,"num_floors":1,"class":"building","areaM2":13810,"sourceTile":"tile_0_1","sourceFeatureCount":33961,"heightEstimated":false},"geometry":{"type":"Polygon","coordinates":[[[114.15678,30.48569],[114.156507,30.485854],[114.156262,30.485552],[114.157289,30.484933],[114.158141,30.485984],[114.157387,30.486438],[114.15678,30.48569]]]}},{"type":"Feature","id":"133343b5-8290-4a0f-ac53-0a0c7ad6b8b9","properties":{"id":"133343b5-8290-4a0f-ac53-0a0c7ad6b8b9","height":12,"num_floors":4,"class":"building","areaM2":66542,"sourceTile":"tile_0_1","sourceFeatureCount":33961,"heightEstimated":false},"geometry":{"type":"Polygon","coordinates":[[[114.159578,30.488506],[114.160259,30.490677],[114.156807,30.491482],[114.156434,30.490295],[114.156819,30.490205],[114.15697,30.490686],[114.157622,30.490534],[114.157244,30.48933],[114.159578,30.488506]]]}},{"type":"Feature","id":"efd52de8-cad3-47a1-a4f6-aa966d553872","properties":{"id":"efd52de8-cad3-47a1-a4f6-aa966d553872","height":8,"num_floors":3,"class":"building","areaM2":17609,"sourceTile":"tile_0_1","sourceFeatureCount":33961,"heightEstimated":false},"geometry":{"type":"Polygon","coordinates":[[[114.160089,30.485192],[114.158567,30.485555],[114.15836,30.48491],[114.158899,30.484703],[114.158742,30.484212],[114.159701,30.483984],[114.160089,30.485192]]]}},{"type":"Feature","id":"aea2e445-29ac-41ba-8bb5-cec726b2b7cf","properties":{"id":"aea2e445-29ac-41ba-8bb5-cec726b2b7cf","height":4,"num_floors":1,"class":"building","areaM2":1308,"sourceTile":"tile_0_1","sourceFeatureCount":33961,"heightEstimated":false},"geometry":{"type":"Polygon","coordinates":[[[114.16037,30.485056],[114.160176,30.4851],[114.159995,30.484504],[114.160189,30.48446],[114.16037,30.485056]]]}},{"type":"Feature","id":"e9bf3f5b-b913-4e21-9a36-ea798839447e","properties":{"id":"e9bf3f5b-b913-4e21-9a36-ea798839447e","height":6,"num_floors":2,"class":"building","areaM2":87706,"sourceTile":"tile_0_1","sourceFeatureCount":33961,"heightEstimated":false},"geometry":{"type":"Polygon","coordinates":[[[114.160176,30.457472],[114.156449,30.455862],[114.157486,30.454078],[114.160816,30.455517],[114.161095,30.455891],[114.160176,30.457472]]]}},{"type":"Feature","id":"00e41fbd-ebfb-45e7-9e86-b8a9f69148c5","properties":{"id":"00e41fbd-ebfb-45e7-9e86-b8a9f69148c5","height":99,"num_floors":31,"class":"building","areaM2":9729,"sourceTile":"tile_0_1","sourceFeatureCount":33961,"heightEstimated":true},"geometry":{"type":"Polygon","coordinates":[[[114.155915,30.455],[114.156627,30.453833],[114.157237,30.454103],[114.156544,30.455278],[114.155915,30.455]]]}},{"type":"Feature","id":"d3d0fc3c-3249-4821-a633-eec655adfbf0","properties":{"id":"d3d0fc3c-3249-4821-a633-eec655adfbf0","height":25,"num_floors":8,"class":"building","areaM2":121,"sourceTile":"tile_0_1","sourceFeatureCount":33961,"heightEstimated":true},"geometry":{"type":"Polygon","coordinates":[[[114.161197,30.419376],[114.160967,30.419195],[114.161235,30.419307],[114.161197,30.419376]]]}},{"type":"Feature","id":"8fa3782a-84d7-4f9f-af1b-9a6e666005b8","properties":{"id":"8fa3782a-84d7-4f9f-af1b-9a6e666005b8","height":29,"num_floors":9,"class":"building","areaM2":295,"sourceTile":"tile_0_1","sourceFeatureCount":33961,"heightEstimated":true},"geometry":{"type":"Polygon","coordinates":[[[114.154515,30.408059],[114.154401,30.407928],[114.154819,30.407922],[114.154515,30.408059]]]}},{"type":"Feature","id":"46add0ed-c589-4a94-a0b1-d1d686569ca1","properties":{"id":"46add0ed-c589-4a94-a0b1-d1d686569ca1","height":30,"num_floors":9,"class":"building","areaM2":331,"sourceTile":"tile_0_1","sourceFeatureCount":33961,"heightEstimated":false},"geometry":{"type":"Polygon","coordinates":[[[114.160199,30.416405],[114.159704,30.416527],[114.159705,30.4164],[114.160199,30.416405]]]}},{"type":"Feature","id":"e9d93d65-533c-4832-8a1c-d572144ab3d3","properties":{"id":"e9d93d65-533c-4832-8a1c-d572144ab3d3","height":23,"num_floors":7,"class":"building","areaM2":62,"sourceTile":"tile_0_1","sourceFeatureCount":33961,"heightEstimated":true},"geometry":{"type":"Polygon","coordinates":[[[114.162728,30.422675],[114.162655,30.422548],[114.162761,30.422573],[114.162728,30.422675]]]}},{"type":"Feature","id":"90ac1da5-1d0c-4175-9675-5200d6b32721","properties":{"id":"90ac1da5-1d0c-4175-9675-5200d6b32721","height":89,"num_floors":28,"class":"building","areaM2":10146,"sourceTile":"tile_0_1","sourceFeatureCount":33961,"heightEstimated":true},"geometry":{"type":"Polygon","coordinates":[[[114.166207,30.457741],[114.168016,30.457493],[114.168041,30.457293],[114.168143,30.457606],[114.168114,30.457265],[114.168339,30.457677],[114.16822,30.457243],[114.168378,30.457586],[114.168448,30.457196],[114.168556,30.45759],[114.168463,30.457193],[114.168628,30.457562],[114.168694,30.457159],[114.168908,30.457879],[114.168699,30.457644],[114.168753,30.457897],[114.168612,30.457676],[114.168658,30.457903],[114.168324,30.457916],[114.168198,30.457456],[114.168299,30.45788],[114.168086,30.457924],[114.166265,30.457952],[114.166207,30.457741]]]}},{"type":"Feature","id":"392dd0eb-d69e-44cc-88c5-65ab8bb7bd65","properties":{"id":"392dd0eb-d69e-44cc-88c5-65ab8bb7bd65","height":23,"num_floors":7,"class":"building","areaM2":66,"sourceTile":"tile_0_1","sourceFeatureCount":33961,"heightEstimated":true},"geometry":{"type":"Polygon","coordinates":[[[114.167806,30.461917],[114.168054,30.461965],[114.167806,30.461967],[114.167806,30.461917]]]}},{"type":"Feature","id":"8d0377ca-9f2e-4b71-8c80-86d39b04774b","properties":{"id":"8d0377ca-9f2e-4b71-8c80-86d39b04774b","height":96,"num_floors":30,"class":"building","areaM2":10873,"sourceTile":"tile_0_1","sourceFeatureCount":33961,"heightEstimated":true},"geometry":{"type":"Polygon","coordinates":[[[114.163411,30.473221],[114.164427,30.473236],[114.164226,30.473357],[114.164479,30.473361],[114.164462,30.474203],[114.163369,30.474186],[114.163411,30.473221]]]}},{"type":"Feature","id":"df530b6b-bfb9-4fd0-8b2d-eb11200fb166","properties":{"id":"df530b6b-bfb9-4fd0-8b2d-eb11200fb166","height":87,"num_floors":27,"class":"building","areaM2":13595,"sourceTile":"tile_0_1","sourceFeatureCount":33961,"heightEstimated":true},"geometry":{"type":"Polygon","coordinates":[[[114.163522,30.476169],[114.163506,30.475299],[114.165007,30.475306],[114.164968,30.476176],[114.163522,30.476169]]]}},{"type":"Feature","id":"8fe107cd-4ff9-4efd-bc1b-54aa795ec7fb","properties":{"id":"8fe107cd-4ff9-4efd-bc1b-54aa795ec7fb","height":4,"num_floors":1,"class":"building","areaM2":12979,"sourceTile":"tile_0_1","sourceFeatureCount":33961,"heightEstimated":false},"geometry":{"type":"Polygon","coordinates":[[[114.162973,30.48443],[114.162018,30.484643],[114.161519,30.483575],[114.16264,30.483325],[114.162973,30.48443]]]}},{"type":"Feature","id":"c096b73a-1c9a-422c-8302-9b430958ba55","properties":{"id":"c096b73a-1c9a-422c-8302-9b430958ba55","height":3,"num_floors":1,"class":"building","areaM2":58,"sourceTile":"tile_0_1","sourceFeatureCount":33961,"heightEstimated":false},"geometry":{"type":"Polygon","coordinates":[[[114.162409,30.48192],[114.162331,30.48204],[114.162297,30.481951],[114.162409,30.48192]]]}},{"type":"Feature","id":"602aac13-f2cf-4cf7-8ab7-f23a537024b0","properties":{"id":"602aac13-f2cf-4cf7-8ab7-f23a537024b0","height":5,"num_floors":2,"class":"building","areaM2":28472,"sourceTile":"tile_0_1","sourceFeatureCount":33961,"heightEstimated":false},"geometry":{"type":"Polygon","coordinates":[[[114.163024,30.487661],[114.16101,30.488127],[114.16034,30.487045],[114.162664,30.486506],[114.163024,30.487661]]]}},{"type":"Feature","id":"027ce15b-ee70-4315-a739-5292b10c15f7","properties":{"id":"027ce15b-ee70-4315-a739-5292b10c15f7","height":5,"num_floors":2,"class":"building","areaM2":17246,"sourceTile":"tile_0_1","sourceFeatureCount":33961,"heightEstimated":false},"geometry":{"type":"Polygon","coordinates":[[[114.163349,30.48856],[114.160655,30.489181],[114.16051,30.488714],[114.163276,30.487893],[114.163349,30.48856]]]}},{"type":"Feature","id":"a98a6aff-3117-46e7-aec9-c73b7c12e05b","properties":{"id":"a98a6aff-3117-46e7-aec9-c73b7c12e05b","height":6,"num_floors":2,"class":"building","areaM2":9215,"sourceTile":"tile_0_1","sourceFeatureCount":33961,"heightEstimated":false},"geometry":{"type":"Polygon","coordinates":[[[114.166145,30.47868],[114.16462,30.47903],[114.164456,30.478498],[114.165981,30.478147],[114.166145,30.47868]]]}},{"type":"Feature","id":"7dea246b-c5f3-4014-8426-3a34e1e370cc","properties":{"id":"7dea246b-c5f3-4014-8426-3a34e1e370cc","height":10,"num_floors":3,"class":"building","areaM2":9646,"sourceTile":"tile_0_1","sourceFeatureCount":33961,"heightEstimated":false},"geometry":{"type":"Polygon","coordinates":[[[114.166188,30.48088],[114.164441,30.481269],[114.1644,30.481134],[114.164599,30.481089],[114.164451,30.480596],[114.164996,30.480475],[114.165678,30.480407],[114.166188,30.48088]]]}},{"type":"Feature","id":"6018beb0-0798-4183-ba56-a1c6b7cd9caa","properties":{"id":"6018beb0-0798-4183-ba56-a1c6b7cd9caa","height":12,"num_floors":4,"class":"building","areaM2":14719,"sourceTile":"tile_0_1","sourceFeatureCount":33961,"heightEstimated":false},"geometry":{"type":"Polygon","coordinates":[[[114.166334,30.479751],[114.164923,30.480067],[114.164548,30.479323],[114.166214,30.478822],[114.166334,30.479751]]]}},{"type":"Feature","id":"45796938-c773-4faf-a713-40a3e8f15070","properties":{"id":"45796938-c773-4faf-a713-40a3e8f15070","height":12,"num_floors":4,"class":"building","areaM2":11073,"sourceTile":"tile_0_1","sourceFeatureCount":33961,"heightEstimated":false},"geometry":{"type":"Polygon","coordinates":[[[114.167184,30.484171],[114.166035,30.484454],[114.165785,30.483588],[114.166944,30.48334],[114.167184,30.484171]]]}},{"type":"Feature","id":"006c3f40-2056-40d7-b767-013b24e1b409","properties":{"id":"006c3f40-2056-40d7-b767-013b24e1b409","height":5,"num_floors":2,"class":"building","areaM2":11726,"sourceTile":"tile_0_1","sourceFeatureCount":33961,"heightEstimated":false},"geometry":{"type":"Polygon","coordinates":[[[114.166196,30.481264],[114.166594,30.481169],[114.166827,30.481895],[114.165652,30.482177],[114.165347,30.481228],[114.166125,30.481043],[114.166196,30.481264]]]}},{"type":"Feature","id":"9bb2a13e-6a1c-448d-aa59-73575fdc30df","properties":{"id":"9bb2a13e-6a1c-448d-aa59-73575fdc30df","height":8,"num_floors":3,"class":"industrial","areaM2":10420,"sourceTile":"tile_0_1","sourceFeatureCount":33961,"heightEstimated":false},"geometry":{"type":"Polygon","coordinates":[[[114.170725,30.4888],[114.169775,30.489016],[114.169479,30.48805],[114.17043,30.487834],[114.170725,30.4888]]]}},{"type":"Feature","id":"d8d6cf63-8fb8-41ab-b757-eac3442b832d","properties":{"id":"d8d6cf63-8fb8-41ab-b757-eac3442b832d","height":12,"num_floors":4,"class":"building","areaM2":8538,"sourceTile":"tile_0_1","sourceFeatureCount":33961,"heightEstimated":false},"geometry":{"type":"Polygon","coordinates":[[[114.168655,30.483597],[114.169921,30.483283],[114.170082,30.483893],[114.168848,30.484189],[114.168655,30.483597]]]}},{"type":"Feature","id":"50028989-8939-40d8-a400-e8dc96f47122","properties":{"id":"50028989-8939-40d8-a400-e8dc96f47122","height":12,"num_floors":4,"class":"building","areaM2":9330,"sourceTile":"tile_0_1","sourceFeatureCount":33961,"heightEstimated":false},"geometry":{"type":"Polygon","coordinates":[[[114.168708,30.482229],[114.16947,30.482044],[114.169792,30.483154],[114.169062,30.48332],[114.168708,30.482229]]]}},{"type":"Feature","id":"3c6e088c-f598-4c99-b078-c172f3df5144","properties":{"id":"3c6e088c-f598-4c99-b078-c172f3df5144","height":50,"num_floors":16,"class":"building","areaM2":2076,"sourceTile":"tile_0_1","sourceFeatureCount":33961,"heightEstimated":true},"geometry":{"type":"Polygon","coordinates":[[[114.168358,30.483582],[114.168546,30.484204],[114.168253,30.484271],[114.168063,30.483649],[114.168358,30.483582]]]}},{"type":"Feature","id":"af185ba1-2e92-4c09-bb55-3d05d03b55ec","properties":{"id":"af185ba1-2e92-4c09-bb55-3d05d03b55ec","height":9,"num_floors":3,"class":"building","areaM2":14365,"sourceTile":"tile_0_1","sourceFeatureCount":33961,"heightEstimated":false},"geometry":{"type":"Polygon","coordinates":[[[114.167494,30.482149],[114.168452,30.48198],[114.168912,30.483329],[114.168,30.483514],[114.167494,30.482149]]]}},{"type":"Feature","id":"730fdfe9-f295-43e5-b911-2b9265447758","properties":{"id":"730fdfe9-f295-43e5-b911-2b9265447758","height":12,"num_floors":4,"class":"building","areaM2":14787,"sourceTile":"tile_0_1","sourceFeatureCount":33961,"heightEstimated":false},"geometry":{"type":"Polygon","coordinates":[[[114.167281,30.481101],[114.169266,30.480639],[114.169481,30.48123],[114.167517,30.481804],[114.167281,30.481101]]]}},{"type":"Feature","id":"3d72da8a-52bc-4702-8fa6-6f1e59c722cb","properties":{"id":"3d72da8a-52bc-4702-8fa6-6f1e59c722cb","height":13,"num_floors":4,"class":"building","areaM2":8922,"sourceTile":"tile_0_1","sourceFeatureCount":33961,"heightEstimated":false},"geometry":{"type":"Polygon","coordinates":[[[114.16901,30.477939],[114.167777,30.478215],[114.167571,30.477531],[114.16883,30.477344],[114.16901,30.477939]]]}},{"type":"Feature","id":"700d6faf-cfc7-4a6a-b0dc-a5de09f0ae7a","properties":{"id":"700d6faf-cfc7-4a6a-b0dc-a5de09f0ae7a","height":111,"num_floors":35,"class":"building","areaM2":12796,"sourceTile":"tile_0_1","sourceFeatureCount":33961,"heightEstimated":true},"geometry":{"type":"Polygon","coordinates":[[[114.166919,30.473375],[114.167644,30.474199],[114.16701,30.474569],[114.165995,30.473833],[114.166215,30.473207],[114.166919,30.473375]],[[114.166527,30.474117],[114.166566,30.474095],[114.166422,30.473983],[114.166527,30.474117]]]}},{"type":"Feature","id":"5ffd4197-3a87-4168-8b72-0d5a792ce75b","properties":{"id":"5ffd4197-3a87-4168-8b72-0d5a792ce75b","height":8,"num_floors":3,"class":"industrial","areaM2":20123,"sourceTile":"tile_0_1","sourceFeatureCount":33961,"heightEstimated":false},"geometry":{"type":"Polygon","coordinates":[[[114.171939,30.47182],[114.168678,30.472581],[114.168507,30.472039],[114.171768,30.471278],[114.171939,30.47182]]]}},{"type":"Feature","id":"4196e5d7-97c6-484d-aba4-a2104f539b19","properties":{"id":"4196e5d7-97c6-484d-aba4-a2104f539b19","height":22,"num_floors":7,"class":"building","areaM2":45,"sourceTile":"tile_0_1","sourceFeatureCount":33961,"heightEstimated":true},"geometry":{"type":"Polygon","coordinates":[[[114.171385,30.467586],[114.171495,30.467501],[114.171508,30.467568],[114.171385,30.467586]]]}},{"type":"Feature","id":"43bd7cc7-c12f-4a01-b280-559cbeab5e4b","properties":{"id":"43bd7cc7-c12f-4a01-b280-559cbeab5e4b","height":10,"num_floors":3,"class":"industrial","areaM2":13257,"sourceTile":"tile_0_1","sourceFeatureCount":33961,"heightEstimated":false},"geometry":{"type":"Polygon","coordinates":[[[114.173104,30.471479],[114.172194,30.47169],[114.171794,30.47041],[114.172705,30.470199],[114.173104,30.471479]]]}},{"type":"Feature","id":"37472c41-3d20-4ab4-a58c-ab1bf6db8d32","properties":{"id":"37472c41-3d20-4ab4-a58c-ab1bf6db8d32","height":8,"num_floors":3,"class":"industrial","areaM2":23240,"sourceTile":"tile_0_1","sourceFeatureCount":33961,"heightEstimated":false},"geometry":{"type":"Polygon","coordinates":[[[114.174801,30.471139],[114.173383,30.471455],[114.172807,30.470124],[114.17439,30.469771],[114.174801,30.471139]]]}},{"type":"Feature","id":"fa5a0867-933c-4b01-80c2-c99792cc131e","properties":{"id":"fa5a0867-933c-4b01-80c2-c99792cc131e","height":6,"num_floors":2,"class":"industrial","areaM2":24602,"sourceTile":"tile_0_1","sourceFeatureCount":33961,"heightEstimated":false},"geometry":{"type":"Polygon","coordinates":[[[114.174285,30.478384],[114.172776,30.478727],[114.172337,30.47729],[114.173846,30.476947],[114.174285,30.478384]]]}},{"type":"Feature","id":"558f745d-0750-4e87-b240-192f3ac8ad3e","properties":{"id":"558f745d-0750-4e87-b240-192f3ac8ad3e","height":10,"num_floors":3,"class":"industrial","areaM2":10345,"sourceTile":"tile_0_1","sourceFeatureCount":33961,"heightEstimated":false},"geometry":{"type":"Polygon","coordinates":[[[114.171668,30.47896],[114.170637,30.479194],[114.170367,30.47831],[114.171398,30.478076],[114.171668,30.47896]]]}},{"type":"Feature","id":"2e25783d-445c-45df-9991-65ab6ad26b94","properties":{"id":"2e25783d-445c-45df-9991-65ab6ad26b94","height":5,"num_floors":2,"class":"building","areaM2":39680,"sourceTile":"tile_0_1","sourceFeatureCount":33961,"heightEstimated":false},"geometry":{"type":"Polygon","coordinates":[[[114.172792,30.479677],[114.173213,30.481004],[114.171277,30.481444],[114.170684,30.479589],[114.172405,30.479187],[114.172567,30.479723],[114.172792,30.479677]]]}},{"type":"Feature","id":"8a999b23-ae92-44f2-9278-31dedb796c22","properties":{"id":"8a999b23-ae92-44f2-9278-31dedb796c22","height":5,"num_floors":2,"class":"building","areaM2":25997,"sourceTile":"tile_0_1","sourceFeatureCount":33961,"heightEstimated":false},"geometry":{"type":"Polygon","coordinates":[[[114.171277,30.481444],[114.173213,30.481004],[114.173569,30.482183],[114.171637,30.482636],[114.171277,30.481444]]]}},{"type":"Feature","id":"0b7338a4-d9f1-4f62-ac8e-28ee7fb8fc8e","properties":{"id":"0b7338a4-d9f1-4f62-ac8e-28ee7fb8fc8e","height":5,"num_floors":2,"class":"industrial","areaM2":14307,"sourceTile":"tile_0_1","sourceFeatureCount":33961,"heightEstimated":false},"geometry":{"type":"Polygon","coordinates":[[[114.175856,30.482676],[114.173915,30.483117],[114.173717,30.482467],[114.175657,30.482026],[114.175856,30.482676]]]}},{"type":"Feature","id":"b513af1c-31af-44b9-abfd-5153f54792be","properties":{"id":"b513af1c-31af-44b9-abfd-5153f54792be","height":5,"num_floors":2,"class":"industrial","areaM2":29330,"sourceTile":"tile_0_1","sourceFeatureCount":33961,"heightEstimated":false},"geometry":{"type":"Polygon","coordinates":[[[114.175744,30.481834],[114.173694,30.482315],[114.173405,30.480994],[114.175336,30.480541],[114.175744,30.481834]]]}},{"type":"Feature","id":"70fe3691-bc3b-45ab-8fc3-a6053cdf40ff","properties":{"id":"70fe3691-bc3b-45ab-8fc3-a6053cdf40ff","height":5,"num_floors":2,"class":"industrial","areaM2":11501,"sourceTile":"tile_0_1","sourceFeatureCount":33961,"heightEstimated":false},"geometry":{"type":"Polygon","coordinates":[[[114.172389,30.483229],[114.17187,30.48335],[114.171735,30.482921],[114.173501,30.48251],[114.173699,30.483142],[114.172452,30.483432],[114.172389,30.483229]]]}},{"type":"Feature","id":"a7322050-a71f-4637-bfe3-2b3f4de99be7","properties":{"id":"a7322050-a71f-4637-bfe3-2b3f4de99be7","height":7,"num_floors":2,"class":"industrial","areaM2":21697,"sourceTile":"tile_0_1","sourceFeatureCount":33961,"heightEstimated":false},"geometry":{"type":"Polygon","coordinates":[[[114.175211,30.480065],[114.173242,30.480519],[114.172941,30.479549],[114.17491,30.479095],[114.175211,30.480065]]]}},{"type":"Feature","id":"18d3dc54-0779-4538-8b62-214d054e399e","properties":{"id":"18d3dc54-0779-4538-8b62-214d054e399e","height":85,"num_floors":27,"class":"building","areaM2":8793,"sourceTile":"tile_0_1","sourceFeatureCount":33961,"heightEstimated":true},"geometry":{"type":"Polygon","coordinates":[[[114.176284,30.479559],[114.176993,30.479395],[114.177365,30.480443],[114.176611,30.480617],[114.176284,30.479559]]]}},{"type":"Feature","id":"488ce653-06e4-491c-a885-a09622b0d81a","properties":{"id":"488ce653-06e4-491c-a885-a09622b0d81a","height":20,"num_floors":6,"class":"building","areaM2":6,"sourceTile":"tile_0_1","sourceFeatureCount":33961,"heightEstimated":true},"geometry":{"type":"Polygon","coordinates":[[[114.176379,30.481936],[114.176324,30.481954],[114.176324,30.481935],[114.176379,30.481936]]]}},{"type":"Feature","id":"e86366cd-c896-4bf7-80ba-61b2bba25f72","properties":{"id":"e86366cd-c896-4bf7-80ba-61b2bba25f72","height":84,"num_floors":26,"class":"building","areaM2":10706,"sourceTile":"tile_0_1","sourceFeatureCount":33961,"heightEstimated":true},"geometry":{"type":"Polygon","coordinates":[[[114.178039,30.48125],[114.176353,30.481656],[114.176095,30.480863],[114.176542,30.480755],[114.176657,30.481109],[114.177877,30.48075],[114.178039,30.48125]]]}},{"type":"Feature","id":"161dce89-b736-463d-87c7-00d0d1f6a1c0","properties":{"id":"161dce89-b736-463d-87c7-00d0d1f6a1c0","height":8,"num_floors":3,"class":"industrial","areaM2":71161,"sourceTile":"tile_0_1","sourceFeatureCount":33961,"heightEstimated":false},"geometry":{"type":"Polygon","coordinates":[[[114.174385,30.489374],[114.174057,30.488336],[114.176026,30.487873],[114.175854,30.48733],[114.178187,30.486781],[114.178763,30.488601],[114.174385,30.489374]]]}},{"type":"Feature","id":"a39b34a8-9b9b-4b54-adb6-1d0d201eef75","properties":{"id":"a39b34a8-9b9b-4b54-adb6-1d0d201eef75","height":8,"num_floors":3,"class":"industrial","areaM2":47137,"sourceTile":"tile_0_1","sourceFeatureCount":33961,"heightEstimated":false},"geometry":{"type":"Polygon","coordinates":[[[114.176416,30.489229],[114.178796,30.488693],[114.179331,30.490428],[114.176951,30.490984],[114.176416,30.489229]]]}},{"type":"Feature","id":"38207c2e-51c0-44d9-96b5-331d11295903","properties":{"id":"38207c2e-51c0-44d9-96b5-331d11295903","height":10,"num_floors":3,"class":"industrial","areaM2":22803,"sourceTile":"tile_0_1","sourceFeatureCount":33961,"heightEstimated":false},"geometry":{"type":"Polygon","coordinates":[[[114.178517,30.473675],[114.176705,30.474083],[114.176368,30.472971],[114.17818,30.472564],[114.178517,30.473675]]]}},{"type":"Feature","id":"e9b1ba99-8601-450f-b121-5b2f811f4e7c","properties":{"id":"e9b1ba99-8601-450f-b121-5b2f811f4e7c","height":10,"num_floors":3,"class":"industrial","areaM2":24663,"sourceTile":"tile_0_1","sourceFeatureCount":33961,"heightEstimated":false},"geometry":{"type":"Polygon","coordinates":[[[114.177622,30.471108],[114.178027,30.472312],[114.176245,30.472758],[114.17584,30.471553],[114.177622,30.471108]]]}},{"type":"Feature","id":"a9537da7-fdd4-4ad3-8ac0-366c06c6dfe7","properties":{"id":"a9537da7-fdd4-4ad3-8ac0-366c06c6dfe7","height":31,"num_floors":10,"class":"building","areaM2":362,"sourceTile":"tile_0_1","sourceFeatureCount":33961,"heightEstimated":true},"geometry":{"type":"Polygon","coordinates":[[[114.175418,30.459564],[114.175815,30.459392],[114.175815,30.459564],[114.175418,30.459564]]]}},{"type":"Feature","id":"ea18c8b1-0617-4ca4-9c45-56eebfc849d5","properties":{"id":"ea18c8b1-0617-4ca4-9c45-56eebfc849d5","height":32,"num_floors":10,"class":"building","areaM2":434,"sourceTile":"tile_0_1","sourceFeatureCount":33961,"heightEstimated":true},"geometry":{"type":"Polygon","coordinates":[[[114.174512,30.459465],[114.175155,30.459463],[114.174548,30.459592],[114.174512,30.459465]]]}},{"type":"Feature","id":"50145d22-f9a5-4e41-9f1d-a63fa356b175","properties":{"id":"50145d22-f9a5-4e41-9f1d-a63fa356b175","height":3,"num_floors":1,"class":"house","areaM2":356,"sourceTile":"tile_0_1","sourceFeatureCount":33961,"heightEstimated":false},"geometry":{"type":"Polygon","coordinates":[[[114.184459,30.464979],[114.184098,30.464657],[114.184567,30.464889],[114.184459,30.464979]]]}},{"type":"Feature","id":"ba452f4f-5666-4003-8a8b-bee748be7b5e","properties":{"id":"ba452f4f-5666-4003-8a8b-bee748be7b5e","height":28,"num_floors":9,"class":"building","areaM2":215,"sourceTile":"tile_0_1","sourceFeatureCount":33961,"heightEstimated":true},"geometry":{"type":"Polygon","coordinates":[[[114.182873,30.471582],[114.182649,30.471394],[114.182834,30.471368],[114.182873,30.471582]]]}},{"type":"Feature","id":"bde6feec-518e-4081-8584-0cbf6d2740ef","properties":{"id":"bde6feec-518e-4081-8584-0cbf6d2740ef","height":10,"num_floors":3,"class":"industrial","areaM2":10459,"sourceTile":"tile_0_1","sourceFeatureCount":33961,"heightEstimated":false},"geometry":{"type":"Polygon","coordinates":[[[114.181274,30.472532],[114.180991,30.472394],[114.180826,30.471813],[114.181927,30.471581],[114.182423,30.47229],[114.181274,30.472532]]]}},{"type":"Feature","id":"8b7bf675-b299-44b5-8e55-33dc66635b32","properties":{"id":"8b7bf675-b299-44b5-8e55-33dc66635b32","height":6,"num_floors":2,"class":"industrial","areaM2":10478,"sourceTile":"tile_0_1","sourceFeatureCount":33961,"heightEstimated":false},"geometry":{"type":"Polygon","coordinates":[[[114.182949,30.47476],[114.181586,30.475072],[114.181193,30.474486],[114.182755,30.474129],[114.182949,30.47476]]]}},{"type":"Feature","id":"2893cefe-a73a-46c9-a31e-713530e5ee09","properties":{"id":"2893cefe-a73a-46c9-a31e-713530e5ee09","height":10,"num_floors":3,"class":"industrial","areaM2":11298,"sourceTile":"tile_0_1","sourceFeatureCount":33961,"heightEstimated":false},"geometry":{"type":"Polygon","coordinates":[[[114.183472,30.475854],[114.181958,30.476205],[114.181753,30.475549],[114.183267,30.475198],[114.183472,30.475854]]]}},{"type":"Feature","id":"2efdbfd0-bc1c-4e49-8ea7-069168169454","properties":{"id":"2efdbfd0-bc1c-4e49-8ea7-069168169454","height":10,"num_floors":3,"class":"industrial","areaM2":9962,"sourceTile":"tile_0_1","sourceFeatureCount":33961,"heightEstimated":false},"geometry":{"type":"Polygon","coordinates":[[[114.181911,30.47351],[114.180717,30.473798],[114.180583,30.473384],[114.181067,30.473267],[114.180894,30.472735],[114.181604,30.472564],[114.181911,30.47351]]]}},{"type":"Feature","id":"b4847bc6-c5cd-4a38-aabd-223eaae8ab9d","properties":{"id":"b4847bc6-c5cd-4a38-aabd-223eaae8ab9d","height":7,"num_floors":2,"class":"industrial","areaM2":11436,"sourceTile":"tile_0_1","sourceFeatureCount":33961,"heightEstimated":false},"geometry":{"type":"Polygon","coordinates":[[[114.17998,30.473845],[114.179342,30.474003],[114.178846,30.472468],[114.179495,30.472287],[114.17998,30.473845]]]}},{"type":"Feature","id":"9bc0ec87-950a-4b10-ba9a-11bf90328a6b","properties":{"id":"9bc0ec87-950a-4b10-ba9a-11bf90328a6b","height":6,"num_floors":2,"class":"industrial","areaM2":34952,"sourceTile":"tile_0_1","sourceFeatureCount":33961,"heightEstimated":false},"geometry":{"type":"Polygon","coordinates":[[[114.181147,30.477998],[114.178838,30.478514],[114.178435,30.477177],[114.180745,30.476661],[114.181147,30.477998]]]}},{"type":"Feature","id":"a7b0656c-5389-4e92-8cc3-a653bff22d87","properties":{"id":"a7b0656c-5389-4e92-8cc3-a653bff22d87","height":5,"num_floors":2,"class":"industrial","areaM2":25334,"sourceTile":"tile_0_1","sourceFeatureCount":33961,"heightEstimated":false},"geometry":{"type":"Polygon","coordinates":[[[114.181512,30.479132],[114.179262,30.479671],[114.178944,30.478685],[114.181194,30.478146],[114.181512,30.479132]]]}},{"type":"Feature","id":"6bda0602-c013-4961-b24f-ac6e0303298c","properties":{"id":"6bda0602-c013-4961-b24f-ac6e0303298c","height":9,"num_floors":3,"class":"building","areaM2":11422,"sourceTile":"tile_0_1","sourceFeatureCount":33961,"heightEstimated":false},"geometry":{"type":"Polygon","coordinates":[[[114.180177,30.485473],[114.179497,30.483236],[114.179948,30.483135],[114.180627,30.485371],[114.180177,30.485473]]]}},{"type":"Feature","id":"18b04c78-a03f-498c-aa8d-4eb40ca131f6","properties":{"id":"18b04c78-a03f-498c-aa8d-4eb40ca131f6","height":8,"num_floors":3,"class":"industrial","areaM2":18728,"sourceTile":"tile_0_1","sourceFeatureCount":33961,"heightEstimated":false},"geometry":{"type":"Polygon","coordinates":[[[114.180495,30.490213],[114.17988,30.490352],[114.179047,30.487695],[114.179672,30.48755],[114.180495,30.490213]]]}},{"type":"Feature","id":"f7d66a45-59d8-481f-a490-548cb7cccb0c","properties":{"id":"f7d66a45-59d8-481f-a490-548cb7cccb0c","height":12,"num_floors":4,"class":"industrial","areaM2":10828,"sourceTile":"tile_0_1","sourceFeatureCount":33961,"heightEstimated":false},"geometry":{"type":"Polygon","coordinates":[[[114.181536,30.488411],[114.181142,30.488506],[114.180356,30.485955],[114.180691,30.485837],[114.181536,30.488411]]]}},{"type":"Feature","id":"60663e56-38fc-4a61-b34e-aa4241146b62","properties":{"id":"60663e56-38fc-4a61-b34e-aa4241146b62","height":8,"num_floors":3,"class":"industrial","areaM2":51681,"sourceTile":"tile_0_1","sourceFeatureCount":33961,"heightEstimated":false},"geometry":{"type":"Polygon","coordinates":[[[114.183406,30.48811],[114.181873,30.488482],[114.18094,30.485629],[114.18258,30.485241],[114.183406,30.48811]]]}},{"type":"Feature","id":"a8bf139f-7a06-4f4b-b20e-78c3e6ec4220","properties":{"id":"a8bf139f-7a06-4f4b-b20e-78c3e6ec4220","height":6,"num_floors":2,"class":"industrial","areaM2":16126,"sourceTile":"tile_0_1","sourceFeatureCount":33961,"heightEstimated":false},"geometry":{"type":"Polygon","coordinates":[[[114.182968,30.490227],[114.181589,30.490536],[114.181278,30.489503],[114.182657,30.489194],[114.182968,30.490227]]]}},{"type":"Feature","id":"0a27fe9f-3144-42b6-ba6c-4f05262bf8d6","properties":{"id":"0a27fe9f-3144-42b6-ba6c-4f05262bf8d6","height":117,"num_floors":37,"class":"building","areaM2":16065,"sourceTile":"tile_0_1","sourceFeatureCount":33961,"heightEstimated":true},"geometry":{"type":"Polygon","coordinates":[[[114.18472,30.483997],[114.18424,30.482464],[114.185161,30.48225],[114.185641,30.483782],[114.18472,30.483997]]]}},{"type":"Feature","id":"238f2b18-4ea5-414f-b157-73fb068ab9c7","properties":{"id":"238f2b18-4ea5-414f-b157-73fb068ab9c7","height":70,"num_floors":22,"class":"building","areaM2":8136,"sourceTile":"tile_0_1","sourceFeatureCount":33961,"heightEstimated":true},"geometry":{"type":"Polygon","coordinates":[[[114.18573,30.484522],[114.184166,30.484897],[114.18401,30.484429],[114.185577,30.484011],[114.18543,30.484301],[114.18573,30.484522]]]}},{"type":"Feature","id":"1d39c729-96a4-4476-9c19-5efd76024bc0","properties":{"id":"1d39c729-96a4-4476-9c19-5efd76024bc0","height":12,"num_floors":4,"class":"industrial","areaM2":4946,"sourceTile":"tile_0_1","sourceFeatureCount":33961,"heightEstimated":false},"geometry":{"type":"Polygon","coordinates":[[[114.185287,30.486113],[114.184913,30.486202],[114.184542,30.485042],[114.184916,30.484954],[114.185287,30.486113]]]}},{"type":"Feature","id":"e464b519-b4b5-42ce-8a9e-d55dcc151094","properties":{"id":"e464b519-b4b5-42ce-8a9e-d55dcc151094","height":9,"num_floors":3,"class":"industrial","areaM2":18682,"sourceTile":"tile_0_1","sourceFeatureCount":33961,"heightEstimated":false},"geometry":{"type":"Polygon","coordinates":[[[114.18706,30.486262],[114.186096,30.486476],[114.185584,30.484761],[114.186547,30.484548],[114.18706,30.486262]]]}},{"type":"Feature","id":"c5f43bba-a89d-4321-b250-63d6d4a5773d","properties":{"id":"c5f43bba-a89d-4321-b250-63d6d4a5773d","height":9,"num_floors":3,"class":"industrial","areaM2":18680,"sourceTile":"tile_0_1","sourceFeatureCount":33961,"heightEstimated":false},"geometry":{"type":"Polygon","coordinates":[[[114.187589,30.488206],[114.186626,30.48842],[114.186113,30.486705],[114.187077,30.486492],[114.187589,30.488206]]]}},{"type":"Feature","id":"269c74d2-cf31-4ceb-83f4-8acc8a85aac9","properties":{"id":"269c74d2-cf31-4ceb-83f4-8acc8a85aac9","height":8,"num_floors":3,"class":"industrial","areaM2":12436,"sourceTile":"tile_0_1","sourceFeatureCount":33961,"heightEstimated":false},"geometry":{"type":"Polygon","coordinates":[[[114.189124,30.481812],[114.187583,30.482165],[114.187365,30.481453],[114.188906,30.481102],[114.189124,30.481812]]]}},{"type":"Feature","id":"41e3f23b-1ae0-4d07-80ef-8d465dd12276","properties":{"id":"41e3f23b-1ae0-4d07-80ef-8d465dd12276","height":12,"num_floors":4,"class":"apartments","areaM2":397,"sourceTile":"tile_0_1","sourceFeatureCount":33961,"heightEstimated":false},"geometry":{"type":"Polygon","coordinates":[[[114.190364,30.473238],[114.189895,30.473399],[114.189894,30.473239],[114.190364,30.473238]]]}},{"type":"Feature","id":"6c12e137-65ed-4e28-ba1f-d41e3887b94e","properties":{"id":"6c12e137-65ed-4e28-ba1f-d41e3887b94e","height":8,"num_floors":3,"class":"building","areaM2":17242,"sourceTile":"tile_0_1","sourceFeatureCount":33961,"heightEstimated":false},"geometry":{"type":"Polygon","coordinates":[[[114.189413,30.481828],[114.189115,30.480866],[114.190692,30.480503],[114.19099,30.481465],[114.189413,30.481828]]]}},{"type":"Feature","id":"3ac340f0-2c78-4987-b872-fe1da969bd9e","properties":{"id":"3ac340f0-2c78-4987-b872-fe1da969bd9e","height":8,"num_floors":3,"class":"building","areaM2":12810,"sourceTile":"tile_0_1","sourceFeatureCount":33961,"heightEstimated":false},"geometry":{"type":"Polygon","coordinates":[[[114.189727,30.482803],[114.189496,30.482084],[114.191057,30.481712],[114.191288,30.482431],[114.189727,30.482803]]]}},{"type":"Feature","id":"76de180d-5ca7-4d4c-936c-c079b4fec048","properties":{"id":"76de180d-5ca7-4d4c-936c-c079b4fec048","height":8,"num_floors":3,"class":"building","areaM2":12739,"sourceTile":"tile_0_1","sourceFeatureCount":33961,"heightEstimated":false},"geometry":{"type":"Polygon","coordinates":[[[114.187888,30.483237],[114.187653,30.482512],[114.18919,30.482142],[114.189425,30.482867],[114.187888,30.483237]]]}},{"type":"Feature","id":"96074c9b-2668-4cf3-8ab1-a40a3216177e","properties":{"id":"96074c9b-2668-4cf3-8ab1-a40a3216177e","height":96,"num_floors":30,"class":"building","areaM2":9179,"sourceTile":"tile_0_1","sourceFeatureCount":33961,"heightEstimated":true},"geometry":{"type":"Polygon","coordinates":[[[114.188204,30.485082],[114.18899,30.484792],[114.18917,30.485436],[114.188578,30.48556],[114.188486,30.485287],[114.188618,30.48576],[114.188952,30.48569],[114.189197,30.486571],[114.188454,30.486726],[114.188877,30.486401],[114.188678,30.485803],[114.188405,30.485804],[114.188204,30.485082]]]}},{"type":"Feature","id":"f94c83e9-08fa-4ab2-9f4b-a030d6eb813c","properties":{"id":"f94c83e9-08fa-4ab2-9f4b-a030d6eb813c","height":12,"num_floors":4,"class":"industrial","areaM2":9822,"sourceTile":"tile_0_1","sourceFeatureCount":33961,"heightEstimated":false},"geometry":{"type":"Polygon","coordinates":[[[114.191028,30.486126],[114.189826,30.486408],[114.189492,30.485752],[114.190813,30.485443],[114.191028,30.486126]]]}},{"type":"Feature","id":"d343b2a1-68ee-49ae-a744-e56154ade366","properties":{"id":"d343b2a1-68ee-49ae-a744-e56154ade366","height":12,"num_floors":4,"class":"building","areaM2":11470,"sourceTile":"tile_0_1","sourceFeatureCount":33961,"heightEstimated":false},"geometry":{"type":"Polygon","coordinates":[[[114.190791,30.4851],[114.189389,30.485426],[114.189164,30.484707],[114.190566,30.484381],[114.190791,30.4851]]]}},{"type":"Feature","id":"f034ed08-3985-4c0d-a8c1-651bb2fca96f","properties":{"id":"f034ed08-3985-4c0d-a8c1-651bb2fca96f","height":22,"num_floors":7,"class":"building","areaM2":50,"sourceTile":"tile_0_1","sourceFeatureCount":33961,"heightEstimated":true},"geometry":{"type":"Polygon","coordinates":[[[114.193252,30.476825],[114.193281,30.476688],[114.193326,30.476803],[114.193252,30.476825]]]}},{"type":"Feature","id":"e08ce1ae-26dd-489d-b3b7-e1c3f2b9729c","properties":{"id":"e08ce1ae-26dd-489d-b3b7-e1c3f2b9729c","height":18,"num_floors":6,"class":"apartments","areaM2":330,"sourceTile":"tile_0_1","sourceFeatureCount":33961,"heightEstimated":false},"geometry":{"type":"Polygon","coordinates":[[[114.193856,30.463538],[114.193131,30.463598],[114.193136,30.463512],[114.193856,30.463538]]]}},{"type":"Feature","id":"ae6ef7c0-f8b9-400f-9220-8777007e767f","properties":{"id":"ae6ef7c0-f8b9-400f-9220-8777007e767f","height":119,"num_floors":37,"class":"building","areaM2":22135,"sourceTile":"tile_0_1","sourceFeatureCount":33961,"heightEstimated":true},"geometry":{"type":"Polygon","coordinates":[[[114.198737,30.399993],[114.19808,30.400498],[114.196755,30.398445],[114.197576,30.398],[114.198737,30.399993]]]}},{"type":"Feature","id":"c989527b-f6ee-4380-949c-c56369f702f7","properties":{"id":"c989527b-f6ee-4380-949c-c56369f702f7","height":20,"num_floors":6,"class":"building","areaM2":13,"sourceTile":"tile_0_1","sourceFeatureCount":33961,"heightEstimated":true},"geometry":{"type":"Polygon","coordinates":[[[114.198565,30.405526],[114.198491,30.405551],[114.198501,30.405514],[114.198565,30.405526]]]}},{"type":"Feature","id":"5508832c-dec2-4acd-b839-2c57e3d18f89","properties":{"id":"5508832c-dec2-4acd-b839-2c57e3d18f89","height":111,"num_floors":35,"class":"building","areaM2":12912,"sourceTile":"tile_0_1","sourceFeatureCount":33961,"heightEstimated":true},"geometry":{"type":"Polygon","coordinates":[[[114.198608,30.404772],[114.19884,30.405231],[114.198628,30.404665],[114.199358,30.404427],[114.199874,30.405501],[114.199071,30.405763],[114.198892,30.405387],[114.199056,30.405767],[114.198837,30.405839],[114.198404,30.404839],[114.198608,30.404772]]]}},{"type":"Feature","id":"8802f7e3-829a-4174-aeb4-2883d8a49d6e","properties":{"id":"8802f7e3-829a-4174-aeb4-2883d8a49d6e","height":21,"num_floors":7,"class":"building","areaM2":36,"sourceTile":"tile_0_1","sourceFeatureCount":33961,"heightEstimated":true},"geometry":{"type":"Polygon","coordinates":[[[114.198696,30.4342],[114.198557,30.434191],[114.198673,30.43415],[114.198696,30.4342]]]}},{"type":"Feature","id":"f645a733-3963-483a-8962-12fcb4de7242","properties":{"id":"f645a733-3963-483a-8962-12fcb4de7242","height":168,"num_floors":53,"class":"building","areaM2":97524,"sourceTile":"tile_0_1","sourceFeatureCount":33961,"heightEstimated":true},"geometry":{"type":"Polygon","coordinates":[[[114.203177,30.440892],[114.205956,30.442936],[114.204679,30.444388],[114.20071,30.442964],[114.203177,30.440892]]]}},{"type":"Feature","id":"59c7bc36-3721-4f85-8c37-f8c9b148c9f2","properties":{"id":"59c7bc36-3721-4f85-8c37-f8c9b148c9f2","height":9,"num_floors":3,"class":"industrial","areaM2":13904,"sourceTile":"tile_0_1","sourceFeatureCount":33961,"heightEstimated":false},"geometry":{"type":"Polygon","coordinates":[[[114.197455,30.47338],[114.198097,30.472808],[114.199068,30.474117],[114.198319,30.474536],[114.197455,30.47338]]]}},{"type":"Feature","id":"be6c6259-832b-49f7-8c04-ae7d74622f80","properties":{"id":"be6c6259-832b-49f7-8c04-ae7d74622f80","height":5,"num_floors":2,"class":"industrial","areaM2":16042,"sourceTile":"tile_0_1","sourceFeatureCount":33961,"heightEstimated":false},"geometry":{"type":"Polygon","coordinates":[[[114.198794,30.476195],[114.196962,30.477187],[114.196519,30.476608],[114.198347,30.475606],[114.198794,30.476195]]]}},{"type":"Feature","id":"c36c6264-e518-4162-a103-b8eab3efbeba","properties":{"id":"c36c6264-e518-4162-a103-b8eab3efbeba","height":23,"num_floors":7,"class":"building","areaM2":73,"sourceTile":"tile_0_1","sourceFeatureCount":33961,"heightEstimated":true},"geometry":{"type":"Polygon","coordinates":[[[114.201764,30.478716],[114.201874,30.478878],[114.201797,30.478889],[114.201764,30.478716]]]}},{"type":"Feature","id":"7d58ff7f-3112-46f3-8198-408e14803844","properties":{"id":"7d58ff7f-3112-46f3-8198-408e14803844","height":12,"num_floors":4,"class":"industrial","areaM2":15780,"sourceTile":"tile_0_1","sourceFeatureCount":33961,"heightEstimated":false},"geometry":{"type":"Polygon","coordinates":[[[114.206232,30.473685],[114.204182,30.474846],[114.20396,30.474554],[114.204385,30.474313],[114.204178,30.474041],[114.205803,30.473122],[114.206232,30.473685]]]}},{"type":"Feature","id":"ff042c0f-c45a-4192-adce-c7db7df8cff5","properties":{"id":"ff042c0f-c45a-4192-adce-c7db7df8cff5","height":15,"num_floors":5,"class":"industrial","areaM2":36496,"sourceTile":"tile_0_1","sourceFeatureCount":33961,"heightEstimated":false},"geometry":{"type":"Polygon","coordinates":[[[114.202938,30.473874],[114.20378,30.475009],[114.201411,30.476138],[114.200662,30.475127],[114.202938,30.473874]]]}},{"type":"Feature","id":"dc935080-1706-4048-b4ae-94bff0c1b045","properties":{"id":"dc935080-1706-4048-b4ae-94bff0c1b045","height":6,"num_floors":2,"class":"industrial","areaM2":10808,"sourceTile":"tile_0_1","sourceFeatureCount":33961,"heightEstimated":false},"geometry":{"type":"Polygon","coordinates":[[[114.210915,30.477233],[114.209712,30.478167],[114.209223,30.477699],[114.210426,30.476765],[114.210915,30.477233]]]}},{"type":"Feature","id":"9e22a7af-1c08-4cae-945b-2da0c6470c27","properties":{"id":"9e22a7af-1c08-4cae-945b-2da0c6470c27","height":8,"num_floors":3,"class":"industrial","areaM2":28109,"sourceTile":"tile_0_1","sourceFeatureCount":33961,"heightEstimated":false},"geometry":{"type":"Polygon","coordinates":[[[114.209023,30.47755],[114.208072,30.476621],[114.209676,30.475401],[114.210627,30.47633],[114.209023,30.47755]]]}},{"type":"Feature","id":"88d10051-55a4-4125-ab59-fd0c3fb98c2a","properties":{"id":"88d10051-55a4-4125-ab59-fd0c3fb98c2a","height":167,"num_floors":52,"class":"building","areaM2":39788,"sourceTile":"tile_0_1","sourceFeatureCount":33961,"heightEstimated":true},"geometry":{"type":"Polygon","coordinates":[[[114.212025,30.481808],[114.212449,30.478888],[114.21372,30.479025],[114.213296,30.481923],[114.212025,30.481808]]]}},{"type":"Feature","id":"e197ad8b-8881-47c1-af61-c1db7f48c805","properties":{"id":"e197ad8b-8881-47c1-af61-c1db7f48c805","height":24,"num_floors":8,"class":"building","areaM2":106,"sourceTile":"tile_0_1","sourceFeatureCount":33961,"heightEstimated":true},"geometry":{"type":"Polygon","coordinates":[[[114.211693,30.484023],[114.21161,30.483767],[114.211687,30.483765],[114.211693,30.484023]]]}},{"type":"Feature","id":"cfe400b0-2038-44f3-b307-6961297adebe","properties":{"id":"cfe400b0-2038-44f3-b307-6961297adebe","height":103,"num_floors":32,"class":"building","areaM2":12209,"sourceTile":"tile_0_1","sourceFeatureCount":33961,"heightEstimated":true},"geometry":{"type":"Polygon","coordinates":[[[114.213748,30.48879],[114.214003,30.488552],[114.213489,30.488118],[114.213798,30.487831],[114.214745,30.488597],[114.213819,30.489457],[114.213069,30.488667],[114.213314,30.488439],[114.213748,30.48879]]]}},{"type":"Feature","id":"ed1d2767-a7ab-4d32-8b62-53107592731a","properties":{"id":"ed1d2767-a7ab-4d32-8b62-53107592731a","height":50,"num_floors":16,"class":"building","areaM2":10317,"sourceTile":"tile_0_1","sourceFeatureCount":33961,"heightEstimated":false},"geometry":{"type":"Polygon","coordinates":[[[114.215079,30.488553],[114.213812,30.487596],[114.214253,30.487161],[114.215521,30.488119],[114.215079,30.488553]]]}},{"type":"Feature","id":"92bcf51a-ee30-4e1d-9867-91bd96bc25e6","properties":{"id":"92bcf51a-ee30-4e1d-9867-91bd96bc25e6","height":94,"num_floors":29,"class":"building","areaM2":14715,"sourceTile":"tile_0_1","sourceFeatureCount":33961,"heightEstimated":true},"geometry":{"type":"Polygon","coordinates":[[[114.214368,30.481568],[114.213526,30.481489],[114.213762,30.479852],[114.214593,30.479931],[114.214368,30.481568]]]}},{"type":"Feature","id":"c2aacd8d-1f9f-4334-aee4-813f65dc1198","properties":{"id":"c2aacd8d-1f9f-4334-aee4-813f65dc1198","height":8,"num_floors":3,"class":"industrial","areaM2":10680,"sourceTile":"tile_0_1","sourceFeatureCount":33961,"heightEstimated":false},"geometry":{"type":"Polygon","coordinates":[[[114.217023,30.483991],[114.216294,30.484662],[114.215494,30.484016],[114.216223,30.483345],[114.217023,30.483991]]]}},{"type":"Feature","id":"d5fbde07-4f3f-4d1e-b54f-433b8dd7e9cd","properties":{"id":"d5fbde07-4f3f-4d1e-b54f-433b8dd7e9cd","height":27,"num_floors":8,"class":"building","areaM2":187,"sourceTile":"tile_0_1","sourceFeatureCount":33961,"heightEstimated":true},"geometry":{"type":"Polygon","coordinates":[[[114.215445,30.482183],[114.215494,30.48225],[114.215067,30.482385],[114.215445,30.482183]]]}},{"type":"Feature","id":"93930e28-6d50-45e2-a6e0-14cc21b141be","properties":{"id":"93930e28-6d50-45e2-a6e0-14cc21b141be","height":12,"num_floors":4,"class":"building","areaM2":19346,"sourceTile":"tile_0_1","sourceFeatureCount":33961,"heightEstimated":false},"geometry":{"type":"Polygon","coordinates":[[[114.216289,30.48742],[114.215032,30.486348],[114.215874,30.485615],[114.217131,30.486686],[114.216289,30.48742]]]}},{"type":"Feature","id":"12487860-d198-4016-8b58-d23343c6d15b","properties":{"id":"12487860-d198-4016-8b58-d23343c6d15b","height":92,"num_floors":29,"class":"building","areaM2":13399,"sourceTile":"tile_0_1","sourceFeatureCount":33961,"heightEstimated":true},"geometry":{"type":"Polygon","coordinates":[[[114.216456,30.488815],[114.217005,30.488994],[114.21584,30.489974],[114.215525,30.489693],[114.216129,30.489184],[114.215503,30.489654],[114.215188,30.489373],[114.216352,30.488393],[114.216646,30.488655],[114.216456,30.488815]]]}},{"type":"Feature","id":"42e20384-8de2-4e64-bb4a-7b039636bba8","properties":{"id":"42e20384-8de2-4e64-bb4a-7b039636bba8","height":82,"num_floors":26,"class":"building","areaM2":8170,"sourceTile":"tile_0_1","sourceFeatureCount":33961,"heightEstimated":true},"geometry":{"type":"Polygon","coordinates":[[[114.217709,30.4888],[114.217735,30.489259],[114.216369,30.490409],[114.216053,30.490127],[114.217709,30.4888]]]}},{"type":"Feature","id":"783ad22b-f3be-4f8b-9ae3-65e54555db90","properties":{"id":"783ad22b-f3be-4f8b-9ae3-65e54555db90","height":137,"num_floors":43,"class":"building","areaM2":35490,"sourceTile":"tile_0_1","sourceFeatureCount":33961,"heightEstimated":true},"geometry":{"type":"Polygon","coordinates":[[[114.220578,30.484069],[114.219581,30.484655],[114.218286,30.481681],[114.218573,30.481471],[114.219837,30.482208],[114.220578,30.484069]]]}},{"type":"Feature","id":"8466aa6a-7b6a-43a7-9cb7-e322bf2cb68d","properties":{"id":"8466aa6a-7b6a-43a7-9cb7-e322bf2cb68d","height":22,"num_floors":7,"class":"building","areaM2":50,"sourceTile":"tile_0_1","sourceFeatureCount":33961,"heightEstimated":true},"geometry":{"type":"Polygon","coordinates":[[[114.229962,30.447584],[114.229909,30.447452],[114.230014,30.447533],[114.229962,30.447584]]]}},{"type":"Feature","id":"c5cc935a-c52a-41f2-8c04-0bf9fa7451fd","properties":{"id":"c5cc935a-c52a-41f2-8c04-0bf9fa7451fd","height":29,"num_floors":9,"class":"building","areaM2":302,"sourceTile":"tile_0_1","sourceFeatureCount":33961,"heightEstimated":true},"geometry":{"type":"Polygon","coordinates":[[[114.217038,30.426807],[114.217118,30.426923],[114.216676,30.426995],[114.217038,30.426807]]]}},{"type":"Feature","id":"804bca5c-1f31-4bb0-a753-91c5b4f77f90","properties":{"id":"804bca5c-1f31-4bb0-a753-91c5b4f77f90","height":22,"num_floors":7,"class":"building","areaM2":55,"sourceTile":"tile_0_1","sourceFeatureCount":33961,"heightEstimated":true},"geometry":{"type":"Polygon","coordinates":[[[114.219961,30.409327],[114.220081,30.409411],[114.219972,30.409421],[114.219961,30.409327]]]}},{"type":"Feature","id":"fd605ab0-027d-40a3-b6d5-57a5934de233","properties":{"id":"fd605ab0-027d-40a3-b6d5-57a5934de233","height":21,"num_floors":7,"class":"building","areaM2":37,"sourceTile":"tile_0_1","sourceFeatureCount":33961,"heightEstimated":true},"geometry":{"type":"Polygon","coordinates":[[[114.220827,30.400326],[114.220837,30.400479],[114.220782,30.400339],[114.220827,30.400326]]]}},{"type":"Feature","id":"8ca4af1e-7632-4ad2-83c4-3ec08aab2fd6","properties":{"id":"8ca4af1e-7632-4ad2-83c4-3ec08aab2fd6","height":21,"num_floors":7,"class":"building","areaM2":27,"sourceTile":"tile_0_1","sourceFeatureCount":33961,"heightEstimated":true},"geometry":{"type":"Polygon","coordinates":[[[114.238765,30.41802],[114.238677,30.418078],[114.238677,30.41802],[114.238765,30.41802]]]}},{"type":"Feature","id":"1bfc590b-02f4-44ea-8fa3-a93e5a923df1","properties":{"id":"1bfc590b-02f4-44ea-8fa3-a93e5a923df1","height":20,"num_floors":6,"class":"building","areaM2":6,"sourceTile":"tile_0_1","sourceFeatureCount":33961,"heightEstimated":true},"geometry":{"type":"Polygon","coordinates":[[[114.250117,30.417436],[114.250128,30.417385],[114.250146,30.417396],[114.250117,30.417436]]]}},{"type":"Feature","id":"2d932904-de9a-4e98-8536-228a5cbaa60c","properties":{"id":"2d932904-de9a-4e98-8536-228a5cbaa60c","height":24,"num_floors":8,"class":"building","areaM2":94,"sourceTile":"tile_0_1","sourceFeatureCount":33961,"heightEstimated":true},"geometry":{"type":"Polygon","coordinates":[[[114.250134,30.432387],[114.250295,30.432236],[114.250333,30.43231],[114.250134,30.432387]]]}},{"type":"Feature","id":"8adff117-cb10-4bc2-8863-954d9cf43b35","properties":{"id":"8adff117-cb10-4bc2-8863-954d9cf43b35","height":28,"num_floors":9,"class":"building","areaM2":227,"sourceTile":"tile_0_1","sourceFeatureCount":33961,"heightEstimated":true},"geometry":{"type":"Polygon","coordinates":[[[114.234122,30.449122],[114.233602,30.44907],[114.233644,30.448992],[114.234122,30.449122]]]}},{"type":"Feature","id":"dae6c998-5362-4a53-9f32-aa0c47752f92","properties":{"id":"dae6c998-5362-4a53-9f32-aa0c47752f92","height":21,"num_floors":7,"class":"building","areaM2":36,"sourceTile":"tile_0_1","sourceFeatureCount":33961,"heightEstimated":true},"geometry":{"type":"Polygon","coordinates":[[[114.236649,30.454783],[114.236511,30.4548],[114.236614,30.454738],[114.236649,30.454783]]]}},{"type":"Feature","id":"b7850b2b-67dd-44a9-aef3-85f99047f9b4","properties":{"id":"b7850b2b-67dd-44a9-aef3-85f99047f9b4","height":104,"num_floors":33,"class":"building","areaM2":13924,"sourceTile":"tile_0_1","sourceFeatureCount":33961,"heightEstimated":true},"geometry":{"type":"Polygon","coordinates":[[[114.24504,30.468478],[114.243848,30.469131],[114.243594,30.468716],[114.24378,30.467992],[114.244551,30.467526],[114.24504,30.468478]]]}},{"type":"Feature","id":"189c929d-bcd4-4cd5-8a20-e56d65985535","properties":{"id":"189c929d-bcd4-4cd5-8a20-e56d65985535","height":26,"num_floors":8,"class":"building","areaM2":175,"sourceTile":"tile_0_1","sourceFeatureCount":33961,"heightEstimated":true},"geometry":{"type":"Polygon","coordinates":[[[114.248696,30.476592],[114.248309,30.476411],[114.248366,30.476353],[114.248696,30.476592]]]}},{"type":"Feature","id":"6a7811a9-eddb-4f46-a218-87c545660bd4","properties":{"id":"6a7811a9-eddb-4f46-a218-87c545660bd4","height":28,"num_floors":9,"class":"building","areaM2":215,"sourceTile":"tile_0_1","sourceFeatureCount":33961,"heightEstimated":true},"geometry":{"type":"Polygon","coordinates":[[[114.244166,30.463449],[114.244324,30.463265],[114.244361,30.463479],[114.244166,30.463449]]]}},{"type":"Feature","id":"eba3e307-e2d4-4110-aa00-9b3da3989c30","properties":{"id":"eba3e307-e2d4-4110-aa00-9b3da3989c30","height":28,"num_floors":9,"class":"building","areaM2":246,"sourceTile":"tile_0_1","sourceFeatureCount":33961,"heightEstimated":true},"geometry":{"type":"Polygon","coordinates":[[[114.259418,30.450142],[114.259696,30.450363],[114.259552,30.450415],[114.259418,30.450142]]]}},{"type":"Feature","id":"38606179-7034-4494-8a42-b7c15067d675","properties":{"id":"38606179-7034-4494-8a42-b7c15067d675","height":23,"num_floors":7,"class":"building","areaM2":73,"sourceTile":"tile_0_1","sourceFeatureCount":33961,"heightEstimated":true},"geometry":{"type":"Polygon","coordinates":[[[114.258084,30.461005],[114.258127,30.46119],[114.258019,30.461042],[114.258084,30.461005]]]}},{"type":"Feature","id":"2778a08f-91df-4487-b547-59ef2e82dee1","properties":{"id":"2778a08f-91df-4487-b547-59ef2e82dee1","height":106,"num_floors":33,"class":"building","areaM2":19349,"sourceTile":"tile_0_1","sourceFeatureCount":33961,"heightEstimated":true},"geometry":{"type":"Polygon","coordinates":[[[114.254499,30.461557],[114.252576,30.462568],[114.252087,30.461876],[114.25401,30.460866],[114.254499,30.461557]]]}},{"type":"Feature","id":"c4754fe5-51fc-4125-8b6e-5130b3982bd1","properties":{"id":"c4754fe5-51fc-4125-8b6e-5130b3982bd1","height":92,"num_floors":29,"class":"building","areaM2":12727,"sourceTile":"tile_0_1","sourceFeatureCount":33961,"heightEstimated":true},"geometry":{"type":"Polygon","coordinates":[[[114.253457,30.459451],[114.254701,30.458749],[114.254499,30.45901],[114.25504,30.459801],[114.254046,30.460311],[114.253457,30.459451]]]}},{"type":"Feature","id":"87d3c562-181c-4435-b7dd-fefc253bb9fa","properties":{"id":"87d3c562-181c-4435-b7dd-fefc253bb9fa","height":23,"num_floors":7,"class":"building","areaM2":62,"sourceTile":"tile_0_1","sourceFeatureCount":33961,"heightEstimated":true},"geometry":{"type":"Polygon","coordinates":[[[114.251728,30.465582],[114.251648,30.46573],[114.251597,30.465678],[114.251728,30.465582]]]}},{"type":"Feature","id":"637bf276-0bfb-48d8-9293-1db9efd5c5f1","properties":{"id":"637bf276-0bfb-48d8-9293-1db9efd5c5f1","height":33,"num_floors":10,"class":"building","areaM2":494,"sourceTile":"tile_0_1","sourceFeatureCount":33961,"heightEstimated":true},"geometry":{"type":"Polygon","coordinates":[[[114.257063,30.481998],[114.256615,30.481689],[114.257129,30.481836],[114.257063,30.481998]]]}},{"type":"Feature","id":"7d03eab2-3fa2-4821-b4fe-9528fa78b596","properties":{"id":"7d03eab2-3fa2-4821-b4fe-9528fa78b596","height":25,"num_floors":8,"class":"building","areaM2":123,"sourceTile":"tile_0_1","sourceFeatureCount":33961,"heightEstimated":true},"geometry":{"type":"Polygon","coordinates":[[[114.257186,30.470702],[114.257425,30.470916],[114.25713,30.470749],[114.257186,30.470702]]]}},{"type":"Feature","id":"b80a43cf-738a-4606-aa3e-3136d6cd4663","properties":{"id":"b80a43cf-738a-4606-aa3e-3136d6cd4663","height":20,"num_floors":6,"class":"building","areaM2":7,"sourceTile":"tile_0_1","sourceFeatureCount":33961,"heightEstimated":true},"geometry":{"type":"Polygon","coordinates":[[[114.261691,30.474247],[114.261666,30.474204],[114.261699,30.474209],[114.261691,30.474247]]]}},{"type":"Feature","id":"b69ca15f-ad71-4472-9b1c-7806260a866f","properties":{"id":"b69ca15f-ad71-4472-9b1c-7806260a866f","height":168,"num_floors":53,"class":"industrial","areaM2":185957,"sourceTile":"tile_0_1","sourceFeatureCount":33961,"heightEstimated":true},"geometry":{"type":"Polygon","coordinates":[[[114.261658,30.487196],[114.259387,30.48489],[114.263832,30.482218],[114.264589,30.482437],[114.264452,30.48267],[114.265343,30.483071],[114.266339,30.484485],[114.261658,30.487196]]]}},{"type":"Feature","id":"e929345f-c1a5-4dd4-a4f5-3b19d234f0ba","properties":{"id":"e929345f-c1a5-4dd4-a4f5-3b19d234f0ba","height":30,"num_floors":9,"class":"building","areaM2":323,"sourceTile":"tile_0_1","sourceFeatureCount":33961,"heightEstimated":true},"geometry":{"type":"Polygon","coordinates":[[[114.265914,30.481498],[114.266361,30.481708],[114.265844,30.481602],[114.265914,30.481498]]]}},{"type":"Feature","id":"b6dbc013-5f05-4f94-8a6f-d974056add82","properties":{"id":"b6dbc013-5f05-4f94-8a6f-d974056add82","height":25,"num_floors":8,"class":"building","areaM2":121,"sourceTile":"tile_0_1","sourceFeatureCount":33961,"heightEstimated":true},"geometry":{"type":"Polygon","coordinates":[[[114.266629,30.476254],[114.266849,30.476388],[114.266758,30.476436],[114.266629,30.476254]]]}},{"type":"Feature","id":"763ebf46-6bbb-4823-8b93-fd334720d65d","properties":{"id":"763ebf46-6bbb-4823-8b93-fd334720d65d","height":25,"num_floors":8,"class":"building","areaM2":140,"sourceTile":"tile_0_1","sourceFeatureCount":33961,"heightEstimated":true},"geometry":{"type":"Polygon","coordinates":[[[114.263474,30.464262],[114.263571,30.464596],[114.263493,30.464601],[114.263474,30.464262]]]}},{"type":"Feature","id":"d4222b9f-d742-40f2-9097-1f0d26c533af","properties":{"id":"d4222b9f-d742-40f2-9097-1f0d26c533af","height":102,"num_floors":32,"class":"building","areaM2":16647,"sourceTile":"tile_0_1","sourceFeatureCount":33961,"heightEstimated":true},"geometry":{"type":"Polygon","coordinates":[[[114.26124,30.465359],[114.26044,30.465727],[114.261458,30.465173],[114.261296,30.465363],[114.261715,30.465153],[114.261895,30.465423],[114.261707,30.465547],[114.262164,30.465476],[114.262327,30.465722],[114.26078,30.46651],[114.260942,30.46621],[114.260347,30.466508],[114.26038,30.466179],[114.259974,30.466381],[114.259795,30.466112],[114.26124,30.465359]]]}},{"type":"Feature","id":"306a5f56-1fea-4c47-a7dd-4e9b2877cee0","properties":{"id":"306a5f56-1fea-4c47-a7dd-4e9b2877cee0","height":142,"num_floors":44,"class":"building","areaM2":25849,"sourceTile":"tile_0_1","sourceFeatureCount":33961,"heightEstimated":true},"geometry":{"type":"Polygon","coordinates":[[[114.259276,30.465877],[114.259763,30.465634],[114.258976,30.465887],[114.258805,30.465629],[114.259305,30.465379],[114.258804,30.46552],[114.259857,30.464963],[114.258545,30.465618],[114.258374,30.46536],[114.260199,30.464449],[114.26091,30.464921],[114.259654,30.465579],[114.260925,30.464945],[114.261312,30.464876],[114.261484,30.465134],[114.259456,30.466147],[114.259276,30.465877]]]}},{"type":"Feature","id":"68a3c30c-01f9-4bc2-b9b1-b8cf51f1bbdf","properties":{"id":"68a3c30c-01f9-4bc2-b9b1-b8cf51f1bbdf","height":31,"num_floors":10,"class":"building","areaM2":362,"sourceTile":"tile_0_1","sourceFeatureCount":33961,"heightEstimated":true},"geometry":{"type":"Polygon","coordinates":[[[114.262921,30.451353],[114.263267,30.451033],[114.26331,30.451191],[114.262921,30.451353]]]}},{"type":"Feature","id":"03f3cccc-acaf-4b37-9211-7516c8771827","properties":{"id":"03f3cccc-acaf-4b37-9211-7516c8771827","height":71,"num_floors":22,"class":"building","areaM2":9920,"sourceTile":"tile_0_1","sourceFeatureCount":33961,"heightEstimated":true},"geometry":{"type":"Polygon","coordinates":[[[114.265082,30.437728],[114.263838,30.437985],[114.263694,30.437238],[114.265006,30.43705],[114.265082,30.437728]]]}},{"type":"Feature","id":"e98c2862-186e-48ec-9814-5d03946bd3fe","properties":{"id":"e98c2862-186e-48ec-9814-5d03946bd3fe","height":102,"num_floors":32,"class":"building","areaM2":15846,"sourceTile":"tile_0_1","sourceFeatureCount":33961,"heightEstimated":true},"geometry":{"type":"Polygon","coordinates":[[[114.261841,30.423897],[114.261797,30.421113],[114.262061,30.421089],[114.262136,30.421695],[114.262453,30.421958],[114.262437,30.423859],[114.261841,30.423897]]]}},{"type":"Feature","id":"1bd3c268-60d7-4b3e-b3a5-06d53cd22c1e","properties":{"id":"1bd3c268-60d7-4b3e-b3a5-06d53cd22c1e","height":78,"num_floors":24,"class":"building","areaM2":9395,"sourceTile":"tile_0_1","sourceFeatureCount":33961,"heightEstimated":true},"geometry":{"type":"Polygon","coordinates":[[[114.260278,30.425787],[114.261868,30.425792],[114.261968,30.426306],[114.260304,30.426361],[114.260278,30.425787]]]}},{"type":"Feature","id":"ce8585d8-9948-4d40-9fe7-cbb7781746d7","properties":{"id":"ce8585d8-9948-4d40-9fe7-cbb7781746d7","height":22,"num_floors":7,"class":"building","areaM2":54,"sourceTile":"tile_0_1","sourceFeatureCount":33961,"heightEstimated":true},"geometry":{"type":"Polygon","coordinates":[[[114.261596,30.42808],[114.26173,30.428155],[114.261598,30.428157],[114.261596,30.42808]]]}},{"type":"Feature","id":"515183b9-6494-4810-a0c0-29648051a535","properties":{"id":"515183b9-6494-4810-a0c0-29648051a535","height":20,"num_floors":6,"class":"university","areaM2":13502,"sourceTile":"tile_0_1","sourceFeatureCount":33961,"heightEstimated":false},"geometry":{"type":"Polygon","coordinates":[[[114.262591,30.439994],[114.261774,30.439772],[114.261626,30.438862],[114.26227,30.438767],[114.263226,30.439267],[114.262591,30.439994]]]}},{"type":"Feature","id":"9ff75365-3c8d-4555-96ff-bd08fdb18335","properties":{"id":"9ff75365-3c8d-4555-96ff-bd08fdb18335","height":71,"num_floors":22,"class":"library","areaM2":8494,"sourceTile":"tile_0_1","sourceFeatureCount":33961,"heightEstimated":true},"geometry":{"type":"Polygon","coordinates":[[[114.262335,30.440344],[114.262783,30.440998],[114.262156,30.441086],[114.261485,30.440618],[114.260916,30.440591],[114.261601,30.440196],[114.262335,30.440344]]]}},{"type":"Feature","id":"e03e809e-7ae3-4143-ab4a-414a0e428fb9","properties":{"id":"e03e809e-7ae3-4143-ab4a-414a0e428fb9","height":22,"num_floors":7,"class":"building","areaM2":54,"sourceTile":"tile_0_1","sourceFeatureCount":33961,"heightEstimated":true},"geometry":{"type":"Polygon","coordinates":[[[114.257809,30.437243],[114.257906,30.43739],[114.257831,30.437381],[114.257809,30.437243]]]}},{"type":"Feature","id":"4785bb93-00f2-4e5e-be97-4b967d808715","properties":{"id":"4785bb93-00f2-4e5e-be97-4b967d808715","height":95,"num_floors":3,"class":"building","areaM2":8150,"sourceTile":"tile_0_1","sourceFeatureCount":33961,"heightEstimated":true},"geometry":{"type":"Polygon","coordinates":[[[114.25852,30.435192],[114.257779,30.43524],[114.257647,30.433719],[114.25791,30.433703],[114.25852,30.435192]]]}},{"type":"Feature","id":"294fd656-b205-4da8-a26b-197ecf3d4b3b","properties":{"id":"294fd656-b205-4da8-a26b-197ecf3d4b3b","height":70,"num_floors":22,"class":"building","areaM2":8752,"sourceTile":"tile_0_1","sourceFeatureCount":33961,"heightEstimated":true},"geometry":{"type":"Polygon","coordinates":[[[114.253807,30.438592],[114.254271,30.438595],[114.254266,30.439092],[114.254509,30.439094],[114.254513,30.438673],[114.255076,30.438677],[114.255069,30.439394],[114.2538,30.439357],[114.253807,30.438592]]]}},{"type":"Feature","id":"281b215e-dd8b-41f0-a062-f734ec506173","properties":{"id":"281b215e-dd8b-41f0-a062-f734ec506173","height":21,"num_floors":7,"class":"building","areaM2":36,"sourceTile":"tile_0_1","sourceFeatureCount":33961,"heightEstimated":true},"geometry":{"type":"Polygon","coordinates":[[[114.251705,30.435485],[114.251596,30.43556],[114.251583,30.435507],[114.251705,30.435485]]]}},{"type":"Feature","id":"d4590af0-b8f0-43ad-a4b3-082cad8727c4","properties":{"id":"d4590af0-b8f0-43ad-a4b3-082cad8727c4","height":75,"num_floors":23,"class":"building","areaM2":8516,"sourceTile":"tile_0_1","sourceFeatureCount":33961,"heightEstimated":true},"geometry":{"type":"Polygon","coordinates":[[[114.251797,30.428067],[114.251628,30.427632],[114.253575,30.427525],[114.253616,30.427929],[114.251797,30.428067]]]}},{"type":"Feature","id":"41c707b2-c134-41ab-aae4-514555d0696a","properties":{"id":"41c707b2-c134-41ab-aae4-514555d0696a","height":22,"num_floors":7,"class":"building","areaM2":49,"sourceTile":"tile_0_1","sourceFeatureCount":33961,"heightEstimated":true},"geometry":{"type":"Polygon","coordinates":[[[114.259881,30.420133],[114.259791,30.420029],[114.259879,30.420027],[114.259881,30.420133]]]}},{"type":"Feature","id":"f9d8f46b-3849-404d-bf0f-49b6df174d7f","properties":{"id":"f9d8f46b-3849-404d-bf0f-49b6df174d7f","height":91,"num_floors":28,"class":"building","areaM2":9387,"sourceTile":"tile_0_1","sourceFeatureCount":33961,"heightEstimated":true},"geometry":{"type":"Polygon","coordinates":[[[114.258475,30.415144],[114.259469,30.41511],[114.259699,30.415966],[114.259255,30.416043],[114.259099,30.415367],[114.258992,30.415385],[114.259194,30.416054],[114.258704,30.416138],[114.258475,30.415144]]]}},{"type":"Feature","id":"b66ac054-dc99-4635-964a-93c5c7b65222","properties":{"id":"b66ac054-dc99-4635-964a-93c5c7b65222","height":93,"num_floors":29,"class":"building","areaM2":11262,"sourceTile":"tile_0_1","sourceFeatureCount":33961,"heightEstimated":true},"geometry":{"type":"Polygon","coordinates":[[[114.255737,30.404223],[114.254237,30.404224],[114.254236,30.403517],[114.255736,30.403515],[114.255737,30.404223]]]}},{"type":"Feature","id":"c61451a8-99bf-4984-b722-d16eed228e52","properties":{"id":"c61451a8-99bf-4984-b722-d16eed228e52","height":94,"num_floors":29,"class":"building","areaM2":9824,"sourceTile":"tile_0_1","sourceFeatureCount":33961,"heightEstimated":true},"geometry":{"type":"Polygon","coordinates":[[[114.253663,30.404973],[114.255781,30.404988],[114.255794,30.403506],[114.256269,30.403509],[114.256253,30.405163],[114.253663,30.404973]]]}},{"type":"Feature","id":"a147b7a3-2778-460b-9285-e1bea73aa1bb","properties":{"id":"a147b7a3-2778-460b-9285-e1bea73aa1bb","height":96,"num_floors":30,"class":"building","areaM2":8827,"sourceTile":"tile_0_1","sourceFeatureCount":33961,"heightEstimated":true},"geometry":{"type":"Polygon","coordinates":[[[114.25573,30.404372],[114.255751,30.404926],[114.254239,30.404924],[114.254241,30.404369],[114.25573,30.404372]]]}},{"type":"Feature","id":"e714d85a-430c-4aca-adfc-da79afca41e5","properties":{"id":"e714d85a-430c-4aca-adfc-da79afca41e5","height":69,"num_floors":22,"class":"building","areaM2":8177,"sourceTile":"tile_0_1","sourceFeatureCount":33961,"heightEstimated":true},"geometry":{"type":"Polygon","coordinates":[[[114.25556,30.402487],[114.25555,30.403089],[114.254271,30.403073],[114.254281,30.402471],[114.25556,30.402487]]]}},{"type":"Feature","id":"6df9a838-a5b9-41be-8ebe-f2e3d3b14232","properties":{"id":"6df9a838-a5b9-41be-8ebe-f2e3d3b14232","height":80,"num_floors":25,"class":"building","areaM2":8460,"sourceTile":"tile_0_1","sourceFeatureCount":33961,"heightEstimated":true},"geometry":{"type":"Polygon","coordinates":[[[114.254063,30.404905],[114.252872,30.404912],[114.252866,30.404243],[114.254057,30.404236],[114.254063,30.404905]]]}},{"type":"Feature","id":"1a399ff6-f007-4192-b965-7eb5446673a6","properties":{"id":"1a399ff6-f007-4192-b965-7eb5446673a6","height":74,"num_floors":23,"class":"building","areaM2":8695,"sourceTile":"tile_0_1","sourceFeatureCount":33961,"heightEstimated":true},"geometry":{"type":"Polygon","coordinates":[[[114.253207,30.405897],[114.253398,30.406744],[114.253034,30.406752],[114.2529,30.40707],[114.252841,30.405092],[114.253382,30.40508],[114.253405,30.405854],[114.253207,30.405897]]]}},{"type":"Feature","id":"8ebec3bb-a434-4df3-8b1d-77f4fe58a769","properties":{"id":"8ebec3bb-a434-4df3-8b1d-77f4fe58a769","height":139,"num_floors":43,"class":"building","areaM2":37066,"sourceTile":"tile_0_1","sourceFeatureCount":33961,"heightEstimated":true},"geometry":{"type":"Polygon","coordinates":[[[114.251169,30.396491],[114.251296,30.395967],[114.251652,30.396032],[114.251713,30.39578],[114.2514,30.395723],[114.251616,30.395205],[114.251808,30.395436],[114.252281,30.395346],[114.250918,30.400725],[114.250238,30.4006],[114.250642,30.398935],[114.250945,30.398991],[114.25114,30.398186],[114.250795,30.398123],[114.250847,30.397908],[114.251203,30.397973],[114.251321,30.397486],[114.250933,30.397415],[114.251121,30.396639],[114.25174,30.396644],[114.251169,30.396491]]]}},{"type":"Feature","id":"c28009dc-5920-4507-88ea-2f380870ff11","properties":{"id":"c28009dc-5920-4507-88ea-2f380870ff11","height":81,"num_floors":25,"class":"building","areaM2":10581,"sourceTile":"tile_0_1","sourceFeatureCount":33961,"heightEstimated":true},"geometry":{"type":"Polygon","coordinates":[[[114.251219,30.400573],[114.251853,30.39771],[114.252146,30.397756],[114.251599,30.400633],[114.251219,30.400573]]]}},{"type":"Feature","id":"204032f3-ade7-499f-b7f9-8ac813397896","properties":{"id":"204032f3-ade7-499f-b7f9-8ac813397896","height":92,"num_floors":29,"class":"building","areaM2":12047,"sourceTile":"tile_0_1","sourceFeatureCount":33961,"heightEstimated":true},"geometry":{"type":"Polygon","coordinates":[[[114.253348,30.399436],[114.255489,30.399473],[114.255498,30.39997],[114.253359,30.4],[114.253348,30.399436]]]}},{"type":"Feature","id":"41519ba3-4e7d-46f8-b6ed-0e14add3e3c4","properties":{"id":"41519ba3-4e7d-46f8-b6ed-0e14add3e3c4","height":127,"num_floors":40,"class":"building","areaM2":22808,"sourceTile":"tile_0_1","sourceFeatureCount":33961,"heightEstimated":true},"geometry":{"type":"Polygon","coordinates":[[[114.255522,30.401272],[114.25346,30.40122],[114.253469,30.400197],[114.255532,30.400211],[114.255522,30.401272]]]}},{"type":"Feature","id":"5b7b2e1d-2036-44fe-84a0-4f1f450bad17","properties":{"id":"5b7b2e1d-2036-44fe-84a0-4f1f450bad17","height":82,"num_floors":26,"class":"building","areaM2":12893,"sourceTile":"tile_0_1","sourceFeatureCount":33961,"heightEstimated":true},"geometry":{"type":"Polygon","coordinates":[[[114.256621,30.402324],[114.25972,30.402273],[114.259721,30.402665],[114.256622,30.402716],[114.256621,30.402324]]]}},{"type":"Feature","id":"74c454b1-19c7-45c8-98fb-b75fce73c422","properties":{"id":"74c454b1-19c7-45c8-98fb-b75fce73c422","height":21,"num_floors":7,"class":"building","areaM2":27,"sourceTile":"tile_0_1","sourceFeatureCount":33961,"heightEstimated":true},"geometry":{"type":"Polygon","coordinates":[[[114.151555,30.504903],[114.151551,30.504808],[114.151605,30.504841],[114.151555,30.504903]]]}},{"type":"Feature","id":"c5a4c0a7-9d6b-4267-8421-39db0ed906df","properties":{"id":"c5a4c0a7-9d6b-4267-8421-39db0ed906df","height":65,"num_floors":20,"class":"university","areaM2":8180,"sourceTile":"tile_0_1","sourceFeatureCount":33961,"heightEstimated":true},"geometry":{"type":"Polygon","coordinates":[[[114.152798,30.512619],[114.151763,30.512619],[114.152253,30.511651],[114.152811,30.511651],[114.152798,30.512619]]]}},{"type":"Feature","id":"8a4288a4-d7c5-4712-a213-4def2588c76b","properties":{"id":"8a4288a4-d7c5-4712-a213-4def2588c76b","height":94,"num_floors":29,"class":"university","areaM2":8499,"sourceTile":"tile_0_1","sourceFeatureCount":33961,"heightEstimated":true},"geometry":{"type":"Polygon","coordinates":[[[114.153399,30.511213],[114.152439,30.511228],[114.152857,30.510456],[114.154135,30.510575],[114.154128,30.510883],[114.153335,30.510893],[114.153399,30.511213]]]}},{"type":"Feature","id":"67ebc5fd-eaff-470d-b706-52c2fd647b69","properties":{"id":"67ebc5fd-eaff-470d-b706-52c2fd647b69","height":23,"num_floors":7,"class":"building","areaM2":72,"sourceTile":"tile_0_1","sourceFeatureCount":33961,"heightEstimated":true},"geometry":{"type":"Polygon","coordinates":[[[114.162298,30.510912],[114.162469,30.510951],[114.162361,30.511006],[114.162298,30.510912]]]}},{"type":"Feature","id":"29596324-339e-433b-8b3c-37d8b989d6e1","properties":{"id":"29596324-339e-433b-8b3c-37d8b989d6e1","height":109,"num_floors":34,"class":"building","areaM2":18455,"sourceTile":"tile_0_1","sourceFeatureCount":33961,"heightEstimated":true},"geometry":{"type":"Polygon","coordinates":[[[114.161444,30.508637],[114.160716,30.508095],[114.162564,30.506938],[114.163079,30.507621],[114.161444,30.508637]]]}},{"type":"Feature","id":"50c1d1de-9ae0-4575-a10c-d86183506298","properties":{"id":"50c1d1de-9ae0-4575-a10c-d86183506298","height":31,"num_floors":10,"class":"building","areaM2":399,"sourceTile":"tile_0_1","sourceFeatureCount":33961,"heightEstimated":true},"geometry":{"type":"Polygon","coordinates":[[[114.153021,30.505321],[114.153517,30.505262],[114.153471,30.505419],[114.153021,30.505321]]]}},{"type":"Feature","id":"1f4dbb58-d316-4f70-98ea-88205c1c0372","properties":{"id":"1f4dbb58-d316-4f70-98ea-88205c1c0372","height":25,"num_floors":8,"class":"building","areaM2":8797,"sourceTile":"tile_0_1","sourceFeatureCount":33961,"heightEstimated":false},"geometry":{"type":"Polygon","coordinates":[[[114.161524,30.496103],[114.161778,30.49697],[114.160852,30.497182],[114.16066,30.496295],[114.161524,30.496103]]]}},{"type":"Feature","id":"a850ee25-8715-4e07-8b2d-53f46b8148cc","properties":{"id":"a850ee25-8715-4e07-8b2d-53f46b8148cc","height":68,"num_floors":21,"class":"building","areaM2":668,"sourceTile":"tile_0_1","sourceFeatureCount":33961,"heightEstimated":false},"geometry":{"type":"Polygon","coordinates":[[[114.157398,30.497712],[114.157656,30.497607],[114.15777,30.49779],[114.157535,30.49792],[114.157398,30.497712]]]}},{"type":"Feature","id":"29b2b820-bf54-409d-ac5e-e8c05dd2283f","properties":{"id":"29b2b820-bf54-409d-ac5e-e8c05dd2283f","height":26,"num_floors":8,"class":"building","areaM2":154,"sourceTile":"tile_0_1","sourceFeatureCount":33961,"heightEstimated":true},"geometry":{"type":"Polygon","coordinates":[[[114.150569,30.500185],[114.150794,30.499929],[114.150851,30.499993],[114.150569,30.500185]]]}},{"type":"Feature","id":"fbefca01-7852-4545-a4c3-eab9049885d4","properties":{"id":"fbefca01-7852-4545-a4c3-eab9049885d4","height":99,"num_floors":31,"class":"building","areaM2":9933,"sourceTile":"tile_0_1","sourceFeatureCount":33961,"heightEstimated":true},"geometry":{"type":"Polygon","coordinates":[[[114.157595,30.492485],[114.157778,30.492447],[114.157825,30.492618],[114.157357,30.492897],[114.157589,30.493154],[114.157194,30.493236],[114.15677,30.491712],[114.157547,30.491619],[114.157595,30.492485]]]}},{"type":"Feature","id":"8c3f74f1-ddbc-4fa3-b4a7-eb92513d9478","properties":{"id":"8c3f74f1-ddbc-4fa3-b4a7-eb92513d9478","height":21,"num_floors":7,"class":"building","areaM2":39,"sourceTile":"tile_0_1","sourceFeatureCount":33961,"heightEstimated":true},"geometry":{"type":"Polygon","coordinates":[[[114.157209,30.49493],[114.157124,30.49484],[114.157201,30.494835],[114.157209,30.49493]]]}},{"type":"Feature","id":"d50f2402-c690-41d6-a179-c65b7dcd5542","properties":{"id":"d50f2402-c690-41d6-a179-c65b7dcd5542","height":119,"num_floors":37,"class":"building","areaM2":27354,"sourceTile":"tile_0_1","sourceFeatureCount":33961,"heightEstimated":true},"geometry":{"type":"Polygon","coordinates":[[[114.167922,30.491124],[114.169715,30.490704],[114.170187,30.492008],[114.168334,30.492443],[114.167922,30.491124]]]}},{"type":"Feature","id":"4f54ebc4-6730-4db6-8ff3-6aa6991065f0","properties":{"id":"4f54ebc4-6730-4db6-8ff3-6aa6991065f0","height":8,"num_floors":3,"class":"industrial","areaM2":9371,"sourceTile":"tile_0_1","sourceFeatureCount":33961,"heightEstimated":false},"geometry":{"type":"Polygon","coordinates":[[[114.170734,30.490751],[114.171485,30.490566],[114.171819,30.491692],[114.171088,30.491851],[114.170734,30.490751]]]}},{"type":"Feature","id":"50af391f-94de-429a-8530-82f853bf7f57","properties":{"id":"50af391f-94de-429a-8530-82f853bf7f57","height":8,"num_floors":3,"class":"industrial","areaM2":15697,"sourceTile":"tile_0_1","sourceFeatureCount":33961,"heightEstimated":false},"geometry":{"type":"Polygon","coordinates":[[[114.172875,30.49089],[114.171887,30.491115],[114.171457,30.489715],[114.172445,30.48949],[114.172875,30.49089]]]}},{"type":"Feature","id":"9b6bc78e-d0ac-4c0a-90ec-ff57cbd9e247","properties":{"id":"9b6bc78e-d0ac-4c0a-90ec-ff57cbd9e247","height":8,"num_floors":3,"class":"industrial","areaM2":23116,"sourceTile":"tile_0_1","sourceFeatureCount":33961,"heightEstimated":false},"geometry":{"type":"Polygon","coordinates":[[[114.175895,30.491341],[114.174367,30.491692],[114.173948,30.490371],[114.175476,30.490005],[114.175895,30.491341]]]}},{"type":"Feature","id":"73bd7964-6745-46bc-8999-cd82db952247","properties":{"id":"73bd7964-6745-46bc-8999-cd82db952247","height":10,"num_floors":3,"class":"building","areaM2":14024,"sourceTile":"tile_0_1","sourceFeatureCount":33961,"heightEstimated":false},"geometry":{"type":"Polygon","coordinates":[[[114.176198,30.493767],[114.174874,30.494086],[114.174589,30.493147],[114.175925,30.492847],[114.176198,30.493767]]]}},{"type":"Feature","id":"c2eacafb-6476-49e8-8e03-550f5a77c816","properties":{"id":"c2eacafb-6476-49e8-8e03-550f5a77c816","height":15,"num_floors":5,"class":"building","areaM2":34056,"sourceTile":"tile_0_1","sourceFeatureCount":33961,"heightEstimated":false},"geometry":{"type":"Polygon","coordinates":[[[114.170939,30.496512],[114.170657,30.495563],[114.173776,30.494846],[114.174058,30.495831],[114.170939,30.496512]]]}},{"type":"Feature","id":"a6cdff45-b8b1-4da3-8955-9d2a27b232b7","properties":{"id":"a6cdff45-b8b1-4da3-8955-9d2a27b232b7","height":15,"num_floors":5,"class":"building","areaM2":39750,"sourceTile":"tile_0_1","sourceFeatureCount":33961,"heightEstimated":false},"geometry":{"type":"Polygon","coordinates":[[[114.173663,30.494566],[114.170375,30.495357],[114.17005,30.494274],[114.173338,30.49352],[114.173663,30.494566]]]}},{"type":"Feature","id":"ea7a28af-6de5-4e74-888a-5d7bbbe3f355","properties":{"id":"ea7a28af-6de5-4e74-888a-5d7bbbe3f355","height":7,"num_floors":2,"class":"building","areaM2":783,"sourceTile":"tile_0_1","sourceFeatureCount":33961,"heightEstimated":false},"geometry":{"type":"Polygon","coordinates":[[[114.169659,30.495547],[114.169321,30.495611],[114.169268,30.495402],[114.169606,30.495338],[114.169659,30.495547]]]}},{"type":"Feature","id":"cb1a9fa2-41d4-43dd-b5ec-66b15b8cc4bf","properties":{"id":"cb1a9fa2-41d4-43dd-b5ec-66b15b8cc4bf","height":15,"num_floors":5,"class":"building","areaM2":36591,"sourceTile":"tile_0_1","sourceFeatureCount":33961,"heightEstimated":false},"geometry":{"type":"Polygon","coordinates":[[[114.171433,30.498117],[114.170982,30.496731],[114.17331,30.496196],[114.173719,30.497606],[114.171433,30.498117]]]}},{"type":"Feature","id":"8eb747c4-665c-4b03-baff-f147d67443a9","properties":{"id":"8eb747c4-665c-4b03-baff-f147d67443a9","height":165,"num_floors":52,"class":"stadium","areaM2":49534,"sourceTile":"tile_0_1","sourceFeatureCount":33961,"heightEstimated":true},"geometry":{"type":"Polygon","coordinates":[[[114.166881,30.50351],[114.165908,30.503733],[114.165113,30.503256],[114.164841,30.502439],[114.165372,30.501423],[114.166397,30.501205],[114.167229,30.501796],[114.167355,30.502855],[114.166881,30.50351]],[[114.165563,30.503075],[114.166158,30.503386],[114.166617,30.503194],[114.166865,30.502466],[114.1666,30.501715],[114.165678,30.501726],[114.165563,30.503075]]]}},{"type":"Feature","id":"4f151227-56ac-42c5-8768-22708fc61682","properties":{"id":"4f151227-56ac-42c5-8768-22708fc61682","height":25,"num_floors":8,"class":"building","areaM2":134,"sourceTile":"tile_0_1","sourceFeatureCount":33961,"heightEstimated":true},"geometry":{"type":"Polygon","coordinates":[[[114.164958,30.496108],[114.165141,30.496514],[114.165087,30.496533],[114.164958,30.496108]]]}},{"type":"Feature","id":"23ed4625-4d37-442d-b044-753124e834cd","properties":{"id":"23ed4625-4d37-442d-b044-753124e834cd","height":143,"num_floors":45,"class":"building","areaM2":26836,"sourceTile":"tile_0_1","sourceFeatureCount":33961,"heightEstimated":true},"geometry":{"type":"Polygon","coordinates":[[[114.168449,30.503487],[114.169432,30.503693],[114.169927,30.504599],[114.16952,30.505299],[114.168544,30.505724],[114.168537,30.5048],[114.168002,30.504052],[114.168449,30.503487]]]}},{"type":"Feature","id":"491cf0c4-5acc-49a8-a74d-da62f03d8e49","properties":{"id":"491cf0c4-5acc-49a8-a74d-da62f03d8e49","height":23,"num_floors":7,"class":"building","areaM2":72,"sourceTile":"tile_0_1","sourceFeatureCount":33961,"heightEstimated":true},"geometry":{"type":"Polygon","coordinates":[[[114.163813,30.511799],[114.163908,30.511671],[114.163935,30.511777],[114.163813,30.511799]]]}},{"type":"Feature","id":"37f431de-a458-43b2-8488-70c254b1c67e","properties":{"id":"37f431de-a458-43b2-8488-70c254b1c67e","height":139,"num_floors":43,"class":"building","areaM2":27441,"sourceTile":"tile_0_1","sourceFeatureCount":33961,"heightEstimated":true},"geometry":{"type":"Polygon","coordinates":[[[114.169468,30.509922],[114.168739,30.510367],[114.168437,30.510274],[114.167023,30.508286],[114.168026,30.507963],[114.169468,30.509922]]]}},{"type":"Feature","id":"19b83ccd-6b1f-4380-8a25-73d1b87df95f","properties":{"id":"19b83ccd-6b1f-4380-8a25-73d1b87df95f","height":20,"num_floors":6,"class":"building","areaM2":9,"sourceTile":"tile_0_1","sourceFeatureCount":33961,"heightEstimated":true},"geometry":{"type":"Polygon","coordinates":[[[114.169787,30.512696],[114.169723,30.512672],[114.169747,30.512655],[114.169787,30.512696]]]}},{"type":"Feature","id":"288f1500-5afa-4f77-8f57-62d594c1957a","properties":{"id":"288f1500-5afa-4f77-8f57-62d594c1957a","height":96,"num_floors":30,"class":"building","areaM2":15382,"sourceTile":"tile_0_1","sourceFeatureCount":33961,"heightEstimated":true},"geometry":{"type":"Polygon","coordinates":[[[114.169139,30.507363],[114.169068,30.506731],[114.169647,30.506159],[114.169354,30.505884],[114.169783,30.505711],[114.170532,30.506021],[114.170655,30.50642],[114.170167,30.506383],[114.169873,30.507392],[114.169139,30.507363]]]}},{"type":"Feature","id":"4a1cdd8b-f0e9-468a-b218-d2ccb61451f1","properties":{"id":"4a1cdd8b-f0e9-468a-b218-d2ccb61451f1","height":60,"num_floors":20,"class":"apartments","areaM2":151,"sourceTile":"tile_0_1","sourceFeatureCount":33961,"heightEstimated":false},"geometry":{"type":"Polygon","coordinates":[[[114.17796,30.509346],[114.177622,30.509282],[114.177966,30.509263],[114.17796,30.509346]]]}},{"type":"Feature","id":"9fab4184-e7ae-49f3-8935-0bc6264fe298","properties":{"id":"9fab4184-e7ae-49f3-8935-0bc6264fe298","height":6,"num_floors":2,"class":"house","areaM2":87,"sourceTile":"tile_0_1","sourceFeatureCount":33961,"heightEstimated":false},"geometry":{"type":"Polygon","coordinates":[[[114.179523,30.513865],[114.179472,30.514029],[114.1794,30.513939],[114.179523,30.513865]]]}},{"type":"Feature","id":"b142564b-8f2a-40f4-8595-5092aa4b5510","properties":{"id":"b142564b-8f2a-40f4-8595-5092aa4b5510","height":92,"num_floors":29,"class":"building","areaM2":10579,"sourceTile":"tile_0_1","sourceFeatureCount":33961,"heightEstimated":true},"geometry":{"type":"Polygon","coordinates":[[[114.186486,30.514162],[114.185966,30.51352],[114.187012,30.512891],[114.187532,30.513533],[114.186486,30.514162]]]}},{"type":"Feature","id":"d42c4aa7-1bfd-48be-92e1-59a0d6cc6400","properties":{"id":"d42c4aa7-1bfd-48be-92e1-59a0d6cc6400","height":29,"num_floors":9,"class":"building","areaM2":284,"sourceTile":"tile_0_1","sourceFeatureCount":33961,"heightEstimated":true},"geometry":{"type":"Polygon","coordinates":[[[114.177127,30.497036],[114.176621,30.4971],[114.177095,30.496934],[114.177127,30.497036]]]}},{"type":"Feature","id":"6fd61014-41c2-4c1f-ba33-66b0fc402e54","properties":{"id":"6fd61014-41c2-4c1f-ba33-66b0fc402e54","height":80,"num_floors":25,"class":"building","areaM2":8165,"sourceTile":"tile_0_1","sourceFeatureCount":33961,"heightEstimated":true},"geometry":{"type":"Polygon","coordinates":[[[114.17747,30.494116],[114.178433,30.493882],[114.178673,30.494624],[114.177711,30.494858],[114.17747,30.494116]]]}},{"type":"Feature","id":"f31c7d2b-16dd-445a-ae75-d9013cdfc69c","properties":{"id":"f31c7d2b-16dd-445a-ae75-d9013cdfc69c","height":8,"num_floors":3,"class":"industrial","areaM2":12608,"sourceTile":"tile_0_1","sourceFeatureCount":33961,"heightEstimated":false},"geometry":{"type":"Polygon","coordinates":[[[114.179907,30.493258],[114.178886,30.493478],[114.178517,30.492206],[114.179256,30.492046],[114.179907,30.493258]]]}},{"type":"Feature","id":"647c7a44-6af0-4e83-8dbd-a9bd17e5bf21","properties":{"id":"647c7a44-6af0-4e83-8dbd-a9bd17e5bf21","height":131,"num_floors":41,"class":"building","areaM2":21163,"sourceTile":"tile_0_1","sourceFeatureCount":33961,"heightEstimated":true},"geometry":{"type":"Polygon","coordinates":[[[114.200169,30.500157],[114.201244,30.501485],[114.201221,30.501821],[114.200709,30.502132],[114.198984,30.500306],[114.200169,30.500157]]]}},{"type":"Feature","id":"7f581865-a1f9-4c68-8c93-ca9822db34d9","properties":{"id":"7f581865-a1f9-4c68-8c93-ca9822db34d9","height":23,"num_floors":7,"class":"building","areaM2":64,"sourceTile":"tile_0_1","sourceFeatureCount":33961,"heightEstimated":true},"geometry":{"type":"Polygon","coordinates":[[[114.204239,30.494129],[114.204012,30.494299],[114.203987,30.494265],[114.204239,30.494129]]]}},{"type":"Feature","id":"62a494a3-c27e-4179-a6cf-20ff8c609a59","properties":{"id":"62a494a3-c27e-4179-a6cf-20ff8c609a59","height":9,"num_floors":3,"class":"industrial","areaM2":62061,"sourceTile":"tile_0_1","sourceFeatureCount":33961,"heightEstimated":false},"geometry":{"type":"Polygon","coordinates":[[[114.20403,30.498098],[114.201224,30.499899],[114.200456,30.498959],[114.204546,30.49648],[114.205425,30.497556],[114.204195,30.498301],[114.20403,30.498098]]]}},{"type":"Feature","id":"87f2dceb-d856-4a18-a341-67944f388bb6","properties":{"id":"87f2dceb-d856-4a18-a341-67944f388bb6","height":12,"num_floors":4,"class":"industrial","areaM2":28983,"sourceTile":"tile_0_1","sourceFeatureCount":33961,"heightEstimated":false},"geometry":{"type":"Polygon","coordinates":[[[114.205145,30.499495],[114.203174,30.500647],[114.202426,30.499698],[114.204397,30.498545],[114.205145,30.499495]]]}},{"type":"Feature","id":"46422e3d-a713-4fcb-b718-4adaeffac687","properties":{"id":"46422e3d-a713-4fcb-b718-4adaeffac687","height":9,"num_floors":3,"class":"industrial","areaM2":45548,"sourceTile":"tile_0_1","sourceFeatureCount":33961,"heightEstimated":false},"geometry":{"type":"Polygon","coordinates":[[[114.207229,30.500079],[114.203235,30.502476],[114.202835,30.50198],[114.204512,30.500974],[114.204221,30.500614],[114.206722,30.499113],[114.207229,30.500079]]]}},{"type":"Feature","id":"2106b5ac-7fe0-408a-b89c-2d01ff614c99","properties":{"id":"2106b5ac-7fe0-408a-b89c-2d01ff614c99","height":9,"num_floors":3,"class":"industrial","areaM2":36576,"sourceTile":"tile_0_1","sourceFeatureCount":33961,"heightEstimated":false},"geometry":{"type":"Polygon","coordinates":[[[114.204168,30.506182],[114.202703,30.504372],[114.203986,30.503602],[114.20545,30.505411],[114.204168,30.506182]]]}},{"type":"Feature","id":"e9ab9834-39f0-40af-9eea-bdf845fc8abe","properties":{"id":"e9ab9834-39f0-40af-9eea-bdf845fc8abe","height":9,"num_floors":3,"class":"building","areaM2":12200,"sourceTile":"tile_0_1","sourceFeatureCount":33961,"heightEstimated":false},"geometry":{"type":"Polygon","coordinates":[[[114.205423,30.506967],[114.204704,30.506059],[114.205569,30.505551],[114.206288,30.506459],[114.205423,30.506967]]]}},{"type":"Feature","id":"50f13494-c122-466c-be6d-cd728ac56078","properties":{"id":"50f13494-c122-466c-be6d-cd728ac56078","height":28,"num_floors":9,"class":"building","areaM2":222,"sourceTile":"tile_0_1","sourceFeatureCount":33961,"heightEstimated":true},"geometry":{"type":"Polygon","coordinates":[[[114.212002,30.511982],[114.211798,30.512251],[114.211719,30.51215],[114.212002,30.511982]]]}},{"type":"Feature","id":"e3fbd103-bcd1-42b2-9473-63b770a3d6b2","properties":{"id":"e3fbd103-bcd1-42b2-9473-63b770a3d6b2","height":25,"num_floors":8,"class":"building","areaM2":133,"sourceTile":"tile_0_1","sourceFeatureCount":33961,"heightEstimated":true},"geometry":{"type":"Polygon","coordinates":[[[114.202031,30.509982],[114.201896,30.509763],[114.202005,30.509753],[114.202031,30.509982]]]}},{"type":"Feature","id":"e91b818c-c616-4a3f-af34-ac8e22a26ac2","properties":{"id":"e91b818c-c616-4a3f-af34-ac8e22a26ac2","height":161,"num_floors":50,"class":"building","areaM2":38049,"sourceTile":"tile_0_1","sourceFeatureCount":33961,"heightEstimated":true},"geometry":{"type":"Polygon","coordinates":[[[114.20014,30.505646],[114.202139,30.508605],[114.201387,30.509069],[114.199179,30.506237],[114.20014,30.505646]]]}},{"type":"Feature","id":"1c5228a4-f11d-4d12-a4f1-53145d5140f2","properties":{"id":"1c5228a4-f11d-4d12-a4f1-53145d5140f2","height":87,"num_floors":27,"class":"building","areaM2":14420,"sourceTile":"tile_0_1","sourceFeatureCount":33961,"heightEstimated":true},"geometry":{"type":"Polygon","coordinates":[[[114.199005,30.503826],[114.199794,30.505054],[114.198981,30.505546],[114.198223,30.504341],[114.199005,30.503826]]]}},{"type":"Feature","id":"82966e1b-c008-4c74-a16e-26ff12594340","properties":{"id":"82966e1b-c008-4c74-a16e-26ff12594340","height":41,"num_floors":13,"class":"building","areaM2":1106,"sourceTile":"tile_0_1","sourceFeatureCount":33961,"heightEstimated":true},"geometry":{"type":"Polygon","coordinates":[[[114.195522,30.511306],[114.195524,30.510847],[114.195734,30.510771],[114.195732,30.511306],[114.195522,30.511306]]]}},{"type":"Feature","id":"29595b42-43a0-4a15-afc5-11c6b8241299","properties":{"id":"29595b42-43a0-4a15-afc5-11c6b8241299","height":23,"num_floors":7,"class":"building","areaM2":71,"sourceTile":"tile_0_1","sourceFeatureCount":33961,"heightEstimated":true},"geometry":{"type":"Polygon","coordinates":[[[114.204938,30.516291],[114.204981,30.516142],[114.205038,30.516253],[114.204938,30.516291]]]}},{"type":"Feature","id":"c66efa29-d00d-4c5c-ab1d-ad07790b5578","properties":{"id":"c66efa29-d00d-4c5c-ab1d-ad07790b5578","height":6,"num_floors":2,"class":"house","areaM2":85,"sourceTile":"tile_0_1","sourceFeatureCount":33961,"heightEstimated":false},"geometry":{"type":"Polygon","coordinates":[[[114.176865,30.516085],[114.176683,30.516175],[114.176683,30.516087],[114.176865,30.516085]]]}},{"type":"Feature","id":"6fb247dd-d18a-4aaa-a0a3-f00b0efd2be0","properties":{"id":"6fb247dd-d18a-4aaa-a0a3-f00b0efd2be0","height":22,"num_floors":7,"class":"building","areaM2":40,"sourceTile":"tile_0_1","sourceFeatureCount":33961,"heightEstimated":true},"geometry":{"type":"Polygon","coordinates":[[[114.233879,30.516114],[114.234006,30.516048],[114.234011,30.516105],[114.233879,30.516114]]]}},{"type":"Feature","id":"d67904f0-1366-4362-bec9-bd69067abedd","properties":{"id":"d67904f0-1366-4362-bec9-bd69067abedd","height":168,"num_floors":53,"class":"building","areaM2":75137,"sourceTile":"tile_0_1","sourceFeatureCount":33961,"heightEstimated":true},"geometry":{"type":"Polygon","coordinates":[[[114.241506,30.516275],[114.238355,30.518719],[114.237761,30.51728],[114.23857,30.51673],[114.2379,30.516058],[114.240189,30.514902],[114.241506,30.516275]]]}},{"type":"Feature","id":"8538fdc6-3247-4d2a-9a7a-91acff8f0510","properties":{"id":"8538fdc6-3247-4d2a-9a7a-91acff8f0510","height":168,"num_floors":53,"class":"building","areaM2":89983,"sourceTile":"tile_0_1","sourceFeatureCount":33961,"heightEstimated":true},"geometry":{"type":"Polygon","coordinates":[[[114.238462,30.509626],[114.239883,30.510203],[114.239301,30.511313],[114.238269,30.512133],[114.237045,30.512545],[114.235682,30.512566],[114.234265,30.511992],[114.234471,30.511501],[114.234049,30.511262],[114.234526,30.510763],[114.236346,30.511133],[114.237096,30.511011],[114.23771,30.510686],[114.238462,30.509626]]]}},{"type":"Feature","id":"14f57902-6058-4dbb-96dd-1e80204ae97a","properties":{"id":"14f57902-6058-4dbb-96dd-1e80204ae97a","height":131,"num_floors":41,"class":"building","areaM2":26645,"sourceTile":"tile_0_1","sourceFeatureCount":33961,"heightEstimated":true},"geometry":{"type":"Polygon","coordinates":[[[114.23976,30.507959],[114.238432,30.506557],[114.238568,30.506284],[114.240358,30.507311],[114.240506,30.508397],[114.241128,30.509268],[114.24082,30.509525],[114.239794,30.508785],[114.23976,30.507959]]]}},{"type":"Feature","id":"2be2e3fa-c66e-4bc0-af42-07f3e54e211b","properties":{"id":"2be2e3fa-c66e-4bc0-af42-07f3e54e211b","height":125,"num_floors":39,"class":"building","areaM2":21768,"sourceTile":"tile_0_1","sourceFeatureCount":33961,"heightEstimated":true},"geometry":{"type":"Polygon","coordinates":[[[114.23803,30.508854],[114.237585,30.508699],[114.23781,30.507944],[114.238438,30.507507],[114.239424,30.507455],[114.23976,30.507959],[114.239274,30.508549],[114.23803,30.508854]]]}},{"type":"Feature","id":"51c0e74c-e8d5-4965-b11a-2f35f2c54d88","properties":{"id":"51c0e74c-e8d5-4965-b11a-2f35f2c54d88","height":168,"num_floors":53,"class":"building","areaM2":90017,"sourceTile":"tile_0_1","sourceFeatureCount":33961,"heightEstimated":true},"geometry":{"type":"Polygon","coordinates":[[[114.234361,30.509871],[114.233334,30.510206],[114.23329,30.509744],[114.232743,30.509746],[114.232557,30.509487],[114.232885,30.508905],[114.23278,30.508275],[114.233294,30.507863],[114.233368,30.507319],[114.234045,30.507047],[114.234329,30.506584],[114.235527,30.506187],[114.237188,30.506245],[114.23706,30.507597],[114.23561,30.507678],[114.23452,30.508472],[114.234361,30.509871]]]}},{"type":"Feature","id":"de0d5617-0eb3-4ac0-9516-5fe0a51b1af4","properties":{"id":"de0d5617-0eb3-4ac0-9516-5fe0a51b1af4","height":25,"num_floors":8,"class":"building","areaM2":116,"sourceTile":"tile_0_1","sourceFeatureCount":33961,"heightEstimated":true},"geometry":{"type":"Polygon","coordinates":[[[114.227174,30.510915],[114.227318,30.511248],[114.227119,30.510941],[114.227174,30.510915]]]}},{"type":"Feature","id":"3f745e9d-0f47-4364-999d-18561586f40e","properties":{"id":"3f745e9d-0f47-4364-999d-18561586f40e","height":24,"num_floors":8,"class":"building","areaM2":84,"sourceTile":"tile_0_1","sourceFeatureCount":33961,"heightEstimated":true},"geometry":{"type":"Polygon","coordinates":[[[114.221815,30.505692],[114.221731,30.505491],[114.221876,30.50565],[114.221815,30.505692]]]}},{"type":"Feature","id":"a1d644a0-5f84-4b8c-85c0-5fcb42f67ce3","properties":{"id":"a1d644a0-5f84-4b8c-85c0-5fcb42f67ce3","height":29,"num_floors":9,"class":"building","areaM2":266,"sourceTile":"tile_0_1","sourceFeatureCount":33961,"heightEstimated":true},"geometry":{"type":"Polygon","coordinates":[[[114.221736,30.49495],[114.2221,30.495106],[114.221725,30.495084],[114.221736,30.49495]]]}},{"type":"Feature","id":"9ab75de6-f5cb-4771-9c63-4e3162cf7d76","properties":{"id":"9ab75de6-f5cb-4771-9c63-4e3162cf7d76","height":21,"num_floors":7,"class":"building","areaM2":30,"sourceTile":"tile_0_1","sourceFeatureCount":33961,"heightEstimated":true},"geometry":{"type":"Polygon","coordinates":[[[114.266453,30.502997],[114.266572,30.503028],[114.266531,30.503065],[114.266453,30.502997]]]}},{"type":"Feature","id":"e73d2bcd-d519-4e47-b604-c7f9332afd24","properties":{"id":"e73d2bcd-d519-4e47-b604-c7f9332afd24","height":20,"num_floors":6,"class":"building","areaM2":9,"sourceTile":"tile_0_1","sourceFeatureCount":33961,"heightEstimated":true},"geometry":{"type":"Polygon","coordinates":[[[114.26038,30.491204],[114.260326,30.491166],[114.260355,30.491155],[114.26038,30.491204]]]}},{"type":"Feature","id":"c5e04d1f-d892-49b6-b8f2-571ad9889e8b","properties":{"id":"c5e04d1f-d892-49b6-b8f2-571ad9889e8b","height":106,"num_floors":33,"class":"building","areaM2":12430,"sourceTile":"tile_0_1","sourceFeatureCount":33961,"heightEstimated":true},"geometry":{"type":"Polygon","coordinates":[[[114.260756,30.492515],[114.26064,30.492762],[114.260995,30.492697],[114.260961,30.492915],[114.259737,30.493699],[114.259197,30.493086],[114.260414,30.49235],[114.260756,30.492515]]]}},{"type":"Feature","id":"73faf2f6-a965-45b2-9ad1-a9615373ecbf","properties":{"id":"73faf2f6-a965-45b2-9ad1-a9615373ecbf","height":31,"num_floors":10,"class":"building","areaM2":375,"sourceTile":"tile_0_1","sourceFeatureCount":33961,"heightEstimated":true},"geometry":{"type":"Polygon","coordinates":[[[114.265893,30.496231],[114.266139,30.496139],[114.266139,30.496425],[114.265893,30.496231]]]}},{"type":"Feature","id":"4c582250-8205-4b8c-b653-bd32ad3190a9","properties":{"id":"4c582250-8205-4b8c-b653-bd32ad3190a9","height":108,"num_floors":34,"class":"building","areaM2":18729,"sourceTile":"tile_0_1","sourceFeatureCount":33961,"heightEstimated":true},"geometry":{"type":"Polygon","coordinates":[[[114.27285,30.404637],[114.272911,30.403653],[114.274675,30.40366],[114.27467,30.404645],[114.27285,30.404637]]]}},{"type":"Feature","id":"428e19a4-b1f8-4897-98e2-78645a857751","properties":{"id":"428e19a4-b1f8-4897-98e2-78645a857751","height":70,"num_floors":22,"class":"building","areaM2":8971,"sourceTile":"tile_0_1","sourceFeatureCount":33961,"heightEstimated":true},"geometry":{"type":"Polygon","coordinates":[[[114.275641,30.404695],[114.274803,30.404682],[114.274823,30.40365],[114.27566,30.40371],[114.275641,30.404695]]]}},{"type":"Feature","id":"0c8e9782-6f40-4b3e-9e9f-aa2a2c0c51f9","properties":{"id":"0c8e9782-6f40-4b3e-9e9f-aa2a2c0c51f9","height":162,"num_floors":51,"class":"building","areaM2":39069,"sourceTile":"tile_0_1","sourceFeatureCount":33961,"heightEstimated":true},"geometry":{"type":"Polygon","coordinates":[[[114.281599,30.401193],[114.277873,30.401199],[114.277871,30.400241],[114.281597,30.400175],[114.281599,30.401193]]]}},{"type":"Feature","id":"3915211b-f1ac-4706-afcd-e26574706d0d","properties":{"id":"3915211b-f1ac-4706-afcd-e26574706d0d","height":81,"num_floors":25,"class":"building","areaM2":12428,"sourceTile":"tile_0_1","sourceFeatureCount":33961,"heightEstimated":true},"geometry":{"type":"Polygon","coordinates":[[[114.280444,30.402514],[114.27772,30.402513],[114.278034,30.402453],[114.277727,30.402106],[114.280444,30.402013],[114.280444,30.402514]]]}},{"type":"Feature","id":"72fe6939-9cf1-4a4a-be47-8799a6e6c230","properties":{"id":"72fe6939-9cf1-4a4a-be47-8799a6e6c230","height":96,"num_floors":30,"class":"building","areaM2":15518,"sourceTile":"tile_0_1","sourceFeatureCount":33961,"heightEstimated":true},"geometry":{"type":"Polygon","coordinates":[[[114.2798,30.403508],[114.277713,30.403494],[114.277713,30.403412],[114.278006,30.403414],[114.278012,30.402695],[114.279807,30.402707],[114.2798,30.403508]]]}},{"type":"Feature","id":"3455c28f-e9b5-4daf-9267-132d87508c50","properties":{"id":"3455c28f-e9b5-4daf-9267-132d87508c50","height":80,"num_floors":25,"class":"building","areaM2":8695,"sourceTile":"tile_0_1","sourceFeatureCount":33961,"heightEstimated":true},"geometry":{"type":"Polygon","coordinates":[[[114.277728,30.403738],[114.279815,30.403666],[114.279816,30.404149],[114.27801,30.404151],[114.27801,30.403738],[114.277728,30.403738]]]}},{"type":"Feature","id":"44756080-934c-4ab1-84a6-e86e33294467","properties":{"id":"44756080-934c-4ab1-84a6-e86e33294467","height":36,"num_floors":11,"class":"building","areaM2":698,"sourceTile":"tile_0_1","sourceFeatureCount":33961,"heightEstimated":true},"geometry":{"type":"Polygon","coordinates":[[[114.269708,30.446161],[114.269431,30.4462],[114.269107,30.446246],[114.269087,30.446139],[114.269688,30.446054],[114.269708,30.446161]]]}},{"type":"Feature","id":"b58a1f20-e83b-4c75-a674-d41ff56f7832","properties":{"id":"b58a1f20-e83b-4c75-a674-d41ff56f7832","height":136,"num_floors":43,"class":"commercial","areaM2":24754,"sourceTile":"tile_0_1","sourceFeatureCount":33961,"heightEstimated":true},"geometry":{"type":"Polygon","coordinates":[[[114.269862,30.485842],[114.268986,30.486379],[114.268558,30.485841],[114.270519,30.484596],[114.27118,30.484885],[114.271112,30.485552],[114.270232,30.486167],[114.269862,30.485842]]]}},{"type":"Feature","id":"d72781b9-59f0-467b-87c7-a749466774ce","properties":{"id":"d72781b9-59f0-467b-87c7-a749466774ce","height":117,"num_floors":37,"class":"commercial","areaM2":16775,"sourceTile":"tile_0_1","sourceFeatureCount":33961,"heightEstimated":true},"geometry":{"type":"Polygon","coordinates":[[[114.270191,30.48111],[114.271661,30.480371],[114.272223,30.4812],[114.270957,30.481897],[114.270191,30.48111]]]}},{"type":"Feature","id":"18833272-8a33-4356-9925-77bb31a485a3","properties":{"id":"18833272-8a33-4356-9925-77bb31a485a3","height":20,"num_floors":6,"class":"building","areaM2":9,"sourceTile":"tile_0_1","sourceFeatureCount":33961,"heightEstimated":true},"geometry":{"type":"Polygon","coordinates":[[[114.272881,30.477539],[114.272856,30.477595],[114.272835,30.477575],[114.272881,30.477539]]]}},{"type":"Feature","id":"0d63631f-ff70-4828-b1d7-724af6803a0c","properties":{"id":"0d63631f-ff70-4828-b1d7-724af6803a0c","height":20,"num_floors":6,"class":"building","areaM2":18,"sourceTile":"tile_0_1","sourceFeatureCount":33961,"heightEstimated":true},"geometry":{"type":"Polygon","coordinates":[[[114.272728,30.470104],[114.272655,30.470062],[114.272716,30.470051],[114.272728,30.470104]]]}},{"type":"Feature","id":"c8fe537d-fe95-4088-b797-781519601ecd","properties":{"id":"c8fe537d-fe95-4088-b797-781519601ecd","height":146,"num_floors":46,"class":"building","areaM2":26981,"sourceTile":"tile_0_1","sourceFeatureCount":33961,"heightEstimated":true},"geometry":{"type":"Polygon","coordinates":[[[114.276803,30.465373],[114.273079,30.465354],[114.273084,30.464671],[114.276808,30.464689],[114.276803,30.465373]]]}},{"type":"Feature","id":"6a14d22a-83c9-4323-bb4e-5ae3f0dec636","properties":{"id":"6a14d22a-83c9-4323-bb4e-5ae3f0dec636","height":129,"num_floors":40,"class":"commercial","areaM2":25874,"sourceTile":"tile_0_1","sourceFeatureCount":33961,"heightEstimated":true},"geometry":{"type":"Polygon","coordinates":[[[114.274903,30.478437],[114.275832,30.480066],[114.274607,30.480399],[114.273507,30.478987],[114.274903,30.478437]]]}},{"type":"Feature","id":"d329eac1-72c1-4a32-8b36-eacc59f64c56","properties":{"id":"d329eac1-72c1-4a32-8b36-eacc59f64c56","height":24,"num_floors":8,"class":"building","areaM2":101,"sourceTile":"tile_0_1","sourceFeatureCount":33961,"heightEstimated":true},"geometry":{"type":"Polygon","coordinates":[[[114.275888,30.484864],[114.276092,30.48495],[114.275894,30.484959],[114.275888,30.484864]]]}},{"type":"Feature","id":"49e895ac-9173-44e6-9522-55d90b608103","properties":{"id":"49e895ac-9173-44e6-9522-55d90b608103","height":21,"num_floors":7,"class":"building","areaM2":30,"sourceTile":"tile_0_1","sourceFeatureCount":33961,"heightEstimated":true},"geometry":{"type":"Polygon","coordinates":[[[114.278403,30.482439],[114.278498,30.482502],[114.278399,30.482496],[114.278403,30.482439]]]}},{"type":"Feature","id":"e590a57e-7926-40a1-b8ae-3250a935dd09","properties":{"id":"e590a57e-7926-40a1-b8ae-3250a935dd09","height":22,"num_floors":7,"class":"building","areaM2":56,"sourceTile":"tile_0_1","sourceFeatureCount":33961,"heightEstimated":true},"geometry":{"type":"Polygon","coordinates":[[[114.282469,30.471243],[114.282374,30.471116],[114.282452,30.471109],[114.282469,30.471243]]]}},{"type":"Feature","id":"967f5a6b-c777-41e6-baba-7def9f4d9331","properties":{"id":"967f5a6b-c777-41e6-baba-7def9f4d9331","height":103,"num_floors":32,"class":"building","areaM2":19990,"sourceTile":"tile_0_1","sourceFeatureCount":33961,"heightEstimated":true},"geometry":{"type":"Polygon","coordinates":[[[114.28342,30.481954],[114.282174,30.481932],[114.282128,30.480436],[114.283391,30.480443],[114.28342,30.481954]]]}},{"type":"Feature","id":"ed2634c8-f71e-4ccf-9008-e7e2be2585a3","properties":{"id":"ed2634c8-f71e-4ccf-9008-e7e2be2585a3","height":108,"num_floors":34,"class":"building","areaM2":17508,"sourceTile":"tile_0_1","sourceFeatureCount":33961,"heightEstimated":true},"geometry":{"type":"Polygon","coordinates":[[[114.283772,30.485376],[114.284041,30.485169],[114.28404,30.486317],[114.283885,30.485798],[114.283875,30.486305],[114.282621,30.486095],[114.282329,30.486311],[114.282352,30.485173],[114.283555,30.485181],[114.283432,30.485801],[114.283621,30.485192],[114.283772,30.485376]]]}},{"type":"Feature","id":"dc23f4b9-ec5e-4a26-ae9d-5a1944c2d7b3","properties":{"id":"dc23f4b9-ec5e-4a26-ae9d-5a1944c2d7b3","height":22,"num_floors":7,"class":"building","areaM2":40,"sourceTile":"tile_0_1","sourceFeatureCount":33961,"heightEstimated":true},"geometry":{"type":"Polygon","coordinates":[[[114.285041,30.474521],[114.28494,30.474421],[114.284999,30.474405],[114.285041,30.474521]]]}},{"type":"Feature","id":"ee8579b4-8697-4ce7-83a1-6f4c836c134c","properties":{"id":"ee8579b4-8697-4ce7-83a1-6f4c836c134c","height":95,"num_floors":30,"class":"building","areaM2":16113,"sourceTile":"tile_0_1","sourceFeatureCount":33961,"heightEstimated":true},"geometry":{"type":"Polygon","coordinates":[[[114.287078,30.479853],[114.285806,30.479851],[114.285807,30.479154],[114.286464,30.479155],[114.286465,30.478291],[114.28726,30.47842],[114.287078,30.479853]]]}},{"type":"Feature","id":"7b223a85-5bc1-4c20-8490-a4ee45785132","properties":{"id":"7b223a85-5bc1-4c20-8490-a4ee45785132","height":38,"num_floors":12,"class":"building","areaM2":861,"sourceTile":"tile_0_1","sourceFeatureCount":33961,"heightEstimated":true},"geometry":{"type":"Polygon","coordinates":[[[114.288311,30.485639],[114.288019,30.485504],[114.288026,30.48537],[114.2885,30.485388],[114.288311,30.485639]]]}},{"type":"Feature","id":"89dd12e0-b27f-4d30-ad97-bd796e85843f","properties":{"id":"89dd12e0-b27f-4d30-ad97-bd796e85843f","height":28,"num_floors":9,"class":"building","areaM2":221,"sourceTile":"tile_0_1","sourceFeatureCount":33961,"heightEstimated":true},"geometry":{"type":"Polygon","coordinates":[[[114.288427,30.470591],[114.288888,30.470678],[114.288429,30.470681],[114.288427,30.470591]]]}},{"type":"Feature","id":"b2aa29bd-6c70-4e1a-b42c-95740c6d7e4f","properties":{"id":"b2aa29bd-6c70-4e1a-b42c-95740c6d7e4f","height":24,"num_floors":8,"class":"building","areaM2":107,"sourceTile":"tile_0_1","sourceFeatureCount":33961,"heightEstimated":true},"geometry":{"type":"Polygon","coordinates":[[[114.287614,30.446454],[114.28746,30.446265],[114.287551,30.446245],[114.287614,30.446454]]]}},{"type":"Feature","id":"cb6c4955-f50d-4792-b2e3-6fafde22682b","properties":{"id":"cb6c4955-f50d-4792-b2e3-6fafde22682b","height":20,"num_floors":6,"class":"building","areaM2":20,"sourceTile":"tile_0_1","sourceFeatureCount":33961,"heightEstimated":true},"geometry":{"type":"Polygon","coordinates":[[[114.287126,30.429731],[114.287026,30.429768],[114.287026,30.42973],[114.287126,30.429731]]]}},{"type":"Feature","id":"fdf34037-438f-47f3-92ab-9579e0346297","properties":{"id":"fdf34037-438f-47f3-92ab-9579e0346297","height":80,"num_floors":25,"class":"building","areaM2":10949,"sourceTile":"tile_0_1","sourceFeatureCount":33961,"heightEstimated":true},"geometry":{"type":"Polygon","coordinates":[[[114.288757,30.43147],[114.28875,30.432283],[114.287569,30.432288],[114.287565,30.43136],[114.288757,30.43147]]]}},{"type":"Feature","id":"7e950aeb-ef51-4976-9b88-da3084ff7bf3","properties":{"id":"7e950aeb-ef51-4976-9b88-da3084ff7bf3","height":105,"num_floors":33,"class":"building","areaM2":15582,"sourceTile":"tile_0_1","sourceFeatureCount":33961,"heightEstimated":true},"geometry":{"type":"Polygon","coordinates":[[[114.285704,30.432157],[114.28385,30.432279],[114.283857,30.431476],[114.28582,30.431489],[114.285961,30.431844],[114.285704,30.432157]]]}},{"type":"Feature","id":"74503280-87bf-4f81-a4ac-b02750f1e49a","properties":{"id":"74503280-87bf-4f81-a4ac-b02750f1e49a","height":110,"num_floors":34,"class":"industrial","areaM2":16486,"sourceTile":"tile_0_1","sourceFeatureCount":33961,"heightEstimated":true},"geometry":{"type":"Polygon","coordinates":[[[114.280318,30.405398],[114.280316,30.404512],[114.282153,30.404509],[114.282155,30.405261],[114.282887,30.40526],[114.280318,30.405398]]]}},{"type":"Feature","id":"773e8ed1-b96e-4ff8-b954-5fcfdd5ace0f","properties":{"id":"773e8ed1-b96e-4ff8-b954-5fcfdd5ace0f","height":30,"num_floors":9,"class":"building","areaM2":319,"sourceTile":"tile_0_1","sourceFeatureCount":33961,"heightEstimated":true},"geometry":{"type":"Polygon","coordinates":[[[114.282608,30.407315],[114.282877,30.407085],[114.282903,30.407287],[114.282608,30.407315]]]}},{"type":"Feature","id":"9a75bdd1-515b-4f32-b3d4-67863531de62","properties":{"id":"9a75bdd1-515b-4f32-b3d4-67863531de62","height":98,"num_floors":31,"class":"building","areaM2":10546,"sourceTile":"tile_0_1","sourceFeatureCount":33961,"heightEstimated":true},"geometry":{"type":"Polygon","coordinates":[[[114.284191,30.40117],[114.2819,30.40117],[114.2819,30.400788],[114.284191,30.400685],[114.284191,30.40117]]]}},{"type":"Feature","id":"74a32d56-e98f-458d-ab15-a49be11cb4b6","properties":{"id":"74a32d56-e98f-458d-ab15-a49be11cb4b6","height":90,"num_floors":28,"class":"building","areaM2":9523,"sourceTile":"tile_0_1","sourceFeatureCount":33961,"heightEstimated":true},"geometry":{"type":"Polygon","coordinates":[[[114.288041,30.401038],[114.286378,30.40104],[114.286377,30.4005],[114.28804,30.400498],[114.288041,30.401038]]]}},{"type":"Feature","id":"6ff72282-01fe-417c-a2c9-fe2298ef5e3b","properties":{"id":"6ff72282-01fe-417c-a2c9-fe2298ef5e3b","height":71,"num_floors":22,"class":"building","areaM2":9523,"sourceTile":"tile_0_1","sourceFeatureCount":33961,"heightEstimated":true},"geometry":{"type":"Polygon","coordinates":[[[114.288388,30.400359],[114.286726,30.400361],[114.286725,30.399822],[114.288388,30.399819],[114.288388,30.400359]]]}},{"type":"Feature","id":"2ed9b065-d50a-4e96-b699-9866a2953451","properties":{"id":"2ed9b065-d50a-4e96-b699-9866a2953451","height":96,"num_floors":30,"class":"building","areaM2":10121,"sourceTile":"tile_0_1","sourceFeatureCount":33961,"heightEstimated":true},"geometry":{"type":"Polygon","coordinates":[[[114.28833,30.402505],[114.286508,30.402505],[114.286508,30.401981],[114.28833,30.401981],[114.28833,30.402505]]]}},{"type":"Feature","id":"7583e364-41cc-47eb-8f84-c882648d81ab","properties":{"id":"7583e364-41cc-47eb-8f84-c882648d81ab","height":110,"num_floors":34,"class":"building","areaM2":12485,"sourceTile":"tile_0_1","sourceFeatureCount":33961,"heightEstimated":true},"geometry":{"type":"Polygon","coordinates":[[[114.287685,30.403706],[114.286399,30.403711],[114.286394,30.402797],[114.28768,30.402791],[114.287685,30.403706]]]}},{"type":"Feature","id":"cd6471de-4907-4e21-87fa-733f0e848ec1","properties":{"id":"cd6471de-4907-4e21-87fa-733f0e848ec1","height":90,"num_floors":28,"class":"building","areaM2":10642,"sourceTile":"tile_0_1","sourceFeatureCount":33961,"heightEstimated":true},"geometry":{"type":"Polygon","coordinates":[[[114.284839,30.405406],[114.284775,30.40498],[114.287081,30.404723],[114.287145,30.405153],[114.284839,30.405406]]]}},{"type":"Feature","id":"095ec6b5-6911-4ebf-a4be-8800a5a80d8c","properties":{"id":"095ec6b5-6911-4ebf-a4be-8800a5a80d8c","height":101,"num_floors":32,"class":"building","areaM2":12133,"sourceTile":"tile_0_1","sourceFeatureCount":33961,"heightEstimated":true},"geometry":{"type":"Polygon","coordinates":[[[114.291697,30.402776],[114.293231,30.402774],[114.293232,30.403519],[114.291699,30.403521],[114.291697,30.402776]]]}},{"type":"Feature","id":"298cd4b2-5ecf-4d5d-9652-c5881aff97ae","properties":{"id":"298cd4b2-5ecf-4d5d-9652-c5881aff97ae","height":31,"num_floors":10,"class":"building","areaM2":403,"sourceTile":"tile_0_1","sourceFeatureCount":33961,"heightEstimated":true},"geometry":{"type":"Polygon","coordinates":[[[114.29123,30.407733],[114.29194,30.407788],[114.291241,30.407841],[114.29123,30.407733]]]}},{"type":"Feature","id":"7b96dd70-fc8d-4c8d-a402-c743b7fd5db0","properties":{"id":"7b96dd70-fc8d-4c8d-a402-c743b7fd5db0","height":68,"num_floors":21,"class":"building","areaM2":8257,"sourceTile":"tile_0_1","sourceFeatureCount":33961,"heightEstimated":true},"geometry":{"type":"Polygon","coordinates":[[[114.295895,30.414735],[114.294167,30.414698],[114.29418,30.414248],[114.295907,30.414285],[114.295895,30.414735]]]}},{"type":"Feature","id":"8ca47b4e-83c9-48ac-85c9-7b32304177bc","properties":{"id":"8ca47b4e-83c9-48ac-85c9-7b32304177bc","height":93,"num_floors":29,"class":"building","areaM2":9929,"sourceTile":"tile_0_1","sourceFeatureCount":33961,"heightEstimated":true},"geometry":{"type":"Polygon","coordinates":[[[114.296128,30.409399],[114.296179,30.407736],[114.296752,30.407755],[114.296679,30.409417],[114.296128,30.409399]]]}},{"type":"Feature","id":"56b8f130-9a0d-46f7-bf8e-8ec9002731da","properties":{"id":"56b8f130-9a0d-46f7-bf8e-8ec9002731da","height":21,"num_floors":7,"class":"building","areaM2":34,"sourceTile":"tile_0_1","sourceFeatureCount":33961,"heightEstimated":true},"geometry":{"type":"Polygon","coordinates":[[[114.300268,30.400725],[114.300287,30.40062],[114.300339,30.400671],[114.300268,30.400725]]]}},{"type":"Feature","id":"884b4fae-c5b4-42b9-9f92-f74947745c91","properties":{"id":"884b4fae-c5b4-42b9-9f92-f74947745c91","height":99,"num_floors":31,"class":"building","areaM2":9650,"sourceTile":"tile_0_1","sourceFeatureCount":33961,"heightEstimated":true},"geometry":{"type":"Polygon","coordinates":[[[114.298028,30.412347],[114.298048,30.411682],[114.299414,30.411712],[114.299395,30.412377],[114.298028,30.412347]]]}},{"type":"Feature","id":"054c21de-b964-4ef7-ad66-cb9dd344da2f","properties":{"id":"054c21de-b964-4ef7-ad66-cb9dd344da2f","height":168,"num_floors":53,"class":"building","areaM2":46682,"sourceTile":"tile_0_1","sourceFeatureCount":33961,"heightEstimated":true},"geometry":{"type":"Polygon","coordinates":[[[114.299479,30.411459],[114.296582,30.411383],[114.296636,30.409866],[114.299533,30.409942],[114.299479,30.411459]]]}},{"type":"Feature","id":"3b94ee37-4d06-4cfb-b10c-8ea55f3b2197","properties":{"id":"3b94ee37-4d06-4cfb-b10c-8ea55f3b2197","height":39,"num_floors":12,"class":"building","areaM2":967,"sourceTile":"tile_0_1","sourceFeatureCount":33961,"heightEstimated":true},"geometry":{"type":"Polygon","coordinates":[[[114.29805,30.425667],[114.297687,30.425746],[114.297619,30.42551],[114.297982,30.425431],[114.29805,30.425667]]]}},{"type":"Feature","id":"a4e34a20-4df4-439c-9a7d-ee45eb6bf63b","properties":{"id":"a4e34a20-4df4-439c-9a7d-ee45eb6bf63b","height":92,"num_floors":29,"class":"building","areaM2":8956,"sourceTile":"tile_0_1","sourceFeatureCount":33961,"heightEstimated":true},"geometry":{"type":"Polygon","coordinates":[[[114.299708,30.418192],[114.29971,30.419301],[114.298949,30.419302],[114.298947,30.418193],[114.299708,30.418192]]]}},{"type":"Feature","id":"69cc014b-a9cd-4220-bc51-cc4b62782da0","properties":{"id":"69cc014b-a9cd-4220-bc51-cc4b62782da0","height":77,"num_floors":24,"class":"building","areaM2":8378,"sourceTile":"tile_0_1","sourceFeatureCount":33961,"heightEstimated":true},"geometry":{"type":"Polygon","coordinates":[[[114.300421,30.436252],[114.300449,30.43717],[114.2996,30.437205],[114.29955,30.436288],[114.300421,30.436252]]]}},{"type":"Feature","id":"ce03fa22-7c10-49b5-add7-120c0fa47410","properties":{"id":"ce03fa22-7c10-49b5-add7-120c0fa47410","height":21,"num_floors":7,"class":"building","areaM2":39,"sourceTile":"tile_0_1","sourceFeatureCount":33961,"heightEstimated":true},"geometry":{"type":"Polygon","coordinates":[[[114.29996,30.434276],[114.299967,30.43416],[114.300026,30.43424],[114.29996,30.434276]]]}},{"type":"Feature","id":"df7667a2-af5f-445c-a7af-05ea454bf79b","properties":{"id":"df7667a2-af5f-445c-a7af-05ea454bf79b","height":20,"num_floors":6,"class":"building","areaM2":16,"sourceTile":"tile_0_1","sourceFeatureCount":33961,"heightEstimated":true},"geometry":{"type":"Polygon","coordinates":[[[114.291257,30.447059],[114.291222,30.446965],[114.291254,30.446964],[114.291257,30.447059]]]}},{"type":"Feature","id":"d264ddaa-9947-4c32-88e6-bbb5c20abd7c","properties":{"id":"d264ddaa-9947-4c32-88e6-bbb5c20abd7c","height":113,"num_floors":35,"class":"building","areaM2":23131,"sourceTile":"tile_0_1","sourceFeatureCount":33961,"heightEstimated":true},"geometry":{"type":"Polygon","coordinates":[[[114.293498,30.467787],[114.29181,30.467798],[114.291821,30.466498],[114.293487,30.466486],[114.293498,30.467787]]]}},{"type":"Feature","id":"5bb5b37a-ead2-4d00-ab27-c61cf064a6ea","properties":{"id":"5bb5b37a-ead2-4d00-ab27-c61cf064a6ea","height":91,"num_floors":28,"class":"building","areaM2":9820,"sourceTile":"tile_0_1","sourceFeatureCount":33961,"heightEstimated":true},"geometry":{"type":"Polygon","coordinates":[[[114.291992,30.475034],[114.29199,30.474728],[114.292674,30.474724],[114.292677,30.475068],[114.293317,30.475064],[114.293319,30.475283],[114.29289,30.475439],[114.291433,30.475449],[114.291451,30.475028],[114.291992,30.475034]],[[114.292378,30.474955],[114.292224,30.475023],[114.292378,30.475022],[114.292378,30.474955]],[[114.291585,30.47518],[114.291863,30.475341],[114.291861,30.475178],[114.291585,30.47518]],[[114.292822,30.47521],[114.292779,30.475373],[114.292812,30.475373],[114.292822,30.47521]],[[114.29215,30.475339],[114.292414,30.47527],[114.292148,30.475215],[114.29215,30.475339]]]}},{"type":"Feature","id":"0ee5706e-7b4d-4448-b3b9-fb65b9080d6d","properties":{"id":"0ee5706e-7b4d-4448-b3b9-fb65b9080d6d","height":24,"num_floors":8,"class":"building","areaM2":101,"sourceTile":"tile_0_1","sourceFeatureCount":33961,"heightEstimated":true},"geometry":{"type":"Polygon","coordinates":[[[114.291277,30.485014],[114.291555,30.484939],[114.291319,30.485071],[114.291277,30.485014]]]}},{"type":"Feature","id":"d43c77ab-6079-42d9-ab86-c3c2a7daf80b","properties":{"id":"d43c77ab-6079-42d9-ab86-c3c2a7daf80b","height":26,"num_floors":8,"class":"building","areaM2":165,"sourceTile":"tile_0_1","sourceFeatureCount":33961,"heightEstimated":true},"geometry":{"type":"Polygon","coordinates":[[[114.298682,30.474569],[114.298248,30.474412],[114.298699,30.474503],[114.298682,30.474569]]]}},{"type":"Feature","id":"8f9798d2-d61f-4ed7-b2fe-beb9404aab75","properties":{"id":"8f9798d2-d61f-4ed7-b2fe-beb9404aab75","height":72,"num_floors":23,"class":"library","areaM2":8303,"sourceTile":"tile_0_1","sourceFeatureCount":33961,"heightEstimated":true},"geometry":{"type":"Polygon","coordinates":[[[114.301956,30.482941],[114.300869,30.482817],[114.300977,30.482109],[114.302065,30.482234],[114.301956,30.482941]]]}},{"type":"Feature","id":"933e4995-12f9-4385-8ad6-998f450c2349","properties":{"id":"933e4995-12f9-4385-8ad6-998f450c2349","height":111,"num_floors":35,"class":"building","areaM2":18611,"sourceTile":"tile_0_1","sourceFeatureCount":33961,"heightEstimated":true},"geometry":{"type":"Polygon","coordinates":[[[114.301808,30.484346],[114.300216,30.484151],[114.300394,30.48307],[114.301986,30.483265],[114.301808,30.484346]]]}},{"type":"Feature","id":"6a39bb08-3adc-4bdc-96bb-1d153bbda513","properties":{"id":"6a39bb08-3adc-4bdc-96bb-1d153bbda513","height":29,"num_floors":9,"class":"house","areaM2":287,"sourceTile":"tile_0_1","sourceFeatureCount":33961,"heightEstimated":true},"geometry":{"type":"Polygon","coordinates":[[[114.301921,30.486394],[114.301823,30.486916],[114.301817,30.486394],[114.301921,30.486394]]]}},{"type":"Feature","id":"6c5d6fae-4732-408c-9041-420bc3d4584d","properties":{"id":"6c5d6fae-4732-408c-9041-420bc3d4584d","height":74,"num_floors":23,"class":"university","areaM2":9934,"sourceTile":"tile_0_1","sourceFeatureCount":33961,"heightEstimated":true},"geometry":{"type":"Polygon","coordinates":[[[114.302385,30.480131],[114.301277,30.480115],[114.301394,30.479236],[114.302528,30.479355],[114.302385,30.480131]]]}},{"type":"Feature","id":"5dac8954-2a50-4eaf-9d01-c23ad16e4a0d","properties":{"id":"5dac8954-2a50-4eaf-9d01-c23ad16e4a0d","height":78,"num_floors":24,"class":"building","areaM2":10363,"sourceTile":"tile_0_1","sourceFeatureCount":33961,"heightEstimated":true},"geometry":{"type":"Polygon","coordinates":[[[114.30206,30.453679],[114.301667,30.453457],[114.302222,30.453538],[114.302078,30.454564],[114.300761,30.454372],[114.301017,30.453808],[114.30206,30.453679]]]}},{"type":"Feature","id":"6ebbe8ce-6312-4dc9-9687-2a5ad4d86cb7","properties":{"id":"6ebbe8ce-6312-4dc9-9687-2a5ad4d86cb7","height":23,"num_floors":7,"class":"building","areaM2":80,"sourceTile":"tile_0_1","sourceFeatureCount":33961,"heightEstimated":true},"geometry":{"type":"Polygon","coordinates":[[[114.299873,30.457122],[114.299706,30.457196],[114.299762,30.457082],[114.299873,30.457122]]]}},{"type":"Feature","id":"aa5794ae-d32d-465e-a2f0-bdd1994cfa52","properties":{"id":"aa5794ae-d32d-465e-a2f0-bdd1994cfa52","height":21,"num_floors":7,"class":"building","areaM2":39,"sourceTile":"tile_0_1","sourceFeatureCount":33961,"heightEstimated":true},"geometry":{"type":"Polygon","coordinates":[[[114.303289,30.445448],[114.303224,30.44555],[114.30319,30.445488],[114.303289,30.445448]]]}},{"type":"Feature","id":"893d1992-ea24-4149-9ffe-9bcf592d3db5","properties":{"id":"893d1992-ea24-4149-9ffe-9bcf592d3db5","height":20,"num_floors":6,"class":"building","areaM2":14,"sourceTile":"tile_0_1","sourceFeatureCount":33961,"heightEstimated":true},"geometry":{"type":"Polygon","coordinates":[[[114.30518,30.452799],[114.305231,30.452748],[114.305235,30.452796],[114.30518,30.452799]]]}},{"type":"Feature","id":"5d712179-a5ca-465c-9fd9-b2f58ff518d5","properties":{"id":"5d712179-a5ca-465c-9fd9-b2f58ff518d5","height":27,"num_floors":8,"class":"building","areaM2":208,"sourceTile":"tile_0_1","sourceFeatureCount":33961,"heightEstimated":true},"geometry":{"type":"Polygon","coordinates":[[[114.302987,30.455314],[114.303353,30.4553],[114.303311,30.455409],[114.302987,30.455314]]]}},{"type":"Feature","id":"ac408a30-b616-4948-b626-9e7c82875ddc","properties":{"id":"ac408a30-b616-4948-b626-9e7c82875ddc","height":25,"num_floors":8,"class":"building","areaM2":112,"sourceTile":"tile_0_1","sourceFeatureCount":33961,"heightEstimated":true},"geometry":{"type":"Polygon","coordinates":[[[114.303496,30.47647],[114.303768,30.476557],[114.303492,30.476547],[114.303496,30.47647]]]}},{"type":"Feature","id":"007603dc-4877-4c6b-b9fa-ba8b61a563b2","properties":{"id":"007603dc-4877-4c6b-b9fa-ba8b61a563b2","height":85,"num_floors":27,"class":"college","areaM2":9777,"sourceTile":"tile_0_1","sourceFeatureCount":33961,"heightEstimated":true},"geometry":{"type":"Polygon","coordinates":[[[114.303854,30.481362],[114.30259,30.481244],[114.30272,30.480503],[114.303927,30.480631],[114.303854,30.481362]]]}},{"type":"Feature","id":"423a90ef-e5b7-4b4d-8dcc-b2f5effd74c8","properties":{"id":"423a90ef-e5b7-4b4d-8dcc-b2f5effd74c8","height":21,"num_floors":7,"class":"building","areaM2":25,"sourceTile":"tile_0_1","sourceFeatureCount":33961,"heightEstimated":true},"geometry":{"type":"Polygon","coordinates":[[[114.307159,30.477689],[114.307242,30.477636],[114.30724,30.477694],[114.307159,30.477689]]]}},{"type":"Feature","id":"40e6202a-8f49-45c7-88a6-4bd646596126","properties":{"id":"40e6202a-8f49-45c7-88a6-4bd646596126","height":21,"num_floors":7,"class":"building","areaM2":30,"sourceTile":"tile_0_1","sourceFeatureCount":33961,"heightEstimated":true},"geometry":{"type":"Polygon","coordinates":[[[114.309892,30.47241],[114.309789,30.472462],[114.309793,30.472405],[114.309892,30.47241]]]}},{"type":"Feature","id":"799a1542-96ce-4556-b688-faa6740b5afa","properties":{"id":"799a1542-96ce-4556-b688-faa6740b5afa","height":94,"num_floors":29,"class":"building","areaM2":9468,"sourceTile":"tile_0_1","sourceFeatureCount":33961,"heightEstimated":true},"geometry":{"type":"Polygon","coordinates":[[[114.311398,30.477148],[114.311424,30.478029],[114.310261,30.477808],[114.310284,30.47712],[114.311398,30.477148]]]}},{"type":"Feature","id":"ec37c7b9-b6da-4631-b439-db51bd1f2a57","properties":{"id":"ec37c7b9-b6da-4631-b439-db51bd1f2a57","height":24,"num_floors":8,"class":"building","areaM2":106,"sourceTile":"tile_0_1","sourceFeatureCount":33961,"heightEstimated":true},"geometry":{"type":"Polygon","coordinates":[[[114.310818,30.480912],[114.310512,30.4809],[114.310802,30.480846],[114.310818,30.480912]]]}},{"type":"Feature","id":"4878b7e4-233b-4da0-b718-46e13fc13047","properties":{"id":"4878b7e4-233b-4da0-b718-46e13fc13047","height":29,"num_floors":9,"class":"building","areaM2":289,"sourceTile":"tile_0_1","sourceFeatureCount":33961,"heightEstimated":true},"geometry":{"type":"Polygon","coordinates":[[[114.312384,30.471854],[114.312409,30.47193],[114.31172,30.472006],[114.312384,30.471854]]]}},{"type":"Feature","id":"f89dc118-63ce-4183-bb7f-5153c7a9fd3a","properties":{"id":"f89dc118-63ce-4183-bb7f-5153c7a9fd3a","height":23,"num_floors":7,"class":"building","areaM2":63,"sourceTile":"tile_0_1","sourceFeatureCount":33961,"heightEstimated":true},"geometry":{"type":"Polygon","coordinates":[[[114.310831,30.458267],[114.310654,30.458285],[114.310689,30.458215],[114.310831,30.458267]]]}},{"type":"Feature","id":"8ebf652c-0b04-46b3-82df-3e066510e135","properties":{"id":"8ebf652c-0b04-46b3-82df-3e066510e135","height":168,"num_floors":53,"class":"building","areaM2":48130,"sourceTile":"tile_0_1","sourceFeatureCount":33961,"heightEstimated":true},"geometry":{"type":"Polygon","coordinates":[[[114.30806,30.462153],[114.308786,30.461375],[114.312061,30.463859],[114.311256,30.464696],[114.30806,30.462153]]]}},{"type":"Feature","id":"2ba61aec-67d4-46c4-bb8c-386dcef5e238","properties":{"id":"2ba61aec-67d4-46c4-bb8c-386dcef5e238","height":24,"num_floors":8,"class":"building","areaM2":98,"sourceTile":"tile_0_1","sourceFeatureCount":33961,"heightEstimated":true},"geometry":{"type":"Polygon","coordinates":[[[114.309837,30.454893],[114.309979,30.454757],[114.310005,30.454863],[114.309837,30.454893]]]}},{"type":"Feature","id":"4a585a34-8608-4686-a697-682f355a7b6d","properties":{"id":"4a585a34-8608-4686-a697-682f355a7b6d","height":24,"num_floors":8,"class":"building","areaM2":101,"sourceTile":"tile_0_1","sourceFeatureCount":33961,"heightEstimated":true},"geometry":{"type":"Polygon","coordinates":[[[114.310248,30.445473],[114.310154,30.445294],[114.310314,30.445397],[114.310248,30.445473]]]}},{"type":"Feature","id":"e3545e1d-87c3-4311-82ca-c9df068bbc18","properties":{"id":"e3545e1d-87c3-4311-82ca-c9df068bbc18","height":28,"num_floors":9,"class":"building","areaM2":233,"sourceTile":"tile_0_1","sourceFeatureCount":33961,"heightEstimated":true},"geometry":{"type":"Polygon","coordinates":[[[114.308561,30.416406],[114.308166,30.416539],[114.308157,30.416431],[114.308561,30.416406]]]}},{"type":"Feature","id":"3926db29-1a13-4ab1-8064-93669c719742","properties":{"id":"3926db29-1a13-4ab1-8064-93669c719742","height":32,"num_floors":10,"class":"building","areaM2":427,"sourceTile":"tile_0_1","sourceFeatureCount":33961,"heightEstimated":true},"geometry":{"type":"Polygon","coordinates":[[[114.303262,30.42516],[114.302664,30.425275],[114.302546,30.425163],[114.303262,30.42516]]]}},{"type":"Feature","id":"af630875-0143-4959-8765-df26529dbef5","properties":{"id":"af630875-0143-4959-8765-df26529dbef5","height":31,"num_floors":10,"class":"building","areaM2":405,"sourceTile":"tile_0_1","sourceFeatureCount":33961,"heightEstimated":true},"geometry":{"type":"Polygon","coordinates":[[[114.308001,30.416238],[114.308054,30.416645],[114.307947,30.416321],[114.307304,30.416387],[114.308001,30.416238]]]}},{"type":"Feature","id":"1941b735-a7cc-45e4-bee8-6ae62f125581","properties":{"id":"1941b735-a7cc-45e4-bee8-6ae62f125581","height":27,"num_floors":8,"class":"building","areaM2":197,"sourceTile":"tile_0_1","sourceFeatureCount":33961,"heightEstimated":true},"geometry":{"type":"Polygon","coordinates":[[[114.304552,30.41557],[114.304459,30.415487],[114.304889,30.415471],[114.304552,30.41557]]]}},{"type":"Feature","id":"d0b0b9ba-5f78-4020-950b-53165e7781a2","properties":{"id":"d0b0b9ba-5f78-4020-950b-53165e7781a2","height":32,"num_floors":10,"class":"building","areaM2":435,"sourceTile":"tile_0_1","sourceFeatureCount":33961,"heightEstimated":true},"geometry":{"type":"Polygon","coordinates":[[[114.308985,30.407394],[114.309107,30.407377],[114.309427,30.40738],[114.309425,30.407476],[114.308984,30.407471],[114.308985,30.407394]]]}},{"type":"Feature","id":"3b994252-f8e0-4a1b-9ce9-23631eaa9e9d","properties":{"id":"3b994252-f8e0-4a1b-9ce9-23631eaa9e9d","height":69,"num_floors":22,"class":"university","areaM2":9320,"sourceTile":"tile_0_1","sourceFeatureCount":33961,"heightEstimated":true},"geometry":{"type":"Polygon","coordinates":[[[114.309289,30.404567],[114.309891,30.404384],[114.309899,30.406081],[114.309295,30.406083],[114.309675,30.405686],[114.309321,30.405686],[114.309289,30.404567]]]}},{"type":"Feature","id":"faa85dad-c114-49a4-8c8d-844e868d145f","properties":{"id":"faa85dad-c114-49a4-8c8d-844e868d145f","height":77,"num_floors":24,"class":"building","areaM2":10356,"sourceTile":"tile_0_1","sourceFeatureCount":33961,"heightEstimated":true},"geometry":{"type":"Polygon","coordinates":[[[114.311691,30.407669],[114.31198,30.407499],[114.31197,30.408627],[114.310812,30.4086],[114.310822,30.407434],[114.311109,30.407436],[114.311026,30.408114],[114.311061,30.407837],[114.311601,30.407841],[114.311717,30.408501],[114.311882,30.408502],[114.311691,30.407669]]]}},{"type":"Feature","id":"8eebc571-5604-48ea-8eb4-21a5d6e502f4","properties":{"id":"8eebc571-5604-48ea-8eb4-21a5d6e502f4","height":20,"num_floors":6,"class":"building","areaM2":17,"sourceTile":"tile_0_1","sourceFeatureCount":33961,"heightEstimated":true},"geometry":{"type":"Polygon","coordinates":[[[114.314767,30.407284],[114.314737,30.407359],[114.314707,30.407328],[114.314767,30.407284]]]}},{"type":"Feature","id":"b7bd6b00-0563-40f7-aa88-d5064109c6c1","properties":{"id":"b7bd6b00-0563-40f7-aa88-d5064109c6c1","height":22,"num_floors":7,"class":"building","areaM2":49,"sourceTile":"tile_0_1","sourceFeatureCount":33961,"heightEstimated":true},"geometry":{"type":"Polygon","coordinates":[[[114.319966,30.416016],[114.319869,30.416002],[114.320208,30.415954],[114.319966,30.416016]]]}},{"type":"Feature","id":"c700255e-f8b4-4f4b-8f29-54eaf1dcd8b5","properties":{"id":"c700255e-f8b4-4f4b-8f29-54eaf1dcd8b5","height":27,"num_floors":8,"class":"building","areaM2":190,"sourceTile":"tile_0_1","sourceFeatureCount":33961,"heightEstimated":true},"geometry":{"type":"Polygon","coordinates":[[[114.318357,30.436684],[114.318074,30.436579],[114.318337,30.43655],[114.318357,30.436684]]]}},{"type":"Feature","id":"02a9f7bf-5d1a-4380-ad95-d67ada1c7625","properties":{"id":"02a9f7bf-5d1a-4380-ad95-d67ada1c7625","height":66,"num_floors":21,"class":"building","areaM2":8321,"sourceTile":"tile_0_1","sourceFeatureCount":33961,"heightEstimated":true},"geometry":{"type":"Polygon","coordinates":[[[114.314805,30.425824],[114.313408,30.425834],[114.313403,30.425323],[114.315079,30.425311],[114.314805,30.425824]]]}},{"type":"Feature","id":"d9d83cc7-7360-4af1-aebf-d75eaf566772","properties":{"id":"d9d83cc7-7360-4af1-aebf-d75eaf566772","height":30,"num_floors":9,"class":"building","areaM2":336,"sourceTile":"tile_0_1","sourceFeatureCount":33961,"heightEstimated":true},"geometry":{"type":"Polygon","coordinates":[[[114.31707,30.450264],[114.316412,30.450375],[114.316409,30.450279],[114.31707,30.450264]]]}},{"type":"Feature","id":"71678a0c-c0aa-4121-9b37-535f2148d60d","properties":{"id":"71678a0c-c0aa-4121-9b37-535f2148d60d","height":25,"num_floors":8,"class":"building","areaM2":117,"sourceTile":"tile_0_1","sourceFeatureCount":33961,"heightEstimated":true},"geometry":{"type":"Polygon","coordinates":[[[114.314124,30.479779],[114.314217,30.479496],[114.314201,30.479782],[114.314124,30.479779]]]}},{"type":"Feature","id":"ca962d5b-07b8-490c-be90-13fc2261c069","properties":{"id":"ca962d5b-07b8-490c-be90-13fc2261c069","height":20,"num_floors":6,"class":"building","areaM2":13,"sourceTile":"tile_0_1","sourceFeatureCount":33961,"heightEstimated":true},"geometry":{"type":"Polygon","coordinates":[[[114.317278,30.486361],[114.317366,30.486323],[114.317371,30.486349],[114.317278,30.486361]]]}},{"type":"Feature","id":"5bedbd99-0d67-466c-ad95-e11a15d5657d","properties":{"id":"5bedbd99-0d67-466c-ad95-e11a15d5657d","height":20,"num_floors":6,"class":"building","areaM2":13,"sourceTile":"tile_0_1","sourceFeatureCount":33961,"heightEstimated":true},"geometry":{"type":"Polygon","coordinates":[[[114.31651,30.466886],[114.316643,30.466875],[114.316642,30.466894],[114.31651,30.466886]]]}},{"type":"Feature","id":"ffbfa397-0b28-4fac-bfc1-73e29a1f29dc","properties":{"id":"ffbfa397-0b28-4fac-bfc1-73e29a1f29dc","height":168,"num_floors":53,"class":"building","areaM2":65490,"sourceTile":"tile_0_1","sourceFeatureCount":33961,"heightEstimated":true},"geometry":{"type":"Polygon","coordinates":[[[114.323525,30.466312],[114.32345,30.466607],[114.318992,30.465795],[114.319338,30.464384],[114.323517,30.465183],[114.323249,30.466275],[114.323525,30.466312]]]}},{"type":"Feature","id":"b61e67b1-9cdf-43b7-860f-5dd5a27a1f04","properties":{"id":"b61e67b1-9cdf-43b7-860f-5dd5a27a1f04","height":168,"num_floors":53,"class":"building","areaM2":50669,"sourceTile":"tile_0_1","sourceFeatureCount":33961,"heightEstimated":true},"geometry":{"type":"Polygon","coordinates":[[[114.322895,30.46798],[114.319025,30.467266],[114.319315,30.466082],[114.323206,30.466815],[114.322895,30.46798]]]}},{"type":"Feature","id":"e022b897-46ca-43da-a6b9-bfdedb0287bc","properties":{"id":"e022b897-46ca-43da-a6b9-bfdedb0287bc","height":22,"num_floors":7,"class":"building","areaM2":54,"sourceTile":"tile_0_1","sourceFeatureCount":33961,"heightEstimated":true},"geometry":{"type":"Polygon","coordinates":[[[114.321476,30.484998],[114.321634,30.485011],[114.321578,30.48507],[114.321476,30.484998]]]}},{"type":"Feature","id":"b0768916-fef6-4702-bfcf-3231c9bf375d","properties":{"id":"b0768916-fef6-4702-bfcf-3231c9bf375d","height":27,"num_floors":8,"class":"building","areaM2":181,"sourceTile":"tile_0_1","sourceFeatureCount":33961,"heightEstimated":true},"geometry":{"type":"Polygon","coordinates":[[[114.323649,30.483155],[114.324043,30.483001],[114.324062,30.483081],[114.323649,30.483155]]]}},{"type":"Feature","id":"ebc7b256-f7b2-414c-ad48-fe976cd788d9","properties":{"id":"ebc7b256-f7b2-414c-ad48-fe976cd788d9","height":23,"num_floors":7,"class":"building","areaM2":72,"sourceTile":"tile_0_1","sourceFeatureCount":33961,"heightEstimated":true},"geometry":{"type":"Polygon","coordinates":[[[114.32907,30.453983],[114.329085,30.453812],[114.329161,30.453852],[114.32907,30.453983]]]}},{"type":"Feature","id":"d7fb0fb1-2bb4-4206-90c7-9ad49b80770f","properties":{"id":"d7fb0fb1-2bb4-4206-90c7-9ad49b80770f","height":148,"num_floors":46,"class":"building","areaM2":32161,"sourceTile":"tile_0_1","sourceFeatureCount":33961,"heightEstimated":true},"geometry":{"type":"Polygon","coordinates":[[[114.330248,30.482762],[114.324493,30.483734],[114.324443,30.483106],[114.327174,30.482882],[114.329859,30.482112],[114.330248,30.482762]]]}},{"type":"Feature","id":"0b886792-d759-4d80-a95c-36bee7e24538","properties":{"id":"0b886792-d759-4d80-a95c-36bee7e24538","height":20,"num_floors":6,"class":"building","areaM2":23,"sourceTile":"tile_0_1","sourceFeatureCount":33961,"heightEstimated":true},"geometry":{"type":"Polygon","coordinates":[[[114.329291,30.464031],[114.329363,30.463969],[114.329368,30.464026],[114.329291,30.464031]]]}},{"type":"Feature","id":"e28ca1e7-cb15-413e-9110-ad0b12283d8c","properties":{"id":"e28ca1e7-cb15-413e-9110-ad0b12283d8c","height":29,"num_floors":9,"class":"building","areaM2":271,"sourceTile":"tile_0_1","sourceFeatureCount":33961,"heightEstimated":true},"geometry":{"type":"Polygon","coordinates":[[[114.332684,30.476576],[114.33313,30.476463],[114.333128,30.476578],[114.332684,30.476576]]]}},{"type":"Feature","id":"89bc707f-e3d2-43a8-a9f2-41e12f6ba03d","properties":{"id":"89bc707f-e3d2-43a8-a9f2-41e12f6ba03d","height":24,"num_floors":8,"class":"building","areaM2":92,"sourceTile":"tile_0_1","sourceFeatureCount":33961,"heightEstimated":true},"geometry":{"type":"Polygon","coordinates":[[[114.332559,30.462098],[114.333013,30.462126],[114.332561,30.462137],[114.332559,30.462098]]]}},{"type":"Feature","id":"c08502b7-2b55-4a3c-b1dd-eff430593f66","properties":{"id":"c08502b7-2b55-4a3c-b1dd-eff430593f66","height":21,"num_floors":7,"class":"building","areaM2":34,"sourceTile":"tile_0_1","sourceFeatureCount":33961,"heightEstimated":true},"geometry":{"type":"Polygon","coordinates":[[[114.325292,30.438295],[114.325199,30.438226],[114.325276,30.438215],[114.325292,30.438295]]]}},{"type":"Feature","id":"1fe9fd42-b595-4a07-808a-64b8f7e0bb85","properties":{"id":"1fe9fd42-b595-4a07-808a-64b8f7e0bb85","height":24,"num_floors":8,"class":"building","areaM2":101,"sourceTile":"tile_0_1","sourceFeatureCount":33961,"heightEstimated":true},"geometry":{"type":"Polygon","coordinates":[[[114.32756,30.405599],[114.327334,30.405696],[114.327326,30.405615],[114.32756,30.405599]]]}},{"type":"Feature","id":"856d6840-a388-4827-ad02-29c5e08854fd","properties":{"id":"856d6840-a388-4827-ad02-29c5e08854fd","height":25,"num_floors":8,"class":"building","areaM2":112,"sourceTile":"tile_0_1","sourceFeatureCount":33961,"heightEstimated":true},"geometry":{"type":"Polygon","coordinates":[[[114.330075,30.409206],[114.330322,30.409194],[114.330278,30.409282],[114.330075,30.409206]]]}},{"type":"Feature","id":"afae746b-eea2-45d1-bcbc-8dd4f55574dc","properties":{"id":"afae746b-eea2-45d1-bcbc-8dd4f55574dc","height":50,"num_floors":16,"class":"building","areaM2":2092,"sourceTile":"tile_0_1","sourceFeatureCount":33961,"heightEstimated":true},"geometry":{"type":"Polygon","coordinates":[[[114.340369,30.462957],[114.340976,30.462956],[114.340976,30.463281],[114.34037,30.463282],[114.340369,30.462957]]]}},{"type":"Feature","id":"5f343062-192b-4308-b5c3-9c577f124764","properties":{"id":"5f343062-192b-4308-b5c3-9c577f124764","height":31,"num_floors":10,"class":"apartments","areaM2":385,"sourceTile":"tile_0_1","sourceFeatureCount":33961,"heightEstimated":true},"geometry":{"type":"Polygon","coordinates":[[[114.336164,30.483782],[114.335565,30.48388],[114.335574,30.483757],[114.336164,30.483782]]]}},{"type":"Feature","id":"f8940096-a8d7-4faf-b90b-174f223cf582","properties":{"id":"f8940096-a8d7-4faf-b90b-174f223cf582","height":32,"num_floors":10,"class":"building","areaM2":432,"sourceTile":"tile_0_1","sourceFeatureCount":33961,"heightEstimated":true},"geometry":{"type":"Polygon","coordinates":[[[114.340581,30.472435],[114.341555,30.472375],[114.341551,30.472459],[114.340581,30.472435]]]}},{"type":"Feature","id":"23b0fedb-fead-4a43-b831-9cea0a9951bb","properties":{"id":"23b0fedb-fead-4a43-b831-9cea0a9951bb","height":47,"num_floors":15,"class":"building","areaM2":1695,"sourceTile":"tile_0_1","sourceFeatureCount":33961,"heightEstimated":true},"geometry":{"type":"Polygon","coordinates":[[[114.343186,30.482323],[114.342797,30.482301],[114.342828,30.481892],[114.343217,30.481914],[114.343186,30.482323]]]}},{"type":"Feature","id":"64dc2efd-2009-4354-bd39-eb98543bc6a8","properties":{"id":"64dc2efd-2009-4354-bd39-eb98543bc6a8","height":20,"num_floors":6,"class":"building","areaM2":6,"sourceTile":"tile_0_1","sourceFeatureCount":33961,"heightEstimated":true},"geometry":{"type":"Polygon","coordinates":[[[114.344695,30.457913],[114.344657,30.457946],[114.344657,30.457913],[114.344695,30.457913]]]}},{"type":"Feature","id":"ab360289-d568-40f4-a9ee-028751fb4d71","properties":{"id":"ab360289-d568-40f4-a9ee-028751fb4d71","height":23,"num_floors":7,"class":"building","areaM2":63,"sourceTile":"tile_0_1","sourceFeatureCount":33961,"heightEstimated":true},"geometry":{"type":"Polygon","coordinates":[[[114.347183,30.477744],[114.3471,30.47788],[114.347094,30.477746],[114.347183,30.477744]]]}},{"type":"Feature","id":"70a873ed-0d7d-4f9a-82e1-503296a399bb","properties":{"id":"70a873ed-0d7d-4f9a-82e1-503296a399bb","height":24,"num_floors":8,"class":"building","areaM2":94,"sourceTile":"tile_0_1","sourceFeatureCount":33961,"heightEstimated":true},"geometry":{"type":"Polygon","coordinates":[[[114.270911,30.490228],[114.271103,30.49035],[114.271022,30.490391],[114.270911,30.490228]]]}},{"type":"Feature","id":"9dfb6ec1-495d-4493-9682-5ede455cae49","properties":{"id":"9dfb6ec1-495d-4493-9682-5ede455cae49","height":24,"num_floors":8,"class":"building","areaM2":91,"sourceTile":"tile_0_1","sourceFeatureCount":33961,"heightEstimated":true},"geometry":{"type":"Polygon","coordinates":[[[114.273793,30.49091],[114.27379,30.491082],[114.273692,30.490995],[114.273793,30.49091]]]}},{"type":"Feature","id":"2f7f0d48-2a29-4108-8e51-c39a948122b5","properties":{"id":"2f7f0d48-2a29-4108-8e51-c39a948122b5","height":58,"num_floors":18,"class":"building","areaM2":3295,"sourceTile":"tile_0_1","sourceFeatureCount":33961,"heightEstimated":true},"geometry":{"type":"Polygon","coordinates":[[[114.275299,30.49918],[114.275775,30.499611],[114.275391,30.499888],[114.274862,30.499338],[114.275299,30.49918]]]}},{"type":"Feature","id":"8457ad62-a8bb-4d98-b293-4d5f42832971","properties":{"id":"8457ad62-a8bb-4d98-b293-4d5f42832971","height":23,"num_floors":7,"class":"building","areaM2":59,"sourceTile":"tile_0_1","sourceFeatureCount":33961,"heightEstimated":true},"geometry":{"type":"Polygon","coordinates":[[[114.270223,30.50255],[114.270401,30.502532],[114.27027,30.502608],[114.270223,30.50255]]]}},{"type":"Feature","id":"5619b830-fa39-4c5b-882c-4602c2b97b00","properties":{"id":"5619b830-fa39-4c5b-882c-4602c2b97b00","height":26,"num_floors":8,"class":"building","areaM2":148,"sourceTile":"tile_0_1","sourceFeatureCount":33961,"heightEstimated":true},"geometry":{"type":"Polygon","coordinates":[[[114.276186,30.508493],[114.276459,30.508624],[114.276374,30.508685],[114.276186,30.508493]]]}},{"type":"Feature","id":"c97a3581-506d-4256-a88e-5ad1b5efe45d","properties":{"id":"c97a3581-506d-4256-a88e-5ad1b5efe45d","height":91,"num_floors":28,"class":"building","areaM2":9800,"sourceTile":"tile_0_1","sourceFeatureCount":33961,"heightEstimated":true},"geometry":{"type":"Polygon","coordinates":[[[114.277194,30.507969],[114.27655,30.507343],[114.277271,30.506642],[114.27794,30.507393],[114.277194,30.507969]]]}},{"type":"Feature","id":"c90ad877-d7a7-4452-bbb6-99bdf5b60e58","properties":{"id":"c90ad877-d7a7-4452-bbb6-99bdf5b60e58","height":98,"num_floors":31,"class":"building","areaM2":10123,"sourceTile":"tile_0_1","sourceFeatureCount":33961,"heightEstimated":true},"geometry":{"type":"Polygon","coordinates":[[[114.277246,30.506158],[114.276477,30.50565],[114.277376,30.504938],[114.27805,30.505577],[114.277246,30.506158]]]}},{"type":"Feature","id":"e14a92b3-e4eb-436a-91c3-5fb6395efe4f","properties":{"id":"e14a92b3-e4eb-436a-91c3-5fb6395efe4f","height":20,"num_floors":6,"class":"building","areaM2":9,"sourceTile":"tile_0_1","sourceFeatureCount":33961,"heightEstimated":true},"geometry":{"type":"Polygon","coordinates":[[[114.280421,30.501324],[114.280489,30.50134],[114.280468,30.50136],[114.280421,30.501324]]]}},{"type":"Feature","id":"92f06f17-be81-42de-b1bf-402142656d80","properties":{"id":"92f06f17-be81-42de-b1bf-402142656d80","height":93,"num_floors":29,"class":"building","areaM2":9194,"sourceTile":"tile_0_1","sourceFeatureCount":33961,"heightEstimated":true},"geometry":{"type":"Polygon","coordinates":[[[114.280057,30.50593],[114.280323,30.506196],[114.278457,30.507593],[114.278192,30.507328],[114.280057,30.50593]]]}},{"type":"Feature","id":"eb203e80-93ee-4b01-a6ca-aeba40809813","properties":{"id":"eb203e80-93ee-4b01-a6ca-aeba40809813","height":93,"num_floors":29,"class":"building","areaM2":13216,"sourceTile":"tile_0_1","sourceFeatureCount":33961,"heightEstimated":true},"geometry":{"type":"Polygon","coordinates":[[[114.280591,30.510318],[114.281182,30.510894],[114.280215,30.510084],[114.28068,30.509383],[114.282172,30.510767],[114.281701,30.511142],[114.280844,30.510337],[114.281214,30.510005],[114.280591,30.510318]]]}},{"type":"Feature","id":"834d4413-6522-4e61-8baa-a1aaaaea087c","properties":{"id":"834d4413-6522-4e61-8baa-a1aaaaea087c","height":114,"num_floors":36,"class":"building","areaM2":15017,"sourceTile":"tile_0_1","sourceFeatureCount":33961,"heightEstimated":true},"geometry":{"type":"Polygon","coordinates":[[[114.279383,30.507747],[114.279497,30.507428],[114.279282,30.507214],[114.280608,30.506268],[114.281131,30.506788],[114.279042,30.508273],[114.279204,30.508043],[114.278849,30.507916],[114.279383,30.507747]]]}},{"type":"Feature","id":"c791d0f1-0a75-482f-8596-294c78cc8737","properties":{"id":"c791d0f1-0a75-482f-8596-294c78cc8737","height":79,"num_floors":25,"class":"building","areaM2":8553,"sourceTile":"tile_0_1","sourceFeatureCount":33961,"heightEstimated":true},"geometry":{"type":"Polygon","coordinates":[[[114.281065,30.507596],[114.281633,30.507151],[114.282449,30.507934],[114.281882,30.508378],[114.281065,30.507596]],[[114.281898,30.507919],[114.281921,30.507901],[114.281447,30.507488],[114.281898,30.507919]]]}},{"type":"Feature","id":"213a2fdd-edf9-4a6d-8dd9-4321e0b797b9","properties":{"id":"213a2fdd-edf9-4a6d-8dd9-4321e0b797b9","height":155,"num_floors":48,"class":"building","areaM2":36417,"sourceTile":"tile_0_1","sourceFeatureCount":33961,"heightEstimated":true},"geometry":{"type":"Polygon","coordinates":[[[114.285639,30.508394],[114.284688,30.507644],[114.284503,30.507789],[114.281123,30.50453],[114.281628,30.504207],[114.286043,30.508297],[114.285639,30.508394]]]}},{"type":"Feature","id":"96eab6ab-7074-4fcb-836a-1a5732a05ba4","properties":{"id":"96eab6ab-7074-4fcb-836a-1a5732a05ba4","height":44,"num_floors":14,"class":"building","areaM2":1422,"sourceTile":"tile_0_1","sourceFeatureCount":33961,"heightEstimated":true},"geometry":{"type":"Polygon","coordinates":[[[114.284126,30.507905],[114.283719,30.508224],[114.2834,30.507918],[114.283808,30.5076],[114.283598,30.507976],[114.284126,30.507905]]]}},{"type":"Feature","id":"2e46848d-057a-49e9-b95e-44ae9e537124","properties":{"id":"2e46848d-057a-49e9-b95e-44ae9e537124","height":98,"num_floors":31,"class":"building","areaM2":9668,"sourceTile":"tile_0_1","sourceFeatureCount":33961,"heightEstimated":true},"geometry":{"type":"Polygon","coordinates":[[[114.284508,30.508883],[114.285447,30.509789],[114.284889,30.510222],[114.28395,30.509317],[114.284508,30.508883]]]}},{"type":"Feature","id":"cf8e2894-5670-4a64-b00b-9ed942cf511d","properties":{"id":"cf8e2894-5670-4a64-b00b-9ed942cf511d","height":126,"num_floors":39,"class":"building","areaM2":25500,"sourceTile":"tile_0_1","sourceFeatureCount":33961,"heightEstimated":true},"geometry":{"type":"Polygon","coordinates":[[[114.285826,30.50508],[114.284805,30.505835],[114.285325,30.505237],[114.284653,30.505681],[114.284521,30.505547],[114.285462,30.504815],[114.284589,30.505408],[114.284305,30.50512],[114.284916,30.504615],[114.284275,30.505089],[114.283991,30.504801],[114.285807,30.503458],[114.285561,30.503853],[114.286093,30.503726],[114.285024,30.504517],[114.286123,30.503757],[114.286417,30.504055],[114.285551,30.504696],[114.2866,30.50424],[114.285674,30.504925],[114.285826,30.50508]]]}},{"type":"Feature","id":"ed00f293-5f21-4513-859a-dca6b381df4a","properties":{"id":"ed00f293-5f21-4513-859a-dca6b381df4a","height":89,"num_floors":28,"class":"building","areaM2":10665,"sourceTile":"tile_0_1","sourceFeatureCount":33961,"heightEstimated":true},"geometry":{"type":"Polygon","coordinates":[[[114.282272,30.501429],[114.282426,30.50109],[114.28239,30.501321],[114.282975,30.500981],[114.28204,30.502076],[114.281576,30.502068],[114.281663,30.502381],[114.280899,30.501664],[114.281471,30.501258],[114.282272,30.501429]]]}},{"type":"Feature","id":"db5abbd9-6649-45c9-8166-1eb7d1098bba","properties":{"id":"db5abbd9-6649-45c9-8166-1eb7d1098bba","height":29,"num_floors":9,"class":"building","areaM2":271,"sourceTile":"tile_0_1","sourceFeatureCount":33961,"heightEstimated":true},"geometry":{"type":"Polygon","coordinates":[[[114.284917,30.498011],[114.284553,30.497903],[114.284894,30.497864],[114.284917,30.498011]]]}},{"type":"Feature","id":"91ea3145-6cdf-4587-bc89-50233e6c8e57","properties":{"id":"91ea3145-6cdf-4587-bc89-50233e6c8e57","height":29,"num_floors":9,"class":"building","areaM2":276,"sourceTile":"tile_0_1","sourceFeatureCount":33961,"heightEstimated":true},"geometry":{"type":"Polygon","coordinates":[[[114.278193,30.495944],[114.27808,30.496167],[114.277937,30.495987],[114.278193,30.495944]]]}},{"type":"Feature","id":"2c5d5b49-0c25-4761-8c4b-53e071cfe3b1","properties":{"id":"2c5d5b49-0c25-4761-8c4b-53e071cfe3b1","height":88,"num_floors":28,"class":"building","areaM2":10159,"sourceTile":"tile_0_1","sourceFeatureCount":33961,"heightEstimated":true},"geometry":{"type":"Polygon","coordinates":[[[114.283099,30.487645],[114.282173,30.487745],[114.282354,30.48652],[114.282795,30.486566],[114.28283,30.486881],[114.282828,30.486518],[114.283093,30.486517],[114.283099,30.487645]]]}},{"type":"Feature","id":"2278ece6-9d57-4c88-8288-da814cb4fb1e","properties":{"id":"2278ece6-9d57-4c88-8288-da814cb4fb1e","height":21,"num_floors":7,"class":"building","areaM2":31,"sourceTile":"tile_0_1","sourceFeatureCount":33961,"heightEstimated":true},"geometry":{"type":"Polygon","coordinates":[[[114.283328,30.490479],[114.283322,30.490211],[114.283344,30.490212],[114.283328,30.490479]]]}},{"type":"Feature","id":"118d0fc6-be16-47da-b3f0-331be9e62e91","properties":{"id":"118d0fc6-be16-47da-b3f0-331be9e62e91","height":35,"num_floors":11,"class":"building","areaM2":596,"sourceTile":"tile_0_1","sourceFeatureCount":33961,"heightEstimated":true},"geometry":{"type":"Polygon","coordinates":[[[114.288622,30.49372],[114.289994,30.493804],[114.288621,30.493802],[114.288622,30.49372]]]}},{"type":"Feature","id":"44972c86-ad18-463b-a3eb-6c9b2a0a4f46","properties":{"id":"44972c86-ad18-463b-a3eb-6c9b2a0a4f46","height":21,"num_floors":7,"class":"building","areaM2":28,"sourceTile":"tile_0_1","sourceFeatureCount":33961,"heightEstimated":true},"geometry":{"type":"Polygon","coordinates":[[[114.299439,30.487128],[114.29952,30.487193],[114.299442,30.487195],[114.299439,30.487128]]]}},{"type":"Feature","id":"f369bc18-f39f-4cd0-9227-9370e81f901e","properties":{"id":"f369bc18-f39f-4cd0-9227-9370e81f901e","height":28,"num_floors":9,"class":"building","areaM2":235,"sourceTile":"tile_0_1","sourceFeatureCount":33961,"heightEstimated":true},"geometry":{"type":"Polygon","coordinates":[[[114.299439,30.49491],[114.299106,30.494781],[114.299437,30.494776],[114.299439,30.49491]]]}},{"type":"Feature","id":"59f7bfcd-ce27-43a8-ab64-0122c223a188","properties":{"id":"59f7bfcd-ce27-43a8-ab64-0122c223a188","height":21,"num_floors":7,"class":"building","areaM2":35,"sourceTile":"tile_0_1","sourceFeatureCount":33961,"heightEstimated":true},"geometry":{"type":"Polygon","coordinates":[[[114.303858,30.500819],[114.303622,30.500847],[114.303622,30.50082],[114.303858,30.500819]]]}},{"type":"Feature","id":"1715ac30-dacb-43f5-9cf5-1f227ac89ddb","properties":{"id":"1715ac30-dacb-43f5-9cf5-1f227ac89ddb","height":30,"num_floors":9,"class":"apartments","areaM2":317,"sourceTile":"tile_0_1","sourceFeatureCount":33961,"heightEstimated":true},"geometry":{"type":"Polygon","coordinates":[[[114.299057,30.508461],[114.298657,30.50836],[114.299024,30.508303],[114.299057,30.508461]]]}},{"type":"Feature","id":"65d22074-dd43-4129-83de-b417a3f19dfd","properties":{"id":"65d22074-dd43-4129-83de-b417a3f19dfd","height":20,"num_floors":6,"class":"building","areaM2":8,"sourceTile":"tile_0_1","sourceFeatureCount":33961,"heightEstimated":true},"geometry":{"type":"Polygon","coordinates":[[[114.292298,30.509616],[114.292351,30.509584],[114.292353,30.509613],[114.292298,30.509616]]]}},{"type":"Feature","id":"249c3cbb-7ee9-4faa-bae0-33f0ed848db2","properties":{"id":"249c3cbb-7ee9-4faa-bae0-33f0ed848db2","height":93,"num_floors":29,"class":"building","areaM2":9888,"sourceTile":"tile_0_1","sourceFeatureCount":33961,"heightEstimated":true},"geometry":{"type":"Polygon","coordinates":[[[114.293966,30.506501],[114.293587,30.506478],[114.29358,30.504009],[114.293952,30.503997],[114.293966,30.506501]]]}},{"type":"Feature","id":"c7b1ad28-30f0-4da7-ac70-97d63fb0545b","properties":{"id":"c7b1ad28-30f0-4da7-ac70-97d63fb0545b","height":94,"num_floors":29,"class":"building","areaM2":10386,"sourceTile":"tile_0_1","sourceFeatureCount":33961,"heightEstimated":true},"geometry":{"type":"Polygon","coordinates":[[[114.294092,30.505007],[114.294293,30.504311],[114.294102,30.503968],[114.29453,30.504271],[114.294977,30.503881],[114.295504,30.504568],[114.294243,30.505244],[114.294128,30.505083],[114.294659,30.504798],[114.294092,30.505007]]]}},{"type":"Feature","id":"f052ffb7-b601-417a-ab3b-8ff4b9558d72","properties":{"id":"f052ffb7-b601-417a-ab3b-8ff4b9558d72","height":50,"num_floors":16,"class":"building","areaM2":2148,"sourceTile":"tile_0_1","sourceFeatureCount":33961,"heightEstimated":true},"geometry":{"type":"Polygon","coordinates":[[[114.290571,30.502717],[114.290569,30.502909],[114.289509,30.502902],[114.289511,30.50271],[114.290571,30.502717]]]}},{"type":"Feature","id":"8f40aa61-c8e8-45d8-a4cb-bdb78f80bca7","properties":{"id":"8f40aa61-c8e8-45d8-a4cb-bdb78f80bca7","height":92,"num_floors":29,"class":"building","areaM2":12793,"sourceTile":"tile_0_1","sourceFeatureCount":33961,"heightEstimated":true},"geometry":{"type":"Polygon","coordinates":[[[114.287211,30.510221],[114.287408,30.510067],[114.287146,30.510199],[114.285753,30.508884],[114.286271,30.508533],[114.287757,30.509958],[114.287211,30.510221]]]}},{"type":"Feature","id":"0d917cf7-c000-4a55-af86-1394698b4be0","properties":{"id":"0d917cf7-c000-4a55-af86-1394698b4be0","height":20,"num_floors":6,"class":"building","areaM2":17,"sourceTile":"tile_0_1","sourceFeatureCount":33961,"heightEstimated":true},"geometry":{"type":"Polygon","coordinates":[[[114.287461,30.511128],[114.287374,30.511102],[114.28741,30.511076],[114.287461,30.511128]]]}},{"type":"Feature","id":"e3ae6ed4-cfcd-4198-8d04-e2068eb59dbe","properties":{"id":"e3ae6ed4-cfcd-4198-8d04-e2068eb59dbe","height":27,"num_floors":8,"class":"building","areaM2":194,"sourceTile":"tile_0_1","sourceFeatureCount":33961,"heightEstimated":true},"geometry":{"type":"Polygon","coordinates":[[[114.292254,30.513731],[114.292643,30.513748],[114.292277,30.513826],[114.292254,30.513731]]]}},{"type":"Feature","id":"c83caa20-48e9-4207-8c56-c439cb95f39f","properties":{"id":"c83caa20-48e9-4207-8c56-c439cb95f39f","height":92,"num_floors":29,"class":"building","areaM2":9064,"sourceTile":"tile_0_1","sourceFeatureCount":33961,"heightEstimated":true},"geometry":{"type":"Polygon","coordinates":[[[114.295659,30.514103],[114.294208,30.514103],[114.294035,30.51353],[114.295554,30.513524],[114.295659,30.514103]]]}},{"type":"Feature","id":"448788fc-1e3f-4d91-b3a3-c98214460dee","properties":{"id":"448788fc-1e3f-4d91-b3a3-c98214460dee","height":28,"num_floors":9,"class":"building","areaM2":249,"sourceTile":"tile_0_1","sourceFeatureCount":33961,"heightEstimated":true},"geometry":{"type":"Polygon","coordinates":[[[114.286042,30.514415],[114.286436,30.51423],[114.286131,30.514493],[114.286042,30.514415]]]}},{"type":"Feature","id":"6f93d07c-0963-4ce7-bcd0-5a8c3b2bdf6c","properties":{"id":"6f93d07c-0963-4ce7-bcd0-5a8c3b2bdf6c","height":27,"num_floors":8,"class":"building","areaM2":184,"sourceTile":"tile_0_1","sourceFeatureCount":33961,"heightEstimated":true},"geometry":{"type":"Polygon","coordinates":[[[114.335003,30.514608],[114.335082,30.514669],[114.33475,30.514854],[114.335003,30.514608]]]}},{"type":"Feature","id":"b2987394-331a-43fa-aaa5-93083b4aa33b","properties":{"id":"b2987394-331a-43fa-aaa5-93083b4aa33b","height":31,"num_floors":10,"class":"building","areaM2":382,"sourceTile":"tile_0_1","sourceFeatureCount":33961,"heightEstimated":true},"geometry":{"type":"Polygon","coordinates":[[[114.30632,30.515627],[114.305426,30.515592],[114.306314,30.515546],[114.30632,30.515627]]]}},{"type":"Feature","id":"1d1ff1f9-b4f4-4327-90a2-817853b2529e","properties":{"id":"1d1ff1f9-b4f4-4327-90a2-817853b2529e","height":79,"num_floors":25,"class":"building","areaM2":12068,"sourceTile":"tile_0_1","sourceFeatureCount":33961,"heightEstimated":true},"geometry":{"type":"Polygon","coordinates":[[[114.309476,30.51373],[114.309037,30.513733],[114.308863,30.513248],[114.308959,30.512184],[114.309635,30.512263],[114.309525,30.51244],[114.3099,30.512656],[114.309476,30.51373]]]}},{"type":"Feature","id":"02a1dc49-d438-4fb0-a750-00e60b4831dc","properties":{"id":"02a1dc49-d438-4fb0-a750-00e60b4831dc","height":20,"num_floors":6,"class":"building","areaM2":13,"sourceTile":"tile_0_1","sourceFeatureCount":33961,"heightEstimated":true},"geometry":{"type":"Polygon","coordinates":[[[114.309321,30.516092],[114.30928,30.516033],[114.309324,30.516034],[114.309321,30.516092]]]}},{"type":"Feature","id":"01c4d972-e1b1-460f-b858-f05e38d6899e","properties":{"id":"01c4d972-e1b1-460f-b858-f05e38d6899e","height":22,"num_floors":7,"class":"building","areaM2":45,"sourceTile":"tile_0_1","sourceFeatureCount":33961,"heightEstimated":true},"geometry":{"type":"Polygon","coordinates":[[[114.313168,30.51623],[114.313102,30.516122],[114.313189,30.516137],[114.313168,30.51623]]]}},{"type":"Feature","id":"a91aef55-bcfb-4924-a900-7b634e21ac06","properties":{"id":"a91aef55-bcfb-4924-a900-7b634e21ac06","height":22,"num_floors":7,"class":"building","areaM2":54,"sourceTile":"tile_0_1","sourceFeatureCount":33961,"heightEstimated":true},"geometry":{"type":"Polygon","coordinates":[[[114.318637,30.509129],[114.318721,30.509015],[114.31873,30.509123],[114.318637,30.509129]]]}},{"type":"Feature","id":"6a0a7bff-545f-47f0-9a9f-8a2d65fdf187","properties":{"id":"6a0a7bff-545f-47f0-9a9f-8a2d65fdf187","height":109,"num_floors":34,"class":"building","areaM2":16342,"sourceTile":"tile_0_1","sourceFeatureCount":33961,"heightEstimated":true},"geometry":{"type":"Polygon","coordinates":[[[114.319792,30.508795],[114.319019,30.508789],[114.319039,30.506796],[114.319812,30.506802],[114.319792,30.508795]]]}},{"type":"Feature","id":"1daa78f7-f298-4c1b-8d9d-d4bb8217b1fc","properties":{"id":"1daa78f7-f298-4c1b-8d9d-d4bb8217b1fc","height":116,"num_floors":5,"class":"building","areaM2":22926,"sourceTile":"tile_0_1","sourceFeatureCount":33961,"heightEstimated":true},"geometry":{"type":"Polygon","coordinates":[[[114.320172,30.505174],[114.321479,30.504875],[114.321923,30.50632],[114.320152,30.506477],[114.320172,30.505174]]]}},{"type":"Feature","id":"5dd38986-c600-42cf-9810-7bedd9943cd7","properties":{"id":"5dd38986-c600-42cf-9810-7bedd9943cd7","height":106,"num_floors":33,"class":"building","areaM2":13092,"sourceTile":"tile_0_1","sourceFeatureCount":33961,"heightEstimated":true},"geometry":{"type":"Polygon","coordinates":[[[114.320964,30.504699],[114.320316,30.504707],[114.320321,30.50311],[114.320995,30.503086],[114.321185,30.50441],[114.320964,30.504699]]]}},{"type":"Feature","id":"55436e3d-db76-44b9-b546-1ca08720e588","properties":{"id":"55436e3d-db76-44b9-b546-1ca08720e588","height":23,"num_floors":7,"class":"building","areaM2":81,"sourceTile":"tile_0_1","sourceFeatureCount":33961,"heightEstimated":true},"geometry":{"type":"Polygon","coordinates":[[[114.3132,30.500986],[114.31327,30.500895],[114.313377,30.500975],[114.3132,30.500986]]]}},{"type":"Feature","id":"bc4ef27e-e114-4b91-9cc8-daaf37b87d69","properties":{"id":"bc4ef27e-e114-4b91-9cc8-daaf37b87d69","height":46,"num_floors":14,"class":"building","areaM2":1670,"sourceTile":"tile_0_1","sourceFeatureCount":33961,"heightEstimated":true},"geometry":{"type":"Polygon","coordinates":[[[114.314058,30.511749],[114.313543,30.511748],[114.313988,30.511628],[114.313569,30.511301],[114.314132,30.511242],[114.314058,30.511749]]]}},{"type":"Feature","id":"b9f650a0-0d03-4e5c-b784-582809a16d0e","properties":{"id":"b9f650a0-0d03-4e5c-b784-582809a16d0e","height":22,"num_floors":7,"class":"building","areaM2":45,"sourceTile":"tile_0_1","sourceFeatureCount":33961,"heightEstimated":true},"geometry":{"type":"Polygon","coordinates":[[[114.306861,30.511123],[114.306947,30.51122],[114.306858,30.511218],[114.306861,30.511123]]]}},{"type":"Feature","id":"a6c847ab-364e-4ece-977a-e3129bd98ddd","properties":{"id":"a6c847ab-364e-4ece-977a-e3129bd98ddd","height":26,"num_floors":8,"class":"building","areaM2":152,"sourceTile":"tile_0_1","sourceFeatureCount":33961,"heightEstimated":true},"geometry":{"type":"Polygon","coordinates":[[[114.305896,30.504291],[114.306129,30.504137],[114.306155,30.504243],[114.305896,30.504291]]]}},{"type":"Feature","id":"a870e3ae-136a-427f-9799-fee1c05972a5","properties":{"id":"a870e3ae-136a-427f-9799-fee1c05972a5","height":27,"num_floors":8,"class":"building","areaM2":213,"sourceTile":"tile_0_1","sourceFeatureCount":33961,"heightEstimated":true},"geometry":{"type":"Polygon","coordinates":[[[114.308402,30.504134],[114.308821,30.504232],[114.308401,30.504229],[114.308402,30.504134]]]}},{"type":"Feature","id":"9eec6af8-a987-451d-89b6-871916295b1d","properties":{"id":"9eec6af8-a987-451d-89b6-871916295b1d","height":21,"num_floors":7,"class":"building","areaM2":36,"sourceTile":"tile_0_1","sourceFeatureCount":33961,"heightEstimated":true},"geometry":{"type":"Polygon","coordinates":[[[114.311484,30.498157],[114.311572,30.498081],[114.311572,30.498158],[114.311484,30.498157]]]}},{"type":"Feature","id":"c337a18c-973c-4301-82f9-29959778d5f8","properties":{"id":"c337a18c-973c-4301-82f9-29959778d5f8","height":21,"num_floors":7,"class":"building","areaM2":31,"sourceTile":"tile_0_1","sourceFeatureCount":33961,"heightEstimated":true},"geometry":{"type":"Polygon","coordinates":[[[114.305351,30.495014],[114.305438,30.494946],[114.305439,30.495013],[114.305351,30.495014]]]}},{"type":"Feature","id":"6c4a3512-e46e-4afd-9413-93ad3f397573","properties":{"id":"6c4a3512-e46e-4afd-9413-93ad3f397573","height":26,"num_floors":8,"class":"building","areaM2":165,"sourceTile":"tile_0_1","sourceFeatureCount":33961,"heightEstimated":true},"geometry":{"type":"Polygon","coordinates":[[[114.312662,30.488783],[114.312966,30.488641],[114.312984,30.488735],[114.312662,30.488783]]]}},{"type":"Feature","id":"f01989fd-97d5-4648-b760-bcff37cd6cd8","properties":{"id":"f01989fd-97d5-4648-b760-bcff37cd6cd8","height":25,"num_floors":8,"class":"building","areaM2":121,"sourceTile":"tile_0_1","sourceFeatureCount":33961,"heightEstimated":true},"geometry":{"type":"Polygon","coordinates":[[[114.313984,30.497915],[114.314181,30.497798],[114.314183,30.497912],[114.313984,30.497915]]]}},{"type":"Feature","id":"b9217037-cea4-4d74-8806-1dc96b64df69","properties":{"id":"b9217037-cea4-4d74-8806-1dc96b64df69","height":83,"num_floors":26,"class":"building","areaM2":11580,"sourceTile":"tile_0_1","sourceFeatureCount":33961,"heightEstimated":true},"geometry":{"type":"Polygon","coordinates":[[[114.319702,30.499633],[114.318061,30.499622],[114.319979,30.498451],[114.319962,30.499395],[114.319702,30.499633]]]}},{"type":"Feature","id":"f8b849f1-cd41-4a76-aaa9-c7bcc0c25b09","properties":{"id":"f8b849f1-cd41-4a76-aaa9-c7bcc0c25b09","height":24,"num_floors":8,"class":"building","areaM2":91,"sourceTile":"tile_0_1","sourceFeatureCount":33961,"heightEstimated":true},"geometry":{"type":"Polygon","coordinates":[[[114.320756,30.495549],[114.320929,30.495633],[114.320794,30.495666],[114.320756,30.495549]]]}},{"type":"Feature","id":"42681af7-a284-4dd7-95bb-775024bea3d5","properties":{"id":"42681af7-a284-4dd7-95bb-775024bea3d5","height":24,"num_floors":8,"class":"building","areaM2":94,"sourceTile":"tile_0_1","sourceFeatureCount":33961,"heightEstimated":true},"geometry":{"type":"Polygon","coordinates":[[[114.322552,30.491394],[114.322392,30.491503],[114.322422,30.491372],[114.322552,30.491394]]]}},{"type":"Feature","id":"27771762-a131-4030-85a6-dfb44651135c","properties":{"id":"27771762-a131-4030-85a6-dfb44651135c","height":26,"num_floors":8,"class":"building","areaM2":161,"sourceTile":"tile_0_1","sourceFeatureCount":33961,"heightEstimated":true},"geometry":{"type":"Polygon","coordinates":[[[114.325573,30.49573],[114.325844,30.495833],[114.32558,30.495845],[114.325573,30.49573]]]}},{"type":"Feature","id":"ae9ae903-0610-494e-9b0d-5d004c69c012","properties":{"id":"ae9ae903-0610-494e-9b0d-5d004c69c012","height":26,"num_floors":8,"class":"building","areaM2":161,"sourceTile":"tile_0_1","sourceFeatureCount":33961,"heightEstimated":true},"geometry":{"type":"Polygon","coordinates":[[[114.324091,30.495743],[114.324282,30.495583],[114.32429,30.495736],[114.324091,30.495743]]]}},{"type":"Feature","id":"52bcc51c-9f14-49ce-b5f6-2d3382dafa31","properties":{"id":"52bcc51c-9f14-49ce-b5f6-2d3382dafa31","height":31,"num_floors":10,"class":"residential","areaM2":356,"sourceTile":"tile_0_1","sourceFeatureCount":33961,"heightEstimated":true},"geometry":{"type":"Polygon","coordinates":[[[114.321588,30.510189],[114.321124,30.510342],[114.32112,30.510198],[114.321588,30.510189]]]}},{"type":"Feature","id":"2b8edbeb-0861-4e1f-9de9-9a39e0eeead6","properties":{"id":"2b8edbeb-0861-4e1f-9de9-9a39e0eeead6","height":93,"num_floors":29,"class":"building","areaM2":12978,"sourceTile":"tile_0_1","sourceFeatureCount":33961,"heightEstimated":true},"geometry":{"type":"Polygon","coordinates":[[[114.325835,30.508285],[114.324646,30.50851],[114.324519,30.507437],[114.325545,30.50723],[114.325835,30.508285]]]}},{"type":"Feature","id":"699c5de5-3dad-4e97-9299-fe151736df1c","properties":{"id":"699c5de5-3dad-4e97-9299-fe151736df1c","height":23,"num_floors":7,"class":"building","areaM2":67,"sourceTile":"tile_0_1","sourceFeatureCount":33961,"heightEstimated":true},"geometry":{"type":"Polygon","coordinates":[[[114.333584,30.505901],[114.333423,30.505827],[114.333504,30.505785],[114.333584,30.505901]]]}},{"type":"Feature","id":"a8cced85-6788-4c6b-9e19-3f2a0b78081c","properties":{"id":"a8cced85-6788-4c6b-9e19-3f2a0b78081c","height":86,"num_floors":27,"class":"building","areaM2":12366,"sourceTile":"tile_0_1","sourceFeatureCount":33961,"heightEstimated":true},"geometry":{"type":"Polygon","coordinates":[[[114.33799,30.512698],[114.336361,30.512946],[114.33635,30.512059],[114.337552,30.511881],[114.337726,30.512603],[114.33799,30.512698]]]}},{"type":"Feature","id":"ec505700-42a1-4bde-a3a4-ce18e6c71efc","properties":{"id":"ec505700-42a1-4bde-a3a4-ce18e6c71efc","height":22,"num_floors":7,"class":"building","areaM2":45,"sourceTile":"tile_0_1","sourceFeatureCount":33961,"heightEstimated":true},"geometry":{"type":"Polygon","coordinates":[[[114.338167,30.509965],[114.338271,30.509882],[114.338278,30.509958],[114.338167,30.509965]]]}},{"type":"Feature","id":"6aa26280-c2c4-499b-9d4f-9a0d9f2c5d2e","properties":{"id":"6aa26280-c2c4-499b-9d4f-9a0d9f2c5d2e","height":29,"num_floors":9,"class":"building","areaM2":283,"sourceTile":"tile_0_1","sourceFeatureCount":33961,"heightEstimated":true},"geometry":{"type":"Polygon","coordinates":[[[114.33216,30.496256],[114.332555,30.496293],[114.332217,30.496396],[114.33216,30.496256]]]}},{"type":"Feature","id":"8668679b-6ab9-4c90-8613-d9e11569dc82","properties":{"id":"8668679b-6ab9-4c90-8613-d9e11569dc82","height":21,"num_floors":7,"class":"building","areaM2":36,"sourceTile":"tile_0_1","sourceFeatureCount":33961,"heightEstimated":true},"geometry":{"type":"Polygon","coordinates":[[[114.342481,30.48883],[114.342376,30.488888],[114.342394,30.488813],[114.342481,30.48883]]]}},{"type":"Feature","id":"f9b3bebd-8513-4faf-a5a5-18e67e80e617","properties":{"id":"f9b3bebd-8513-4faf-a5a5-18e67e80e617","height":23,"num_floors":7,"class":"building","areaM2":70,"sourceTile":"tile_0_1","sourceFeatureCount":33961,"heightEstimated":true},"geometry":{"type":"Polygon","coordinates":[[[114.342849,30.503086],[114.342707,30.502994],[114.342812,30.502969],[114.342849,30.503086]]]}},{"type":"Feature","id":"48a53185-ab8b-43b5-9d13-7aea079ba741","properties":{"id":"48a53185-ab8b-43b5-9d13-7aea079ba741","height":30,"num_floors":9,"class":"building","areaM2":321,"sourceTile":"tile_0_1","sourceFeatureCount":33961,"heightEstimated":true},"geometry":{"type":"Polygon","coordinates":[[[114.340363,30.510898],[114.340909,30.511008],[114.340363,30.511009],[114.340363,30.510898]]]}},{"type":"Feature","id":"f761ef96-d32b-4ec2-8804-27279835c507","properties":{"id":"f761ef96-d32b-4ec2-8804-27279835c507","height":31,"num_floors":10,"class":"building","areaM2":408,"sourceTile":"tile_0_1","sourceFeatureCount":33961,"heightEstimated":true},"geometry":{"type":"Polygon","coordinates":[[[114.344909,30.5068],[114.345392,30.506681],[114.34539,30.506841],[114.344909,30.5068]]]}},{"type":"Feature","id":"65630a5f-0f1b-40e0-bfef-d114265064c8","properties":{"id":"65630a5f-0f1b-40e0-bfef-d114265064c8","height":81,"num_floors":25,"class":"building","areaM2":9045,"sourceTile":"tile_0_1","sourceFeatureCount":33961,"heightEstimated":true},"geometry":{"type":"Polygon","coordinates":[[[114.348517,30.512376],[114.348311,30.512375],[114.348321,30.510859],[114.348689,30.510861],[114.348686,30.511421],[114.349457,30.51125],[114.34945,30.512404],[114.349227,30.512403],[114.349232,30.511656],[114.348522,30.511653],[114.348517,30.512376]]]}},{"type":"Feature","id":"d2296053-28ee-4805-bdf8-aa9acc071678","properties":{"id":"d2296053-28ee-4805-bdf8-aa9acc071678","height":97,"num_floors":30,"class":"building","areaM2":9734,"sourceTile":"tile_0_1","sourceFeatureCount":33961,"heightEstimated":true},"geometry":{"type":"Polygon","coordinates":[[[114.345303,30.515495],[114.346433,30.515362],[114.346506,30.51613],[114.345217,30.516248],[114.345303,30.515495]]]}},{"type":"Feature","id":"308d94f2-2927-4944-8605-2154b4160d21","properties":{"id":"308d94f2-2927-4944-8605-2154b4160d21","height":87,"num_floors":27,"class":"building","areaM2":10614,"sourceTile":"tile_0_1","sourceFeatureCount":33961,"heightEstimated":true},"geometry":{"type":"Polygon","coordinates":[[[114.346422,30.51525],[114.345298,30.515334],[114.345063,30.514419],[114.346372,30.514517],[114.346422,30.51525]]]}},{"type":"Feature","id":"400291a2-fb18-4a11-80c3-e748a8af1f82","properties":{"id":"400291a2-fb18-4a11-80c3-e748a8af1f82","height":26,"num_floors":8,"class":"residential","areaM2":145,"sourceTile":"tile_0_1","sourceFeatureCount":33961,"heightEstimated":true},"geometry":{"type":"Polygon","coordinates":[[[114.346758,30.512982],[114.346536,30.513113],[114.346526,30.512996],[114.346758,30.512982]]]}}]}