{"type":"FeatureCollection","name":"wuhan-building-display-tile_2_1","source":"data/geospatial/wuhan/buildings/low/tile_2_1.geojson","sourceFeatureCount":50434,"displayFeatureCount":494,"generatedAt":"2026-06-03T12:54:12.156Z","features":[{"type":"Feature","id":"a1baee05-a2ca-4076-9df6-ba4e99692985","properties":{"id":"a1baee05-a2ca-4076-9df6-ba4e99692985","height":51,"num_floors":16,"class":"building","areaM2":3543,"sourceTile":"tile_2_1","sourceFeatureCount":50434,"heightEstimated":true},"geometry":{"type":"Polygon","coordinates":[[[114.149535,30.651428],[114.150443,30.651328],[114.150441,30.651538],[114.149125,30.651531],[114.149128,30.651063],[114.149538,30.651065],[114.149535,30.651428]]]}},{"type":"Feature","id":"5507d0b9-2823-4e14-a119-af1c70f94769","properties":{"id":"5507d0b9-2823-4e14-a119-af1c70f94769","height":117,"num_floors":37,"class":"building","areaM2":22739,"sourceTile":"tile_2_1","sourceFeatureCount":50434,"heightEstimated":true},"geometry":{"type":"Polygon","coordinates":[[[114.150714,30.675525],[114.150685,30.677189],[114.149778,30.677177],[114.149793,30.676326],[114.148986,30.676316],[114.148999,30.675523],[114.150714,30.675525]]]}},{"type":"Feature","id":"8c9b061d-c25d-4b8b-b1ba-1fa2cbd74c10","properties":{"id":"8c9b061d-c25d-4b8b-b1ba-1fa2cbd74c10","height":77,"num_floors":24,"class":"building","areaM2":9903,"sourceTile":"tile_2_1","sourceFeatureCount":50434,"heightEstimated":true},"geometry":{"type":"Polygon","coordinates":[[[114.161933,30.688204],[114.161545,30.688443],[114.161809,30.688543],[114.161675,30.688806],[114.160519,30.688419],[114.160931,30.687678],[114.162003,30.688043],[114.161885,30.688416],[114.161933,30.688204]]]}},{"type":"Feature","id":"74fd570b-e28b-4b8c-9fab-f3c44b0bd8fb","properties":{"id":"74fd570b-e28b-4b8c-9fab-f3c44b0bd8fb","height":87,"num_floors":27,"class":"building","areaM2":10850,"sourceTile":"tile_2_1","sourceFeatureCount":50434,"heightEstimated":true},"geometry":{"type":"Polygon","coordinates":[[[114.163302,30.688596],[114.162893,30.689382],[114.161793,30.688889],[114.162236,30.688151],[114.163302,30.688596]]]}},{"type":"Feature","id":"7dcbf7c5-54ca-4482-957c-11541661427a","properties":{"id":"7dcbf7c5-54ca-4482-957c-11541661427a","height":10,"num_floors":3,"class":"building","areaM2":37,"sourceTile":"tile_2_1","sourceFeatureCount":50434,"heightEstimated":true},"geometry":{"type":"Polygon","coordinates":[[[114.158182,30.682292],[114.158314,30.682256],[114.158302,30.682312],[114.158182,30.682292]]]}},{"type":"Feature","id":"0289e0d5-6091-4523-9d78-293740f0db01","properties":{"id":"0289e0d5-6091-4523-9d78-293740f0db01","height":85,"num_floors":27,"class":"building","areaM2":6189,"sourceTile":"tile_2_1","sourceFeatureCount":50434,"heightEstimated":true},"geometry":{"type":"Polygon","coordinates":[[[114.167622,30.684069],[114.168358,30.684307],[114.168072,30.685021],[114.167357,30.68479],[114.167622,30.684069]]]}},{"type":"Feature","id":"c8047117-ab4e-491d-a035-4d9dd9465f2e","properties":{"id":"c8047117-ab4e-491d-a035-4d9dd9465f2e","height":8,"num_floors":3,"class":"building","areaM2":18,"sourceTile":"tile_2_1","sourceFeatureCount":50434,"heightEstimated":true},"geometry":{"type":"Polygon","coordinates":[[[114.170245,30.68239],[114.170264,30.682474],[114.170221,30.682464],[114.170245,30.68239]]]}},{"type":"Feature","id":"c32e71a6-2bca-4441-9cc4-51a35f004e6a","properties":{"id":"c32e71a6-2bca-4441-9cc4-51a35f004e6a","height":65,"num_floors":20,"class":"building","areaM2":5596,"sourceTile":"tile_2_1","sourceFeatureCount":50434,"heightEstimated":true},"geometry":{"type":"Polygon","coordinates":[[[114.169702,30.68636],[114.169894,30.685881],[114.170699,30.686122],[114.170343,30.686835],[114.169702,30.68636]]]}},{"type":"Feature","id":"987f87c4-5e18-4515-9325-bbdf6016366b","properties":{"id":"987f87c4-5e18-4515-9325-bbdf6016366b","height":70,"num_floors":22,"class":"building","areaM2":5637,"sourceTile":"tile_2_1","sourceFeatureCount":50434,"heightEstimated":true},"geometry":{"type":"Polygon","coordinates":[[[114.170899,30.686118],[114.172098,30.686456],[114.171971,30.686793],[114.170751,30.686449],[114.170636,30.68697],[114.170415,30.686907],[114.170899,30.686118]]]}},{"type":"Feature","id":"ce80dc93-c905-4d75-a971-8a1510deedf8","properties":{"id":"ce80dc93-c905-4d75-a971-8a1510deedf8","height":91,"num_floors":28,"class":"building","areaM2":9266,"sourceTile":"tile_2_1","sourceFeatureCount":50434,"heightEstimated":true},"geometry":{"type":"Polygon","coordinates":[[[114.171843,30.686326],[114.170394,30.685909],[114.170604,30.685365],[114.172052,30.685782],[114.171843,30.686326]]]}},{"type":"Feature","id":"7d46187c-95a0-4ea3-aadc-372d0fbd3e0d","properties":{"id":"7d46187c-95a0-4ea3-aadc-372d0fbd3e0d","height":62,"num_floors":19,"class":"building","areaM2":6695,"sourceTile":"tile_2_1","sourceFeatureCount":50434,"heightEstimated":true},"geometry":{"type":"Polygon","coordinates":[[[114.175128,30.685466],[114.175161,30.686088],[114.17419,30.686025],[114.174398,30.685131],[114.174877,30.685364],[114.174608,30.685452],[114.175128,30.685466]]]}},{"type":"Feature","id":"34725592-3847-415d-88ce-6036725e987d","properties":{"id":"34725592-3847-415d-88ce-6036725e987d","height":65,"num_floors":20,"class":"building","areaM2":6113,"sourceTile":"tile_2_1","sourceFeatureCount":50434,"heightEstimated":true},"geometry":{"type":"Polygon","coordinates":[[[114.174179,30.686127],[114.174967,30.686203],[114.175329,30.686745],[114.174261,30.686882],[114.174188,30.686454],[114.174435,30.686422],[114.174179,30.686127]]]}},{"type":"Feature","id":"cca6afbc-250a-4f8a-aeae-024ae371a80f","properties":{"id":"cca6afbc-250a-4f8a-aeae-024ae371a80f","height":27,"num_floors":8,"class":"building","areaM2":1210,"sourceTile":"tile_2_1","sourceFeatureCount":50434,"heightEstimated":true},"geometry":{"type":"Polygon","coordinates":[[[114.173471,30.686994],[114.173217,30.687001],[114.173201,30.686552],[114.173455,30.686545],[114.173471,30.686994]]]}},{"type":"Feature","id":"29a68f19-24b0-4799-944f-14cf93642f9b","properties":{"id":"29a68f19-24b0-4799-944f-14cf93642f9b","height":83,"num_floors":26,"class":"building","areaM2":5681,"sourceTile":"tile_2_1","sourceFeatureCount":50434,"heightEstimated":true},"geometry":{"type":"Polygon","coordinates":[[[114.171174,30.687889],[114.170628,30.688808],[114.170166,30.688602],[114.170712,30.687684],[114.171174,30.687889]]]}},{"type":"Feature","id":"ee5bdd86-df88-4b97-985e-1e5bbc1b083b","properties":{"id":"ee5bdd86-df88-4b97-985e-1e5bbc1b083b","height":79,"num_floors":25,"class":"building","areaM2":5264,"sourceTile":"tile_2_1","sourceFeatureCount":50434,"heightEstimated":true},"geometry":{"type":"Polygon","coordinates":[[[114.16973,30.688039],[114.170199,30.688255],[114.169751,30.68898],[114.169157,30.688966],[114.16973,30.688039]]]}},{"type":"Feature","id":"d42fa034-a321-497d-a39a-8ee51457926f","properties":{"id":"d42fa034-a321-497d-a39a-8ee51457926f","height":60,"num_floors":19,"class":"building","areaM2":5236,"sourceTile":"tile_2_1","sourceFeatureCount":50434,"heightEstimated":true},"geometry":{"type":"Polygon","coordinates":[[[114.168297,30.688244],[114.169242,30.688571],[114.168922,30.689041],[114.167998,30.688569],[114.168297,30.688244]]]}},{"type":"Feature","id":"60d0a892-ffa8-450f-9ad3-7e19f0e798c0","properties":{"id":"60d0a892-ffa8-450f-9ad3-7e19f0e798c0","height":103,"num_floors":32,"class":"building","areaM2":11428,"sourceTile":"tile_2_1","sourceFeatureCount":50434,"heightEstimated":true},"geometry":{"type":"Polygon","coordinates":[[[114.166619,30.687415],[114.165729,30.687154],[114.165519,30.687688],[114.166902,30.687943],[114.166715,30.688271],[114.165301,30.687856],[114.16558,30.686908],[114.166847,30.68728],[114.166574,30.687857],[114.165841,30.687641],[114.165941,30.687388],[114.166619,30.687415]]]}},{"type":"Feature","id":"2e025ed1-44ff-4be7-a189-608dd6dda79e","properties":{"id":"2e025ed1-44ff-4be7-a189-608dd6dda79e","height":77,"num_floors":24,"class":"building","areaM2":10650,"sourceTile":"tile_2_1","sourceFeatureCount":50434,"heightEstimated":true},"geometry":{"type":"Polygon","coordinates":[[[114.16693,30.687104],[114.164995,30.686592],[114.165163,30.686117],[114.167098,30.686629],[114.16693,30.687104]]]}},{"type":"Feature","id":"ad2d5c11-cfeb-4ee1-97c6-05afa4b2d00b","properties":{"id":"ad2d5c11-cfeb-4ee1-97c6-05afa4b2d00b","height":57,"num_floors":18,"class":"building","areaM2":6222,"sourceTile":"tile_2_1","sourceFeatureCount":50434,"heightEstimated":true},"geometry":{"type":"Polygon","coordinates":[[[114.167986,30.690562],[114.167827,30.690038],[114.168915,30.68974],[114.16897,30.690292],[114.167986,30.690562]]]}},{"type":"Feature","id":"f2f5774b-3f5f-413e-8bca-f23e5d2e935a","properties":{"id":"f2f5774b-3f5f-413e-8bca-f23e5d2e935a","height":59,"num_floors":18,"class":"building","areaM2":6234,"sourceTile":"tile_2_1","sourceFeatureCount":50434,"heightEstimated":true},"geometry":{"type":"Polygon","coordinates":[[[114.161642,30.689146],[114.162726,30.689624],[114.162414,30.690046],[114.16139,30.689593],[114.161642,30.689146]]]}},{"type":"Feature","id":"19875c10-5d9a-4c9a-b1f3-3395684089ba","properties":{"id":"19875c10-5d9a-4c9a-b1f3-3395684089ba","height":8,"num_floors":3,"class":"building","areaM2":42,"sourceTile":"tile_2_1","sourceFeatureCount":50434,"heightEstimated":true},"geometry":{"type":"Polygon","coordinates":[[[114.151436,30.699991],[114.151295,30.699902],[114.151453,30.699945],[114.151436,30.699991]]]}},{"type":"Feature","id":"b9a6944f-c9f8-4657-86c7-4e3657694c0e","properties":{"id":"b9a6944f-c9f8-4657-86c7-4e3657694c0e","height":33,"num_floors":10,"class":"building","areaM2":34,"sourceTile":"tile_2_1","sourceFeatureCount":50434,"heightEstimated":true},"geometry":{"type":"Polygon","coordinates":[[[114.176649,30.702671],[114.17648,30.702697],[114.176483,30.702659],[114.176649,30.702671]]]}},{"type":"Feature","id":"a2c4cbb8-2df3-46f8-869f-717fb38b7112","properties":{"id":"a2c4cbb8-2df3-46f8-869f-717fb38b7112","height":81,"num_floors":25,"class":"building","areaM2":7104,"sourceTile":"tile_2_1","sourceFeatureCount":50434,"heightEstimated":true},"geometry":{"type":"Polygon","coordinates":[[[114.18373,30.6948],[114.18286,30.695351],[114.182434,30.69485],[114.183305,30.694298],[114.18373,30.6948]]]}},{"type":"Feature","id":"48aac27f-88de-424b-84eb-c804e6069dc2","properties":{"id":"48aac27f-88de-424b-84eb-c804e6069dc2","height":85,"num_floors":27,"class":"building","areaM2":11914,"sourceTile":"tile_2_1","sourceFeatureCount":50434,"heightEstimated":true},"geometry":{"type":"Polygon","coordinates":[[[114.182179,30.690634],[114.180357,30.690817],[114.180314,30.690156],[114.182142,30.690067],[114.182179,30.690634]]]}},{"type":"Feature","id":"4c5ed5fb-12c4-413e-b447-07db8fde7a62","properties":{"id":"4c5ed5fb-12c4-413e-b447-07db8fde7a62","height":76,"num_floors":24,"class":"building","areaM2":7710,"sourceTile":"tile_2_1","sourceFeatureCount":50434,"heightEstimated":true},"geometry":{"type":"Polygon","coordinates":[[[114.181596,30.690013],[114.180413,30.690048],[114.18039,30.689475],[114.181806,30.689461],[114.181596,30.690013]]]}},{"type":"Feature","id":"25309f63-202d-435a-9a30-ce363e13ad68","properties":{"id":"25309f63-202d-435a-9a30-ce363e13ad68","height":31,"num_floors":10,"class":"building","areaM2":31,"sourceTile":"tile_2_1","sourceFeatureCount":50434,"heightEstimated":true},"geometry":{"type":"Polygon","coordinates":[[[114.186033,30.689589],[114.186175,30.689656],[114.186024,30.689626],[114.186033,30.689589]]]}},{"type":"Feature","id":"6db93493-0b3f-4a1b-b5d2-7471142d7156","properties":{"id":"6db93493-0b3f-4a1b-b5d2-7471142d7156","height":28,"num_floors":9,"class":"building","areaM2":13,"sourceTile":"tile_2_1","sourceFeatureCount":50434,"heightEstimated":true},"geometry":{"type":"Polygon","coordinates":[[[114.181133,30.688623],[114.181058,30.688646],[114.181069,30.688609],[114.181133,30.688623]]]}},{"type":"Feature","id":"540583cf-3076-4585-a148-25c85434afe6","properties":{"id":"540583cf-3076-4585-a148-25c85434afe6","height":105,"num_floors":33,"class":"building","areaM2":21359,"sourceTile":"tile_2_1","sourceFeatureCount":50434,"heightEstimated":true},"geometry":{"type":"Polygon","coordinates":[[[114.178508,30.683465],[114.179668,30.683388],[114.178543,30.683314],[114.178606,30.682599],[114.179864,30.682682],[114.179719,30.684331],[114.178439,30.684247],[114.178508,30.683465]]]}},{"type":"Feature","id":"1c236804-acfa-4b82-8b29-5591ddad88e9","properties":{"id":"1c236804-acfa-4b82-8b29-5591ddad88e9","height":136,"num_floors":43,"class":"building","areaM2":22566,"sourceTile":"tile_2_1","sourceFeatureCount":50434,"heightEstimated":true},"geometry":{"type":"Polygon","coordinates":[[[114.178482,30.682592],[114.178398,30.683315],[114.177385,30.683226],[114.17837,30.683456],[114.178279,30.684236],[114.176952,30.684178],[114.177046,30.68337],[114.177321,30.683394],[114.177053,30.683217],[114.177205,30.682481],[114.178482,30.682592]]]}},{"type":"Feature","id":"4459496c-5e70-4b4c-92ee-c4d62c270e1f","properties":{"id":"4459496c-5e70-4b4c-92ee-c4d62c270e1f","height":29,"num_floors":9,"class":"building","areaM2":81,"sourceTile":"tile_2_1","sourceFeatureCount":50434,"heightEstimated":true},"geometry":{"type":"Polygon","coordinates":[[[114.195463,30.687833],[114.195425,30.687655],[114.195538,30.687784],[114.195463,30.687833]]]}},{"type":"Feature","id":"14f59d26-63f3-4434-846b-452e3671f371","properties":{"id":"14f59d26-63f3-4434-846b-452e3671f371","height":25,"num_floors":8,"class":"building","areaM2":38,"sourceTile":"tile_2_1","sourceFeatureCount":50434,"heightEstimated":true},"geometry":{"type":"Polygon","coordinates":[[[114.182422,30.67555],[114.182159,30.675592],[114.182157,30.675565],[114.182422,30.67555]]]}},{"type":"Feature","id":"4554985f-6433-4a26-b3b6-6f1eb01d7a0f","properties":{"id":"4554985f-6433-4a26-b3b6-6f1eb01d7a0f","height":63,"num_floors":20,"class":"building","areaM2":5877,"sourceTile":"tile_2_1","sourceFeatureCount":50434,"heightEstimated":true},"geometry":{"type":"Polygon","coordinates":[[[114.18496,30.675895],[114.186073,30.675986],[114.186018,30.676481],[114.184906,30.67639],[114.18496,30.675895]]]}},{"type":"Feature","id":"3faf12a6-a07a-47fa-ae1a-2b9477b11109","properties":{"id":"3faf12a6-a07a-47fa-ae1a-2b9477b11109","height":72,"num_floors":23,"class":"building","areaM2":5441,"sourceTile":"tile_2_1","sourceFeatureCount":50434,"heightEstimated":true},"geometry":{"type":"Polygon","coordinates":[[[114.186115,30.677049],[114.186742,30.67686],[114.186922,30.67645],[114.187016,30.677645],[114.186352,30.67763],[114.186444,30.677215],[114.186115,30.677049]]]}},{"type":"Feature","id":"85da54dd-68f3-4179-8cf8-96a1a19db80d","properties":{"id":"85da54dd-68f3-4179-8cf8-96a1a19db80d","height":96,"num_floors":30,"class":"building","areaM2":8675,"sourceTile":"tile_2_1","sourceFeatureCount":50434,"heightEstimated":true},"geometry":{"type":"Polygon","coordinates":[[[114.184668,30.678811],[114.184157,30.678884],[114.184224,30.678532],[114.183439,30.678512],[114.183429,30.678818],[114.183019,30.678807],[114.183064,30.678148],[114.184743,30.678249],[114.184668,30.678811]]]}},{"type":"Feature","id":"12d15516-d809-4128-9ee2-b4cd15622b37","properties":{"id":"12d15516-d809-4128-9ee2-b4cd15622b37","height":80,"num_floors":25,"class":"building","areaM2":10551,"sourceTile":"tile_2_1","sourceFeatureCount":50434,"heightEstimated":true},"geometry":{"type":"Polygon","coordinates":[[[114.185837,30.678303],[114.186575,30.678223],[114.186883,30.678395],[114.186893,30.67923],[114.185768,30.679161],[114.185837,30.678303]]]}},{"type":"Feature","id":"7de6be81-349d-45f9-82a8-e5cce4c7cf84","properties":{"id":"7de6be81-349d-45f9-82a8-e5cce4c7cf84","height":70,"num_floors":22,"class":"building","areaM2":6373,"sourceTile":"tile_2_1","sourceFeatureCount":50434,"heightEstimated":true},"geometry":{"type":"Polygon","coordinates":[[[114.169606,30.680498],[114.170331,30.68063],[114.170137,30.681425],[114.169412,30.681293],[114.169606,30.680498]]]}},{"type":"Feature","id":"eb1003e2-4d31-4f83-aa54-7aad3a982494","properties":{"id":"eb1003e2-4d31-4f83-aa54-7aad3a982494","height":78,"num_floors":24,"class":"building","areaM2":6614,"sourceTile":"tile_2_1","sourceFeatureCount":50434,"heightEstimated":true},"geometry":{"type":"Polygon","coordinates":[[[114.170284,30.678842],[114.170578,30.678431],[114.170126,30.678399],[114.170153,30.678113],[114.171256,30.678192],[114.171111,30.678901],[114.170284,30.678842]]]}},{"type":"Feature","id":"7c75060a-0226-4aec-9cd4-1311ca119fb9","properties":{"id":"7c75060a-0226-4aec-9cd4-1311ca119fb9","height":62,"num_floors":19,"class":"building","areaM2":5966,"sourceTile":"tile_2_1","sourceFeatureCount":50434,"heightEstimated":true},"geometry":{"type":"Polygon","coordinates":[[[114.163147,30.673722],[114.163696,30.673871],[114.163675,30.673669],[114.164065,30.67364],[114.164143,30.674421],[114.163489,30.67447],[114.163147,30.673722]]]}},{"type":"Feature","id":"dfe1bc8a-a6c5-4350-b28c-8cbe0b288e05","properties":{"id":"dfe1bc8a-a6c5-4350-b28c-8cbe0b288e05","height":84,"num_floors":26,"class":"building","areaM2":8084,"sourceTile":"tile_2_1","sourceFeatureCount":50434,"heightEstimated":true},"geometry":{"type":"Polygon","coordinates":[[[114.162667,30.676282],[114.164524,30.6763],[114.164519,30.676711],[114.162661,30.676693],[114.162667,30.676282]]]}},{"type":"Feature","id":"cc19883e-1e52-4029-8dbb-f1309e6ceb32","properties":{"id":"cc19883e-1e52-4029-8dbb-f1309e6ceb32","height":86,"num_floors":27,"class":"building","areaM2":7330,"sourceTile":"tile_2_1","sourceFeatureCount":50434,"heightEstimated":true},"geometry":{"type":"Polygon","coordinates":[[[114.162859,30.676038],[114.162869,30.67556],[114.164317,30.675583],[114.164307,30.676061],[114.162859,30.676038]]]}},{"type":"Feature","id":"1615f478-3ff4-43f0-b2af-a36e83eb0baf","properties":{"id":"1615f478-3ff4-43f0-b2af-a36e83eb0baf","height":25,"num_floors":8,"class":"building","areaM2":78,"sourceTile":"tile_2_1","sourceFeatureCount":50434,"heightEstimated":true},"geometry":{"type":"Polygon","coordinates":[[[114.16508,30.678345],[114.165233,30.678247],[114.165235,30.678343],[114.16508,30.678345]]]}},{"type":"Feature","id":"9af66da5-d212-4484-adc0-f7bec27bfaca","properties":{"id":"9af66da5-d212-4484-adc0-f7bec27bfaca","height":23,"num_floors":7,"class":"building","areaM2":76,"sourceTile":"tile_2_1","sourceFeatureCount":50434,"heightEstimated":true},"geometry":{"type":"Polygon","coordinates":[[[114.155437,30.681067],[114.155253,30.680982],[114.155441,30.68099],[114.155437,30.681067]]]}},{"type":"Feature","id":"18aa8a01-134d-43b3-9ab9-480d03b05ab5","properties":{"id":"18aa8a01-134d-43b3-9ab9-480d03b05ab5","height":95,"num_floors":30,"class":"building","areaM2":10388,"sourceTile":"tile_2_1","sourceFeatureCount":50434,"heightEstimated":true},"geometry":{"type":"Polygon","coordinates":[[[114.153464,30.677268],[114.153487,30.676427],[114.154218,30.676423],[114.153488,30.676408],[114.153497,30.676093],[114.154337,30.67611],[114.154304,30.677286],[114.153464,30.677268]]]}},{"type":"Feature","id":"b82b849b-0073-4b55-8af6-0f424f87b301","properties":{"id":"b82b849b-0073-4b55-8af6-0f424f87b301","height":63,"num_floors":20,"class":"building","areaM2":5560,"sourceTile":"tile_2_1","sourceFeatureCount":50434,"heightEstimated":true},"geometry":{"type":"Polygon","coordinates":[[[114.162215,30.673784],[114.162933,30.673741],[114.16299,30.67447],[114.162272,30.674512],[114.162215,30.673784]]]}},{"type":"Feature","id":"608d5af8-85a9-441f-a33f-488355becf8d","properties":{"id":"608d5af8-85a9-441f-a33f-488355becf8d","height":85,"num_floors":27,"class":"building","areaM2":12076,"sourceTile":"tile_2_1","sourceFeatureCount":50434,"heightEstimated":true},"geometry":{"type":"Polygon","coordinates":[[[114.163273,30.671245],[114.162012,30.671247],[114.161993,30.670368],[114.163298,30.670346],[114.163273,30.671245]]]}},{"type":"Feature","id":"b2083260-0168-4099-90fd-c57999be7db6","properties":{"id":"b2083260-0168-4099-90fd-c57999be7db6","height":20,"num_floors":6,"class":"building","areaM2":45,"sourceTile":"tile_2_1","sourceFeatureCount":50434,"heightEstimated":true},"geometry":{"type":"Polygon","coordinates":[[[114.157974,30.666483],[114.158008,30.666359],[114.158048,30.666462],[114.157974,30.666483]]]}},{"type":"Feature","id":"3e5a7714-c8d7-43a1-8344-6369d712f04f","properties":{"id":"3e5a7714-c8d7-43a1-8344-6369d712f04f","height":102,"num_floors":32,"class":"building","areaM2":10999,"sourceTile":"tile_2_1","sourceFeatureCount":50434,"heightEstimated":true},"geometry":{"type":"Polygon","coordinates":[[[114.161921,30.670259],[114.161915,30.669514],[114.163308,30.669506],[114.163314,30.670251],[114.161921,30.670259]]]}},{"type":"Feature","id":"46602a95-61a4-4bfe-bb4f-bffc5938ab51","properties":{"id":"46602a95-61a4-4bfe-bb4f-bffc5938ab51","height":63,"num_floors":20,"class":"building","areaM2":5697,"sourceTile":"tile_2_1","sourceFeatureCount":50434,"heightEstimated":true},"geometry":{"type":"Polygon","coordinates":[[[114.169233,30.669299],[114.169241,30.6697],[114.168655,30.66971],[114.168638,30.668936],[114.168947,30.668873],[114.168941,30.668606],[114.169228,30.668601],[114.16924,30.669127],[114.168988,30.669265],[114.169233,30.669299]]]}},{"type":"Feature","id":"fbe54fb5-97f4-4e2d-bde4-68f2b1aed361","properties":{"id":"fbe54fb5-97f4-4e2d-bde4-68f2b1aed361","height":79,"num_floors":25,"class":"building","areaM2":6483,"sourceTile":"tile_2_1","sourceFeatureCount":50434,"heightEstimated":true},"geometry":{"type":"Polygon","coordinates":[[[114.16428,30.673326],[114.163151,30.673556],[114.163111,30.672935],[114.164299,30.672891],[114.16428,30.673326]]]}},{"type":"Feature","id":"1dd1b1eb-13f0-4829-8b1e-a20ecc3c3f8a","properties":{"id":"1dd1b1eb-13f0-4829-8b1e-a20ecc3c3f8a","height":79,"num_floors":25,"class":"building","areaM2":6166,"sourceTile":"tile_2_1","sourceFeatureCount":50434,"heightEstimated":true},"geometry":{"type":"Polygon","coordinates":[[[114.167388,30.671702],[114.168671,30.671696],[114.168687,30.672136],[114.167405,30.67217],[114.167388,30.671702]]]}},{"type":"Feature","id":"03de6e58-fd7c-430f-bb48-87b89576d4ce","properties":{"id":"03de6e58-fd7c-430f-bb48-87b89576d4ce","height":71,"num_floors":22,"class":"building","areaM2":8670,"sourceTile":"tile_2_1","sourceFeatureCount":50434,"heightEstimated":true},"geometry":{"type":"Polygon","coordinates":[[[114.168935,30.671249],[114.167288,30.671242],[114.167291,30.670744],[114.168939,30.670752],[114.168935,30.671249]]]}},{"type":"Feature","id":"24b4b482-0301-4aa0-94ab-99854cbd2ccc","properties":{"id":"24b4b482-0301-4aa0-94ab-99854cbd2ccc","height":21,"num_floors":7,"class":"building","areaM2":134,"sourceTile":"tile_2_1","sourceFeatureCount":50434,"heightEstimated":true},"geometry":{"type":"Polygon","coordinates":[[[114.163376,30.661054],[114.16346,30.661342],[114.163303,30.661105],[114.163376,30.661054]]]}},{"type":"Feature","id":"b867a861-cb18-40a5-8e24-4111ed9189b6","properties":{"id":"b867a861-cb18-40a5-8e24-4111ed9189b6","height":14,"num_floors":4,"class":"building","areaM2":17,"sourceTile":"tile_2_1","sourceFeatureCount":50434,"heightEstimated":true},"geometry":{"type":"Polygon","coordinates":[[[114.161007,30.659719],[114.161098,30.659717],[114.161032,30.659753],[114.161007,30.659719]]]}},{"type":"Feature","id":"76e85955-01f3-42cc-a1dc-64de618bfecb","properties":{"id":"76e85955-01f3-42cc-a1dc-64de618bfecb","height":84,"num_floors":26,"class":"building","areaM2":13639,"sourceTile":"tile_2_1","sourceFeatureCount":50434,"heightEstimated":true},"geometry":{"type":"Polygon","coordinates":[[[114.153074,30.653277],[114.153195,30.654245],[114.15206,30.654351],[114.151988,30.654153],[114.152015,30.654369],[114.151704,30.654398],[114.15161,30.653645],[114.153074,30.653277]]]}},{"type":"Feature","id":"b3f8fced-9c55-454f-b8e8-fb50fe149b3f","properties":{"id":"b3f8fced-9c55-454f-b8e8-fb50fe149b3f","height":103,"num_floors":32,"class":"building","areaM2":12102,"sourceTile":"tile_2_1","sourceFeatureCount":50434,"heightEstimated":true},"geometry":{"type":"Polygon","coordinates":[[[114.151285,30.651005],[114.152884,30.651069],[114.152894,30.651743],[114.151296,30.651762],[114.151285,30.651005]]]}},{"type":"Feature","id":"5ad1b2c3-9f98-42b3-a616-3791f5767ba0","properties":{"id":"5ad1b2c3-9f98-42b3-a616-3791f5767ba0","height":17,"num_floors":5,"class":"building","areaM2":140,"sourceTile":"tile_2_1","sourceFeatureCount":50434,"heightEstimated":true},"geometry":{"type":"Polygon","coordinates":[[[114.155615,30.652],[114.155994,30.651894],[114.156003,30.651961],[114.155615,30.652]]]}},{"type":"Feature","id":"3874ecbf-673c-4c43-bcd5-0a9002c0e457","properties":{"id":"3874ecbf-673c-4c43-bcd5-0a9002c0e457","height":10,"num_floors":3,"class":"building","areaM2":13,"sourceTile":"tile_2_1","sourceFeatureCount":50434,"heightEstimated":true},"geometry":{"type":"Polygon","coordinates":[[[114.18673,30.654852],[114.186823,30.654823],[114.186824,30.65485],[114.18673,30.654852]]]}},{"type":"Feature","id":"75144091-bc1d-47cf-ab73-29b7492d4247","properties":{"id":"75144091-bc1d-47cf-ab73-29b7492d4247","height":11,"num_floors":3,"class":"building","areaM2":81,"sourceTile":"tile_2_1","sourceFeatureCount":50434,"heightEstimated":true},"geometry":{"type":"Polygon","coordinates":[[[114.192633,30.651465],[114.192834,30.65144],[114.192798,30.651521],[114.192633,30.651465]]]}},{"type":"Feature","id":"a4e83cbd-ed0c-4cd2-a858-c77b3e47bd57","properties":{"id":"a4e83cbd-ed0c-4cd2-a858-c77b3e47bd57","height":8,"num_floors":3,"class":"building","areaM2":7,"sourceTile":"tile_2_1","sourceFeatureCount":50434,"heightEstimated":true},"geometry":{"type":"Polygon","coordinates":[[[114.189737,30.646766],[114.189806,30.646761],[114.189801,30.64678],[114.189737,30.646766]]]}},{"type":"Feature","id":"65b63cb2-47c6-4eea-9c45-9436e5e05bb3","properties":{"id":"65b63cb2-47c6-4eea-9c45-9436e5e05bb3","height":8,"num_floors":3,"class":"building","areaM2":9,"sourceTile":"tile_2_1","sourceFeatureCount":50434,"heightEstimated":true},"geometry":{"type":"Polygon","coordinates":[[[114.176186,30.637004],[114.176129,30.637025],[114.176146,30.63699],[114.176186,30.637004]]]}},{"type":"Feature","id":"bd967b53-28c2-4b8e-be0f-12b1b5929f7a","properties":{"id":"bd967b53-28c2-4b8e-be0f-12b1b5929f7a","height":117,"num_floors":37,"class":"building","areaM2":22533,"sourceTile":"tile_2_1","sourceFeatureCount":50434,"heightEstimated":true},"geometry":{"type":"Polygon","coordinates":[[[114.194564,30.638047],[114.192836,30.638357],[114.19255,30.637176],[114.194277,30.636866],[114.194564,30.638047]]]}},{"type":"Feature","id":"31e07f19-185c-4bc2-850f-518f7db7a50f","properties":{"id":"31e07f19-185c-4bc2-850f-518f7db7a50f","height":72,"num_floors":23,"class":"building","areaM2":6249,"sourceTile":"tile_2_1","sourceFeatureCount":50434,"heightEstimated":true},"geometry":{"type":"Polygon","coordinates":[[[114.195464,30.63789],[114.195274,30.6379],[114.195243,30.637781],[114.195671,30.637821],[114.195747,30.638111],[114.194863,30.638286],[114.194661,30.637522],[114.195545,30.637347],[114.195615,30.637611],[114.194838,30.637764],[114.19522,30.637938],[114.195464,30.63789]]]}},{"type":"Feature","id":"f67fa790-2caf-4f2e-8ee4-29a0c2089d4a","properties":{"id":"f67fa790-2caf-4f2e-8ee4-29a0c2089d4a","height":108,"num_floors":34,"class":"building","areaM2":15262,"sourceTile":"tile_2_1","sourceFeatureCount":50434,"heightEstimated":true},"geometry":{"type":"Polygon","coordinates":[[[114.199978,30.635984],[114.198986,30.636025],[114.198776,30.635209],[114.200558,30.634641],[114.199978,30.635984]]]}},{"type":"Feature","id":"681c2d6c-ae65-4493-96d3-824f6c598107","properties":{"id":"681c2d6c-ae65-4493-96d3-824f6c598107","height":104,"num_floors":33,"class":"building","areaM2":12468,"sourceTile":"tile_2_1","sourceFeatureCount":50434,"heightEstimated":true},"geometry":{"type":"Polygon","coordinates":[[[114.196493,30.634002],[114.197741,30.634024],[114.19786,30.634899],[114.19674,30.635089],[114.196493,30.634002]]]}},{"type":"Feature","id":"3f231010-cad1-4464-a25e-80b461c7a300","properties":{"id":"3f231010-cad1-4464-a25e-80b461c7a300","height":33,"num_floors":10,"class":"building","areaM2":13,"sourceTile":"tile_2_1","sourceFeatureCount":50434,"heightEstimated":true},"geometry":{"type":"Polygon","coordinates":[[[114.197609,30.633995],[114.197652,30.633938],[114.197656,30.633992],[114.197609,30.633995]]]}},{"type":"Feature","id":"e7b48bb5-eb9e-48ed-b651-56fb3f58061b","properties":{"id":"e7b48bb5-eb9e-48ed-b651-56fb3f58061b","height":107,"num_floors":33,"class":"building","areaM2":12758,"sourceTile":"tile_2_1","sourceFeatureCount":50434,"heightEstimated":true},"geometry":{"type":"Polygon","coordinates":[[[114.193712,30.634581],[114.193996,30.634961],[114.193825,30.634427],[114.193297,30.634554],[114.193134,30.634046],[114.194186,30.633835],[114.19461,30.634954],[114.193526,30.635215],[114.193395,30.634657],[114.193712,30.634581]]]}},{"type":"Feature","id":"8b73806e-6f91-4944-85f6-d62b1e69bdf6","properties":{"id":"8b73806e-6f91-4944-85f6-d62b1e69bdf6","height":114,"num_floors":36,"class":"building","areaM2":17495,"sourceTile":"tile_2_1","sourceFeatureCount":50434,"heightEstimated":true},"geometry":{"type":"Polygon","coordinates":[[[114.175649,30.634605],[114.175408,30.63391],[114.177591,30.633349],[114.177832,30.634044],[114.175649,30.634605]]]}},{"type":"Feature","id":"40abc233-8583-4048-b4cd-05fd512dbfc2","properties":{"id":"40abc233-8583-4048-b4cd-05fd512dbfc2","height":120,"num_floors":38,"class":"building","areaM2":17505,"sourceTile":"tile_2_1","sourceFeatureCount":50434,"heightEstimated":true},"geometry":{"type":"Polygon","coordinates":[[[114.175949,30.635535],[114.175711,30.63485],[114.177924,30.63428],[114.178162,30.634965],[114.175949,30.635535]]]}},{"type":"Feature","id":"6de99b32-b89c-476d-8b00-0c3339340d4d","properties":{"id":"6de99b32-b89c-476d-8b00-0c3339340d4d","height":95,"num_floors":30,"class":"building","areaM2":17407,"sourceTile":"tile_2_1","sourceFeatureCount":50434,"heightEstimated":true},"geometry":{"type":"Polygon","coordinates":[[[114.173462,30.636184],[114.173219,30.635493],[114.1754,30.634926],[114.175643,30.635616],[114.173462,30.636184]]]}},{"type":"Feature","id":"cd4c62c3-4cae-45f7-9aae-587eced18bed","properties":{"id":"cd4c62c3-4cae-45f7-9aae-587eced18bed","height":98,"num_floors":31,"class":"building","areaM2":17571,"sourceTile":"tile_2_1","sourceFeatureCount":50434,"heightEstimated":true},"geometry":{"type":"Polygon","coordinates":[[[114.173139,30.635264],[114.172897,30.634566],[114.175081,30.634005],[114.175323,30.634703],[114.173139,30.635264]]]}},{"type":"Feature","id":"581f9f59-f9cb-4edb-a430-b6e481af9ac8","properties":{"id":"581f9f59-f9cb-4edb-a430-b6e481af9ac8","height":35,"num_floors":11,"class":"building","areaM2":98,"sourceTile":"tile_2_1","sourceFeatureCount":50434,"heightEstimated":true},"geometry":{"type":"Polygon","coordinates":[[[114.169472,30.635307],[114.169714,30.635384],[114.169471,30.635383],[114.169472,30.635307]]]}},{"type":"Feature","id":"07b51dbb-6807-41a4-a9f7-a4fc99915646","properties":{"id":"07b51dbb-6807-41a4-a9f7-a4fc99915646","height":64,"num_floors":20,"class":"building","areaM2":5884,"sourceTile":"tile_2_1","sourceFeatureCount":50434,"heightEstimated":true},"geometry":{"type":"Polygon","coordinates":[[[114.162228,30.635321],[114.16194,30.635323],[114.162126,30.635102],[114.160899,30.635112],[114.16104,30.63491],[114.160706,30.634655],[114.162222,30.634757],[114.162228,30.635321]]]}},{"type":"Feature","id":"f5f4b77f-96c4-467e-9e59-00162e425d6f","properties":{"id":"f5f4b77f-96c4-467e-9e59-00162e425d6f","height":69,"num_floors":22,"class":"building","areaM2":7648,"sourceTile":"tile_2_1","sourceFeatureCount":50434,"heightEstimated":true},"geometry":{"type":"Polygon","coordinates":[[[114.1596,30.634678],[114.159616,30.635165],[114.158135,30.635201],[114.158119,30.634714],[114.1596,30.634678]]]}},{"type":"Feature","id":"46c090b9-d493-4c39-83b2-570b84706067","properties":{"id":"46c090b9-d493-4c39-83b2-570b84706067","height":87,"num_floors":27,"class":"building","areaM2":7420,"sourceTile":"tile_2_1","sourceFeatureCount":50434,"heightEstimated":true},"geometry":{"type":"Polygon","coordinates":[[[114.151595,30.632938],[114.151808,30.632741],[114.152478,30.633179],[114.152158,30.633545],[114.150897,30.632721],[114.151196,30.632378],[114.151761,30.632747],[114.151595,30.632938]]]}},{"type":"Feature","id":"f60e7e19-58a6-4ebd-ad2a-1d0caf4a2e49","properties":{"id":"f60e7e19-58a6-4ebd-ad2a-1d0caf4a2e49","height":34,"num_floors":11,"class":"building","areaM2":117,"sourceTile":"tile_2_1","sourceFeatureCount":50434,"heightEstimated":true},"geometry":{"type":"Polygon","coordinates":[[[114.152652,30.639361],[114.152882,30.639258],[114.152886,30.639352],[114.152652,30.639361]]]}},{"type":"Feature","id":"bd16720d-5a3e-4aa2-8717-e36a87e0efaa","properties":{"id":"bd16720d-5a3e-4aa2-8717-e36a87e0efaa","height":137,"num_floors":43,"class":"building","areaM2":23315,"sourceTile":"tile_2_1","sourceFeatureCount":50434,"heightEstimated":true},"geometry":{"type":"Polygon","coordinates":[[[114.157654,30.639954],[114.157211,30.639939],[114.157194,30.639518],[114.157747,30.639502],[114.157198,30.639336],[114.157174,30.638735],[114.158213,30.638704],[114.157957,30.63895],[114.158218,30.639115],[114.158027,30.639331],[114.158261,30.640769],[114.155981,30.64074],[114.156145,30.640401],[114.157021,30.640461],[114.157961,30.640433],[114.157208,30.640436],[114.15719,30.639968],[114.157654,30.639954]]]}},{"type":"Feature","id":"c6388166-5e63-4839-9d74-e12f2aecbd67","properties":{"id":"c6388166-5e63-4839-9d74-e12f2aecbd67","height":99,"num_floors":31,"class":"building","areaM2":10565,"sourceTile":"tile_2_1","sourceFeatureCount":50434,"heightEstimated":true},"geometry":{"type":"Polygon","coordinates":[[[114.157976,30.643033],[114.158035,30.643549],[114.156145,30.643598],[114.156141,30.643044],[114.157976,30.643033]]]}},{"type":"Feature","id":"6f748235-5d35-4962-8a60-7fa865820223","properties":{"id":"6f748235-5d35-4962-8a60-7fa865820223","height":84,"num_floors":26,"class":"building","areaM2":11460,"sourceTile":"tile_2_1","sourceFeatureCount":50434,"heightEstimated":true},"geometry":{"type":"Polygon","coordinates":[[[114.161319,30.643537],[114.161286,30.642773],[114.1627,30.642727],[114.162733,30.643492],[114.161319,30.643537]]]}},{"type":"Feature","id":"293e3dea-a651-4d43-a104-fda38ba49118","properties":{"id":"293e3dea-a651-4d43-a104-fda38ba49118","height":79,"num_floors":25,"class":"building","areaM2":8430,"sourceTile":"tile_2_1","sourceFeatureCount":50434,"heightEstimated":true},"geometry":{"type":"Polygon","coordinates":[[[114.161519,30.641832],[114.162694,30.641868],[114.162723,30.642488],[114.161486,30.642532],[114.161519,30.641832]]]}},{"type":"Feature","id":"b064ebda-d556-466d-9af5-cd6b49e8e856","properties":{"id":"b064ebda-d556-466d-9af5-cd6b49e8e856","height":84,"num_floors":26,"class":"building","areaM2":8093,"sourceTile":"tile_2_1","sourceFeatureCount":50434,"heightEstimated":true},"geometry":{"type":"Polygon","coordinates":[[[114.162703,30.641745],[114.161455,30.641792],[114.161424,30.641181],[114.162672,30.641134],[114.162703,30.641745]]]}},{"type":"Feature","id":"16cb94a3-e4c7-420c-af34-9c0281e2965f","properties":{"id":"16cb94a3-e4c7-420c-af34-9c0281e2965f","height":97,"num_floors":30,"class":"building","areaM2":15676,"sourceTile":"tile_2_1","sourceFeatureCount":50434,"heightEstimated":true},"geometry":{"type":"Polygon","coordinates":[[[114.162682,30.639333],[114.161875,30.639312],[114.161877,30.638805],[114.162706,30.638807],[114.162701,30.640585],[114.16186,30.640584],[114.161864,30.639331],[114.162682,30.639333]]]}},{"type":"Feature","id":"9f55f909-4dd3-4f9e-8b29-77f0f535c966","properties":{"id":"9f55f909-4dd3-4f9e-8b29-77f0f535c966","height":115,"num_floors":36,"class":"building","areaM2":14545,"sourceTile":"tile_2_1","sourceFeatureCount":50434,"heightEstimated":true},"geometry":{"type":"Polygon","coordinates":[[[114.163974,30.637758],[114.160724,30.637752],[114.160726,30.637366],[114.163996,30.6373],[114.163974,30.637758]]]}},{"type":"Feature","id":"3e52fbd4-2183-4ef1-848e-57699635eecc","properties":{"id":"3e52fbd4-2183-4ef1-848e-57699635eecc","height":28,"num_floors":9,"class":"building","areaM2":39,"sourceTile":"tile_2_1","sourceFeatureCount":50434,"heightEstimated":true},"geometry":{"type":"Polygon","coordinates":[[[114.166636,30.637653],[114.166708,30.637752],[114.166636,30.637753],[114.166636,30.637653]]]}},{"type":"Feature","id":"a5e956e8-7628-4184-9f37-d277b8e6e632","properties":{"id":"a5e956e8-7628-4184-9f37-d277b8e6e632","height":98,"num_floors":31,"class":"building","areaM2":8960,"sourceTile":"tile_2_1","sourceFeatureCount":50434,"heightEstimated":true},"geometry":{"type":"Polygon","coordinates":[[[114.167514,30.638631],[114.167503,30.638858],[114.166553,30.638825],[114.166503,30.638151],[114.167938,30.6382],[114.167916,30.638645],[114.167514,30.638631]]]}},{"type":"Feature","id":"315566c7-2c76-412b-b7c5-24aaadb72fc0","properties":{"id":"315566c7-2c76-412b-b7c5-24aaadb72fc0","height":100,"num_floors":31,"class":"building","areaM2":15488,"sourceTile":"tile_2_1","sourceFeatureCount":50434,"heightEstimated":true},"geometry":{"type":"Polygon","coordinates":[[[114.168149,30.638637],[114.167962,30.639423],[114.16705,30.63955],[114.167039,30.63996],[114.166298,30.640317],[114.166444,30.639056],[114.168149,30.638637]]]}},{"type":"Feature","id":"8f4403f7-7fa0-4972-aa28-2b3eecb5ac7f","properties":{"id":"8f4403f7-7fa0-4972-aa28-2b3eecb5ac7f","height":106,"num_floors":33,"class":"building","areaM2":12892,"sourceTile":"tile_2_1","sourceFeatureCount":50434,"heightEstimated":true},"geometry":{"type":"Polygon","coordinates":[[[114.163342,30.643318],[114.163296,30.642111],[114.164304,30.642083],[114.16435,30.64329],[114.163342,30.643318]]]}},{"type":"Feature","id":"c6e1356e-7263-44a3-bc2c-3f913f43012c","properties":{"id":"c6e1356e-7263-44a3-bc2c-3f913f43012c","height":29,"num_floors":9,"class":"building","areaM2":86,"sourceTile":"tile_2_1","sourceFeatureCount":50434,"heightEstimated":true},"geometry":{"type":"Polygon","coordinates":[[[114.164063,30.649667],[114.164187,30.649817],[114.164018,30.649745],[114.164063,30.649667]]]}},{"type":"Feature","id":"5df1a874-fb32-4d62-a113-c2f31cdef80b","properties":{"id":"5df1a874-fb32-4d62-a113-c2f31cdef80b","height":28,"num_floors":9,"class":"building","areaM2":129,"sourceTile":"tile_2_1","sourceFeatureCount":50434,"heightEstimated":true},"geometry":{"type":"Polygon","coordinates":[[[114.156284,30.646076],[114.156171,30.646002],[114.156277,30.645856],[114.156284,30.646076]]]}},{"type":"Feature","id":"7026efef-b4f7-4be6-add0-cfad4468a281","properties":{"id":"7026efef-b4f7-4be6-add0-cfad4468a281","height":64,"num_floors":20,"class":"building","areaM2":5470,"sourceTile":"tile_2_1","sourceFeatureCount":50434,"heightEstimated":true},"geometry":{"type":"Polygon","coordinates":[[[114.150726,30.649112],[114.151301,30.649054],[114.151301,30.649982],[114.150726,30.649982],[114.150726,30.649112]]]}},{"type":"Feature","id":"5f3767ed-aa61-4e45-9e15-b1fd8d2e68ce","properties":{"id":"5f3767ed-aa61-4e45-9e15-b1fd8d2e68ce","height":25,"num_floors":8,"class":"building","areaM2":85,"sourceTile":"tile_2_1","sourceFeatureCount":50434,"heightEstimated":true},"geometry":{"type":"Polygon","coordinates":[[[114.229984,30.63356],[114.230201,30.633735],[114.229941,30.633599],[114.229984,30.63356]]]}},{"type":"Feature","id":"eaf78ffe-4ac8-4cba-a86e-80acfec0b4c5","properties":{"id":"eaf78ffe-4ac8-4cba-a86e-80acfec0b4c5","height":60,"num_floors":2,"class":"building","areaM2":6787,"sourceTile":"tile_2_1","sourceFeatureCount":50434,"heightEstimated":true},"geometry":{"type":"Polygon","coordinates":[[[114.241067,30.633557],[114.240558,30.633539],[114.240689,30.633192],[114.2411,30.633241],[114.241151,30.63304],[114.24077,30.632994],[114.24088,30.632606],[114.241349,30.632417],[114.241054,30.632193],[114.242181,30.632528],[114.242095,30.63274],[114.240971,30.632694],[114.241301,30.632973],[114.241177,30.633347],[114.240724,30.633446],[114.241067,30.633557]]]}},{"type":"Feature","id":"0aed891d-d57d-468d-8170-33751ab895c1","properties":{"id":"0aed891d-d57d-468d-8170-33751ab895c1","height":35,"num_floors":11,"class":"building","areaM2":682,"sourceTile":"tile_2_1","sourceFeatureCount":50434,"heightEstimated":true},"geometry":{"type":"Polygon","coordinates":[[[114.234899,30.642429],[114.234287,30.642488],[114.234312,30.642093],[114.234422,30.642346],[114.234899,30.642429]]]}},{"type":"Feature","id":"2e7e1636-d48b-40c4-bccb-5506c3ca7c13","properties":{"id":"2e7e1636-d48b-40c4-bccb-5506c3ca7c13","height":83,"num_floors":3,"class":"building","areaM2":7195,"sourceTile":"tile_2_1","sourceFeatureCount":50434,"heightEstimated":true},"geometry":{"type":"Polygon","coordinates":[[[114.237441,30.643831],[114.236808,30.643857],[114.236572,30.642869],[114.237135,30.642883],[114.237471,30.643275],[114.237441,30.643831]]]}},{"type":"Feature","id":"b09331c2-dce4-4c9a-8a92-fa004adfc10a","properties":{"id":"b09331c2-dce4-4c9a-8a92-fa004adfc10a","height":30,"num_floors":9,"class":"building","areaM2":512,"sourceTile":"tile_2_1","sourceFeatureCount":50434,"heightEstimated":true},"geometry":{"type":"Polygon","coordinates":[[[114.240045,30.644824],[114.239392,30.644618],[114.239485,30.644499],[114.240045,30.644824]]]}},{"type":"Feature","id":"6d2cd0e9-39bf-405e-a8f1-2e2ca2d13ff1","properties":{"id":"6d2cd0e9-39bf-405e-a8f1-2e2ca2d13ff1","height":19,"num_floors":6,"class":"building","areaM2":106,"sourceTile":"tile_2_1","sourceFeatureCount":50434,"heightEstimated":true},"geometry":{"type":"Polygon","coordinates":[[[114.235554,30.647138],[114.235317,30.647147],[114.235364,30.64706],[114.235554,30.647138]]]}},{"type":"Feature","id":"c70d57d8-b110-41cd-b2fe-8355fdce30fd","properties":{"id":"c70d57d8-b110-41cd-b2fe-8355fdce30fd","height":15,"num_floors":5,"class":"building","areaM2":40,"sourceTile":"tile_2_1","sourceFeatureCount":50434,"heightEstimated":true},"geometry":{"type":"Polygon","coordinates":[[[114.22977,30.648967],[114.22966,30.649053],[114.229709,30.648946],[114.22977,30.648967]]]}},{"type":"Feature","id":"ec2fe7a8-829c-4ea2-bc8e-e70878788537","properties":{"id":"ec2fe7a8-829c-4ea2-bc8e-e70878788537","height":24,"num_floors":8,"class":"building","areaM2":490,"sourceTile":"tile_2_1","sourceFeatureCount":50434,"heightEstimated":true},"geometry":{"type":"Polygon","coordinates":[[[114.230413,30.636718],[114.229802,30.636263],[114.2305,30.636631],[114.230413,30.636718]]]}},{"type":"Feature","id":"e0990833-3f70-46e6-a809-bb1fb6da9efa","properties":{"id":"e0990833-3f70-46e6-a809-bb1fb6da9efa","height":15,"num_floors":5,"class":"building","areaM2":160,"sourceTile":"tile_2_1","sourceFeatureCount":50434,"heightEstimated":true},"geometry":{"type":"Polygon","coordinates":[[[114.223143,30.639251],[114.223264,30.639441],[114.223108,30.639446],[114.223143,30.639251]]]}},{"type":"Feature","id":"6530c279-e33d-48b1-affb-b9d253233792","properties":{"id":"6530c279-e33d-48b1-affb-b9d253233792","height":10,"num_floors":3,"class":"building","areaM2":71,"sourceTile":"tile_2_1","sourceFeatureCount":50434,"heightEstimated":true},"geometry":{"type":"Polygon","coordinates":[[[114.212467,30.64457],[114.21235,30.644447],[114.212498,30.644489],[114.212467,30.64457]]]}},{"type":"Feature","id":"691fb68c-1afc-4d09-8585-47ac555db0ac","properties":{"id":"691fb68c-1afc-4d09-8585-47ac555db0ac","height":102,"num_floors":32,"class":"building","areaM2":10032,"sourceTile":"tile_2_1","sourceFeatureCount":50434,"heightEstimated":true},"geometry":{"type":"Polygon","coordinates":[[[114.21538,30.640205],[114.213835,30.6406],[114.213616,30.640063],[114.21446,30.639863],[114.214533,30.640042],[114.214558,30.639559],[114.214686,30.639809],[114.21532,30.639659],[114.21538,30.640205]]]}},{"type":"Feature","id":"5da4f8fa-1256-4c9f-b581-3fa273ca7917","properties":{"id":"5da4f8fa-1256-4c9f-b581-3fa273ca7917","height":92,"num_floors":29,"class":"building","areaM2":8594,"sourceTile":"tile_2_1","sourceFeatureCount":50434,"heightEstimated":true},"geometry":{"type":"Polygon","coordinates":[[[114.213054,30.639164],[114.211851,30.63946],[114.211645,30.638835],[114.212849,30.638539],[114.213054,30.639164]]]}},{"type":"Feature","id":"6da64b13-ac13-40a2-afd2-d273d68517eb","properties":{"id":"6da64b13-ac13-40a2-afd2-d273d68517eb","height":105,"num_floors":33,"class":"building","areaM2":10810,"sourceTile":"tile_2_1","sourceFeatureCount":50434,"heightEstimated":true},"geometry":{"type":"Polygon","coordinates":[[[114.215197,30.639243],[114.213463,30.639655],[114.213289,30.639107],[114.215023,30.638695],[114.215197,30.639243]]]}},{"type":"Feature","id":"85d84365-042b-4f3b-86be-558d4b3653ae","properties":{"id":"85d84365-042b-4f3b-86be-558d4b3653ae","height":9,"num_floors":3,"class":"building","areaM2":90,"sourceTile":"tile_2_1","sourceFeatureCount":50434,"heightEstimated":true},"geometry":{"type":"Polygon","coordinates":[[[114.221487,30.637447],[114.221264,30.637565],[114.221245,30.6375],[114.221487,30.637447]]]}},{"type":"Feature","id":"5f221a9e-242d-4135-bacd-972ec4128f70","properties":{"id":"5f221a9e-242d-4135-bacd-972ec4128f70","height":124,"num_floors":39,"class":"building","areaM2":26285,"sourceTile":"tile_2_1","sourceFeatureCount":50434,"heightEstimated":true},"geometry":{"type":"Polygon","coordinates":[[[114.222089,30.633433],[114.220599,30.635656],[114.219745,30.635233],[114.22129,30.633008],[114.222089,30.633433]]]}},{"type":"Feature","id":"90ee9c6a-72a2-49e6-817f-79d1731ade2f","properties":{"id":"90ee9c6a-72a2-49e6-817f-79d1731ade2f","height":33,"num_floors":10,"class":"building","areaM2":2175,"sourceTile":"tile_2_1","sourceFeatureCount":50434,"heightEstimated":true},"geometry":{"type":"Polygon","coordinates":[[[114.20269,30.639032],[114.203148,30.638827],[114.203242,30.639169],[114.202497,30.639322],[114.202379,30.639069],[114.203156,30.639089],[114.20269,30.639032]]]}},{"type":"Feature","id":"c192f6da-9e7a-4bb1-8f4d-3ed77ce29ded","properties":{"id":"c192f6da-9e7a-4bb1-8f4d-3ed77ce29ded","height":34,"num_floors":11,"class":"building","areaM2":45,"sourceTile":"tile_2_1","sourceFeatureCount":50434,"heightEstimated":true},"geometry":{"type":"Polygon","coordinates":[[[114.2085,30.643811],[114.208505,30.643933],[114.208434,30.643887],[114.2085,30.643811]]]}},{"type":"Feature","id":"4374e9bb-7f68-4da9-87c4-2b23250dc2a3","properties":{"id":"4374e9bb-7f68-4da9-87c4-2b23250dc2a3","height":30,"num_floors":9,"class":"building","areaM2":24,"sourceTile":"tile_2_1","sourceFeatureCount":50434,"heightEstimated":true},"geometry":{"type":"Polygon","coordinates":[[[114.207552,30.661774],[114.207751,30.661908],[114.207547,30.661792],[114.207552,30.661774]]]}},{"type":"Feature","id":"f843e5b8-06b2-4cce-90df-82d1072f06a0","properties":{"id":"f843e5b8-06b2-4cce-90df-82d1072f06a0","height":28,"num_floors":9,"class":"building","areaM2":20,"sourceTile":"tile_2_1","sourceFeatureCount":50434,"heightEstimated":true},"geometry":{"type":"Polygon","coordinates":[[[114.209178,30.654431],[114.209275,30.654397],[114.209213,30.654458],[114.209178,30.654431]]]}},{"type":"Feature","id":"b2246ba6-f3ba-448b-a819-e054f426f863","properties":{"id":"b2246ba6-f3ba-448b-a819-e054f426f863","height":30,"num_floors":9,"class":"building","areaM2":98,"sourceTile":"tile_2_1","sourceFeatureCount":50434,"heightEstimated":true},"geometry":{"type":"Polygon","coordinates":[[[114.221155,30.651543],[114.221413,30.651607],[114.221159,30.651616],[114.221155,30.651543]]]}},{"type":"Feature","id":"da4cc0de-ac4e-426f-9f9c-0802fa918e06","properties":{"id":"da4cc0de-ac4e-426f-9f9c-0802fa918e06","height":31,"num_floors":10,"class":"building","areaM2":204,"sourceTile":"tile_2_1","sourceFeatureCount":50434,"heightEstimated":true},"geometry":{"type":"Polygon","coordinates":[[[114.219027,30.663001],[114.218865,30.662756],[114.219109,30.662888],[114.219027,30.663001]]]}},{"type":"Feature","id":"1a764329-448b-4671-83f7-9b04fbd0a465","properties":{"id":"1a764329-448b-4671-83f7-9b04fbd0a465","height":32,"num_floors":10,"class":"building","areaM2":325,"sourceTile":"tile_2_1","sourceFeatureCount":50434,"heightEstimated":true},"geometry":{"type":"Polygon","coordinates":[[[114.211078,30.671199],[114.211434,30.671923],[114.211009,30.67123],[114.211078,30.671199]]]}},{"type":"Feature","id":"3b71872c-16f0-4fd8-afb6-ef69b74155cb","properties":{"id":"3b71872c-16f0-4fd8-afb6-ef69b74155cb","height":66,"num_floors":21,"class":"building","areaM2":7114,"sourceTile":"tile_2_1","sourceFeatureCount":50434,"heightEstimated":true},"geometry":{"type":"Polygon","coordinates":[[[114.214981,30.670531],[114.214706,30.670687],[114.215509,30.671211],[114.215363,30.671378],[114.21437,30.670659],[114.214712,30.670188],[114.216021,30.671101],[114.215788,30.671368],[114.214981,30.670531]]]}},{"type":"Feature","id":"f7f8c7e4-46c1-447a-969a-4d45619657ac","properties":{"id":"f7f8c7e4-46c1-447a-969a-4d45619657ac","height":21,"num_floors":7,"class":"building","areaM2":27,"sourceTile":"tile_2_1","sourceFeatureCount":50434,"heightEstimated":true},"geometry":{"type":"Polygon","coordinates":[[[114.213729,30.674926],[114.213638,30.674982],[114.213636,30.674928],[114.213729,30.674926]]]}},{"type":"Feature","id":"fa8d4752-e60d-4e43-8686-1fe22e4d2756","properties":{"id":"fa8d4752-e60d-4e43-8686-1fe22e4d2756","height":22,"num_floors":7,"class":"building","areaM2":90,"sourceTile":"tile_2_1","sourceFeatureCount":50434,"heightEstimated":true},"geometry":{"type":"Polygon","coordinates":[[[114.20704,30.673526],[114.207231,30.673578],[114.207086,30.673627],[114.20704,30.673526]]]}},{"type":"Feature","id":"acd45301-7c86-489d-818c-5e729fc83ef9","properties":{"id":"acd45301-7c86-489d-818c-5e729fc83ef9","height":25,"num_floors":8,"class":"building","areaM2":296,"sourceTile":"tile_2_1","sourceFeatureCount":50434,"heightEstimated":true},"geometry":{"type":"Polygon","coordinates":[[[114.204446,30.675897],[114.204777,30.675684],[114.204813,30.675829],[114.204446,30.675897]]]}},{"type":"Feature","id":"db5742ef-f7c9-4cb8-813b-ff9f94311007","properties":{"id":"db5742ef-f7c9-4cb8-813b-ff9f94311007","height":14,"num_floors":4,"class":"building","areaM2":18,"sourceTile":"tile_2_1","sourceFeatureCount":50434,"heightEstimated":true},"geometry":{"type":"Polygon","coordinates":[[[114.219997,30.692087],[114.220082,30.692108],[114.220027,30.692134],[114.219997,30.692087]]]}},{"type":"Feature","id":"66ad5071-3ee0-4120-be8e-686a65801d58","properties":{"id":"66ad5071-3ee0-4120-be8e-686a65801d58","height":12,"num_floors":4,"class":"building","areaM2":6,"sourceTile":"tile_2_1","sourceFeatureCount":50434,"heightEstimated":true},"geometry":{"type":"Polygon","coordinates":[[[114.232512,30.708383],[114.232527,30.708433],[114.232505,30.70843],[114.232512,30.708383]]]}},{"type":"Feature","id":"7b45d33f-68a0-4492-a6d8-9f2df5e8b372","properties":{"id":"7b45d33f-68a0-4492-a6d8-9f2df5e8b372","height":20,"num_floors":6,"class":"building","areaM2":341,"sourceTile":"tile_2_1","sourceFeatureCount":50434,"heightEstimated":true},"geometry":{"type":"Polygon","coordinates":[[[114.239364,30.70592],[114.239324,30.706114],[114.238999,30.706075],[114.239364,30.70592]]]}},{"type":"Feature","id":"808dae57-0a9b-4ad8-8c8f-4e1438c4c5bd","properties":{"id":"808dae57-0a9b-4ad8-8c8f-4e1438c4c5bd","height":11,"num_floors":3,"class":"building","areaM2":61,"sourceTile":"tile_2_1","sourceFeatureCount":50434,"heightEstimated":true},"geometry":{"type":"Polygon","coordinates":[[[114.238551,30.702922],[114.238648,30.702802],[114.238647,30.702922],[114.238551,30.702922]]]}},{"type":"Feature","id":"f9b2ba3c-3ee8-42b2-8d94-99576d7917ee","properties":{"id":"f9b2ba3c-3ee8-42b2-8d94-99576d7917ee","height":8,"num_floors":3,"class":"building","areaM2":24,"sourceTile":"tile_2_1","sourceFeatureCount":50434,"heightEstimated":true},"geometry":{"type":"Polygon","coordinates":[[[114.225544,30.673246],[114.225629,30.673198],[114.225621,30.673254],[114.225544,30.673246]]]}},{"type":"Feature","id":"91a3de63-a907-421f-a42b-0aa43e53b19a","properties":{"id":"91a3de63-a907-421f-a42b-0aa43e53b19a","height":90,"num_floors":28,"class":"building","areaM2":8946,"sourceTile":"tile_2_1","sourceFeatureCount":50434,"heightEstimated":true},"geometry":{"type":"Polygon","coordinates":[[[114.224419,30.670321],[114.225143,30.670938],[114.22455,30.671458],[114.223661,30.670985],[114.224419,30.670321]]]}},{"type":"Feature","id":"0e413166-52b9-47a7-a252-8f05f93071d1","properties":{"id":"0e413166-52b9-47a7-a252-8f05f93071d1","height":80,"num_floors":25,"class":"building","areaM2":10095,"sourceTile":"tile_2_1","sourceFeatureCount":50434,"heightEstimated":true},"geometry":{"type":"Polygon","coordinates":[[[114.224739,30.668339],[114.225185,30.668698],[114.225683,30.66897],[114.225171,30.669445],[114.224149,30.668529],[114.224512,30.668192],[114.225389,30.668271],[114.225172,30.668632],[114.224739,30.668339]]]}},{"type":"Feature","id":"121354c4-9aaa-468e-abc1-277fcc0556c3","properties":{"id":"121354c4-9aaa-468e-abc1-277fcc0556c3","height":8,"num_floors":3,"class":"building","areaM2":9,"sourceTile":"tile_2_1","sourceFeatureCount":50434,"heightEstimated":true},"geometry":{"type":"Polygon","coordinates":[[[114.231425,30.66708],[114.231361,30.667028],[114.23144,30.667066],[114.231425,30.66708]]]}},{"type":"Feature","id":"c05b2c15-fd55-4225-ba77-0042788ac560","properties":{"id":"c05b2c15-fd55-4225-ba77-0042788ac560","height":37,"num_floors":12,"class":"building","areaM2":83,"sourceTile":"tile_2_1","sourceFeatureCount":50434,"heightEstimated":true},"geometry":{"type":"Polygon","coordinates":[[[114.222045,30.662318],[114.222456,30.662313],[114.222452,30.662351],[114.222045,30.662318]]]}},{"type":"Feature","id":"895b1153-d695-4235-b984-32f358ad4129","properties":{"id":"895b1153-d695-4235-b984-32f358ad4129","height":33,"num_floors":10,"class":"building","areaM2":40,"sourceTile":"tile_2_1","sourceFeatureCount":50434,"heightEstimated":true},"geometry":{"type":"Polygon","coordinates":[[[114.228086,30.651162],[114.228161,30.651052],[114.228152,30.651166],[114.228086,30.651162]]]}},{"type":"Feature","id":"e1f93940-d6ca-4c2b-85a1-5c264416577b","properties":{"id":"e1f93940-d6ca-4c2b-85a1-5c264416577b","height":155,"num_floors":48,"class":"building","areaM2":42699,"sourceTile":"tile_2_1","sourceFeatureCount":50434,"heightEstimated":true},"geometry":{"type":"Polygon","coordinates":[[[114.232539,30.653309],[114.230758,30.653263],[114.230758,30.652405],[114.232904,30.652275],[114.234878,30.652829],[114.234492,30.653817],[114.232539,30.653309]]]}},{"type":"Feature","id":"9ec28dd0-0a31-4737-9e03-7d5be3c622d4","properties":{"id":"9ec28dd0-0a31-4737-9e03-7d5be3c622d4","height":32,"num_floors":10,"class":"building","areaM2":81,"sourceTile":"tile_2_1","sourceFeatureCount":50434,"heightEstimated":true},"geometry":{"type":"Polygon","coordinates":[[[114.232987,30.660415],[114.233204,30.660416],[114.233168,30.660486],[114.232987,30.660415]]]}},{"type":"Feature","id":"cc49d16c-d206-4b87-9048-b1a80707f746","properties":{"id":"cc49d16c-d206-4b87-9048-b1a80707f746","height":92,"num_floors":29,"class":"building","areaM2":7742,"sourceTile":"tile_2_1","sourceFeatureCount":50434,"heightEstimated":true},"geometry":{"type":"Polygon","coordinates":[[[114.23348,30.660531],[114.23474,30.661126],[114.234458,30.661573],[114.233195,30.660977],[114.23348,30.660531]]]}},{"type":"Feature","id":"efd52bfb-f5db-46d9-adab-5fad6ba059ae","properties":{"id":"efd52bfb-f5db-46d9-adab-5fad6ba059ae","height":27,"num_floors":8,"class":"building","areaM2":16,"sourceTile":"tile_2_1","sourceFeatureCount":50434,"heightEstimated":true},"geometry":{"type":"Polygon","coordinates":[[[114.24258,30.652505],[114.242533,30.652594],[114.242509,30.652576],[114.24258,30.652505]]]}},{"type":"Feature","id":"6ef7cc96-f419-4702-ab88-c6b55c78c035","properties":{"id":"6ef7cc96-f419-4702-ab88-c6b55c78c035","height":25,"num_floors":8,"class":"building","areaM2":20,"sourceTile":"tile_2_1","sourceFeatureCount":50434,"heightEstimated":true},"geometry":{"type":"Polygon","coordinates":[[[114.243829,30.66006],[114.243776,30.659993],[114.243841,30.660004],[114.243829,30.66006]]]}},{"type":"Feature","id":"0c10c0eb-75cb-4ec3-96e6-cc33d64b461a","properties":{"id":"0c10c0eb-75cb-4ec3-96e6-cc33d64b461a","height":168,"num_floors":53,"class":"garage","areaM2":146268,"sourceTile":"tile_2_1","sourceFeatureCount":50434,"heightEstimated":true},"geometry":{"type":"Polygon","coordinates":[[[114.25504,30.662233],[114.254717,30.663604],[114.24679,30.662399],[114.244537,30.661513],[114.24467,30.66078],[114.249659,30.661392],[114.25504,30.662233]],[[114.249109,30.661935],[114.24846,30.661643],[114.247813,30.66189],[114.24892,30.66243],[114.249109,30.661935]]]}},{"type":"Feature","id":"008b91e8-9b74-43fc-8c1e-7a4dc62be249","properties":{"id":"008b91e8-9b74-43fc-8c1e-7a4dc62be249","height":136,"num_floors":43,"class":"building","areaM2":29278,"sourceTile":"tile_2_1","sourceFeatureCount":50434,"heightEstimated":true},"geometry":{"type":"Polygon","coordinates":[[[114.253613,30.664613],[114.250427,30.664133],[114.25081,30.663123],[114.253774,30.663939],[114.253613,30.664613]]]}},{"type":"Feature","id":"68114111-5ed2-434f-b6dc-ee2092e8b55d","properties":{"id":"68114111-5ed2-434f-b6dc-ee2092e8b55d","height":83,"num_floors":26,"class":"building","areaM2":7582,"sourceTile":"tile_2_1","sourceFeatureCount":50434,"heightEstimated":true},"geometry":{"type":"Polygon","coordinates":[[[114.254072,30.65716],[114.254344,30.657288],[114.253418,30.658768],[114.252942,30.658545],[114.254072,30.65716]]]}},{"type":"Feature","id":"9610efa1-9513-4b43-b36e-9c50ab42a2b3","properties":{"id":"9610efa1-9513-4b43-b36e-9c50ab42a2b3","height":25,"num_floors":8,"class":"building","areaM2":55,"sourceTile":"tile_2_1","sourceFeatureCount":50434,"heightEstimated":true},"geometry":{"type":"Polygon","coordinates":[[[114.253407,30.655585],[114.253533,30.655504],[114.253504,30.655606],[114.253407,30.655585]]]}},{"type":"Feature","id":"db935cde-a4c6-4936-b087-12afba624dc2","properties":{"id":"db935cde-a4c6-4936-b087-12afba624dc2","height":134,"num_floors":42,"class":"building","areaM2":24616,"sourceTile":"tile_2_1","sourceFeatureCount":50434,"heightEstimated":true},"geometry":{"type":"Polygon","coordinates":[[[114.249886,30.653122],[114.249356,30.652871],[114.250052,30.651808],[114.251488,30.652492],[114.250258,30.653907],[114.249566,30.653572],[114.249886,30.653122]]]}},{"type":"Feature","id":"57d0be50-d2bf-40c7-959e-4041d637579f","properties":{"id":"57d0be50-d2bf-40c7-959e-4041d637579f","height":24,"num_floors":8,"class":"building","areaM2":67,"sourceTile":"tile_2_1","sourceFeatureCount":50434,"heightEstimated":true},"geometry":{"type":"Polygon","coordinates":[[[114.254305,30.654242],[114.254466,30.654187],[114.254402,30.654288],[114.254305,30.654242]]]}},{"type":"Feature","id":"0c9f202a-a9a8-405c-b6ab-50b0cfbf427f","properties":{"id":"0c9f202a-a9a8-405c-b6ab-50b0cfbf427f","height":75,"num_floors":23,"class":"building","areaM2":6906,"sourceTile":"tile_2_1","sourceFeatureCount":50434,"heightEstimated":true},"geometry":{"type":"Polygon","coordinates":[[[114.255014,30.657733],[114.255207,30.657825],[114.254756,30.658755],[114.255325,30.657858],[114.255548,30.657964],[114.254957,30.658894],[114.254288,30.658577],[114.255014,30.657733]]]}},{"type":"Feature","id":"39a253b7-42a5-4664-8c01-8b0ad75bb590","properties":{"id":"39a253b7-42a5-4664-8c01-8b0ad75bb590","height":73,"num_floors":23,"class":"building","areaM2":6083,"sourceTile":"tile_2_1","sourceFeatureCount":50434,"heightEstimated":true},"geometry":{"type":"Polygon","coordinates":[[[114.25876,30.657056],[114.258157,30.656521],[114.258629,30.655793],[114.259032,30.655996],[114.258737,30.656552],[114.25901,30.656587],[114.25876,30.657056]]]}},{"type":"Feature","id":"242f9be0-38d4-4ed7-8376-7200b33b8b3d","properties":{"id":"242f9be0-38d4-4ed7-8376-7200b33b8b3d","height":20,"num_floors":6,"class":"building","areaM2":27,"sourceTile":"tile_2_1","sourceFeatureCount":50434,"heightEstimated":true},"geometry":{"type":"Polygon","coordinates":[[[114.257528,30.65791],[114.257423,30.657831],[114.257545,30.657875],[114.257528,30.65791]]]}},{"type":"Feature","id":"f5359dbc-d79d-49c7-a737-528322a4d9d5","properties":{"id":"f5359dbc-d79d-49c7-a737-528322a4d9d5","height":71,"num_floors":22,"class":"train_station","areaM2":7109,"sourceTile":"tile_2_1","sourceFeatureCount":50434,"heightEstimated":true},"geometry":{"type":"Polygon","coordinates":[[[114.258889,30.662916],[114.258597,30.662792],[114.25966,30.660939],[114.259952,30.661063],[114.258889,30.662916]]]}},{"type":"Feature","id":"62be5967-1e78-4f70-b0ab-d8c6ec5e749e","properties":{"id":"62be5967-1e78-4f70-b0ab-d8c6ec5e749e","height":67,"num_floors":21,"class":"building","areaM2":5190,"sourceTile":"tile_2_1","sourceFeatureCount":50434,"heightEstimated":true},"geometry":{"type":"Polygon","coordinates":[[[114.25764,30.658948],[114.257327,30.659695],[114.256708,30.659399],[114.257237,30.65857],[114.257566,30.658728],[114.257064,30.659514],[114.25764,30.658948]]]}},{"type":"Feature","id":"1b6e476a-8f8a-4948-8e0d-c76724b397a1","properties":{"id":"1b6e476a-8f8a-4948-8e0d-c76724b397a1","height":21,"num_floors":7,"class":"building","areaM2":90,"sourceTile":"tile_2_1","sourceFeatureCount":50434,"heightEstimated":true},"geometry":{"type":"Polygon","coordinates":[[[114.256156,30.659014],[114.255968,30.659176],[114.256087,30.658982],[114.256156,30.659014]]]}},{"type":"Feature","id":"8ae70553-5290-46d7-bd87-c04288f21398","properties":{"id":"8ae70553-5290-46d7-bd87-c04288f21398","height":97,"num_floors":1,"class":"building","areaM2":14545,"sourceTile":"tile_2_1","sourceFeatureCount":50434,"heightEstimated":true},"geometry":{"type":"Polygon","coordinates":[[[114.265808,30.675649],[114.265052,30.676375],[114.264002,30.675567],[114.264758,30.67484],[114.265808,30.675649]]]}},{"type":"Feature","id":"682fb9ce-9f94-4145-8e7f-70126acb25f6","properties":{"id":"682fb9ce-9f94-4145-8e7f-70126acb25f6","height":159,"num_floors":50,"class":"building","areaM2":41769,"sourceTile":"tile_2_1","sourceFeatureCount":50434,"heightEstimated":true},"geometry":{"type":"Polygon","coordinates":[[[114.265225,30.68037],[114.26361,30.679181],[114.265014,30.677771],[114.266629,30.67896],[114.265225,30.68037]]]}},{"type":"Feature","id":"7437971a-d4fa-44ab-8b60-b7008d11eb90","properties":{"id":"7437971a-d4fa-44ab-8b60-b7008d11eb90","height":103,"num_floors":1,"class":"building","areaM2":18695,"sourceTile":"tile_2_1","sourceFeatureCount":50434,"heightEstimated":true},"geometry":{"type":"Polygon","coordinates":[[[114.264502,30.681155],[114.262877,30.679923],[114.263503,30.679311],[114.265129,30.680543],[114.264502,30.681155]]]}},{"type":"Feature","id":"2f981fea-749a-4421-92b7-465ecd8ba681","properties":{"id":"2f981fea-749a-4421-92b7-465ecd8ba681","height":17,"num_floors":5,"class":"building","areaM2":51,"sourceTile":"tile_2_1","sourceFeatureCount":50434,"heightEstimated":true},"geometry":{"type":"Polygon","coordinates":[[[114.2594,30.674272],[114.259505,30.674184],[114.259502,30.674277],[114.2594,30.674272]]]}},{"type":"Feature","id":"55652e6e-93aa-42b0-96e3-6ca72abccf69","properties":{"id":"55652e6e-93aa-42b0-96e3-6ca72abccf69","height":14,"num_floors":4,"class":"building","areaM2":27,"sourceTile":"tile_2_1","sourceFeatureCount":50434,"heightEstimated":true},"geometry":{"type":"Polygon","coordinates":[[[114.250217,30.686667],[114.250154,30.686769],[114.250123,30.686739],[114.250217,30.686667]]]}},{"type":"Feature","id":"9d0d11e8-5172-437a-a0d2-ed8c0e34d24f","properties":{"id":"9d0d11e8-5172-437a-a0d2-ed8c0e34d24f","height":14,"num_floors":4,"class":"building","areaM2":81,"sourceTile":"tile_2_1","sourceFeatureCount":50434,"heightEstimated":true},"geometry":{"type":"Polygon","coordinates":[[[114.250446,30.693166],[114.250618,30.693062],[114.250632,30.693142],[114.250446,30.693166]]]}},{"type":"Feature","id":"23cb61c9-b5d6-45fd-bff4-8763944fe0ee","properties":{"id":"23cb61c9-b5d6-45fd-bff4-8763944fe0ee","height":9,"num_floors":3,"class":"building","areaM2":7,"sourceTile":"tile_2_1","sourceFeatureCount":50434,"heightEstimated":true},"geometry":{"type":"Polygon","coordinates":[[[114.246542,30.691831],[114.246472,30.691837],[114.246477,30.691818],[114.246542,30.691831]]]}},{"type":"Feature","id":"b96dcb77-e4a0-4a8f-99f8-4c5eedb4ccfd","properties":{"id":"b96dcb77-e4a0-4a8f-99f8-4c5eedb4ccfd","height":10,"num_floors":3,"class":"building","areaM2":81,"sourceTile":"tile_2_1","sourceFeatureCount":50434,"heightEstimated":true},"geometry":{"type":"Polygon","coordinates":[[[114.244137,30.709012],[114.243872,30.709072],[114.243871,30.709015],[114.244137,30.709012]]]}},{"type":"Feature","id":"54873a3e-884d-451e-9a8d-def415ab4158","properties":{"id":"54873a3e-884d-451e-9a8d-def415ab4158","height":19,"num_floors":6,"class":"building","areaM2":571,"sourceTile":"tile_2_1","sourceFeatureCount":50434,"heightEstimated":true},"geometry":{"type":"Polygon","coordinates":[[[114.253332,30.7109],[114.253372,30.71103],[114.252561,30.711079],[114.253332,30.7109]]]}},{"type":"Feature","id":"b85d4e3a-4ca9-4fa7-bc20-43ea8a1c82b9","properties":{"id":"b85d4e3a-4ca9-4fa7-bc20-43ea8a1c82b9","height":8,"num_floors":3,"class":"building","areaM2":29,"sourceTile":"tile_2_1","sourceFeatureCount":50434,"heightEstimated":true},"geometry":{"type":"Polygon","coordinates":[[[114.25007,30.700006],[114.250167,30.699951],[114.250169,30.700007],[114.25007,30.700006]]]}},{"type":"Feature","id":"0020cf55-a6ae-47ae-953b-6467786a2d2a","properties":{"id":"0020cf55-a6ae-47ae-953b-6467786a2d2a","height":99,"num_floors":2,"class":"building","areaM2":12935,"sourceTile":"tile_2_1","sourceFeatureCount":50434,"heightEstimated":true},"geometry":{"type":"Polygon","coordinates":[[[114.258891,30.700747],[114.257468,30.700823],[114.257333,30.699926],[114.259011,30.700067],[114.258891,30.700747]]]}},{"type":"Feature","id":"54ea0802-398f-43ee-b296-d2990201c101","properties":{"id":"54ea0802-398f-43ee-b296-d2990201c101","height":44,"num_floors":14,"class":"building","areaM2":423,"sourceTile":"tile_2_1","sourceFeatureCount":50434,"heightEstimated":true},"geometry":{"type":"Polygon","coordinates":[[[114.257778,30.710967],[114.25863,30.710957],[114.257794,30.71106],[114.257778,30.710967]]]}},{"type":"Feature","id":"9c6f1ca4-8b2e-4eb9-a2c8-b25149fd7405","properties":{"id":"9c6f1ca4-8b2e-4eb9-a2c8-b25149fd7405","height":45,"num_floors":14,"class":"building","areaM2":605,"sourceTile":"tile_2_1","sourceFeatureCount":50434,"heightEstimated":true},"geometry":{"type":"Polygon","coordinates":[[[114.271207,30.682668],[114.270563,30.682751],[114.270617,30.682566],[114.271207,30.682668]]]}},{"type":"Feature","id":"2cf81663-bc19-4b82-af65-2696587945d6","properties":{"id":"2cf81663-bc19-4b82-af65-2696587945d6","height":87,"num_floors":27,"class":"building","areaM2":13938,"sourceTile":"tile_2_1","sourceFeatureCount":50434,"heightEstimated":true},"geometry":{"type":"Polygon","coordinates":[[[114.274648,30.682478],[114.274513,30.681784],[114.276363,30.68152],[114.276497,30.682213],[114.274648,30.682478]]]}},{"type":"Feature","id":"57daf66e-d328-4e95-8a1b-33df2b5c8476","properties":{"id":"57daf66e-d328-4e95-8a1b-33df2b5c8476","height":30,"num_floors":9,"class":"building","areaM2":40,"sourceTile":"tile_2_1","sourceFeatureCount":50434,"heightEstimated":true},"geometry":{"type":"Polygon","coordinates":[[[114.273319,30.709802],[114.273472,30.70981],[114.27334,30.709853],[114.273319,30.709802]]]}},{"type":"Feature","id":"5e8e33c3-ce65-4d0d-90ba-9d63120be6c5","properties":{"id":"5e8e33c3-ce65-4d0d-90ba-9d63120be6c5","height":27,"num_floors":8,"class":"building","areaM2":27,"sourceTile":"tile_2_1","sourceFeatureCount":50434,"heightEstimated":true},"geometry":{"type":"Polygon","coordinates":[[[114.275842,30.702742],[114.275751,30.702688],[114.275839,30.702685],[114.275842,30.702742]]]}},{"type":"Feature","id":"9ce11614-90d0-4ed3-b8df-f259dafa123b","properties":{"id":"9ce11614-90d0-4ed3-b8df-f259dafa123b","height":34,"num_floors":11,"class":"building","areaM2":332,"sourceTile":"tile_2_1","sourceFeatureCount":50434,"heightEstimated":true},"geometry":{"type":"Polygon","coordinates":[[[114.28068,30.705723],[114.280747,30.70583],[114.280225,30.705934],[114.28068,30.705723]]]}},{"type":"Feature","id":"9f8e929d-9c39-4209-89b8-5dc66efa9439","properties":{"id":"9f8e929d-9c39-4209-89b8-5dc66efa9439","height":23,"num_floors":7,"class":"building","areaM2":27,"sourceTile":"tile_2_1","sourceFeatureCount":50434,"heightEstimated":true},"geometry":{"type":"Polygon","coordinates":[[[114.286612,30.701799],[114.286691,30.701705],[114.286716,30.701739],[114.286612,30.701799]]]}},{"type":"Feature","id":"c4279f56-b5f3-4385-a775-2e4eba3947df","properties":{"id":"c4279f56-b5f3-4385-a775-2e4eba3947df","height":123,"num_floors":38,"class":"building","areaM2":20334,"sourceTile":"tile_2_1","sourceFeatureCount":50434,"heightEstimated":true},"geometry":{"type":"Polygon","coordinates":[[[114.279574,30.683965],[114.276701,30.684373],[114.276577,30.683663],[114.27949,30.683372],[114.279574,30.683965]]]}},{"type":"Feature","id":"e4f1fb5f-c1be-4e0c-986e-fbd952af3aa4","properties":{"id":"e4f1fb5f-c1be-4e0c-986e-fbd952af3aa4","height":65,"num_floors":20,"class":"building","areaM2":7813,"sourceTile":"tile_2_1","sourceFeatureCount":50434,"heightEstimated":true},"geometry":{"type":"Polygon","coordinates":[[[114.278121,30.683286],[114.276518,30.683516],[114.276431,30.683068],[114.278034,30.682838],[114.278121,30.683286]]]}},{"type":"Feature","id":"16720804-be4a-4f97-b49e-3423bd6f6be7","properties":{"id":"16720804-be4a-4f97-b49e-3423bd6f6be7","height":33,"num_floors":10,"class":"building","areaM2":515,"sourceTile":"tile_2_1","sourceFeatureCount":50434,"heightEstimated":true},"geometry":{"type":"Polygon","coordinates":[[[114.281252,30.683146],[114.28118,30.683026],[114.28189,30.682859],[114.281252,30.683146]]]}},{"type":"Feature","id":"21d105b7-52c7-4073-9698-cb072ce4547b","properties":{"id":"21d105b7-52c7-4073-9698-cb072ce4547b","height":78,"num_floors":24,"class":"building","areaM2":6579,"sourceTile":"tile_2_1","sourceFeatureCount":50434,"heightEstimated":true},"geometry":{"type":"Polygon","coordinates":[[[114.284295,30.677432],[114.283828,30.677832],[114.283057,30.67716],[114.283524,30.67676],[114.284295,30.677432]]]}},{"type":"Feature","id":"860586ae-acf2-44e3-9d72-db68158ecfed","properties":{"id":"860586ae-acf2-44e3-9d72-db68158ecfed","height":120,"num_floors":38,"class":"industrial","areaM2":15682,"sourceTile":"tile_2_1","sourceFeatureCount":50434,"heightEstimated":true},"geometry":{"type":"Polygon","coordinates":[[[114.283149,30.674378],[114.282714,30.675033],[114.281008,30.674193],[114.281444,30.673539],[114.283149,30.674378]]]}},{"type":"Feature","id":"efa7b3ae-8fc2-4d23-8272-35ba0507aafd","properties":{"id":"efa7b3ae-8fc2-4d23-8272-35ba0507aafd","height":85,"num_floors":27,"class":"building","areaM2":9315,"sourceTile":"tile_2_1","sourceFeatureCount":50434,"heightEstimated":true},"geometry":{"type":"Polygon","coordinates":[[[114.286397,30.674994],[114.284613,30.674141],[114.284932,30.673864],[114.286603,30.674473],[114.286397,30.674994]]]}},{"type":"Feature","id":"23a5c458-d8c1-4f82-af75-b889c690d159","properties":{"id":"23a5c458-d8c1-4f82-af75-b889c690d159","height":83,"num_floors":26,"class":"building","areaM2":5916,"sourceTile":"tile_2_1","sourceFeatureCount":50434,"heightEstimated":true},"geometry":{"type":"Polygon","coordinates":[[[114.285737,30.670575],[114.284974,30.670484],[114.285344,30.670143],[114.285255,30.669911],[114.286198,30.670243],[114.285921,30.670888],[114.285527,30.670762],[114.285737,30.670575]]]}},{"type":"Feature","id":"12587edc-7b71-4486-aeed-89aabfd510ae","properties":{"id":"12587edc-7b71-4486-aeed-89aabfd510ae","height":71,"num_floors":22,"class":"building","areaM2":7575,"sourceTile":"tile_2_1","sourceFeatureCount":50434,"heightEstimated":true},"geometry":{"type":"Polygon","coordinates":[[[114.28619,30.670993],[114.286485,30.670353],[114.28746,30.670693],[114.287198,30.671312],[114.28619,30.670993]]]}},{"type":"Feature","id":"dd2c0b94-74f8-4e8c-98d8-23e950df0638","properties":{"id":"dd2c0b94-74f8-4e8c-98d8-23e950df0638","height":78,"num_floors":1,"class":"building","areaM2":8331,"sourceTile":"tile_2_1","sourceFeatureCount":50434,"heightEstimated":true},"geometry":{"type":"Polygon","coordinates":[[[114.285077,30.66965],[114.284734,30.670393],[114.283819,30.67008],[114.284162,30.669338],[114.285077,30.66965]]]}},{"type":"Feature","id":"894a9a1d-9220-4400-b71d-b17321540e73","properties":{"id":"894a9a1d-9220-4400-b71d-b17321540e73","height":124,"num_floors":39,"class":"building","areaM2":20297,"sourceTile":"tile_2_1","sourceFeatureCount":50434,"heightEstimated":true},"geometry":{"type":"Polygon","coordinates":[[[114.284224,30.668215],[114.282754,30.667772],[114.283444,30.66666],[114.284898,30.667128],[114.284224,30.668215]]]}},{"type":"Feature","id":"ac5cfa8b-d0e1-4ed2-b22b-33e5b0b1dcbf","properties":{"id":"ac5cfa8b-d0e1-4ed2-b22b-33e5b0b1dcbf","height":97,"num_floors":1,"class":"building","areaM2":8597,"sourceTile":"tile_2_1","sourceFeatureCount":50434,"heightEstimated":true},"geometry":{"type":"Polygon","coordinates":[[[114.284554,30.670779],[114.284211,30.671537],[114.283281,30.671226],[114.283625,30.670468],[114.284554,30.670779]]]}},{"type":"Feature","id":"d868ee16-858e-4196-8c1c-aeae36275cad","properties":{"id":"d868ee16-858e-4196-8c1c-aeae36275cad","height":78,"num_floors":1,"class":"building","areaM2":6549,"sourceTile":"tile_2_1","sourceFeatureCount":50434,"heightEstimated":true},"geometry":{"type":"Polygon","coordinates":[[[114.281966,30.670767],[114.281596,30.67154],[114.280911,30.671297],[114.281281,30.670524],[114.281966,30.670767]]]}},{"type":"Feature","id":"6f91315b-babe-4232-8f08-45eb06e72f87","properties":{"id":"6f91315b-babe-4232-8f08-45eb06e72f87","height":52,"num_floors":16,"class":"hospital","areaM2":5351,"sourceTile":"tile_2_1","sourceFeatureCount":50434,"heightEstimated":true},"geometry":{"type":"Polygon","coordinates":[[[114.280763,30.669072],[114.279972,30.668869],[114.280242,30.668238],[114.280986,30.668552],[114.280763,30.669072]]]}},{"type":"Feature","id":"d0671d65-ff21-424c-bcaf-1544239270e3","properties":{"id":"d0671d65-ff21-424c-bcaf-1544239270e3","height":19,"num_floors":6,"class":"building","areaM2":27,"sourceTile":"tile_2_1","sourceFeatureCount":50434,"heightEstimated":true},"geometry":{"type":"Polygon","coordinates":[[[114.276726,30.666323],[114.276798,30.66625],[114.276792,30.666327],[114.276726,30.666323]]]}},{"type":"Feature","id":"1b454594-c62c-4998-9645-dd6f8915bb42","properties":{"id":"1b454594-c62c-4998-9645-dd6f8915bb42","height":112,"num_floors":35,"class":"industrial","areaM2":15164,"sourceTile":"tile_2_1","sourceFeatureCount":50434,"heightEstimated":true},"geometry":{"type":"Polygon","coordinates":[[[114.278985,30.672685],[114.278653,30.673395],[114.276915,30.672795],[114.277246,30.672085],[114.278985,30.672685]]]}},{"type":"Feature","id":"d5fb6258-bf43-4a84-a677-eb27b2d78c0c","properties":{"id":"d5fb6258-bf43-4a84-a677-eb27b2d78c0c","height":97,"num_floors":30,"class":"industrial","areaM2":10769,"sourceTile":"tile_2_1","sourceFeatureCount":50434,"heightEstimated":true},"geometry":{"type":"Polygon","coordinates":[[[114.278985,30.672685],[114.276035,30.671618],[114.276179,30.671325],[114.279128,30.672391],[114.278985,30.672685]]]}},{"type":"Feature","id":"d8771717-9968-4fcb-b5a4-05091aa323d8","properties":{"id":"d8771717-9968-4fcb-b5a4-05091aa323d8","height":151,"num_floors":47,"class":"industrial","areaM2":37133,"sourceTile":"tile_2_1","sourceFeatureCount":50434,"heightEstimated":true},"geometry":{"type":"Polygon","coordinates":[[[114.278922,30.678497],[114.278017,30.677049],[114.279446,30.676255],[114.280097,30.677121],[114.280922,30.676663],[114.281304,30.677173],[114.278922,30.678497]]]}},{"type":"Feature","id":"ee3a6427-7dc6-489b-a3b3-d2c53b0858a6","properties":{"id":"ee3a6427-7dc6-489b-a3b3-d2c53b0858a6","height":139,"num_floors":43,"class":"building","areaM2":24698,"sourceTile":"tile_2_1","sourceFeatureCount":50434,"heightEstimated":true},"geometry":{"type":"Polygon","coordinates":[[[114.273036,30.681532],[114.272924,30.680916],[114.276181,30.680479],[114.276323,30.681262],[114.273036,30.681532]]]}},{"type":"Feature","id":"a572519e-b588-4701-912b-a897dfeeece9","properties":{"id":"a572519e-b588-4701-912b-a897dfeeece9","height":135,"num_floors":1,"class":"industrial","areaM2":28887,"sourceTile":"tile_2_1","sourceFeatureCount":50434,"heightEstimated":true},"geometry":{"type":"Polygon","coordinates":[[[114.275161,30.679623],[114.273074,30.679448],[114.273221,30.678152],[114.275308,30.678328],[114.275161,30.679623]]]}},{"type":"Feature","id":"089de550-760d-4de0-9019-e539c994e852","properties":{"id":"089de550-760d-4de0-9019-e539c994e852","height":74,"num_floors":1,"class":"industrial","areaM2":5776,"sourceTile":"tile_2_1","sourceFeatureCount":50434,"heightEstimated":true},"geometry":{"type":"Polygon","coordinates":[[[114.275236,30.67805],[114.274169,30.677962],[114.274225,30.677456],[114.275292,30.677543],[114.275236,30.67805]]]}},{"type":"Feature","id":"6011d619-ac89-4e19-80ff-83769eada3b5","properties":{"id":"6011d619-ac89-4e19-80ff-83769eada3b5","height":61,"num_floors":19,"class":"building","areaM2":5774,"sourceTile":"tile_2_1","sourceFeatureCount":50434,"heightEstimated":true},"geometry":{"type":"Polygon","coordinates":[[[114.276679,30.679208],[114.276273,30.679452],[114.27587,30.678272],[114.27632,30.678158],[114.276679,30.679208]]]}},{"type":"Feature","id":"6208e40d-9aeb-447e-b358-dbd3316149cd","properties":{"id":"6208e40d-9aeb-447e-b358-dbd3316149cd","height":64,"num_floors":1,"class":"industrial","areaM2":5210,"sourceTile":"tile_2_1","sourceFeatureCount":50434,"heightEstimated":true},"geometry":{"type":"Polygon","coordinates":[[[114.277146,30.677709],[114.27595,30.678147],[114.275777,30.677799],[114.276973,30.67736],[114.277146,30.677709]]]}},{"type":"Feature","id":"bd1bb4db-2c53-4ba3-8d55-99421d694648","properties":{"id":"bd1bb4db-2c53-4ba3-8d55-99421d694648","height":70,"num_floors":1,"class":"industrial","areaM2":5267,"sourceTile":"tile_2_1","sourceFeatureCount":50434,"heightEstimated":true},"geometry":{"type":"Polygon","coordinates":[[[114.27621,30.676606],[114.276489,30.677215],[114.275781,30.677454],[114.275502,30.676845],[114.27621,30.676606]]]}},{"type":"Feature","id":"968cd533-f15f-456a-bd25-f21d7f107a80","properties":{"id":"968cd533-f15f-456a-bd25-f21d7f107a80","height":146,"num_floors":46,"class":"industrial","areaM2":40680,"sourceTile":"tile_2_1","sourceFeatureCount":50434,"heightEstimated":true},"geometry":{"type":"Polygon","coordinates":[[[114.273829,30.677979],[114.271342,30.677778],[114.271509,30.676247],[114.273996,30.676447],[114.273829,30.677979]]]}},{"type":"Feature","id":"f1125d8c-cf1c-409f-ac19-db7a4688de8e","properties":{"id":"f1125d8c-cf1c-409f-ac19-db7a4688de8e","height":133,"num_floors":1,"class":"industrial","areaM2":29100,"sourceTile":"tile_2_1","sourceFeatureCount":50434,"heightEstimated":true},"geometry":{"type":"Polygon","coordinates":[[[114.272779,30.679406],[114.270692,30.679226],[114.270844,30.677922],[114.272931,30.678102],[114.272779,30.679406]]]}},{"type":"Feature","id":"0b5171b1-a9b8-48e2-9452-99d82df59b2a","properties":{"id":"0b5171b1-a9b8-48e2-9452-99d82df59b2a","height":85,"num_floors":27,"class":"building","areaM2":12606,"sourceTile":"tile_2_1","sourceFeatureCount":50434,"heightEstimated":true},"geometry":{"type":"Polygon","coordinates":[[[114.271002,30.681239],[114.270104,30.680939],[114.270625,30.679786],[114.271522,30.680085],[114.271002,30.681239]]]}},{"type":"Feature","id":"03ee4476-4f31-4981-8dd1-8c22b3436688","properties":{"id":"03ee4476-4f31-4981-8dd1-8c22b3436688","height":89,"num_floors":1,"class":"building","areaM2":13791,"sourceTile":"tile_2_1","sourceFeatureCount":50434,"heightEstimated":true},"geometry":{"type":"Polygon","coordinates":[[[114.267409,30.674756],[114.266283,30.67584],[114.265615,30.675326],[114.266741,30.674242],[114.267409,30.674756]]]}},{"type":"Feature","id":"50d7e4cc-279f-417b-96f0-e57684d51c37","properties":{"id":"50d7e4cc-279f-417b-96f0-e57684d51c37","height":94,"num_floors":1,"class":"building","areaM2":13508,"sourceTile":"tile_2_1","sourceFeatureCount":50434,"heightEstimated":true},"geometry":{"type":"Polygon","coordinates":[[[114.266556,30.674193],[114.265478,30.675222],[114.264794,30.674691],[114.265872,30.673662],[114.266556,30.674193]]]}},{"type":"Feature","id":"dff0525d-1a9f-4aa6-9752-280e3a94eda9","properties":{"id":"dff0525d-1a9f-4aa6-9752-280e3a94eda9","height":40,"num_floors":1,"class":"building","areaM2":1435,"sourceTile":"tile_2_1","sourceFeatureCount":50434,"heightEstimated":true},"geometry":{"type":"Polygon","coordinates":[[[114.269231,30.676227],[114.268635,30.676036],[114.268722,30.675836],[114.269317,30.676028],[114.269231,30.676227]]]}},{"type":"Feature","id":"a2e27183-ee08-4294-9b74-48b3d9814285","properties":{"id":"a2e27183-ee08-4294-9b74-48b3d9814285","height":77,"num_floors":1,"class":"building","areaM2":6795,"sourceTile":"tile_2_1","sourceFeatureCount":50434,"heightEstimated":true},"geometry":{"type":"Polygon","coordinates":[[[114.27055,30.674543],[114.269515,30.674292],[114.269704,30.673718],[114.270739,30.673969],[114.27055,30.674543]]]}},{"type":"Feature","id":"3e87fb24-9019-4712-9dc1-aa06447cbcaa","properties":{"id":"3e87fb24-9019-4712-9dc1-aa06447cbcaa","height":91,"num_floors":28,"class":"building","areaM2":8228,"sourceTile":"tile_2_1","sourceFeatureCount":50434,"heightEstimated":true},"geometry":{"type":"Polygon","coordinates":[[[114.274554,30.671767],[114.274548,30.67244],[114.273265,30.672009],[114.273531,30.671424],[114.274554,30.671767]]]}},{"type":"Feature","id":"82b33e47-9b81-4ebe-851d-e1e59e16dcbf","properties":{"id":"82b33e47-9b81-4ebe-851d-e1e59e16dcbf","height":82,"num_floors":26,"class":"industrial","areaM2":9449,"sourceTile":"tile_2_1","sourceFeatureCount":50434,"heightEstimated":true},"geometry":{"type":"Polygon","coordinates":[[[114.276829,30.672763],[114.275746,30.672393],[114.276074,30.671681],[114.277157,30.67205],[114.276829,30.672763]]]}},{"type":"Feature","id":"99c2990b-8f4c-4172-bd2d-9365d569f6c7","properties":{"id":"99c2990b-8f4c-4172-bd2d-9365d569f6c7","height":65,"num_floors":2,"class":"building","areaM2":6249,"sourceTile":"tile_2_1","sourceFeatureCount":50434,"heightEstimated":true},"geometry":{"type":"Polygon","coordinates":[[[114.27312,30.665518],[114.272683,30.66545],[114.272624,30.664813],[114.272814,30.664951],[114.272962,30.664593],[114.273882,30.665159],[114.273565,30.665424],[114.272975,30.665094],[114.27312,30.665518]]]}},{"type":"Feature","id":"80036ea6-3e22-46dc-9163-a794efeb8e54","properties":{"id":"80036ea6-3e22-46dc-9163-a794efeb8e54","height":22,"num_floors":1,"class":"building","areaM2":247,"sourceTile":"tile_2_1","sourceFeatureCount":50434,"heightEstimated":true},"geometry":{"type":"Polygon","coordinates":[[[114.269664,30.664652],[114.270092,30.664847],[114.269636,30.664748],[114.269664,30.664652]]]}},{"type":"Feature","id":"f48fcf87-013c-43bb-8984-7d6ee9790980","properties":{"id":"f48fcf87-013c-43bb-8984-7d6ee9790980","height":15,"num_floors":5,"class":"building","areaM2":70,"sourceTile":"tile_2_1","sourceFeatureCount":50434,"heightEstimated":true},"geometry":{"type":"Polygon","coordinates":[[[114.273411,30.651546],[114.273304,30.651416],[114.273448,30.651466],[114.273411,30.651546]]]}},{"type":"Feature","id":"49910559-431f-4599-a63d-31a83afafa2c","properties":{"id":"49910559-431f-4599-a63d-31a83afafa2c","height":18,"num_floors":6,"class":"building","areaM2":229,"sourceTile":"tile_2_1","sourceFeatureCount":50434,"heightEstimated":true},"geometry":{"type":"Polygon","coordinates":[[[114.280211,30.655984],[114.279751,30.655915],[114.279795,30.655828],[114.280211,30.655984]]]}},{"type":"Feature","id":"f9873e2f-5e3a-4d6c-8c5b-b63565ee5a69","properties":{"id":"f9873e2f-5e3a-4d6c-8c5b-b63565ee5a69","height":14,"num_floors":4,"class":"building","areaM2":164,"sourceTile":"tile_2_1","sourceFeatureCount":50434,"heightEstimated":true},"geometry":{"type":"Polygon","coordinates":[[[114.28694,30.658709],[114.287219,30.658706],[114.287135,30.658818],[114.28694,30.658709]]]}},{"type":"Feature","id":"1c6f33a1-8de0-4913-8324-7e98f852296e","properties":{"id":"1c6f33a1-8de0-4913-8324-7e98f852296e","height":11,"num_floors":3,"class":"building","areaM2":112,"sourceTile":"tile_2_1","sourceFeatureCount":50434,"heightEstimated":true},"geometry":{"type":"Polygon","coordinates":[[[114.284313,30.650444],[114.284045,30.650347],[114.284103,30.650289],[114.284313,30.650444]]]}},{"type":"Feature","id":"994c0b48-76f9-4415-9d89-01c03992123b","properties":{"id":"994c0b48-76f9-4415-9d89-01c03992123b","height":15,"num_floors":5,"class":"building","areaM2":368,"sourceTile":"tile_2_1","sourceFeatureCount":50434,"heightEstimated":true},"geometry":{"type":"Polygon","coordinates":[[[114.279071,30.637729],[114.278566,30.637558],[114.279084,30.637596],[114.279071,30.637729]]]}},{"type":"Feature","id":"78b143f8-d7fd-4532-9b3e-b66bb9927c7e","properties":{"id":"78b143f8-d7fd-4532-9b3e-b66bb9927c7e","height":33,"num_floors":10,"class":"building","areaM2":9,"sourceTile":"tile_2_1","sourceFeatureCount":50434,"heightEstimated":true},"geometry":{"type":"Polygon","coordinates":[[[114.285448,30.638998],[114.285459,30.639035],[114.285383,30.638934],[114.285448,30.638998]]]}},{"type":"Feature","id":"e16cbd17-961b-4ed0-a040-a2ab46979844","properties":{"id":"e16cbd17-961b-4ed0-a040-a2ab46979844","height":88,"num_floors":28,"class":"building","areaM2":10048,"sourceTile":"tile_2_1","sourceFeatureCount":50434,"heightEstimated":true},"geometry":{"type":"Polygon","coordinates":[[[114.286384,30.633979],[114.284794,30.633426],[114.285042,30.632919],[114.286611,30.633447],[114.286384,30.633979]]]}},{"type":"Feature","id":"af113695-704c-4b9d-9cd0-2572e4b1809a","properties":{"id":"af113695-704c-4b9d-9cd0-2572e4b1809a","height":122,"num_floors":38,"class":"building","areaM2":23206,"sourceTile":"tile_2_1","sourceFeatureCount":50434,"heightEstimated":true},"geometry":{"type":"Polygon","coordinates":[[[114.278356,30.632064],[114.279121,30.632173],[114.278869,30.634792],[114.278005,30.634788],[114.278356,30.632064]]]}},{"type":"Feature","id":"7cf43104-906c-450d-8507-55e24d88a6cd","properties":{"id":"7cf43104-906c-450d-8507-55e24d88a6cd","height":79,"num_floors":25,"class":"building","areaM2":8822,"sourceTile":"tile_2_1","sourceFeatureCount":50434,"heightEstimated":true},"geometry":{"type":"Polygon","coordinates":[[[114.278127,30.636292],[114.277124,30.636117],[114.277303,30.635202],[114.278095,30.635378],[114.278127,30.636292]]]}},{"type":"Feature","id":"f4456f83-19c6-4c2e-8ca6-8a547b333ca3","properties":{"id":"f4456f83-19c6-4c2e-8ca6-8a547b333ca3","height":31,"num_floors":10,"class":"building","areaM2":17,"sourceTile":"tile_2_1","sourceFeatureCount":50434,"heightEstimated":true},"geometry":{"type":"Polygon","coordinates":[[[114.266161,30.635843],[114.266127,30.635947],[114.266129,30.635845],[114.266161,30.635843]]]}},{"type":"Feature","id":"9af3eeb7-9e01-4981-82f4-8317fb4fbe19","properties":{"id":"9af3eeb7-9e01-4981-82f4-8317fb4fbe19","height":37,"num_floors":12,"class":"building","areaM2":228,"sourceTile":"tile_2_1","sourceFeatureCount":50434,"heightEstimated":true},"geometry":{"type":"Polygon","coordinates":[[[114.275878,30.642791],[114.276189,30.642652],[114.276189,30.64279],[114.275878,30.642791]]]}},{"type":"Feature","id":"72bd52b2-3b4d-4f28-bc44-8045e6e9f81a","properties":{"id":"72bd52b2-3b4d-4f28-bc44-8045e6e9f81a","height":33,"num_floors":10,"class":"building","areaM2":145,"sourceTile":"tile_2_1","sourceFeatureCount":50434,"heightEstimated":true},"geometry":{"type":"Polygon","coordinates":[[[114.270953,30.649341],[114.270698,30.649316],[114.270807,30.649219],[114.270953,30.649341]]]}},{"type":"Feature","id":"670a9cc1-fcb0-430c-8418-5d9c05671133","properties":{"id":"670a9cc1-fcb0-430c-8418-5d9c05671133","height":28,"num_floors":9,"class":"building","areaM2":67,"sourceTile":"tile_2_1","sourceFeatureCount":50434,"heightEstimated":true},"geometry":{"type":"Polygon","coordinates":[[[114.267305,30.650465],[114.267487,30.65047],[114.26735,30.650536],[114.267305,30.650465]]]}},{"type":"Feature","id":"5b4acb23-4b46-41d4-92a1-375937b3d859","properties":{"id":"5b4acb23-4b46-41d4-92a1-375937b3d859","height":35,"num_floors":1,"class":"apartments","areaM2":410,"sourceTile":"tile_2_1","sourceFeatureCount":50434,"heightEstimated":true},"geometry":{"type":"Polygon","coordinates":[[[114.263301,30.63901],[114.262705,30.639147],[114.262703,30.639017],[114.263301,30.63901]]]}},{"type":"Feature","id":"c66b8b0d-2385-44d8-8759-7ada4d2c5a44","properties":{"id":"c66b8b0d-2385-44d8-8759-7ada4d2c5a44","height":81,"num_floors":25,"class":"building","areaM2":8285,"sourceTile":"tile_2_1","sourceFeatureCount":50434,"heightEstimated":true},"geometry":{"type":"Polygon","coordinates":[[[114.258011,30.642923],[114.257823,30.643158],[114.258194,30.64338],[114.257765,30.643915],[114.256911,30.64329],[114.257306,30.642795],[114.258011,30.642923]]]}},{"type":"Feature","id":"5fd3b821-a11e-41d6-970f-59ad08dc04f3","properties":{"id":"5fd3b821-a11e-41d6-970f-59ad08dc04f3","height":147,"num_floors":46,"class":"building","areaM2":28779,"sourceTile":"tile_2_1","sourceFeatureCount":50434,"heightEstimated":true},"geometry":{"type":"Polygon","coordinates":[[[114.256956,30.637382],[114.256696,30.637123],[114.257082,30.636598],[114.259534,30.638209],[114.258992,30.638835],[114.256797,30.637766],[114.256956,30.637382]]]}},{"type":"Feature","id":"9fb9caeb-82c3-41dc-ad63-46ddfe99c758","properties":{"id":"9fb9caeb-82c3-41dc-ad63-46ddfe99c758","height":61,"num_floors":2,"class":"building","areaM2":7123,"sourceTile":"tile_2_1","sourceFeatureCount":50434,"heightEstimated":true},"geometry":{"type":"Polygon","coordinates":[[[114.259095,30.63842],[114.257233,30.637582],[114.257145,30.637372],[114.257467,30.637284],[114.25913,30.638124],[114.259095,30.63842]]]}},{"type":"Feature","id":"8578982a-4cd2-4f5c-8ca7-c8756a8cfd7a","properties":{"id":"8578982a-4cd2-4f5c-8ca7-c8756a8cfd7a","height":79,"num_floors":25,"class":"building","areaM2":11555,"sourceTile":"tile_2_1","sourceFeatureCount":50434,"heightEstimated":true},"geometry":{"type":"Polygon","coordinates":[[[114.255944,30.63739],[114.254826,30.636838],[114.255337,30.63618],[114.256583,30.636743],[114.255944,30.63739]]]}},{"type":"Feature","id":"77e24c7d-1da1-41d8-921d-0d10270850bd","properties":{"id":"77e24c7d-1da1-41d8-921d-0d10270850bd","height":28,"num_floors":9,"class":"building","areaM2":188,"sourceTile":"tile_2_1","sourceFeatureCount":50434,"heightEstimated":true},"geometry":{"type":"Polygon","coordinates":[[[114.255372,30.645389],[114.255617,30.645519],[114.255401,30.645549],[114.255372,30.645389]]]}},{"type":"Feature","id":"e0cbf761-e914-47dd-8a7a-9ab8c9754973","properties":{"id":"e0cbf761-e914-47dd-8a7a-9ab8c9754973","height":72,"num_floors":23,"class":"building","areaM2":5491,"sourceTile":"tile_2_1","sourceFeatureCount":50434,"heightEstimated":true},"geometry":{"type":"Polygon","coordinates":[[[114.256807,30.643393],[114.257722,30.643923],[114.257417,30.644313],[114.256503,30.643784],[114.256807,30.643393]]]}},{"type":"Feature","id":"57b82401-48e0-4cd4-81af-20bc14599b25","properties":{"id":"57b82401-48e0-4cd4-81af-20bc14599b25","height":28,"num_floors":9,"class":"building","areaM2":282,"sourceTile":"tile_2_1","sourceFeatureCount":50434,"heightEstimated":true},"geometry":{"type":"Polygon","coordinates":[[[114.250964,30.6469],[114.251331,30.647172],[114.250909,30.647004],[114.250964,30.6469]]]}},{"type":"Feature","id":"c2dab5ea-e29a-4522-9c84-4c2de6402b72","properties":{"id":"c2dab5ea-e29a-4522-9c84-4c2de6402b72","height":19,"num_floors":6,"class":"building","areaM2":47,"sourceTile":"tile_2_1","sourceFeatureCount":50434,"heightEstimated":true},"geometry":{"type":"Polygon","coordinates":[[[114.245749,30.648795],[114.245882,30.648727],[114.245819,30.648827],[114.245749,30.648795]]]}},{"type":"Feature","id":"f3702649-0a02-4351-83fa-676ee4a2b408","properties":{"id":"f3702649-0a02-4351-83fa-676ee4a2b408","height":75,"num_floors":23,"class":"building","areaM2":10224,"sourceTile":"tile_2_1","sourceFeatureCount":50434,"heightEstimated":true},"geometry":{"type":"Polygon","coordinates":[[[114.244864,30.643676],[114.246625,30.644159],[114.24649,30.644615],[114.244516,30.64413],[114.244864,30.643676]]]}},{"type":"Feature","id":"5b117c22-f8b0-44a8-8512-cd68d3110d1d","properties":{"id":"5b117c22-f8b0-44a8-8512-cd68d3110d1d","height":73,"num_floors":23,"class":"building","areaM2":5822,"sourceTile":"tile_2_1","sourceFeatureCount":50434,"heightEstimated":true},"geometry":{"type":"Polygon","coordinates":[[[114.247936,30.646659],[114.247314,30.646614],[114.248007,30.645669],[114.248475,30.645925],[114.247936,30.646659]]]}},{"type":"Feature","id":"68fc2ccd-cc2b-4cfe-a3ca-61eba1921f38","properties":{"id":"68fc2ccd-cc2b-4cfe-a3ca-61eba1921f38","height":25,"num_floors":8,"class":"building","areaM2":351,"sourceTile":"tile_2_1","sourceFeatureCount":50434,"heightEstimated":true},"geometry":{"type":"Polygon","coordinates":[[[114.249985,30.639401],[114.250383,30.639378],[114.250249,30.639552],[114.249985,30.639401]]]}},{"type":"Feature","id":"cd61d3af-c580-49aa-a095-db1c3d3559a1","properties":{"id":"cd61d3af-c580-49aa-a095-db1c3d3559a1","height":87,"num_floors":27,"class":"building","areaM2":6877,"sourceTile":"tile_2_1","sourceFeatureCount":50434,"heightEstimated":true},"geometry":{"type":"Polygon","coordinates":[[[114.253909,30.639548],[114.253453,30.63983],[114.25265,30.639354],[114.25303,30.639371],[114.253174,30.639122],[114.25295,30.638999],[114.253351,30.63906],[114.25353,30.638638],[114.253673,30.638943],[114.253287,30.639467],[114.253704,30.638971],[114.254038,30.639087],[114.253766,30.639368],[114.253909,30.639548]]]}},{"type":"Feature","id":"61f27d33-dd3e-4b1a-9935-b74ca5b2a35b","properties":{"id":"61f27d33-dd3e-4b1a-9935-b74ca5b2a35b","height":24,"num_floors":8,"class":"building","areaM2":400,"sourceTile":"tile_2_1","sourceFeatureCount":50434,"heightEstimated":true},"geometry":{"type":"Polygon","coordinates":[[[114.246482,30.635802],[114.245978,30.635482],[114.246538,30.635687],[114.246482,30.635802]]]}},{"type":"Feature","id":"c9d38f0d-60b2-492e-a0f2-c5959d208a02","properties":{"id":"c9d38f0d-60b2-492e-a0f2-c5959d208a02","height":66,"num_floors":21,"class":"building","areaM2":7292,"sourceTile":"tile_2_1","sourceFeatureCount":50434,"heightEstimated":true},"geometry":{"type":"Polygon","coordinates":[[[114.258244,30.634641],[114.257745,30.635216],[114.256953,30.634712],[114.25749,30.634162],[114.258244,30.634641]]]}},{"type":"Feature","id":"18bb6fbe-ea40-4aa4-8291-8f7d553128b2","properties":{"id":"18bb6fbe-ea40-4aa4-8291-8f7d553128b2","height":11,"num_floors":3,"class":"building","areaM2":9,"sourceTile":"tile_2_1","sourceFeatureCount":50434,"heightEstimated":true},"geometry":{"type":"Polygon","coordinates":[[[114.154727,30.732639],[114.154665,30.732667],[114.154664,30.73264],[114.154727,30.732639]]]}},{"type":"Feature","id":"929078c0-b5a7-4a5e-9287-92c613f3f51b","properties":{"id":"929078c0-b5a7-4a5e-9287-92c613f3f51b","height":148,"num_floors":46,"class":"building","areaM2":28686,"sourceTile":"tile_2_1","sourceFeatureCount":50434,"heightEstimated":true},"geometry":{"type":"Polygon","coordinates":[[[114.163504,30.716453],[114.163061,30.716459],[114.163163,30.716034],[114.162868,30.715873],[114.162844,30.715357],[114.163026,30.715226],[114.16387,30.715292],[114.164026,30.716492],[114.164028,30.715574],[114.165026,30.715845],[114.165001,30.716975],[114.16413,30.717053],[114.164082,30.716739],[114.16405,30.716989],[114.163342,30.717023],[114.163781,30.716702],[114.163494,30.716721],[114.163504,30.716453]],[[114.16344,30.715326],[114.163526,30.715266],[114.163437,30.715269],[114.16344,30.715326]],[[114.163564,30.71537],[114.163825,30.715504],[114.163821,30.715428],[114.163564,30.71537]],[[114.163486,30.715593],[114.163639,30.715559],[114.163484,30.715564],[114.163486,30.715593]],[[114.163717,30.715805],[114.163293,30.715724],[114.163297,30.715819],[114.163717,30.715805]],[[114.164253,30.715661],[114.164091,30.715753],[114.164257,30.715747],[114.164253,30.715661]],[[114.164318,30.71586],[114.164392,30.715791],[114.164315,30.715793],[114.164318,30.71586]],[[114.163992,30.716694],[114.163926,30.716716],[114.163993,30.716713],[114.163992,30.716694]],[[114.164307,30.716817],[114.164426,30.716756],[114.164305,30.71676],[114.164307,30.716817]],[[114.163254,30.716318],[114.163188,30.716321],[114.163222,30.716348],[114.163254,30.716318]],[[114.163869,30.716431],[114.163802,30.716424],[114.163802,30.716433],[114.163869,30.716431]],[[114.164276,30.716847],[114.164424,30.716938],[114.164419,30.716842],[114.164276,30.716847]]]}},{"type":"Feature","id":"46e2dc97-7d69-41fb-b55c-a5673697007b","properties":{"id":"46e2dc97-7d69-41fb-b55c-a5673697007b","height":9,"num_floors":3,"class":"building","areaM2":13,"sourceTile":"tile_2_1","sourceFeatureCount":50434,"heightEstimated":true},"geometry":{"type":"Polygon","coordinates":[[[114.160696,30.712215],[114.160772,30.712194],[114.16076,30.712231],[114.160696,30.712215]]]}},{"type":"Feature","id":"1917f32d-e4f8-41e5-8cf9-b48e753514ab","properties":{"id":"1917f32d-e4f8-41e5-8cf9-b48e753514ab","height":88,"num_floors":28,"class":"building","areaM2":9297,"sourceTile":"tile_2_1","sourceFeatureCount":50434,"heightEstimated":true},"geometry":{"type":"Polygon","coordinates":[[[114.164819,30.711602],[114.164826,30.712243],[114.163443,30.712218],[114.163459,30.711577],[114.164819,30.711602]]]}},{"type":"Feature","id":"5c932b90-8afa-4388-a8a6-73ccef808433","properties":{"id":"5c932b90-8afa-4388-a8a6-73ccef808433","height":91,"num_floors":28,"class":"building","areaM2":8378,"sourceTile":"tile_2_1","sourceFeatureCount":50434,"heightEstimated":true},"geometry":{"type":"Polygon","coordinates":[[[114.164165,30.713417],[114.164488,30.712838],[114.16514,30.712766],[114.165352,30.713185],[114.165248,30.712745],[114.165591,30.712721],[114.165655,30.713408],[114.164165,30.713417]]]}},{"type":"Feature","id":"10a077cd-2c12-4196-a359-3032bd070206","properties":{"id":"10a077cd-2c12-4196-a359-3032bd070206","height":159,"num_floors":50,"class":"building","areaM2":33019,"sourceTile":"tile_2_1","sourceFeatureCount":50434,"heightEstimated":true},"geometry":{"type":"Polygon","coordinates":[[[114.163496,30.713666],[114.165003,30.713623],[114.165055,30.714008],[114.165389,30.71396],[114.165207,30.713811],[114.165214,30.71362],[114.165397,30.713759],[114.165406,30.713511],[114.165796,30.713732],[114.165751,30.714917],[114.165408,30.714907],[114.165254,30.714587],[114.164975,30.714943],[114.164201,30.71492],[114.164213,30.714596],[114.164003,30.714589],[114.164151,30.714785],[114.163461,30.714584],[114.163449,30.714908],[114.163227,30.714902],[114.163162,30.714585],[114.16315,30.714909],[114.162829,30.7149],[114.162849,30.714375],[114.163452,30.714526],[114.163456,30.714143],[114.162893,30.71408],[114.162912,30.713592],[114.163077,30.713903],[114.163156,30.71358],[114.163411,30.713587],[114.16348,30.714087],[114.163496,30.713666]]]}},{"type":"Feature","id":"9c4dae8d-2f9e-4233-a847-3ab0525a943f","properties":{"id":"9c4dae8d-2f9e-4233-a847-3ab0525a943f","height":77,"num_floors":24,"class":"building","areaM2":6122,"sourceTile":"tile_2_1","sourceFeatureCount":50434,"heightEstimated":true},"geometry":{"type":"Polygon","coordinates":[[[114.174434,30.724294],[114.175102,30.72438],[114.175116,30.724724],[114.174862,30.72475],[114.175139,30.724742],[114.175156,30.725172],[114.174448,30.725193],[114.174434,30.724294]]]}},{"type":"Feature","id":"75a73b06-cb26-4064-aea5-d230272dbac6","properties":{"id":"75a73b06-cb26-4064-aea5-d230272dbac6","height":68,"num_floors":21,"class":"building","areaM2":7166,"sourceTile":"tile_2_1","sourceFeatureCount":50434,"heightEstimated":true},"geometry":{"type":"Polygon","coordinates":[[[114.190021,30.715792],[114.189656,30.715554],[114.189555,30.714607],[114.190252,30.714645],[114.190253,30.715611],[114.190021,30.715792]]]}},{"type":"Feature","id":"e0bcdd99-144f-4228-88aa-22d92e1e2c8a","properties":{"id":"e0bcdd99-144f-4228-88aa-22d92e1e2c8a","height":8,"num_floors":3,"class":"building","areaM2":30,"sourceTile":"tile_2_1","sourceFeatureCount":50434,"heightEstimated":true},"geometry":{"type":"Polygon","coordinates":[[[114.189975,30.724047],[114.189865,30.724088],[114.189877,30.724032],[114.189975,30.724047]]]}},{"type":"Feature","id":"d728bf26-94bc-48ee-9595-cd273efdd826","properties":{"id":"d728bf26-94bc-48ee-9595-cd273efdd826","height":9,"num_floors":3,"class":"building","areaM2":89,"sourceTile":"tile_2_1","sourceFeatureCount":50434,"heightEstimated":true},"geometry":{"type":"Polygon","coordinates":[[[114.188108,30.725739],[114.188271,30.725804],[114.188081,30.725832],[114.188108,30.725739]]]}},{"type":"Feature","id":"d229d7de-ae79-49a2-8b4a-457e77f49031","properties":{"id":"d229d7de-ae79-49a2-8b4a-457e77f49031","height":8,"num_floors":3,"class":"building","areaM2":31,"sourceTile":"tile_2_1","sourceFeatureCount":50434,"heightEstimated":true},"geometry":{"type":"Polygon","coordinates":[[[114.199276,30.736549],[114.199202,30.736453],[114.199305,30.736509],[114.199276,30.736549]]]}},{"type":"Feature","id":"f5bf654b-a076-4e58-aa1f-eb290f4404ee","properties":{"id":"f5bf654b-a076-4e58-aa1f-eb290f4404ee","height":34,"num_floors":11,"class":"building","areaM2":44,"sourceTile":"tile_2_1","sourceFeatureCount":50434,"heightEstimated":true},"geometry":{"type":"Polygon","coordinates":[[[114.204594,30.716763],[114.204422,30.716865],[114.204404,30.716828],[114.204594,30.716763]]]}},{"type":"Feature","id":"ceea9cc6-26e4-47f3-b133-d830c215c405","properties":{"id":"ceea9cc6-26e4-47f3-b133-d830c215c405","height":30,"num_floors":9,"class":"building","areaM2":20,"sourceTile":"tile_2_1","sourceFeatureCount":50434,"heightEstimated":true},"geometry":{"type":"Polygon","coordinates":[[[114.211626,30.735947],[114.211735,30.735948],[114.211716,30.735983],[114.211626,30.735947]]]}},{"type":"Feature","id":"1f58ee38-84f0-4802-b9d8-557405e99fa5","properties":{"id":"1f58ee38-84f0-4802-b9d8-557405e99fa5","height":33,"num_floors":10,"class":"building","areaM2":121,"sourceTile":"tile_2_1","sourceFeatureCount":50434,"heightEstimated":true},"geometry":{"type":"Polygon","coordinates":[[[114.219546,30.72561],[114.219621,30.725756],[114.219431,30.725692],[114.219546,30.72561]]]}},{"type":"Feature","id":"4a08af92-e55d-4221-b72b-0f96ff4c7458","properties":{"id":"4a08af92-e55d-4221-b72b-0f96ff4c7458","height":26,"num_floors":8,"class":"building","areaM2":10,"sourceTile":"tile_2_1","sourceFeatureCount":50434,"heightEstimated":true},"geometry":{"type":"Polygon","coordinates":[[[114.223575,30.72596],[114.223501,30.725957],[114.223517,30.725932],[114.223575,30.72596]]]}},{"type":"Feature","id":"d92b2001-e154-47ea-8a59-67f541f4a13f","properties":{"id":"d92b2001-e154-47ea-8a59-67f541f4a13f","height":27,"num_floors":8,"class":"building","areaM2":71,"sourceTile":"tile_2_1","sourceFeatureCount":50434,"heightEstimated":true},"geometry":{"type":"Polygon","coordinates":[[[114.228301,30.718601],[114.228124,30.71858],[114.228246,30.718519],[114.228301,30.718601]]]}},{"type":"Feature","id":"2e8d5c2b-b94b-4330-9cdb-70be789c9f1c","properties":{"id":"2e8d5c2b-b94b-4330-9cdb-70be789c9f1c","height":81,"num_floors":25,"class":"building","areaM2":11394,"sourceTile":"tile_2_1","sourceFeatureCount":50434,"heightEstimated":true},"geometry":{"type":"Polygon","coordinates":[[[114.233503,30.722759],[114.232422,30.722221],[114.232924,30.721474],[114.234005,30.722012],[114.233503,30.722759]]]}},{"type":"Feature","id":"02f2396d-23a8-46ff-9c1a-6742d1fa4067","properties":{"id":"02f2396d-23a8-46ff-9c1a-6742d1fa4067","height":77,"num_floors":9,"class":"building","areaM2":6710,"sourceTile":"tile_2_1","sourceFeatureCount":50434,"heightEstimated":true},"geometry":{"type":"Polygon","coordinates":[[[114.232675,30.723871],[114.232053,30.724699],[114.231366,30.724159],[114.231838,30.723156],[114.232519,30.723412],[114.232007,30.723401],[114.231897,30.72362],[114.232267,30.723781],[114.231661,30.724099],[114.232061,30.724441],[114.232675,30.723871]]]}},{"type":"Feature","id":"d851a0f8-e69e-417a-9559-9a99473fbae3","properties":{"id":"d851a0f8-e69e-417a-9559-9a99473fbae3","height":44,"num_floors":1,"class":"building","areaM2":1251,"sourceTile":"tile_2_1","sourceFeatureCount":50434,"heightEstimated":true},"geometry":{"type":"Polygon","coordinates":[[[114.229478,30.734244],[114.228928,30.734131],[114.228984,30.733928],[114.229534,30.73404],[114.229478,30.734244]]]}},{"type":"Feature","id":"1557f14e-c765-442d-8cc6-5a2d795a32b9","properties":{"id":"1557f14e-c765-442d-8cc6-5a2d795a32b9","height":27,"num_floors":8,"class":"building","areaM2":179,"sourceTile":"tile_2_1","sourceFeatureCount":50434,"heightEstimated":true},"geometry":{"type":"Polygon","coordinates":[[[114.233062,30.735867],[114.232784,30.736031],[114.232757,30.735926],[114.233062,30.735867]]]}},{"type":"Feature","id":"f78f5774-960a-47a2-b357-adccdaf7cf15","properties":{"id":"f78f5774-960a-47a2-b357-adccdaf7cf15","height":20,"num_floors":6,"class":"building","areaM2":45,"sourceTile":"tile_2_1","sourceFeatureCount":50434,"heightEstimated":true},"geometry":{"type":"Polygon","coordinates":[[[114.228924,30.735828],[114.228727,30.735741],[114.228944,30.735794],[114.228924,30.735828]]]}},{"type":"Feature","id":"0742f419-91d7-4814-b575-71f510bf2427","properties":{"id":"0742f419-91d7-4814-b575-71f510bf2427","height":20,"num_floors":6,"class":"building","areaM2":95,"sourceTile":"tile_2_1","sourceFeatureCount":50434,"heightEstimated":true},"geometry":{"type":"Polygon","coordinates":[[[114.225429,30.731618],[114.225633,30.73158],[114.225522,30.731689],[114.225429,30.731618]]]}},{"type":"Feature","id":"04434aff-6cbc-4a24-9c1f-513175310e71","properties":{"id":"04434aff-6cbc-4a24-9c1f-513175310e71","height":15,"num_floors":5,"class":"building","areaM2":34,"sourceTile":"tile_2_1","sourceFeatureCount":50434,"heightEstimated":true},"geometry":{"type":"Polygon","coordinates":[[[114.222524,30.744249],[114.222439,30.744128],[114.222485,30.744118],[114.222524,30.744249]]]}},{"type":"Feature","id":"cb6e3b66-8ddf-4196-add8-ef31fb705241","properties":{"id":"cb6e3b66-8ddf-4196-add8-ef31fb705241","height":14,"num_floors":4,"class":"building","areaM2":50,"sourceTile":"tile_2_1","sourceFeatureCount":50434,"heightEstimated":true},"geometry":{"type":"Polygon","coordinates":[[[114.22969,30.746739],[114.22976,30.746614],[114.229768,30.746735],[114.22969,30.746739]]]}},{"type":"Feature","id":"cfb762d6-a96d-40e4-befb-fec03990a664","properties":{"id":"cfb762d6-a96d-40e4-befb-fec03990a664","height":15,"num_floors":5,"class":"building","areaM2":114,"sourceTile":"tile_2_1","sourceFeatureCount":50434,"heightEstimated":true},"geometry":{"type":"Polygon","coordinates":[[[114.209585,30.745067],[114.209861,30.745119],[114.209597,30.745147],[114.209585,30.745067]]]}},{"type":"Feature","id":"dc4675a9-9ab1-4796-a4e9-dcce2255ee1b","properties":{"id":"dc4675a9-9ab1-4796-a4e9-dcce2255ee1b","height":11,"num_floors":3,"class":"building","areaM2":81,"sourceTile":"tile_2_1","sourceFeatureCount":50434,"heightEstimated":true},"geometry":{"type":"Polygon","coordinates":[[[114.246796,30.731909],[114.246663,30.731916],[114.246644,30.731879],[114.246758,30.731835],[114.246796,30.731909]]]}},{"type":"Feature","id":"c217f541-0039-4cd9-8bd1-4a64694614fa","properties":{"id":"c217f541-0039-4cd9-8bd1-4a64694614fa","height":17,"num_floors":5,"class":"building","areaM2":400,"sourceTile":"tile_2_1","sourceFeatureCount":50434,"heightEstimated":true},"geometry":{"type":"Polygon","coordinates":[[[114.238045,30.736746],[114.23865,30.736849],[114.2386,30.736966],[114.238045,30.736746]]]}},{"type":"Feature","id":"c9c7b6f8-cd1b-4e72-a29d-7ee8e4b039d3","properties":{"id":"c9c7b6f8-cd1b-4e72-a29d-7ee8e4b039d3","height":8,"num_floors":3,"class":"building","areaM2":9,"sourceTile":"tile_2_1","sourceFeatureCount":50434,"heightEstimated":true},"geometry":{"type":"Polygon","coordinates":[[[114.235787,30.731418],[114.235839,30.731459],[114.23581,30.731468],[114.235787,30.731418]]]}},{"type":"Feature","id":"a399cb20-07e3-40e4-aa19-faa9e08d1812","properties":{"id":"a399cb20-07e3-40e4-aa19-faa9e08d1812","height":37,"num_floors":12,"class":"building","areaM2":91,"sourceTile":"tile_2_1","sourceFeatureCount":50434,"heightEstimated":true},"geometry":{"type":"Polygon","coordinates":[[[114.240558,30.721176],[114.24063,30.721015],[114.240687,30.721127],[114.240558,30.721176]]]}},{"type":"Feature","id":"a77840c4-1d2a-405a-87b2-e974c7496889","properties":{"id":"a77840c4-1d2a-405a-87b2-e974c7496889","height":81,"num_floors":25,"class":"building","areaM2":12801,"sourceTile":"tile_2_1","sourceFeatureCount":50434,"heightEstimated":true},"geometry":{"type":"Polygon","coordinates":[[[114.234579,30.72147],[114.233323,30.720835],[114.233813,30.720119],[114.235068,30.720753],[114.234579,30.72147]]]}},{"type":"Feature","id":"6316db98-0c5c-40f0-b720-2462579794c0","properties":{"id":"6316db98-0c5c-40f0-b720-2462579794c0","height":85,"num_floors":27,"class":"building","areaM2":6146,"sourceTile":"tile_2_1","sourceFeatureCount":50434,"heightEstimated":true},"geometry":{"type":"Polygon","coordinates":[[[114.235828,30.723053],[114.236154,30.723425],[114.235974,30.723593],[114.235434,30.723161],[114.236009,30.722626],[114.236663,30.72315],[114.236333,30.723457],[114.235828,30.723053]]]}},{"type":"Feature","id":"16beb0bf-e952-40b9-b7e7-ed6ed34306d0","properties":{"id":"16beb0bf-e952-40b9-b7e7-ed6ed34306d0","height":143,"num_floors":1,"class":"building","areaM2":34394,"sourceTile":"tile_2_1","sourceFeatureCount":50434,"heightEstimated":true},"geometry":{"type":"Polygon","coordinates":[[[114.239735,30.716189],[114.238833,30.71664],[114.237009,30.713947],[114.237911,30.713496],[114.239735,30.716189]]]}},{"type":"Feature","id":"b569c8d9-c204-4e59-a75e-47c78bba71b4","properties":{"id":"b569c8d9-c204-4e59-a75e-47c78bba71b4","height":34,"num_floors":11,"class":"building","areaM2":71,"sourceTile":"tile_2_1","sourceFeatureCount":50434,"heightEstimated":true},"geometry":{"type":"Polygon","coordinates":[[[114.240562,30.719056],[114.240727,30.719115],[114.240631,30.719162],[114.240562,30.719056]]]}},{"type":"Feature","id":"ff07b67f-0efe-4fcf-9c49-4aeb05ad9dc7","properties":{"id":"ff07b67f-0efe-4fcf-9c49-4aeb05ad9dc7","height":112,"num_floors":1,"class":"building","areaM2":14701,"sourceTile":"tile_2_1","sourceFeatureCount":50434,"heightEstimated":true},"geometry":{"type":"Polygon","coordinates":[[[114.240731,30.715697],[114.240314,30.715902],[114.23864,30.713393],[114.239057,30.713188],[114.240731,30.715697]]]}},{"type":"Feature","id":"f36327be-2831-4e26-9980-bbf5558d7dba","properties":{"id":"f36327be-2831-4e26-9980-bbf5558d7dba","height":31,"num_floors":10,"class":"building","areaM2":54,"sourceTile":"tile_2_1","sourceFeatureCount":50434,"heightEstimated":true},"geometry":{"type":"Polygon","coordinates":[[[114.241841,30.721721],[114.241996,30.721738],[114.24193,30.721796],[114.241841,30.721721]]]}},{"type":"Feature","id":"a51fabf2-cb08-45ba-bdd0-9dd4ea8fc216","properties":{"id":"a51fabf2-cb08-45ba-bdd0-9dd4ea8fc216","height":31,"num_floors":10,"class":"building","areaM2":89,"sourceTile":"tile_2_1","sourceFeatureCount":50434,"heightEstimated":true},"geometry":{"type":"Polygon","coordinates":[[[114.243552,30.72358],[114.243389,30.723467],[114.243565,30.723485],[114.243552,30.72358]]]}},{"type":"Feature","id":"87be6300-b83b-45e2-bd7f-cb984ecaa5d8","properties":{"id":"87be6300-b83b-45e2-bd7f-cb984ecaa5d8","height":28,"num_floors":9,"class":"building","areaM2":67,"sourceTile":"tile_2_1","sourceFeatureCount":50434,"heightEstimated":true},"geometry":{"type":"Polygon","coordinates":[[[114.246632,30.725508],[114.246499,30.725604],[114.246499,30.725509],[114.246632,30.725508]]]}},{"type":"Feature","id":"a5f838b7-c96c-4012-9c04-c1b389e85245","properties":{"id":"a5f838b7-c96c-4012-9c04-c1b389e85245","height":26,"num_floors":8,"class":"building","areaM2":81,"sourceTile":"tile_2_1","sourceFeatureCount":50434,"heightEstimated":true},"geometry":{"type":"Polygon","coordinates":[[[114.245073,30.714029],[114.244952,30.714178],[114.244908,30.714106],[114.245073,30.714029]]]}},{"type":"Feature","id":"c1a4f9be-4f8b-447c-8d99-5587979a20ee","properties":{"id":"c1a4f9be-4f8b-447c-8d99-5587979a20ee","height":21,"num_floors":7,"class":"building","areaM2":21,"sourceTile":"tile_2_1","sourceFeatureCount":50434,"heightEstimated":true},"geometry":{"type":"Polygon","coordinates":[[[114.24964,30.718513],[114.24964,30.718605],[114.249597,30.718587],[114.24964,30.718513]]]}},{"type":"Feature","id":"47524783-ad54-49fb-962f-74dcb4c70d29","properties":{"id":"47524783-ad54-49fb-962f-74dcb4c70d29","height":19,"num_floors":6,"class":"building","areaM2":13,"sourceTile":"tile_2_1","sourceFeatureCount":50434,"heightEstimated":true},"geometry":{"type":"Polygon","coordinates":[[[114.249838,30.726103],[114.24975,30.726073],[114.249773,30.726052],[114.249838,30.726103]]]}},{"type":"Feature","id":"6c98e678-3dcd-4031-b80e-8958e623b4b6","properties":{"id":"6c98e678-3dcd-4031-b80e-8958e623b4b6","height":20,"num_floors":6,"class":"building","areaM2":72,"sourceTile":"tile_2_1","sourceFeatureCount":50434,"heightEstimated":true},"geometry":{"type":"Polygon","coordinates":[[[114.248585,30.725364],[114.248409,30.725343],[114.248509,30.725278],[114.248585,30.725364]]]}},{"type":"Feature","id":"c965d608-f445-4247-a4ac-87a1c56e772e","properties":{"id":"c965d608-f445-4247-a4ac-87a1c56e772e","height":79,"num_floors":1,"class":"building","areaM2":9116,"sourceTile":"tile_2_1","sourceFeatureCount":50434,"heightEstimated":true},"geometry":{"type":"Polygon","coordinates":[[[114.251854,30.736068],[114.251131,30.736363],[114.250595,30.73539],[114.251318,30.735095],[114.251854,30.736068]]]}},{"type":"Feature","id":"d5cca99d-1cf4-4cce-a215-8ec78085784a","properties":{"id":"d5cca99d-1cf4-4cce-a215-8ec78085784a","height":19,"num_floors":6,"class":"building","areaM2":106,"sourceTile":"tile_2_1","sourceFeatureCount":50434,"heightEstimated":true},"geometry":{"type":"Polygon","coordinates":[[[114.252379,30.727213],[114.252611,30.727038],[114.252646,30.727099],[114.252379,30.727213]]]}},{"type":"Feature","id":"3777eb75-6397-475c-a968-512a35cbe347","properties":{"id":"3777eb75-6397-475c-a968-512a35cbe347","height":17,"num_floors":5,"class":"house","areaM2":104,"sourceTile":"tile_2_1","sourceFeatureCount":50434,"heightEstimated":true},"geometry":{"type":"Polygon","coordinates":[[[114.259995,30.72454],[114.259818,30.724654],[114.259815,30.724545],[114.259995,30.72454]]]}},{"type":"Feature","id":"0141bd11-ff6a-460d-ad8a-d3c27859897a","properties":{"id":"0141bd11-ff6a-460d-ad8a-d3c27859897a","height":34,"num_floors":11,"class":"building","areaM2":1354,"sourceTile":"tile_2_1","sourceFeatureCount":50434,"heightEstimated":true},"geometry":{"type":"Polygon","coordinates":[[[114.256585,30.716388],[114.256397,30.716351],[114.255966,30.716353],[114.255965,30.716152],[114.256584,30.716149],[114.256585,30.716388]]]}},{"type":"Feature","id":"194f03f3-09cb-4d68-910e-2631345af415","properties":{"id":"194f03f3-09cb-4d68-910e-2631345af415","height":20,"num_floors":6,"class":"apartments","areaM2":356,"sourceTile":"tile_2_1","sourceFeatureCount":50434,"heightEstimated":true},"geometry":{"type":"Polygon","coordinates":[[[114.262293,30.726706],[114.261692,30.726944],[114.261654,30.726847],[114.262293,30.726706]]]}},{"type":"Feature","id":"7e2c4e50-cf2b-4852-bab9-74153a47630e","properties":{"id":"7e2c4e50-cf2b-4852-bab9-74153a47630e","height":15,"num_floors":5,"class":"building","areaM2":234,"sourceTile":"tile_2_1","sourceFeatureCount":50434,"heightEstimated":true},"geometry":{"type":"Polygon","coordinates":[[[114.26518,30.715629],[114.265468,30.715467],[114.265477,30.715616],[114.26518,30.715629]]]}},{"type":"Feature","id":"bf3bcb6b-7d27-414e-8de2-6f72b4cdeea8","properties":{"id":"bf3bcb6b-7d27-414e-8de2-6f72b4cdeea8","height":8,"num_floors":3,"class":"building","areaM2":17,"sourceTile":"tile_2_1","sourceFeatureCount":50434,"heightEstimated":true},"geometry":{"type":"Polygon","coordinates":[[[114.270926,30.720232],[114.270849,30.72019],[114.270891,30.720172],[114.270926,30.720232]]]}},{"type":"Feature","id":"6428b3f5-8d2c-42aa-a9d7-75af7a81084a","properties":{"id":"6428b3f5-8d2c-42aa-a9d7-75af7a81084a","height":8,"num_floors":3,"class":"building","areaM2":51,"sourceTile":"tile_2_1","sourceFeatureCount":50434,"heightEstimated":true},"geometry":{"type":"Polygon","coordinates":[[[114.263288,30.731081],[114.263373,30.73121],[114.263298,30.73121],[114.263288,30.731081]]]}},{"type":"Feature","id":"9ff316bd-8fbd-42b6-abf0-3047e0405bab","properties":{"id":"9ff316bd-8fbd-42b6-abf0-3047e0405bab","height":32,"num_floors":10,"class":"building","areaM2":13,"sourceTile":"tile_2_1","sourceFeatureCount":50434,"heightEstimated":true},"geometry":{"type":"Polygon","coordinates":[[[114.277149,30.719954],[114.27711,30.719893],[114.277154,30.719897],[114.277149,30.719954]]]}},{"type":"Feature","id":"a68042ac-51c5-403c-bdb7-0c803e48cf87","properties":{"id":"a68042ac-51c5-403c-bdb7-0c803e48cf87","height":55,"num_floors":17,"class":"building","areaM2":1477,"sourceTile":"tile_2_1","sourceFeatureCount":50434,"heightEstimated":true},"geometry":{"type":"Polygon","coordinates":[[[114.307868,30.633551],[114.307364,30.633451],[114.307315,30.633253],[114.307774,30.633168],[114.307868,30.633551]]]}},{"type":"Feature","id":"62adbed0-c102-4111-a3c8-42957a68f037","properties":{"id":"62adbed0-c102-4111-a3c8-42957a68f037","height":31,"num_floors":10,"class":"building","areaM2":67,"sourceTile":"tile_2_1","sourceFeatureCount":50434,"heightEstimated":true},"geometry":{"type":"Polygon","coordinates":[[[114.317153,30.635083],[114.317335,30.63508],[114.317203,30.635152],[114.317153,30.635083]]]}},{"type":"Feature","id":"e090ecdb-1ca5-4430-beac-400a2ee35c80","properties":{"id":"e090ecdb-1ca5-4430-beac-400a2ee35c80","height":30,"num_floors":9,"class":"building","areaM2":103,"sourceTile":"tile_2_1","sourceFeatureCount":50434,"heightEstimated":true},"geometry":{"type":"Polygon","coordinates":[[[114.324163,30.640941],[114.323901,30.640995],[114.32391,30.640919],[114.324163,30.640941]]]}},{"type":"Feature","id":"3d2ba998-2829-4f0d-aa8c-c7714586161a","properties":{"id":"3d2ba998-2829-4f0d-aa8c-c7714586161a","height":37,"num_floors":12,"class":"apartments","areaM2":526,"sourceTile":"tile_2_1","sourceFeatureCount":50434,"heightEstimated":true},"geometry":{"type":"Polygon","coordinates":[[[114.319195,30.647634],[114.318586,30.647824],[114.318575,30.647664],[114.319195,30.647634]]]}},{"type":"Feature","id":"a5d54de8-84ac-48e2-a412-c2343cc8d27b","properties":{"id":"a5d54de8-84ac-48e2-a412-c2343cc8d27b","height":26,"num_floors":8,"class":"building","areaM2":95,"sourceTile":"tile_2_1","sourceFeatureCount":50434,"heightEstimated":true},"geometry":{"type":"Polygon","coordinates":[[[114.312126,30.647773],[114.31201,30.647629],[114.312151,30.647651],[114.312126,30.647773]]]}},{"type":"Feature","id":"885891c1-d9b6-416c-97c0-1d6a76a49a89","properties":{"id":"885891c1-d9b6-416c-97c0-1d6a76a49a89","height":25,"num_floors":8,"class":"building","areaM2":134,"sourceTile":"tile_2_1","sourceFeatureCount":50434,"heightEstimated":true},"geometry":{"type":"Polygon","coordinates":[[[114.314611,30.645448],[114.314635,30.645658],[114.314501,30.645545],[114.314611,30.645448]]]}},{"type":"Feature","id":"bbde4540-811e-4b57-a3cd-bebf223755f5","properties":{"id":"bbde4540-811e-4b57-a3cd-bebf223755f5","height":105,"num_floors":33,"class":"retail","areaM2":18830,"sourceTile":"tile_2_1","sourceFeatureCount":50434,"heightEstimated":true},"geometry":{"type":"Polygon","coordinates":[[[114.314487,30.639895],[114.313545,30.638772],[114.314488,30.638136],[114.315383,30.638408],[114.31515,30.639156],[114.314487,30.639895]]]}},{"type":"Feature","id":"216e86b4-8027-4a69-b864-3d964776530e","properties":{"id":"216e86b4-8027-4a69-b864-3d964776530e","height":22,"num_floors":7,"class":"building","areaM2":101,"sourceTile":"tile_2_1","sourceFeatureCount":50434,"heightEstimated":true},"geometry":{"type":"Polygon","coordinates":[[[114.312162,30.642041],[114.312322,30.6419],[114.312269,30.642066],[114.312162,30.642041]]]}},{"type":"Feature","id":"8db2b789-2135-419e-8e24-1836403e4e1c","properties":{"id":"8db2b789-2135-419e-8e24-1836403e4e1c","height":82,"num_floors":26,"class":"building","areaM2":12504,"sourceTile":"tile_2_1","sourceFeatureCount":50434,"heightEstimated":true},"geometry":{"type":"Polygon","coordinates":[[[114.308662,30.637383],[114.30889,30.636684],[114.310456,30.637062],[114.310227,30.637761],[114.308662,30.637383]]]}},{"type":"Feature","id":"cd794c35-8e5a-4206-ad31-985fd4cd5547","properties":{"id":"cd794c35-8e5a-4206-ad31-985fd4cd5547","height":92,"num_floors":29,"class":"building","areaM2":9908,"sourceTile":"tile_2_1","sourceFeatureCount":50434,"heightEstimated":true},"geometry":{"type":"Polygon","coordinates":[[[114.308444,30.638067],[114.308627,30.637511],[114.310183,30.637889],[114.31,30.638446],[114.308444,30.638067]]]}},{"type":"Feature","id":"4e309d5f-6c24-4cbd-8c0f-5fda7418ac12","properties":{"id":"4e309d5f-6c24-4cbd-8c0f-5fda7418ac12","height":16,"num_floors":5,"class":"building","areaM2":20,"sourceTile":"tile_2_1","sourceFeatureCount":50434,"heightEstimated":true},"geometry":{"type":"Polygon","coordinates":[[[114.30749,30.640469],[114.307501,30.64055],[114.307449,30.640514],[114.30749,30.640469]]]}},{"type":"Feature","id":"839a7705-fdb6-4df3-9269-5b8dd0650b73","properties":{"id":"839a7705-fdb6-4df3-9269-5b8dd0650b73","height":24,"num_floors":8,"class":"building","areaM2":315,"sourceTile":"tile_2_1","sourceFeatureCount":50434,"heightEstimated":true},"geometry":{"type":"Polygon","coordinates":[[[114.307912,30.647082],[114.307468,30.646821],[114.307957,30.646974],[114.307912,30.647082]]]}},{"type":"Feature","id":"b2a7bf67-c1e7-4d11-86f4-81dea6501827","properties":{"id":"b2a7bf67-c1e7-4d11-86f4-81dea6501827","height":15,"num_floors":5,"class":"building","areaM2":63,"sourceTile":"tile_2_1","sourceFeatureCount":50434,"heightEstimated":true},"geometry":{"type":"Polygon","coordinates":[[[114.297459,30.644719],[114.297405,30.644572],[114.297491,30.644588],[114.297459,30.644719]]]}},{"type":"Feature","id":"149dc6ea-66b9-4240-b843-0c977173380a","properties":{"id":"149dc6ea-66b9-4240-b843-0c977173380a","height":14,"num_floors":4,"class":"building","areaM2":94,"sourceTile":"tile_2_1","sourceFeatureCount":50434,"heightEstimated":true},"geometry":{"type":"Polygon","coordinates":[[[114.297752,30.639403],[114.297575,30.63949],[114.297628,30.639364],[114.297752,30.639403]]]}},{"type":"Feature","id":"0ba97518-e70c-4a2e-9c63-ee1f07d91fd8","properties":{"id":"0ba97518-e70c-4a2e-9c63-ee1f07d91fd8","height":16,"num_floors":5,"class":"building","areaM2":215,"sourceTile":"tile_2_1","sourceFeatureCount":50434,"heightEstimated":true},"geometry":{"type":"Polygon","coordinates":[[[114.301766,30.641581],[114.301361,30.641565],[114.301403,30.641466],[114.301766,30.641581]]]}},{"type":"Feature","id":"ff47415d-7372-466d-a882-346075bfb347","properties":{"id":"ff47415d-7372-466d-a882-346075bfb347","height":68,"num_floors":21,"class":"building","areaM2":7184,"sourceTile":"tile_2_1","sourceFeatureCount":50434,"heightEstimated":true},"geometry":{"type":"Polygon","coordinates":[[[114.302123,30.633799],[114.301377,30.633522],[114.301318,30.632816],[114.302123,30.632747],[114.302123,30.633799]]]}},{"type":"Feature","id":"b3e15508-7a0d-4e0f-b70f-6c2ee905e23c","properties":{"id":"b3e15508-7a0d-4e0f-b70f-6c2ee905e23c","height":41,"num_floors":13,"class":"warehouse","areaM2":2797,"sourceTile":"tile_2_1","sourceFeatureCount":50434,"heightEstimated":true},"geometry":{"type":"Polygon","coordinates":[[[114.288743,30.633986],[114.288153,30.633776],[114.288268,30.633507],[114.288971,30.63349],[114.288743,30.633986]]]}},{"type":"Feature","id":"32d41eb3-de60-4f54-8d9f-af9dec196bd9","properties":{"id":"32d41eb3-de60-4f54-8d9f-af9dec196bd9","height":11,"num_floors":3,"class":"building","areaM2":189,"sourceTile":"tile_2_1","sourceFeatureCount":50434,"heightEstimated":true},"geometry":{"type":"Polygon","coordinates":[[[114.292609,30.637958],[114.292893,30.638187],[114.292563,30.638047],[114.292609,30.637958]]]}},{"type":"Feature","id":"882ba4a6-e5fd-4264-b860-5e128b2bb8b4","properties":{"id":"882ba4a6-e5fd-4264-b860-5e128b2bb8b4","height":34,"num_floors":11,"class":"building","areaM2":39,"sourceTile":"tile_2_1","sourceFeatureCount":50434,"heightEstimated":true},"geometry":{"type":"Polygon","coordinates":[[[114.296515,30.639283],[114.296632,30.639341],[114.296523,30.63935],[114.296515,30.639283]]]}},{"type":"Feature","id":"d4252d90-65dd-4419-9850-f79a8f674852","properties":{"id":"d4252d90-65dd-4419-9850-f79a8f674852","height":31,"num_floors":10,"class":"building","areaM2":18,"sourceTile":"tile_2_1","sourceFeatureCount":50434,"heightEstimated":true},"geometry":{"type":"Polygon","coordinates":[[[114.290886,30.649041],[114.290921,30.64912],[114.290877,30.649117],[114.290886,30.649041]]]}},{"type":"Feature","id":"77d42cc3-1b5f-4942-83cf-6aee09a839f5","properties":{"id":"77d42cc3-1b5f-4942-83cf-6aee09a839f5","height":31,"num_floors":10,"class":"building","areaM2":50,"sourceTile":"tile_2_1","sourceFeatureCount":50434,"heightEstimated":true},"geometry":{"type":"Polygon","coordinates":[[[114.290808,30.650141],[114.291037,30.650079],[114.291042,30.650119],[114.290808,30.650141]]]}},{"type":"Feature","id":"6f15942f-0a85-4991-8780-a52395846f97","properties":{"id":"6f15942f-0a85-4991-8780-a52395846f97","height":95,"num_floors":10,"class":"building","areaM2":9262,"sourceTile":"tile_2_1","sourceFeatureCount":50434,"heightEstimated":true},"geometry":{"type":"Polygon","coordinates":[[[114.290004,30.660054],[114.289026,30.660294],[114.288751,30.659467],[114.289728,30.659226],[114.290004,30.660054]]]}},{"type":"Feature","id":"7fba22ae-5283-4b80-8099-84bd1e5a9090","properties":{"id":"7fba22ae-5283-4b80-8099-84bd1e5a9090","height":124,"num_floors":39,"class":"building","areaM2":20412,"sourceTile":"tile_2_1","sourceFeatureCount":50434,"heightEstimated":true},"geometry":{"type":"Polygon","coordinates":[[[114.289081,30.662814],[114.288926,30.661583],[114.290364,30.661467],[114.290739,30.662685],[114.289081,30.662814]]]}},{"type":"Feature","id":"4d44b272-4377-48d5-b587-7c66aabed9c2","properties":{"id":"4d44b272-4377-48d5-b587-7c66aabed9c2","height":38,"num_floors":12,"class":"building","areaM2":380,"sourceTile":"tile_2_1","sourceFeatureCount":50434,"heightEstimated":true},"geometry":{"type":"Polygon","coordinates":[[[114.295888,30.663406],[114.295387,30.66361],[114.295784,30.663305],[114.295888,30.663406]]]}},{"type":"Feature","id":"86b12624-0a98-4d8d-bb27-3d948235abe0","properties":{"id":"86b12624-0a98-4d8d-bb27-3d948235abe0","height":71,"num_floors":3,"class":"building","areaM2":5297,"sourceTile":"tile_2_1","sourceFeatureCount":50434,"heightEstimated":true},"geometry":{"type":"Polygon","coordinates":[[[114.300449,30.654042],[114.299626,30.654211],[114.299454,30.653481],[114.300358,30.653617],[114.300449,30.654042]]]}},{"type":"Feature","id":"32d029c8-6377-49d5-b546-30536bf4eb63","properties":{"id":"32d029c8-6377-49d5-b546-30536bf4eb63","height":104,"num_floors":33,"class":"library","areaM2":17997,"sourceTile":"tile_2_1","sourceFeatureCount":50434,"heightEstimated":true},"geometry":{"type":"Polygon","coordinates":[[[114.300601,30.65269],[114.299728,30.652361],[114.300438,30.65069],[114.301316,30.650995],[114.300601,30.65269]]]}},{"type":"Feature","id":"cf345349-ce2d-459b-acc1-39d8514569e8","properties":{"id":"cf345349-ce2d-459b-acc1-39d8514569e8","height":33,"num_floors":1,"class":"building","areaM2":243,"sourceTile":"tile_2_1","sourceFeatureCount":50434,"heightEstimated":true},"geometry":{"type":"Polygon","coordinates":[[[114.302179,30.652102],[114.302611,30.652353],[114.302139,30.652185],[114.302179,30.652102]]]}},{"type":"Feature","id":"981fb893-5ad1-48c1-897b-c3f76dea46f7","properties":{"id":"981fb893-5ad1-48c1-897b-c3f76dea46f7","height":70,"num_floors":1,"class":"building","areaM2":8773,"sourceTile":"tile_2_1","sourceFeatureCount":50434,"heightEstimated":true},"geometry":{"type":"Polygon","coordinates":[[[114.302858,30.654928],[114.302552,30.655583],[114.301462,30.655207],[114.301768,30.654552],[114.302858,30.654928]]]}},{"type":"Feature","id":"0b2a5cd3-a7d7-4831-aece-f484b5257e61","properties":{"id":"0b2a5cd3-a7d7-4831-aece-f484b5257e61","height":33,"num_floors":10,"class":"building","areaM2":322,"sourceTile":"tile_2_1","sourceFeatureCount":50434,"heightEstimated":true},"geometry":{"type":"Polygon","coordinates":[[[114.297189,30.659437],[114.296813,30.65943],[114.296983,30.659271],[114.297189,30.659437]]]}},{"type":"Feature","id":"03dedc31-8fa7-4a26-8171-2872476d7a85","properties":{"id":"03dedc31-8fa7-4a26-8171-2872476d7a85","height":92,"num_floors":29,"class":"building","areaM2":9015,"sourceTile":"tile_2_1","sourceFeatureCount":50434,"heightEstimated":true},"geometry":{"type":"Polygon","coordinates":[[[114.300157,30.663694],[114.30175,30.664834],[114.301501,30.665078],[114.300756,30.664582],[114.30144,30.665233],[114.299617,30.663928],[114.300745,30.664549],[114.299917,30.663944],[114.300157,30.663694]]]}},{"type":"Feature","id":"53097e2c-938a-4294-8421-5baa54ce67cd","properties":{"id":"53097e2c-938a-4294-8421-5baa54ce67cd","height":70,"num_floors":22,"class":"building","areaM2":5863,"sourceTile":"tile_2_1","sourceFeatureCount":50434,"heightEstimated":true},"geometry":{"type":"Polygon","coordinates":[[[114.301749,30.666651],[114.302189,30.666696],[114.302018,30.66794],[114.301579,30.667895],[114.301749,30.666651]]]}},{"type":"Feature","id":"3aeccf75-46e7-4cb6-b1e7-26a364dcbf48","properties":{"id":"3aeccf75-46e7-4cb6-b1e7-26a364dcbf48","height":46,"num_floors":14,"class":"building","areaM2":1475,"sourceTile":"tile_2_1","sourceFeatureCount":50434,"heightEstimated":true},"geometry":{"type":"Polygon","coordinates":[[[114.300845,30.673826],[114.301221,30.673888],[114.30098,30.674219],[114.300599,30.674142],[114.300845,30.673826]]]}},{"type":"Feature","id":"57ad01ca-3207-4a80-b4c8-630c5ed94f36","properties":{"id":"57ad01ca-3207-4a80-b4c8-630c5ed94f36","height":82,"num_floors":26,"class":"building","areaM2":6318,"sourceTile":"tile_2_1","sourceFeatureCount":50434,"heightEstimated":true},"geometry":{"type":"Polygon","coordinates":[[[114.292708,30.670681],[114.291805,30.671029],[114.292185,30.67049],[114.291589,30.670197],[114.291709,30.670015],[114.29317,30.670732],[114.292935,30.67109],[114.292589,30.67092],[114.292708,30.670681]]]}},{"type":"Feature","id":"296c3289-e65b-4b16-8dd6-293e0726ed06","properties":{"id":"296c3289-e65b-4b16-8dd6-293e0726ed06","height":74,"num_floors":23,"class":"building","areaM2":5160,"sourceTile":"tile_2_1","sourceFeatureCount":50434,"heightEstimated":true},"geometry":{"type":"Polygon","coordinates":[[[114.290957,30.67132],[114.29053,30.671692],[114.289993,30.671425],[114.290314,30.670945],[114.290939,30.671289],[114.291144,30.670983],[114.291639,30.671197],[114.290957,30.67132]]]}},{"type":"Feature","id":"74d8aef1-eba9-4405-bef2-a46b49044be9","properties":{"id":"74d8aef1-eba9-4405-bef2-a46b49044be9","height":81,"num_floors":25,"class":"building","areaM2":6613,"sourceTile":"tile_2_1","sourceFeatureCount":50434,"heightEstimated":true},"geometry":{"type":"Polygon","coordinates":[[[114.288623,30.675162],[114.288524,30.675556],[114.287777,30.675265],[114.287627,30.675541],[114.28731,30.675421],[114.287645,30.67474],[114.288918,30.675189],[114.288623,30.675162]]]}},{"type":"Feature","id":"e69d2865-5af1-4c20-90af-2c7cbf01adce","properties":{"id":"e69d2865-5af1-4c20-90af-2c7cbf01adce","height":24,"num_floors":8,"class":"building","areaM2":127,"sourceTile":"tile_2_1","sourceFeatureCount":50434,"heightEstimated":true},"geometry":{"type":"Polygon","coordinates":[[[114.288598,30.673607],[114.288877,30.673487],[114.288663,30.673666],[114.288598,30.673607]]]}},{"type":"Feature","id":"91e84e61-f95c-4f54-8e98-bb6bfa57415a","properties":{"id":"91e84e61-f95c-4f54-8e98-bb6bfa57415a","height":71,"num_floors":22,"class":"building","areaM2":5961,"sourceTile":"tile_2_1","sourceFeatureCount":50434,"heightEstimated":true},"geometry":{"type":"Polygon","coordinates":[[[114.290325,30.674487],[114.291147,30.673783],[114.291543,30.674129],[114.290721,30.674833],[114.290325,30.674487]]]}},{"type":"Feature","id":"5a17ee37-8899-454c-9fa8-df002428224c","properties":{"id":"5a17ee37-8899-454c-9fa8-df002428224c","height":22,"num_floors":7,"class":"building","areaM2":131,"sourceTile":"tile_2_1","sourceFeatureCount":50434,"heightEstimated":true},"geometry":{"type":"Polygon","coordinates":[[[114.291439,30.697248],[114.291665,30.697335],[114.291465,30.697368],[114.291439,30.697248]]]}},{"type":"Feature","id":"cc5c680d-fb6b-4dc8-8279-5fcc545ccce4","properties":{"id":"cc5c680d-fb6b-4dc8-8279-5fcc545ccce4","height":33,"num_floors":10,"class":"building","areaM2":886,"sourceTile":"tile_2_1","sourceFeatureCount":50434,"heightEstimated":true},"geometry":{"type":"Polygon","coordinates":[[[114.290264,30.70207],[114.290414,30.702276],[114.290123,30.702435],[114.289973,30.702229],[114.290264,30.70207]]]}},{"type":"Feature","id":"9de671c3-0c87-4b11-957d-506ff541baee","properties":{"id":"9de671c3-0c87-4b11-957d-506ff541baee","height":89,"num_floors":28,"class":"building","areaM2":8514,"sourceTile":"tile_2_1","sourceFeatureCount":50434,"heightEstimated":true},"geometry":{"type":"Polygon","coordinates":[[[114.295943,30.700339],[114.295174,30.700461],[114.295006,30.700021],[114.295849,30.699873],[114.296175,30.700781],[114.295261,30.700901],[114.295161,30.700477],[114.295943,30.700339]]]}},{"type":"Feature","id":"2ae86540-9b15-4283-8ba8-9462c3689db7","properties":{"id":"2ae86540-9b15-4283-8ba8-9462c3689db7","height":48,"num_floors":15,"class":"building","areaM2":2829,"sourceTile":"tile_2_1","sourceFeatureCount":50434,"heightEstimated":true},"geometry":{"type":"Polygon","coordinates":[[[114.293381,30.698767],[114.294548,30.698415],[114.29463,30.698619],[114.293464,30.698971],[114.293381,30.698767]]]}},{"type":"Feature","id":"a8c6d122-174e-4e68-916e-57fbeeb59296","properties":{"id":"a8c6d122-174e-4e68-916e-57fbeeb59296","height":120,"num_floors":38,"class":"building","areaM2":19661,"sourceTile":"tile_2_1","sourceFeatureCount":50434,"heightEstimated":true},"geometry":{"type":"Polygon","coordinates":[[[114.297826,30.705759],[114.2978,30.70465],[114.299016,30.704629],[114.299012,30.704428],[114.297773,30.70445],[114.297766,30.704144],[114.299105,30.704159],[114.299174,30.705687],[114.297826,30.705759]]]}},{"type":"Feature","id":"131f4e49-9286-4dd2-b85f-b86d2fc465d4","properties":{"id":"131f4e49-9286-4dd2-b85f-b86d2fc465d4","height":17,"num_floors":5,"class":"building","areaM2":149,"sourceTile":"tile_2_1","sourceFeatureCount":50434,"heightEstimated":true},"geometry":{"type":"Polygon","coordinates":[[[114.305441,30.703247],[114.305179,30.703401],[114.305153,30.70331],[114.305441,30.703247]]]}},{"type":"Feature","id":"495fbf99-986b-416a-9de3-8db470057141","properties":{"id":"495fbf99-986b-416a-9de3-8db470057141","height":73,"num_floors":23,"class":"building","areaM2":5248,"sourceTile":"tile_2_1","sourceFeatureCount":50434,"heightEstimated":true},"geometry":{"type":"Polygon","coordinates":[[[114.303954,30.698999],[114.304855,30.698981],[114.304855,30.699534],[114.303964,30.699553],[114.303954,30.698999]]]}},{"type":"Feature","id":"e955a676-0401-4095-98d7-7a2af7f5b35b","properties":{"id":"e955a676-0401-4095-98d7-7a2af7f5b35b","height":68,"num_floors":21,"class":"building","areaM2":5722,"sourceTile":"tile_2_1","sourceFeatureCount":50434,"heightEstimated":true},"geometry":{"type":"Polygon","coordinates":[[[114.303442,30.695224],[114.303329,30.694637],[114.304816,30.694422],[114.304846,30.69498],[114.304433,30.694568],[114.304523,30.695028],[114.304322,30.695056],[114.304238,30.694616],[114.303997,30.694652],[114.304078,30.695081],[114.303564,30.694721],[114.303656,30.695194],[114.303442,30.695224]]]}},{"type":"Feature","id":"cf0f4f07-9c0f-4144-a1e0-2a224fc86874","properties":{"id":"cf0f4f07-9c0f-4144-a1e0-2a224fc86874","height":13,"num_floors":4,"class":"building","areaM2":101,"sourceTile":"tile_2_1","sourceFeatureCount":50434,"heightEstimated":true},"geometry":{"type":"Polygon","coordinates":[[[114.302192,30.693884],[114.302074,30.69369],[114.302167,30.693682],[114.302192,30.693884]]]}},{"type":"Feature","id":"a7c60120-5bef-40df-9f89-203529d65433","properties":{"id":"a7c60120-5bef-40df-9f89-203529d65433","height":18,"num_floors":6,"class":"building","areaM2":388,"sourceTile":"tile_2_1","sourceFeatureCount":50434,"heightEstimated":true},"geometry":{"type":"Polygon","coordinates":[[[114.313798,30.693505],[114.314554,30.693562],[114.313703,30.693595],[114.313798,30.693505]]]}},{"type":"Feature","id":"737ffb1b-892f-432b-9364-895818979019","properties":{"id":"737ffb1b-892f-432b-9364-895818979019","height":8,"num_floors":3,"class":"building","areaM2":36,"sourceTile":"tile_2_1","sourceFeatureCount":50434,"heightEstimated":true},"geometry":{"type":"Polygon","coordinates":[[[114.306851,30.687215],[114.306697,30.687216],[114.306717,30.687171],[114.306851,30.687215]]]}},{"type":"Feature","id":"681a7d8d-67ed-4740-a485-7127eb19055f","properties":{"id":"681a7d8d-67ed-4740-a485-7127eb19055f","height":8,"num_floors":3,"class":"building","areaM2":49,"sourceTile":"tile_2_1","sourceFeatureCount":50434,"heightEstimated":true},"geometry":{"type":"Polygon","coordinates":[[[114.308497,30.698872],[114.308654,30.69897],[114.308607,30.698999],[114.308497,30.698872]]]}},{"type":"Feature","id":"0f70ab7c-ebc6-42c1-89e3-bee479817793","properties":{"id":"0f70ab7c-ebc6-42c1-89e3-bee479817793","height":139,"num_floors":43,"class":"commercial","areaM2":25520,"sourceTile":"tile_2_1","sourceFeatureCount":50434,"heightEstimated":true},"geometry":{"type":"Polygon","coordinates":[[[114.309011,30.703585],[114.307771,30.704103],[114.306882,30.702528],[114.308122,30.702011],[114.309011,30.703585]]]}},{"type":"Feature","id":"0eb0d2c3-a60b-4d31-a77d-26981f9e9605","properties":{"id":"0eb0d2c3-a60b-4d31-a77d-26981f9e9605","height":32,"num_floors":10,"class":"building","areaM2":18,"sourceTile":"tile_2_1","sourceFeatureCount":50434,"heightEstimated":true},"geometry":{"type":"Polygon","coordinates":[[[114.306365,30.706681],[114.306431,30.706732],[114.306369,30.706735],[114.306365,30.706681]]]}},{"type":"Feature","id":"e65bd9cf-6add-4069-9416-d6e61fa75d12","properties":{"id":"e65bd9cf-6add-4069-9416-d6e61fa75d12","height":165,"num_floors":52,"class":"building","areaM2":49786,"sourceTile":"tile_2_1","sourceFeatureCount":50434,"heightEstimated":true},"geometry":{"type":"Polygon","coordinates":[[[114.311397,30.702221],[114.309498,30.703521],[114.308253,30.701741],[114.310012,30.700606],[114.311397,30.702221]]]}},{"type":"Feature","id":"d3f1c256-258a-4dcc-865c-c847b7d413a0","properties":{"id":"d3f1c256-258a-4dcc-865c-c847b7d413a0","height":168,"num_floors":53,"class":"building","areaM2":67521,"sourceTile":"tile_2_1","sourceFeatureCount":50434,"heightEstimated":true},"geometry":{"type":"Polygon","coordinates":[[[114.31204,30.706353],[114.310184,30.704315],[114.312158,30.702986],[114.31395,30.705025],[114.31204,30.706353]]]}},{"type":"Feature","id":"b21aaad9-a3d2-4ddb-8c44-4c51dccee66c","properties":{"id":"b21aaad9-a3d2-4ddb-8c44-4c51dccee66c","height":76,"num_floors":24,"class":"building","areaM2":8387,"sourceTile":"tile_2_1","sourceFeatureCount":50434,"heightEstimated":true},"geometry":{"type":"Polygon","coordinates":[[[114.314835,30.706363],[114.31425,30.706754],[114.313546,30.705999],[114.314245,30.705523],[114.314835,30.706363]]]}},{"type":"Feature","id":"63ba66b1-ea3d-44cb-9277-c66604294381","properties":{"id":"63ba66b1-ea3d-44cb-9277-c66604294381","height":168,"num_floors":53,"class":"commercial","areaM2":45074,"sourceTile":"tile_2_1","sourceFeatureCount":50434,"heightEstimated":true},"geometry":{"type":"Polygon","coordinates":[[[114.315871,30.701336],[114.313535,30.702857],[114.312514,30.701699],[114.314849,30.700177],[114.315871,30.701336]]]}},{"type":"Feature","id":"c55ce8cc-1891-4673-a705-95eae5a6cbab","properties":{"id":"c55ce8cc-1891-4673-a705-95eae5a6cbab","height":31,"num_floors":10,"class":"building","areaM2":30,"sourceTile":"tile_2_1","sourceFeatureCount":50434,"heightEstimated":true},"geometry":{"type":"Polygon","coordinates":[[[114.311599,30.698857],[114.311556,30.69876],[114.311621,30.698773],[114.311599,30.698857]]]}},{"type":"Feature","id":"ee262b59-ba7a-4556-a385-b83c6086d4ee","properties":{"id":"ee262b59-ba7a-4556-a385-b83c6086d4ee","height":86,"num_floors":27,"class":"building","areaM2":9619,"sourceTile":"tile_2_1","sourceFeatureCount":50434,"heightEstimated":true},"geometry":{"type":"Polygon","coordinates":[[[114.316168,30.694202],[114.315965,30.694917],[114.314587,30.694973],[114.314534,30.694584],[114.314873,30.694645],[114.314832,30.694336],[114.316168,30.694202]]]}},{"type":"Feature","id":"e5b1cf25-f082-4ac8-90e2-4dc68c15171f","properties":{"id":"e5b1cf25-f082-4ac8-90e2-4dc68c15171f","height":77,"num_floors":24,"class":"building","areaM2":5693,"sourceTile":"tile_2_1","sourceFeatureCount":50434,"heightEstimated":true},"geometry":{"type":"Polygon","coordinates":[[[114.315916,30.69653],[114.315583,30.695835],[114.316487,30.69577],[114.316508,30.696488],[114.315916,30.69653]]]}},{"type":"Feature","id":"cb3ddd72-58cd-4253-ac42-8223123a0760","properties":{"id":"cb3ddd72-58cd-4253-ac42-8223123a0760","height":103,"num_floors":32,"class":"industrial","areaM2":16613,"sourceTile":"tile_2_1","sourceFeatureCount":50434,"heightEstimated":true},"geometry":{"type":"Polygon","coordinates":[[[114.317244,30.696],[114.31724,30.695074],[114.318751,30.695054],[114.318767,30.696007],[114.317563,30.696191],[114.317244,30.696]]]}},{"type":"Feature","id":"03a758c8-3138-4139-895d-454ea7a872f1","properties":{"id":"03a758c8-3138-4139-895d-454ea7a872f1","height":32,"num_floors":10,"class":"building","areaM2":107,"sourceTile":"tile_2_1","sourceFeatureCount":50434,"heightEstimated":true},"geometry":{"type":"Polygon","coordinates":[[[114.317792,30.697852],[114.317527,30.697928],[114.317527,30.697851],[114.317792,30.697852]]]}},{"type":"Feature","id":"13a8d2d7-f91b-40a2-9952-85c55b12898a","properties":{"id":"13a8d2d7-f91b-40a2-9952-85c55b12898a","height":81,"num_floors":25,"class":"building","areaM2":7474,"sourceTile":"tile_2_1","sourceFeatureCount":50434,"heightEstimated":true},"geometry":{"type":"Polygon","coordinates":[[[114.319219,30.699224],[114.319667,30.698559],[114.320448,30.699061],[114.31992,30.699675],[114.319219,30.699224]]]}},{"type":"Feature","id":"232d4e2b-12b2-44c1-b8af-e3b5dc12bff2","properties":{"id":"232d4e2b-12b2-44c1-b8af-e3b5dc12bff2","height":93,"num_floors":29,"class":"commercial","areaM2":16714,"sourceTile":"tile_2_1","sourceFeatureCount":50434,"heightEstimated":true},"geometry":{"type":"Polygon","coordinates":[[[114.317928,30.699557],[114.316617,30.701036],[114.315851,30.699491],[114.317928,30.699557]]]}},{"type":"Feature","id":"059dfdd9-fa4b-47c9-9f84-dd6a2eae269c","properties":{"id":"059dfdd9-fa4b-47c9-9f84-dd6a2eae269c","height":168,"num_floors":53,"class":"building","areaM2":79028,"sourceTile":"tile_2_1","sourceFeatureCount":50434,"heightEstimated":true},"geometry":{"type":"Polygon","coordinates":[[[114.316064,30.705514],[114.314358,30.70353],[114.314969,30.703245],[114.314615,30.702866],[114.316364,30.701842],[114.31836,30.704102],[114.317523,30.704674],[114.31572,30.702746],[114.317297,30.704674],[114.316064,30.705514]]]}},{"type":"Feature","id":"0475298f-9aa3-49f0-9467-980715ff6650","properties":{"id":"0475298f-9aa3-49f0-9467-980715ff6650","height":131,"num_floors":41,"class":"building","areaM2":25580,"sourceTile":"tile_2_1","sourceFeatureCount":50434,"heightEstimated":true},"geometry":{"type":"Polygon","coordinates":[[[114.320275,30.706316],[114.317984,30.707349],[114.317431,30.70675],[114.319534,30.705412],[114.320275,30.706316]]]}},{"type":"Feature","id":"695f9598-599a-45dc-9b7d-8b3ba37481e8","properties":{"id":"695f9598-599a-45dc-9b7d-8b3ba37481e8","height":168,"num_floors":53,"class":"commercial","areaM2":61486,"sourceTile":"tile_2_1","sourceFeatureCount":50434,"heightEstimated":true},"geometry":{"type":"Polygon","coordinates":[[[114.319146,30.703196],[114.318695,30.703269],[114.31713,30.701417],[114.317558,30.701417],[114.318584,30.699828],[114.320688,30.701131],[114.320705,30.70146],[114.320083,30.702061],[114.31895,30.701497],[114.318831,30.701892],[114.319666,30.702478],[114.319146,30.703196]]]}},{"type":"Feature","id":"9519ae29-8416-4979-9387-042f0aa645a5","properties":{"id":"9519ae29-8416-4979-9387-042f0aa645a5","height":130,"num_floors":41,"class":"building","areaM2":26502,"sourceTile":"tile_2_1","sourceFeatureCount":50434,"heightEstimated":true},"geometry":{"type":"Polygon","coordinates":[[[114.320645,30.708323],[114.319867,30.708839],[114.31962,30.708641],[114.319116,30.70883],[114.318703,30.708493],[114.320854,30.706796],[114.321589,30.707617],[114.320757,30.708212],[114.319947,30.707585],[114.320645,30.708323]]]}},{"type":"Feature","id":"b4495ed8-760b-45f8-8d01-12202b3e773d","properties":{"id":"b4495ed8-760b-45f8-8d01-12202b3e773d","height":91,"num_floors":28,"class":"building","areaM2":8258,"sourceTile":"tile_2_1","sourceFeatureCount":50434,"heightEstimated":true},"geometry":{"type":"Polygon","coordinates":[[[114.321612,30.698556],[114.322173,30.69794],[114.322955,30.698472],[114.322394,30.699088],[114.321612,30.698556]]]}},{"type":"Feature","id":"80ab7761-4966-4f15-ad3c-f66a81317b88","properties":{"id":"80ab7761-4966-4f15-ad3c-f66a81317b88","height":29,"num_floors":9,"class":"building","areaM2":67,"sourceTile":"tile_2_1","sourceFeatureCount":50434,"heightEstimated":true},"geometry":{"type":"Polygon","coordinates":[[[114.322755,30.700422],[114.322613,30.700592],[114.322573,30.700551],[114.322755,30.700422]]]}},{"type":"Feature","id":"7a06dcc0-8dfe-426c-9803-206856295525","properties":{"id":"7a06dcc0-8dfe-426c-9803-206856295525","height":68,"num_floors":21,"class":"building","areaM2":8349,"sourceTile":"tile_2_1","sourceFeatureCount":50434,"heightEstimated":true},"geometry":{"type":"Polygon","coordinates":[[[114.32032,30.699979],[114.320873,30.699357],[114.321671,30.699886],[114.321119,30.700508],[114.32032,30.699979]]]}},{"type":"Feature","id":"b80fbd67-35d9-4b7c-b8b8-103f7a275e00","properties":{"id":"b80fbd67-35d9-4b7c-b8b8-103f7a275e00","height":77,"num_floors":24,"class":"building","areaM2":7687,"sourceTile":"tile_2_1","sourceFeatureCount":50434,"heightEstimated":true},"geometry":{"type":"Polygon","coordinates":[[[114.320605,30.698912],[114.319768,30.698425],[114.320311,30.697833],[114.3211,30.698373],[114.320605,30.698912]]]}},{"type":"Feature","id":"ee81d221-23aa-4d57-ad0a-628aeb0d1461","properties":{"id":"ee81d221-23aa-4d57-ad0a-628aeb0d1461","height":92,"num_floors":29,"class":"building","areaM2":8337,"sourceTile":"tile_2_1","sourceFeatureCount":50434,"heightEstimated":true},"geometry":{"type":"Polygon","coordinates":[[[114.321514,30.698654],[114.322322,30.699189],[114.321776,30.699803],[114.320969,30.699268],[114.321514,30.698654]]]}},{"type":"Feature","id":"4d012598-8016-4a7f-a6c5-f93e78122314","properties":{"id":"4d012598-8016-4a7f-a6c5-f93e78122314","height":27,"num_floors":8,"class":"building","areaM2":67,"sourceTile":"tile_2_1","sourceFeatureCount":50434,"heightEstimated":true},"geometry":{"type":"Polygon","coordinates":[[[114.31722,30.69291],[114.317262,30.693064],[114.317153,30.692967],[114.31722,30.69291]]]}},{"type":"Feature","id":"bcb64f4d-8628-4e79-b458-379275133e39","properties":{"id":"bcb64f4d-8628-4e79-b458-379275133e39","height":80,"num_floors":25,"class":"building","areaM2":8066,"sourceTile":"tile_2_1","sourceFeatureCount":50434,"heightEstimated":true},"geometry":{"type":"Polygon","coordinates":[[[114.316742,30.692512],[114.316155,30.693018],[114.315557,30.693103],[114.315558,30.692539],[114.316167,30.692014],[114.316742,30.692512]]]}},{"type":"Feature","id":"3307edab-f3f3-49f1-8725-6f4033256a12","properties":{"id":"3307edab-f3f3-49f1-8725-6f4033256a12","height":24,"num_floors":8,"class":"building","areaM2":45,"sourceTile":"tile_2_1","sourceFeatureCount":50434,"heightEstimated":true},"geometry":{"type":"Polygon","coordinates":[[[114.323301,30.683121],[114.32344,30.683097],[114.3234,30.683165],[114.323301,30.683121]]]}},{"type":"Feature","id":"535da813-45f3-4eba-a43e-bce0dc2df69a","properties":{"id":"535da813-45f3-4eba-a43e-bce0dc2df69a","height":69,"num_floors":22,"class":"building","areaM2":5496,"sourceTile":"tile_2_1","sourceFeatureCount":50434,"heightEstimated":true},"geometry":{"type":"Polygon","coordinates":[[[114.323095,30.672661],[114.321989,30.672426],[114.322256,30.672723],[114.321524,30.672428],[114.321627,30.672237],[114.322018,30.672395],[114.322079,30.671987],[114.323212,30.672444],[114.323095,30.672661]]]}},{"type":"Feature","id":"23edbb2a-ab75-421f-b1f1-d82d7e5aedaf","properties":{"id":"23edbb2a-ab75-421f-b1f1-d82d7e5aedaf","height":42,"num_floors":13,"class":"building","areaM2":1209,"sourceTile":"tile_2_1","sourceFeatureCount":50434,"heightEstimated":true},"geometry":{"type":"Polygon","coordinates":[[[114.323327,30.667453],[114.3238,30.667158],[114.32378,30.667654],[114.323327,30.667453]]]}},{"type":"Feature","id":"167d1f59-dfcf-4927-8e9f-fa2bc35f4d49","properties":{"id":"167d1f59-dfcf-4927-8e9f-fa2bc35f4d49","height":23,"num_floors":7,"class":"building","areaM2":109,"sourceTile":"tile_2_1","sourceFeatureCount":50434,"heightEstimated":true},"geometry":{"type":"Polygon","coordinates":[[[114.315383,30.66882],[114.315501,30.668623],[114.315485,30.668825],[114.315383,30.66882]]]}},{"type":"Feature","id":"44853ca3-d0a2-4d4c-a6b0-39370071d502","properties":{"id":"44853ca3-d0a2-4d4c-a6b0-39370071d502","height":18,"num_floors":6,"class":"building","areaM2":50,"sourceTile":"tile_2_1","sourceFeatureCount":50434,"heightEstimated":true},"geometry":{"type":"Polygon","coordinates":[[[114.316049,30.676004],[114.316209,30.67602],[114.316079,30.676066],[114.316049,30.676004]]]}},{"type":"Feature","id":"24f6f0d0-edc8-46e5-825a-f4e43279970e","properties":{"id":"24f6f0d0-edc8-46e5-825a-f4e43279970e","height":16,"num_floors":5,"class":"building","areaM2":55,"sourceTile":"tile_2_1","sourceFeatureCount":50434,"heightEstimated":true},"geometry":{"type":"Polygon","coordinates":[[[114.307662,30.669847],[114.307811,30.66988],[114.307717,30.669928],[114.307662,30.669847]]]}},{"type":"Feature","id":"b8f66d94-9051-4550-b0da-10996556fd09","properties":{"id":"b8f66d94-9051-4550-b0da-10996556fd09","height":20,"num_floors":1,"class":"building","areaM2":226,"sourceTile":"tile_2_1","sourceFeatureCount":50434,"heightEstimated":true},"geometry":{"type":"Polygon","coordinates":[[[114.312504,30.660435],[114.312151,30.660526],[114.312169,30.6604],[114.312504,30.660435]]]}},{"type":"Feature","id":"3af338bf-14cf-41b3-9787-02ba23952b2b","properties":{"id":"3af338bf-14cf-41b3-9787-02ba23952b2b","height":10,"num_floors":3,"class":"building","areaM2":13,"sourceTile":"tile_2_1","sourceFeatureCount":50434,"heightEstimated":true},"geometry":{"type":"Polygon","coordinates":[[[114.306965,30.650158],[114.307011,30.650082],[114.307033,30.650102],[114.306965,30.650158]]]}},{"type":"Feature","id":"977d6267-ead7-4310-81df-2ef44fe34353","properties":{"id":"977d6267-ead7-4310-81df-2ef44fe34353","height":12,"num_floors":4,"class":"building","areaM2":90,"sourceTile":"tile_2_1","sourceFeatureCount":50434,"heightEstimated":true},"geometry":{"type":"Polygon","coordinates":[[[114.315589,30.650397],[114.315408,30.65053],[114.315511,30.650361],[114.315589,30.650397]]]}},{"type":"Feature","id":"b936fd60-6894-46d0-bdf5-957043b81c62","properties":{"id":"b936fd60-6894-46d0-bdf5-957043b81c62","height":89,"num_floors":4,"class":"building","areaM2":12548,"sourceTile":"tile_2_1","sourceFeatureCount":50434,"heightEstimated":true},"geometry":{"type":"Polygon","coordinates":[[[114.317317,30.658385],[114.316196,30.658285],[114.316403,30.657185],[114.317374,30.657238],[114.317317,30.658385]]]}},{"type":"Feature","id":"34d869c2-6025-4f52-8ad6-0a30e71261c4","properties":{"id":"34d869c2-6025-4f52-8ad6-0a30e71261c4","height":11,"num_floors":3,"class":"building","areaM2":116,"sourceTile":"tile_2_1","sourceFeatureCount":50434,"heightEstimated":true},"geometry":{"type":"Polygon","coordinates":[[[114.318021,30.660686],[114.318283,30.660815],[114.318002,30.660761],[114.318021,30.660686]]]}},{"type":"Feature","id":"75dea70d-ee74-41f6-9bab-fd865802d7fb","properties":{"id":"75dea70d-ee74-41f6-9bab-fd865802d7fb","height":8,"num_floors":3,"class":"building","areaM2":27,"sourceTile":"tile_2_1","sourceFeatureCount":50434,"heightEstimated":true},"geometry":{"type":"Polygon","coordinates":[[[114.32405,30.663359],[114.32391,30.663366],[114.323922,30.663329],[114.32405,30.663359]]]}},{"type":"Feature","id":"3d27162b-72d0-450c-87e6-ea345ae3de84","properties":{"id":"3d27162b-72d0-450c-87e6-ea345ae3de84","height":75,"num_floors":23,"class":"building","areaM2":5249,"sourceTile":"tile_2_1","sourceFeatureCount":50434,"heightEstimated":true},"geometry":{"type":"Polygon","coordinates":[[[114.323194,30.652612],[114.322492,30.652829],[114.322114,30.652313],[114.322725,30.651975],[114.323194,30.652612]]]}},{"type":"Feature","id":"db728e97-474b-4f66-a520-cda9960a70f3","properties":{"id":"db728e97-474b-4f66-a520-cda9960a70f3","height":41,"num_floors":13,"class":"building","areaM2":242,"sourceTile":"tile_2_1","sourceFeatureCount":50434,"heightEstimated":true},"geometry":{"type":"Polygon","coordinates":[[[114.324902,30.650425],[114.325164,30.650753],[114.324809,30.650483],[114.324902,30.650425]]]}},{"type":"Feature","id":"3924bfad-500e-407f-8d67-5c09a4acd1bd","properties":{"id":"3924bfad-500e-407f-8d67-5c09a4acd1bd","height":79,"num_floors":25,"class":"building","areaM2":5931,"sourceTile":"tile_2_1","sourceFeatureCount":50434,"heightEstimated":true},"geometry":{"type":"Polygon","coordinates":[[[114.327264,30.660622],[114.327796,30.660819],[114.327265,30.66168],[114.326737,30.661418],[114.327264,30.660622]]]}},{"type":"Feature","id":"ba2bbb77-4a6a-49d3-a274-a286f158de44","properties":{"id":"ba2bbb77-4a6a-49d3-a274-a286f158de44","height":43,"num_floors":13,"class":"building","areaM2":430,"sourceTile":"tile_2_1","sourceFeatureCount":50434,"heightEstimated":true},"geometry":{"type":"Polygon","coordinates":[[[114.328931,30.664002],[114.328369,30.663614],[114.328994,30.663901],[114.328931,30.664002]]]}},{"type":"Feature","id":"179dc2a4-d181-458b-98ed-98c4a3850ad2","properties":{"id":"179dc2a4-d181-458b-98ed-98c4a3850ad2","height":70,"num_floors":22,"class":"building","areaM2":8377,"sourceTile":"tile_2_1","sourceFeatureCount":50434,"heightEstimated":true},"geometry":{"type":"Polygon","coordinates":[[[114.329528,30.662597],[114.328978,30.661388],[114.329584,30.661207],[114.330075,30.662433],[114.329528,30.662597]]]}},{"type":"Feature","id":"6710e375-529a-4896-9c66-d9ed8b97d3b4","properties":{"id":"6710e375-529a-4896-9c66-d9ed8b97d3b4","height":31,"num_floors":10,"class":"building","areaM2":54,"sourceTile":"tile_2_1","sourceFeatureCount":50434,"heightEstimated":true},"geometry":{"type":"Polygon","coordinates":[[[114.333217,30.658115],[114.333395,30.658039],[114.333403,30.658093],[114.333217,30.658115]]]}},{"type":"Feature","id":"c99a6b1b-0fdb-4a76-894c-d7902375e412","properties":{"id":"c99a6b1b-0fdb-4a76-894c-d7902375e412","height":76,"num_floors":24,"class":"building","areaM2":5464,"sourceTile":"tile_2_1","sourceFeatureCount":50434,"heightEstimated":true},"geometry":{"type":"Polygon","coordinates":[[[114.332784,30.654585],[114.332594,30.654252],[114.332797,30.654461],[114.3329,30.654191],[114.332966,30.654429],[114.33291,30.65404],[114.333763,30.653948],[114.333845,30.654511],[114.333042,30.654407],[114.333044,30.654639],[114.332144,30.654736],[114.332784,30.654585]]]}},{"type":"Feature","id":"81a2d4b6-a3a5-4c29-b877-02228de1bb74","properties":{"id":"81a2d4b6-a3a5-4c29-b877-02228de1bb74","height":77,"num_floors":24,"class":"building","areaM2":8920,"sourceTile":"tile_2_1","sourceFeatureCount":50434,"heightEstimated":true},"geometry":{"type":"Polygon","coordinates":[[[114.331115,30.652954],[114.330706,30.653367],[114.329658,30.652419],[114.330156,30.652008],[114.331115,30.652954]]]}},{"type":"Feature","id":"f20ef4ff-17e7-40aa-8891-afe83d4a96d5","properties":{"id":"f20ef4ff-17e7-40aa-8891-afe83d4a96d5","height":28,"num_floors":9,"class":"building","areaM2":27,"sourceTile":"tile_2_1","sourceFeatureCount":50434,"heightEstimated":true},"geometry":{"type":"Polygon","coordinates":[[[114.335518,30.652146],[114.33563,30.652136],[114.335558,30.652188],[114.335518,30.652146]]]}},{"type":"Feature","id":"a9b08e73-7982-4e5f-b45c-382c29ce1912","properties":{"id":"a9b08e73-7982-4e5f-b45c-382c29ce1912","height":71,"num_floors":22,"class":"building","areaM2":5203,"sourceTile":"tile_2_1","sourceFeatureCount":50434,"heightEstimated":true},"geometry":{"type":"Polygon","coordinates":[[[114.336364,30.654974],[114.336735,30.655263],[114.336243,30.655735],[114.336342,30.655539],[114.33587,30.655244],[114.336855,30.654301],[114.337087,30.654482],[114.336364,30.654974]]]}},{"type":"Feature","id":"76e09b13-6607-499f-ac57-4070f7c3a594","properties":{"id":"76e09b13-6607-499f-ac57-4070f7c3a594","height":75,"num_floors":1,"class":"building","areaM2":11030,"sourceTile":"tile_2_1","sourceFeatureCount":50434,"heightEstimated":true},"geometry":{"type":"Polygon","coordinates":[[[114.33918,30.651795],[114.337694,30.652381],[114.337385,30.651801],[114.338871,30.651215],[114.33918,30.651795]]]}},{"type":"Feature","id":"14243ac2-c195-4487-9d0b-89f4ea7551d0","properties":{"id":"14243ac2-c195-4487-9d0b-89f4ea7551d0","height":70,"num_floors":1,"class":"building","areaM2":9409,"sourceTile":"tile_2_1","sourceFeatureCount":50434,"heightEstimated":true},"geometry":{"type":"Polygon","coordinates":[[[114.339539,30.652501],[114.338198,30.653032],[114.337906,30.652484],[114.339247,30.651954],[114.339539,30.652501]]]}},{"type":"Feature","id":"474a7b02-6852-42d1-81f7-11ec992a7f9e","properties":{"id":"474a7b02-6852-42d1-81f7-11ec992a7f9e","height":25,"num_floors":8,"class":"building","areaM2":10,"sourceTile":"tile_2_1","sourceFeatureCount":50434,"heightEstimated":true},"geometry":{"type":"Polygon","coordinates":[[[114.338557,30.657334],[114.338492,30.657321],[114.338532,30.6573],[114.338557,30.657334]]]}},{"type":"Feature","id":"e327f5d4-5f66-4b4c-9c53-ca0cce91f905","properties":{"id":"e327f5d4-5f66-4b4c-9c53-ca0cce91f905","height":26,"num_floors":8,"class":"building","areaM2":76,"sourceTile":"tile_2_1","sourceFeatureCount":50434,"heightEstimated":true},"geometry":{"type":"Polygon","coordinates":[[[114.339897,30.66121],[114.33975,30.661338],[114.339814,30.661185],[114.339897,30.66121]]]}},{"type":"Feature","id":"a9b5017d-dc9e-49ed-96bb-99480618cb3f","properties":{"id":"a9b5017d-dc9e-49ed-96bb-99480618cb3f","height":24,"num_floors":8,"class":"building","areaM2":67,"sourceTile":"tile_2_1","sourceFeatureCount":50434,"heightEstimated":true},"geometry":{"type":"Polygon","coordinates":[[[114.337138,30.65875],[114.33698,30.65881],[114.337011,30.658718],[114.337138,30.65875]]]}},{"type":"Feature","id":"5f370fb6-801e-4c97-bf09-3ca9babfa10e","properties":{"id":"5f370fb6-801e-4c97-bf09-3ca9babfa10e","height":24,"num_floors":8,"class":"building","areaM2":125,"sourceTile":"tile_2_1","sourceFeatureCount":50434,"heightEstimated":true},"geometry":{"type":"Polygon","coordinates":[[[114.335296,30.668609],[114.335486,30.668439],[114.335528,30.668526],[114.335296,30.668609]]]}},{"type":"Feature","id":"4e2870a6-66a1-402f-bfbd-8615eac7cb4f","properties":{"id":"4e2870a6-66a1-402f-bfbd-8615eac7cb4f","height":100,"num_floors":1,"class":"building","areaM2":11339,"sourceTile":"tile_2_1","sourceFeatureCount":50434,"heightEstimated":true},"geometry":{"type":"Polygon","coordinates":[[[114.341422,30.664921],[114.340076,30.664531],[114.340356,30.663816],[114.341702,30.664206],[114.341422,30.664921]]]}},{"type":"Feature","id":"d7613e95-a9c5-41b0-9cec-e51b3bf0283b","properties":{"id":"d7613e95-a9c5-41b0-9cec-e51b3bf0283b","height":22,"num_floors":7,"class":"building","areaM2":139,"sourceTile":"tile_2_1","sourceFeatureCount":50434,"heightEstimated":true},"geometry":{"type":"Polygon","coordinates":[[[114.341786,30.673051],[114.34166,30.672643],[114.341844,30.67303],[114.341786,30.673051]]]}},{"type":"Feature","id":"d4a1899f-d8d1-430b-ac1e-3bedc7337ccf","properties":{"id":"d4a1899f-d8d1-430b-ac1e-3bedc7337ccf","height":21,"num_floors":7,"class":"building","areaM2":157,"sourceTile":"tile_2_1","sourceFeatureCount":50434,"heightEstimated":true},"geometry":{"type":"Polygon","coordinates":[[[114.329527,30.678885],[114.32938,30.679204],[114.329308,30.679161],[114.329527,30.678885]]]}},{"type":"Feature","id":"2ce4092b-6434-41d5-a74f-5b781d5c4750","properties":{"id":"2ce4092b-6434-41d5-a74f-5b781d5c4750","height":49,"num_floors":15,"class":"building","areaM2":2909,"sourceTile":"tile_2_1","sourceFeatureCount":50434,"heightEstimated":true},"geometry":{"type":"Polygon","coordinates":[[[114.329952,30.669621],[114.330191,30.670264],[114.329804,30.670372],[114.329565,30.669728],[114.329952,30.669621]]]}},{"type":"Feature","id":"e7825315-f5f6-4279-a696-00341d4454fc","properties":{"id":"e7825315-f5f6-4279-a696-00341d4454fc","height":72,"num_floors":1,"class":"building","areaM2":6301,"sourceTile":"tile_2_1","sourceFeatureCount":50434,"heightEstimated":true},"geometry":{"type":"Polygon","coordinates":[[[114.329207,30.670562],[114.32843,30.670285],[114.328714,30.669657],[114.329411,30.669671],[114.329207,30.670562]]]}},{"type":"Feature","id":"436a9026-3dc3-4e46-8c07-0c658abe9aea","properties":{"id":"436a9026-3dc3-4e46-8c07-0c658abe9aea","height":88,"num_floors":1,"class":"building","areaM2":10919,"sourceTile":"tile_2_1","sourceFeatureCount":50434,"heightEstimated":true},"geometry":{"type":"Polygon","coordinates":[[[114.327925,30.669879],[114.327561,30.670603],[114.326584,30.670234],[114.326418,30.669916],[114.326659,30.669422],[114.327925,30.669879]]]}},{"type":"Feature","id":"f1c47939-c325-4452-b394-8f68a0087a64","properties":{"id":"f1c47939-c325-4452-b394-8f68a0087a64","height":68,"num_floors":21,"class":"building","areaM2":5373,"sourceTile":"tile_2_1","sourceFeatureCount":50434,"heightEstimated":true},"geometry":{"type":"Polygon","coordinates":[[[114.325604,30.669841],[114.324757,30.669479],[114.325119,30.668986],[114.325912,30.669422],[114.325604,30.669841]]]}},{"type":"Feature","id":"877f3fe9-d5cc-41a5-95f5-6da9dac9b0f0","properties":{"id":"877f3fe9-d5cc-41a5-95f5-6da9dac9b0f0","height":18,"num_floors":6,"class":"building","areaM2":196,"sourceTile":"tile_2_1","sourceFeatureCount":50434,"heightEstimated":true},"geometry":{"type":"Polygon","coordinates":[[[114.325846,30.678712],[114.326023,30.6784],[114.326105,30.678464],[114.325846,30.678712]]]}},{"type":"Feature","id":"b47fd870-6571-495c-aeba-6e85c0afe4f8","properties":{"id":"b47fd870-6571-495c-aeba-6e85c0afe4f8","height":12,"num_floors":4,"class":"building","areaM2":76,"sourceTile":"tile_2_1","sourceFeatureCount":50434,"heightEstimated":true},"geometry":{"type":"Polygon","coordinates":[[[114.330862,30.67931],[114.330824,30.679487],[114.330752,30.679442],[114.330862,30.67931]]]}},{"type":"Feature","id":"0039b2c9-e05f-4cb7-8707-74c0206e0abe","properties":{"id":"0039b2c9-e05f-4cb7-8707-74c0206e0abe","height":9,"num_floors":3,"class":"building","areaM2":56,"sourceTile":"tile_2_1","sourceFeatureCount":50434,"heightEstimated":true},"geometry":{"type":"Polygon","coordinates":[[[114.333788,30.684577],[114.333626,30.684635],[114.333728,30.684533],[114.333788,30.684577]]]}},{"type":"Feature","id":"b239d570-94a8-4b69-ba09-4ba1f6ab9655","properties":{"id":"b239d570-94a8-4b69-ba09-4ba1f6ab9655","height":8,"num_floors":3,"class":"building","areaM2":72,"sourceTile":"tile_2_1","sourceFeatureCount":50434,"heightEstimated":true},"geometry":{"type":"Polygon","coordinates":[[[114.325466,30.7046],[114.325476,30.704448],[114.325559,30.704528],[114.325466,30.7046]]]}},{"type":"Feature","id":"d67e4ded-b40a-4045-b84c-6092ef4c97f3","properties":{"id":"d67e4ded-b40a-4045-b84c-6092ef4c97f3","height":76,"num_floors":24,"class":"building","areaM2":5527,"sourceTile":"tile_2_1","sourceFeatureCount":50434,"heightEstimated":true},"geometry":{"type":"Polygon","coordinates":[[[114.33114,30.709143],[114.330284,30.708429],[114.331817,30.708487],[114.33114,30.709143]]]}},{"type":"Feature","id":"9afaf91f-73bd-448d-8f7f-8d7f2624d05e","properties":{"id":"9afaf91f-73bd-448d-8f7f-8d7f2624d05e","height":8,"num_floors":3,"class":"building","areaM2":78,"sourceTile":"tile_2_1","sourceFeatureCount":50434,"heightEstimated":true},"geometry":{"type":"Polygon","coordinates":[[[114.338064,30.697384],[114.337894,30.697457],[114.337911,30.697362],[114.338064,30.697384]]]}},{"type":"Feature","id":"86a7d1b3-955c-4494-87a2-fffd5aefe543","properties":{"id":"86a7d1b3-955c-4494-87a2-fffd5aefe543","height":37,"num_floors":12,"class":"building","areaM2":112,"sourceTile":"tile_2_1","sourceFeatureCount":50434,"heightEstimated":true},"geometry":{"type":"Polygon","coordinates":[[[114.343044,30.69147],[114.342801,30.691434],[114.342866,30.691357],[114.343044,30.69147]]]}},{"type":"Feature","id":"20f0c72a-2906-4f56-b050-94834c93f7ee","properties":{"id":"20f0c72a-2906-4f56-b050-94834c93f7ee","height":39,"num_floors":12,"class":"building","areaM2":270,"sourceTile":"tile_2_1","sourceFeatureCount":50434,"heightEstimated":true},"geometry":{"type":"Polygon","coordinates":[[[114.337975,30.693251],[114.338024,30.693315],[114.337418,30.693563],[114.337975,30.693251]]]}},{"type":"Feature","id":"f4e0d354-d5a6-4c73-aec2-7b3d56b1f8ff","properties":{"id":"f4e0d354-d5a6-4c73-aec2-7b3d56b1f8ff","height":32,"num_floors":10,"class":"building","areaM2":107,"sourceTile":"tile_2_1","sourceFeatureCount":50434,"heightEstimated":true},"geometry":{"type":"Polygon","coordinates":[[[114.334833,30.684673],[114.334871,30.684861],[114.334742,30.684756],[114.334833,30.684673]]]}},{"type":"Feature","id":"a067b9b1-c715-499b-b415-4ba438a2a0a9","properties":{"id":"a067b9b1-c715-499b-b415-4ba438a2a0a9","height":28,"num_floors":9,"class":"building","areaM2":54,"sourceTile":"tile_2_1","sourceFeatureCount":50434,"heightEstimated":true},"geometry":{"type":"Polygon","coordinates":[[[114.345946,30.693383],[114.345763,30.693423],[114.345771,30.693366],[114.345946,30.693383]]]}},{"type":"Feature","id":"eb6e62fd-c22d-4625-a228-85076bb2fba3","properties":{"id":"eb6e62fd-c22d-4625-a228-85076bb2fba3","height":25,"num_floors":8,"class":"building","areaM2":36,"sourceTile":"tile_2_1","sourceFeatureCount":50434,"heightEstimated":true},"geometry":{"type":"Polygon","coordinates":[[[114.344304,30.69878],[114.344217,30.698858],[114.344216,30.698781],[114.344304,30.69878]]]}},{"type":"Feature","id":"7bd28613-26fe-4613-9020-c3931abb3b41","properties":{"id":"7bd28613-26fe-4613-9020-c3931abb3b41","height":70,"num_floors":22,"class":"building","areaM2":5861,"sourceTile":"tile_2_1","sourceFeatureCount":50434,"heightEstimated":true},"geometry":{"type":"Polygon","coordinates":[[[114.3483,30.673498],[114.348829,30.675064],[114.348502,30.675146],[114.347975,30.67358],[114.3483,30.673498]]]}},{"type":"Feature","id":"c6517f8c-29d4-42bb-9a9e-140a3bd0d96d","properties":{"id":"c6517f8c-29d4-42bb-9a9e-140a3bd0d96d","height":25,"num_floors":8,"class":"building","areaM2":71,"sourceTile":"tile_2_1","sourceFeatureCount":50434,"heightEstimated":true},"geometry":{"type":"Polygon","coordinates":[[[114.347594,30.675401],[114.347688,30.675545],[114.347596,30.675546],[114.347594,30.675401]]]}},{"type":"Feature","id":"8f6580b9-ff79-4d2d-b9c9-f9a54ded8b58","properties":{"id":"8f6580b9-ff79-4d2d-b9c9-f9a54ded8b58","height":67,"num_floors":21,"class":"building","areaM2":5572,"sourceTile":"tile_2_1","sourceFeatureCount":50434,"heightEstimated":true},"geometry":{"type":"Polygon","coordinates":[[[114.344764,30.668564],[114.345711,30.668513],[114.345832,30.669002],[114.344915,30.669172],[114.344764,30.668564]]]}},{"type":"Feature","id":"8b246e1e-612c-4bc9-bf39-41200804d960","properties":{"id":"8b246e1e-612c-4bc9-bf39-41200804d960","height":88,"num_floors":28,"class":"building","areaM2":6793,"sourceTile":"tile_2_1","sourceFeatureCount":50434,"heightEstimated":true},"geometry":{"type":"Polygon","coordinates":[[[114.346932,30.665393],[114.346168,30.664737],[114.346589,30.664298],[114.34742,30.664992],[114.346932,30.665393]]]}},{"type":"Feature","id":"2f9fc41c-83ad-42cf-bf80-7c68936e9b9e","properties":{"id":"2f9fc41c-83ad-42cf-bf80-7c68936e9b9e","height":55,"num_floors":17,"class":"building","areaM2":2807,"sourceTile":"tile_2_1","sourceFeatureCount":50434,"heightEstimated":true},"geometry":{"type":"Polygon","coordinates":[[[114.347543,30.663377],[114.348435,30.664351],[114.34834,30.664439],[114.34734,30.663557],[114.347543,30.663377]]]}},{"type":"Feature","id":"f840ad10-1543-4a34-b5b0-3618cf53c897","properties":{"id":"f840ad10-1543-4a34-b5b0-3618cf53c897","height":19,"num_floors":6,"class":"building","areaM2":36,"sourceTile":"tile_2_1","sourceFeatureCount":50434,"heightEstimated":true},"geometry":{"type":"Polygon","coordinates":[[[114.332497,30.648698],[114.33236,30.64872],[114.33246,30.648655],[114.332497,30.648698]]]}},{"type":"Feature","id":"fddca008-1b9c-4fc8-b2c5-d5470d773fcd","properties":{"id":"fddca008-1b9c-4fc8-b2c5-d5470d773fcd","height":17,"num_floors":5,"class":"building","areaM2":35,"sourceTile":"tile_2_1","sourceFeatureCount":50434,"heightEstimated":true},"geometry":{"type":"Polygon","coordinates":[[[114.329292,30.645192],[114.329424,30.645179],[114.329327,30.645239],[114.329292,30.645192]]]}},{"type":"Feature","id":"05f39eb2-64b0-4de9-b8ee-8217b069b323","properties":{"id":"05f39eb2-64b0-4de9-b8ee-8217b069b323","height":61,"num_floors":1,"class":"building","areaM2":6426,"sourceTile":"tile_2_1","sourceFeatureCount":50434,"heightEstimated":true},"geometry":{"type":"Polygon","coordinates":[[[114.328489,30.646949],[114.327376,30.647895],[114.327059,30.647619],[114.328172,30.646673],[114.328489,30.646949]]]}},{"type":"Feature","id":"6dee148a-d1bc-46be-90b0-bccbdbfc64fb","properties":{"id":"6dee148a-d1bc-46be-90b0-bccbdbfc64fb","height":15,"num_floors":5,"class":"building","areaM2":28,"sourceTile":"tile_2_1","sourceFeatureCount":50434,"heightEstimated":true},"geometry":{"type":"Polygon","coordinates":[[[114.326687,30.646522],[114.326581,30.646498],[114.326648,30.646464],[114.326687,30.646522]]]}},{"type":"Feature","id":"11701514-e1ef-4cda-b639-9247ea8c7264","properties":{"id":"11701514-e1ef-4cda-b639-9247ea8c7264","height":15,"num_floors":5,"class":"building","areaM2":67,"sourceTile":"tile_2_1","sourceFeatureCount":50434,"heightEstimated":true},"geometry":{"type":"Polygon","coordinates":[[[114.28892,30.72065],[114.288832,30.720521],[114.288957,30.72056],[114.28892,30.72065]]]}},{"type":"Feature","id":"22cd0e8a-b0c4-471b-b6c5-cd1b8172e040","properties":{"id":"22cd0e8a-b0c4-471b-b6c5-cd1b8172e040","height":60,"num_floors":19,"class":"building","areaM2":5505,"sourceTile":"tile_2_1","sourceFeatureCount":50434,"heightEstimated":true},"geometry":{"type":"Polygon","coordinates":[[[114.297082,30.710348],[114.296814,30.709551],[114.297485,30.709511],[114.29769,30.710312],[114.297082,30.710348]]]}},{"type":"Feature","id":"29fc7f54-10c7-43c4-8b12-9596f9700c3e","properties":{"id":"29fc7f54-10c7-43c4-8b12-9596f9700c3e","height":27,"num_floors":8,"class":"building","areaM2":772,"sourceTile":"tile_2_1","sourceFeatureCount":50434,"heightEstimated":true},"geometry":{"type":"Polygon","coordinates":[[[114.299175,30.746343],[114.298955,30.746412],[114.298832,30.74612],[114.299053,30.746051],[114.299175,30.746343]]]}},{"type":"Feature","id":"4475d045-1b5e-420a-965f-8365ed814542","properties":{"id":"4475d045-1b5e-420a-965f-8365ed814542","height":8,"num_floors":3,"class":"building","areaM2":11,"sourceTile":"tile_2_1","sourceFeatureCount":50434,"heightEstimated":true},"geometry":{"type":"Polygon","coordinates":[[[114.300318,30.735056],[114.300266,30.735114],[114.30025,30.735091],[114.300318,30.735056]]]}},{"type":"Feature","id":"dfa5c146-c8b5-46f1-9f9f-67215d00d72e","properties":{"id":"dfa5c146-c8b5-46f1-9f9f-67215d00d72e","height":8,"num_floors":3,"class":"building","areaM2":28,"sourceTile":"tile_2_1","sourceFeatureCount":50434,"heightEstimated":true},"geometry":{"type":"Polygon","coordinates":[[[114.298278,30.715198],[114.298361,30.715261],[114.298283,30.715265],[114.298278,30.715198]]]}},{"type":"Feature","id":"42494203-f9ec-47bd-ad1a-c7565c1040b2","properties":{"id":"42494203-f9ec-47bd-ad1a-c7565c1040b2","height":65,"num_floors":20,"class":"building","areaM2":6938,"sourceTile":"tile_2_1","sourceFeatureCount":50434,"heightEstimated":true},"geometry":{"type":"Polygon","coordinates":[[[114.300805,30.711011],[114.299248,30.711142],[114.299201,30.710725],[114.300758,30.710594],[114.300805,30.711011]]]}},{"type":"Feature","id":"bef4d4e9-7845-4643-bc86-82e527b63392","properties":{"id":"bef4d4e9-7845-4643-bc86-82e527b63392","height":74,"num_floors":23,"class":"building","areaM2":7704,"sourceTile":"tile_2_1","sourceFeatureCount":50434,"heightEstimated":true},"geometry":{"type":"Polygon","coordinates":[[[114.300865,30.711418],[114.301223,30.711525],[114.299307,30.711681],[114.299258,30.711236],[114.300832,30.711109],[114.300865,30.711418]]]}},{"type":"Feature","id":"1ceb43e7-74cf-4d82-9aa2-0d5d6f3cecea","properties":{"id":"1ceb43e7-74cf-4d82-9aa2-0d5d6f3cecea","height":8,"num_floors":3,"class":"building","areaM2":18,"sourceTile":"tile_2_1","sourceFeatureCount":50434,"heightEstimated":true},"geometry":{"type":"Polygon","coordinates":[[[114.310052,30.725037],[114.310026,30.72511],[114.309996,30.725062],[114.310052,30.725037]]]}},{"type":"Feature","id":"cf3301db-610a-4adf-b75d-5444b7b1228f","properties":{"id":"cf3301db-610a-4adf-b75d-5444b7b1228f","height":168,"num_floors":53,"class":"building","areaM2":102620,"sourceTile":"tile_2_1","sourceFeatureCount":50434,"heightEstimated":true},"geometry":{"type":"Polygon","coordinates":[[[114.317759,30.711547],[114.3141,30.707539],[114.315511,30.706801],[114.316198,30.707691],[114.316101,30.707991],[114.316321,30.707838],[114.31712,30.708761],[114.316085,30.709402],[114.316385,30.709692],[114.317362,30.708959],[114.318161,30.710117],[114.318354,30.709965],[114.319213,30.710975],[114.320377,30.711699],[114.319298,30.712695],[114.317759,30.711547]]]}},{"type":"Feature","id":"4f3ac8e0-0653-4b8d-ad55-ab42775cd0af","properties":{"id":"4f3ac8e0-0653-4b8d-ad55-ab42775cd0af","height":168,"num_floors":53,"class":"building","areaM2":56509,"sourceTile":"tile_2_1","sourceFeatureCount":50434,"heightEstimated":true},"geometry":{"type":"Polygon","coordinates":[[[114.323027,30.711662],[114.319744,30.709503],[114.320913,30.708549],[114.32388,30.710541],[114.323027,30.711662]]]}},{"type":"Feature","id":"c3a6f97d-757c-4023-8ab2-603c1cb4719e","properties":{"id":"c3a6f97d-757c-4023-8ab2-603c1cb4719e","height":158,"num_floors":49,"class":"building","areaM2":36210,"sourceTile":"tile_2_1","sourceFeatureCount":50434,"heightEstimated":true},"geometry":{"type":"Polygon","coordinates":[[[114.320783,30.713343],[114.321758,30.712222],[114.323717,30.713482],[114.322742,30.714602],[114.320783,30.713343]]]}},{"type":"Feature","id":"3331daa5-d2ce-4b13-b2bf-d7f366e2189e","properties":{"id":"3331daa5-d2ce-4b13-b2bf-d7f366e2189e","height":149,"num_floors":47,"class":"commercial","areaM2":32424,"sourceTile":"tile_2_1","sourceFeatureCount":50434,"heightEstimated":true},"geometry":{"type":"Polygon","coordinates":[[[114.32394,30.710334],[114.321113,30.708409],[114.321854,30.707794],[114.324494,30.709587],[114.32394,30.710334]]]}},{"type":"Feature","id":"5f86fab0-06f3-4739-8d41-ab76f0b09b26","properties":{"id":"5f86fab0-06f3-4739-8d41-ab76f0b09b26","height":33,"num_floors":10,"class":"building","areaM2":20,"sourceTile":"tile_2_1","sourceFeatureCount":50434,"heightEstimated":true},"geometry":{"type":"Polygon","coordinates":[[[114.324573,30.709931],[114.32464,30.709874],[114.324639,30.709931],[114.324573,30.709931]]]}},{"type":"Feature","id":"7dd955a3-4aad-4d08-893b-7f51e463765f","properties":{"id":"7dd955a3-4aad-4d08-893b-7f51e463765f","height":168,"num_floors":53,"class":"building","areaM2":62792,"sourceTile":"tile_2_1","sourceFeatureCount":50434,"heightEstimated":true},"geometry":{"type":"Polygon","coordinates":[[[114.330962,30.714141],[114.327976,30.7134],[114.328742,30.711523],[114.33167,30.712408],[114.330962,30.714141]]]}},{"type":"Feature","id":"593a3a4a-e42d-464f-be09-94b3aa5053f0","properties":{"id":"593a3a4a-e42d-464f-be09-94b3aa5053f0","height":72,"num_floors":23,"class":"building","areaM2":7978,"sourceTile":"tile_2_1","sourceFeatureCount":50434,"heightEstimated":true},"geometry":{"type":"Polygon","coordinates":[[[114.328002,30.715366],[114.328186,30.714905],[114.329678,30.71536],[114.329501,30.715802],[114.328979,30.715647],[114.329037,30.715411],[114.328943,30.715646],[114.328002,30.715366]]]}},{"type":"Feature","id":"261b2cff-e690-4ff6-aa10-a06599033bdd","properties":{"id":"261b2cff-e690-4ff6-aa10-a06599033bdd","height":93,"num_floors":29,"class":"building","areaM2":10238,"sourceTile":"tile_2_1","sourceFeatureCount":50434,"heightEstimated":true},"geometry":{"type":"Polygon","coordinates":[[[114.327624,30.715392],[114.329468,30.715931],[114.329284,30.716402],[114.327439,30.715863],[114.327624,30.715392]]]}},{"type":"Feature","id":"1006f6d1-39ac-4e32-af12-ea3ebc816b9f","properties":{"id":"1006f6d1-39ac-4e32-af12-ea3ebc816b9f","height":114,"num_floors":36,"class":"building","areaM2":19153,"sourceTile":"tile_2_1","sourceFeatureCount":50434,"heightEstimated":true},"geometry":{"type":"Polygon","coordinates":[[[114.328313,30.718375],[114.326684,30.719404],[114.326067,30.718682],[114.327696,30.717653],[114.328313,30.718375]]]}},{"type":"Feature","id":"4e9339c2-5582-4b36-bec5-0fd7ad96901e","properties":{"id":"4e9339c2-5582-4b36-bec5-0fd7ad96901e","height":32,"num_floors":10,"class":"building","areaM2":30,"sourceTile":"tile_2_1","sourceFeatureCount":50434,"heightEstimated":true},"geometry":{"type":"Polygon","coordinates":[[[114.327843,30.734456],[114.327959,30.734429],[114.327938,30.734483],[114.327843,30.734456]]]}},{"type":"Feature","id":"7ac137ad-9d9e-4228-a9ca-72d6a758b097","properties":{"id":"7ac137ad-9d9e-4228-a9ca-72d6a758b097","height":74,"num_floors":23,"class":"building","areaM2":5855,"sourceTile":"tile_2_1","sourceFeatureCount":50434,"heightEstimated":true},"geometry":{"type":"Polygon","coordinates":[[[114.328648,30.736744],[114.329825,30.735678],[114.330097,30.735902],[114.32892,30.736968],[114.328648,30.736744]]]}},{"type":"Feature","id":"cf6d069c-dfb6-406d-8d8d-a56fd6ce4002","properties":{"id":"cf6d069c-dfb6-406d-8d8d-a56fd6ce4002","height":55,"num_floors":17,"class":"building","areaM2":5962,"sourceTile":"tile_2_1","sourceFeatureCount":50434,"heightEstimated":true},"geometry":{"type":"Polygon","coordinates":[[[114.32853,30.736862],[114.328804,30.737084],[114.327616,30.738179],[114.327342,30.737957],[114.32853,30.736862]]]}},{"type":"Feature","id":"5e7cfcf6-fbeb-40a6-9b5d-d10ab955ab10","properties":{"id":"5e7cfcf6-fbeb-40a6-9b5d-d10ab955ab10","height":67,"num_floors":21,"class":"building","areaM2":5853,"sourceTile":"tile_2_1","sourceFeatureCount":50434,"heightEstimated":true},"geometry":{"type":"Polygon","coordinates":[[[114.326328,30.739368],[114.326053,30.739147],[114.327215,30.738069],[114.32749,30.73829],[114.326328,30.739368]]]}},{"type":"Feature","id":"1b886a4b-2636-468d-9888-6042da29c05a","properties":{"id":"1b886a4b-2636-468d-9888-6042da29c05a","height":60,"num_floors":19,"class":"building","areaM2":5497,"sourceTile":"tile_2_1","sourceFeatureCount":50434,"heightEstimated":true},"geometry":{"type":"Polygon","coordinates":[[[114.324138,30.738895],[114.323443,30.738635],[114.323762,30.738006],[114.324457,30.738267],[114.324138,30.738895]]]}},{"type":"Feature","id":"f244dec9-b8ed-437b-8178-32ffb402f9ec","properties":{"id":"f244dec9-b8ed-437b-8178-32ffb402f9ec","height":70,"num_floors":22,"class":"building","areaM2":5384,"sourceTile":"tile_2_1","sourceFeatureCount":50434,"heightEstimated":true},"geometry":{"type":"Polygon","coordinates":[[[114.321216,30.741354],[114.320586,30.741795],[114.320126,30.741308],[114.320756,30.740868],[114.321216,30.741354]]]}},{"type":"Feature","id":"dbad9f3d-fec8-4805-8f9f-e3611a2bbaa4","properties":{"id":"dbad9f3d-fec8-4805-8f9f-e3611a2bbaa4","height":41,"num_floors":13,"class":"building","areaM2":457,"sourceTile":"tile_2_1","sourceFeatureCount":50434,"heightEstimated":true},"geometry":{"type":"Polygon","coordinates":[[[114.322634,30.746764],[114.323152,30.746728],[114.323083,30.7469],[114.322634,30.746764]]]}},{"type":"Feature","id":"6877f3fd-8a31-43db-9e66-1fd461c343c1","properties":{"id":"6877f3fd-8a31-43db-9e66-1fd461c343c1","height":78,"num_floors":24,"class":"building","areaM2":6301,"sourceTile":"tile_2_1","sourceFeatureCount":50434,"heightEstimated":true},"geometry":{"type":"Polygon","coordinates":[[[114.32738,30.742449],[114.32688,30.74204],[114.327569,30.741412],[114.328069,30.741821],[114.32738,30.742449]]]}},{"type":"Feature","id":"b3cbf04f-e36d-45d4-af47-fa8d0bca9846","properties":{"id":"b3cbf04f-e36d-45d4-af47-fa8d0bca9846","height":85,"num_floors":27,"class":"building","areaM2":6545,"sourceTile":"tile_2_1","sourceFeatureCount":50434,"heightEstimated":true},"geometry":{"type":"Polygon","coordinates":[[[114.328859,30.741103],[114.328161,30.741742],[114.327648,30.741325],[114.328346,30.740685],[114.328859,30.741103]]]}},{"type":"Feature","id":"c260e76b-a97d-4541-9d7a-bfc403db38b4","properties":{"id":"c260e76b-a97d-4541-9d7a-bfc403db38b4","height":58,"num_floors":18,"class":"building","areaM2":6105,"sourceTile":"tile_2_1","sourceFeatureCount":50434,"heightEstimated":true},"geometry":{"type":"Polygon","coordinates":[[[114.329122,30.739981],[114.329623,30.740389],[114.328958,30.740999],[114.328457,30.740591],[114.329122,30.739981]]]}},{"type":"Feature","id":"161346c2-c306-482b-8837-7fa98cfd346f","properties":{"id":"161346c2-c306-482b-8837-7fa98cfd346f","height":62,"num_floors":19,"class":"building","areaM2":5673,"sourceTile":"tile_2_1","sourceFeatureCount":50434,"heightEstimated":true},"geometry":{"type":"Polygon","coordinates":[[[114.330028,30.73934],[114.330417,30.739653],[114.329724,30.740296],[114.32922,30.739891],[114.330028,30.73934]]]}},{"type":"Feature","id":"1f0a1198-ffaa-4a5c-8591-2f6868a312e3","properties":{"id":"1f0a1198-ffaa-4a5c-8591-2f6868a312e3","height":78,"num_floors":24,"class":"building","areaM2":6498,"sourceTile":"tile_2_1","sourceFeatureCount":50434,"heightEstimated":true},"geometry":{"type":"Polygon","coordinates":[[[114.328294,30.744682],[114.329244,30.744222],[114.329406,30.744953],[114.328391,30.74512],[114.328294,30.744682]]]}},{"type":"Feature","id":"9f7147ff-0281-4072-b5b9-583035a5b552","properties":{"id":"9f7147ff-0281-4072-b5b9-583035a5b552","height":74,"num_floors":23,"class":"building","areaM2":10390,"sourceTile":"tile_2_1","sourceFeatureCount":50434,"heightEstimated":true},"geometry":{"type":"Polygon","coordinates":[[[114.329827,30.742421],[114.33071,30.743029],[114.329768,30.743332],[114.329344,30.743748],[114.329423,30.744075],[114.328984,30.743334],[114.329827,30.742421]]]}},{"type":"Feature","id":"6f87a37e-0888-47bf-939f-54c07c1ea323","properties":{"id":"6f87a37e-0888-47bf-939f-54c07c1ea323","height":59,"num_floors":18,"class":"building","areaM2":6720,"sourceTile":"tile_2_1","sourceFeatureCount":50434,"heightEstimated":true},"geometry":{"type":"Polygon","coordinates":[[[114.328783,30.746145],[114.328546,30.745614],[114.329639,30.745325],[114.329831,30.745869],[114.328783,30.746145]]]}},{"type":"Feature","id":"f51639de-de5f-4133-9666-a37ef80b8668","properties":{"id":"f51639de-de5f-4133-9666-a37ef80b8668","height":29,"num_floors":9,"class":"building","areaM2":54,"sourceTile":"tile_2_1","sourceFeatureCount":50434,"heightEstimated":true},"geometry":{"type":"Polygon","coordinates":[[[114.343354,30.749879],[114.343305,30.750007],[114.343251,30.749941],[114.343354,30.749879]]]}},{"type":"Feature","id":"21e24cf0-f965-4781-8ed2-54a762e38625","properties":{"id":"21e24cf0-f965-4781-8ed2-54a762e38625","height":95,"num_floors":30,"class":"building","areaM2":8441,"sourceTile":"tile_2_1","sourceFeatureCount":50434,"heightEstimated":true},"geometry":{"type":"Polygon","coordinates":[[[114.343913,30.747699],[114.344393,30.748163],[114.343436,30.748902],[114.342956,30.748438],[114.343913,30.747699]]]}},{"type":"Feature","id":"af053f3c-dd13-4e61-a3f8-6e75f729d247","properties":{"id":"af053f3c-dd13-4e61-a3f8-6e75f729d247","height":92,"num_floors":29,"class":"building","areaM2":10087,"sourceTile":"tile_2_1","sourceFeatureCount":50434,"heightEstimated":true},"geometry":{"type":"Polygon","coordinates":[[[114.344989,30.747715],[114.344516,30.747246],[114.345672,30.746376],[114.346146,30.746845],[114.344989,30.747715]]]}},{"type":"Feature","id":"9bab730f-017b-403c-b388-74a85f451898","properties":{"id":"9bab730f-017b-403c-b388-74a85f451898","height":86,"num_floors":27,"class":"building","areaM2":8156,"sourceTile":"tile_2_1","sourceFeatureCount":50434,"heightEstimated":true},"geometry":{"type":"Polygon","coordinates":[[[114.343424,30.747238],[114.342471,30.74796],[114.342006,30.747503],[114.342959,30.74678],[114.343424,30.747238]]]}},{"type":"Feature","id":"6d24a9d5-f328-403e-8acd-bb45b47a1651","properties":{"id":"6d24a9d5-f328-403e-8acd-bb45b47a1651","height":90,"num_floors":28,"class":"building","areaM2":8683,"sourceTile":"tile_2_1","sourceFeatureCount":50434,"heightEstimated":true},"geometry":{"type":"Polygon","coordinates":[[[114.331993,30.743554],[114.332874,30.743679],[114.332835,30.744557],[114.331951,30.744529],[114.331993,30.743554]]]}},{"type":"Feature","id":"82a0d58c-91e9-403a-b2ba-711daf8e33b2","properties":{"id":"82a0d58c-91e9-403a-b2ba-711daf8e33b2","height":88,"num_floors":28,"class":"building","areaM2":9962,"sourceTile":"tile_2_1","sourceFeatureCount":50434,"heightEstimated":true},"geometry":{"type":"Polygon","coordinates":[[[114.331287,30.745062],[114.33131,30.743542],[114.331929,30.74355],[114.331906,30.745069],[114.331287,30.745062]]]}},{"type":"Feature","id":"29fa20e7-dd95-4075-a9fb-ed8a7b63ab43","properties":{"id":"29fa20e7-dd95-4075-a9fb-ed8a7b63ab43","height":72,"num_floors":23,"class":"building","areaM2":4761,"sourceTile":"tile_2_1","sourceFeatureCount":50434,"heightEstimated":true},"geometry":{"type":"Polygon","coordinates":[[[114.331251,30.745166],[114.331671,30.745171],[114.331655,30.746241],[114.331234,30.746237],[114.331251,30.745166]]]}},{"type":"Feature","id":"2cf223aa-1b76-4689-be77-17bc78ad21ae","properties":{"id":"2cf223aa-1b76-4689-be77-17bc78ad21ae","height":78,"num_floors":24,"class":"building","areaM2":5146,"sourceTile":"tile_2_1","sourceFeatureCount":50434,"heightEstimated":true},"geometry":{"type":"Polygon","coordinates":[[[114.330736,30.745158],[114.331178,30.745164],[114.331158,30.746263],[114.330715,30.746257],[114.330736,30.745158]]]}},{"type":"Feature","id":"9c74e300-03df-4b73-b130-32f39c807b8e","properties":{"id":"9c74e300-03df-4b73-b130-32f39c807b8e","height":60,"num_floors":19,"class":"building","areaM2":5463,"sourceTile":"tile_2_1","sourceFeatureCount":50434,"heightEstimated":true},"geometry":{"type":"Polygon","coordinates":[[[114.329694,30.745136],[114.330625,30.745126],[114.330638,30.74566],[114.32995,30.745846],[114.329694,30.745136]]]}},{"type":"Feature","id":"f6bcf0e6-6330-433a-92ec-ff30caff9674","properties":{"id":"f6bcf0e6-6330-433a-92ec-ff30caff9674","height":75,"num_floors":23,"class":"building","areaM2":7790,"sourceTile":"tile_2_1","sourceFeatureCount":50434,"heightEstimated":true},"geometry":{"type":"Polygon","coordinates":[[[114.330942,30.743546],[114.331031,30.744205],[114.3305,30.744177],[114.33044,30.743885],[114.330489,30.744275],[114.329842,30.744375],[114.329721,30.74379],[114.330942,30.743546]]]}},{"type":"Feature","id":"adae2988-6f0b-4ed8-9ae2-1acc14f30575","properties":{"id":"adae2988-6f0b-4ed8-9ae2-1acc14f30575","height":64,"num_floors":20,"class":"building","areaM2":6825,"sourceTile":"tile_2_1","sourceFeatureCount":50434,"heightEstimated":true},"geometry":{"type":"Polygon","coordinates":[[[114.331783,30.741746],[114.332398,30.741045],[114.332949,30.741382],[114.332228,30.742205],[114.331783,30.741746]]]}},{"type":"Feature","id":"4e5bc889-be78-4045-b962-e164c17123ff","properties":{"id":"4e5bc889-be78-4045-b962-e164c17123ff","height":75,"num_floors":23,"class":"building","areaM2":6148,"sourceTile":"tile_2_1","sourceFeatureCount":50434,"heightEstimated":true},"geometry":{"type":"Polygon","coordinates":[[[114.332202,30.742636],[114.332584,30.742047],[114.333321,30.742521],[114.332859,30.743058],[114.332202,30.742636]]]}},{"type":"Feature","id":"8b37c7fe-953e-465d-aab2-70f373fdcda9","properties":{"id":"8b37c7fe-953e-465d-aab2-70f373fdcda9","height":30,"num_floors":9,"class":"building","areaM2":189,"sourceTile":"tile_2_1","sourceFeatureCount":50434,"heightEstimated":true},"geometry":{"type":"Polygon","coordinates":[[[114.337007,30.746871],[114.336763,30.746738],[114.336962,30.746699],[114.337007,30.746871]]]}},{"type":"Feature","id":"ed58899b-0db1-42b8-aa15-fabdf5a647bb","properties":{"id":"ed58899b-0db1-42b8-aa15-fabdf5a647bb","height":74,"num_floors":23,"class":"building","areaM2":7231,"sourceTile":"tile_2_1","sourceFeatureCount":50434,"heightEstimated":true},"geometry":{"type":"Polygon","coordinates":[[[114.339841,30.727097],[114.340006,30.727268],[114.33994,30.727026],[114.340743,30.72669],[114.340925,30.72717],[114.339334,30.727744],[114.339137,30.727391],[114.339534,30.72748],[114.339841,30.727097]]]}},{"type":"Feature","id":"d319b673-8719-4e0c-960b-58ad174dc4ca","properties":{"id":"d319b673-8719-4e0c-960b-58ad174dc4ca","height":91,"num_floors":28,"class":"building","areaM2":8418,"sourceTile":"tile_2_1","sourceFeatureCount":50434,"heightEstimated":true},"geometry":{"type":"Polygon","coordinates":[[[114.340285,30.725352],[114.338803,30.725995],[114.338592,30.725542],[114.340032,30.724917],[114.340285,30.725352]]]}},{"type":"Feature","id":"1071fa53-ebbd-4257-9c40-4590b27ee808","properties":{"id":"1071fa53-ebbd-4257-9c40-4590b27ee808","height":72,"num_floors":23,"class":"building","areaM2":9977,"sourceTile":"tile_2_1","sourceFeatureCount":50434,"heightEstimated":true},"geometry":{"type":"Polygon","coordinates":[[[114.338737,30.726171],[114.340283,30.725429],[114.340547,30.725935],[114.33893,30.726648],[114.338737,30.726171]]]}},{"type":"Feature","id":"dc84a91e-1155-4016-8349-b646d6669312","properties":{"id":"dc84a91e-1155-4016-8349-b646d6669312","height":77,"num_floors":24,"class":"building","areaM2":9860,"sourceTile":"tile_2_1","sourceFeatureCount":50434,"heightEstimated":true},"geometry":{"type":"Polygon","coordinates":[[[114.338929,30.726786],[114.339934,30.726255],[114.340506,30.726096],[114.340761,30.72653],[114.339183,30.72722],[114.338929,30.726786]]]}},{"type":"Feature","id":"fadb7950-0cb3-46ca-b34f-4766902409bf","properties":{"id":"fadb7950-0cb3-46ca-b34f-4766902409bf","height":71,"num_floors":22,"class":"building","areaM2":5554,"sourceTile":"tile_2_1","sourceFeatureCount":50434,"heightEstimated":true},"geometry":{"type":"Polygon","coordinates":[[[114.338622,30.72503],[114.339707,30.72437],[114.339956,30.724791],[114.338729,30.725332],[114.338622,30.72503]]]}},{"type":"Feature","id":"e535a80d-084e-411f-b988-88918b1e0807","properties":{"id":"e535a80d-084e-411f-b988-88918b1e0807","height":77,"num_floors":24,"class":"building","areaM2":5464,"sourceTile":"tile_2_1","sourceFeatureCount":50434,"heightEstimated":true},"geometry":{"type":"Polygon","coordinates":[[[114.338715,30.724651],[114.338456,30.724203],[114.339381,30.723805],[114.339639,30.724253],[114.338715,30.724651]]]}},{"type":"Feature","id":"bf991bec-0631-41de-aad4-6cf34f072105","properties":{"id":"bf991bec-0631-41de-aad4-6cf34f072105","height":78,"num_floors":24,"class":"building","areaM2":6415,"sourceTile":"tile_2_1","sourceFeatureCount":50434,"heightEstimated":true},"geometry":{"type":"Polygon","coordinates":[[[114.33308,30.732773],[114.333737,30.732175],[114.334271,30.732612],[114.333614,30.73321],[114.33308,30.732773]]]}},{"type":"Feature","id":"862aace0-369f-4fda-a19c-518da1562312","properties":{"id":"862aace0-369f-4fda-a19c-518da1562312","height":85,"num_floors":27,"class":"building","areaM2":6521,"sourceTile":"tile_2_1","sourceFeatureCount":50434,"heightEstimated":true},"geometry":{"type":"Polygon","coordinates":[[[114.332889,30.733891],[114.332347,30.733453],[114.333006,30.732846],[114.333547,30.733283],[114.332889,30.733891]]]}},{"type":"Feature","id":"7f5fc9da-5f8e-4cbd-aa7d-c0bc2b9904a9","properties":{"id":"7f5fc9da-5f8e-4cbd-aa7d-c0bc2b9904a9","height":59,"num_floors":18,"class":"building","areaM2":6301,"sourceTile":"tile_2_1","sourceFeatureCount":50434,"heightEstimated":true},"geometry":{"type":"Polygon","coordinates":[[[114.332849,30.737408],[114.332347,30.737001],[114.333032,30.736369],[114.333534,30.736776],[114.332849,30.737408]]]}},{"type":"Feature","id":"49f169e0-8122-4c66-9c40-4a1052823389","properties":{"id":"49f169e0-8122-4c66-9c40-4a1052823389","height":65,"num_floors":20,"class":"building","areaM2":6301,"sourceTile":"tile_2_1","sourceFeatureCount":50434,"heightEstimated":true},"geometry":{"type":"Polygon","coordinates":[[[114.333125,30.736277],[114.333811,30.735647],[114.334313,30.736055],[114.333626,30.736685],[114.333125,30.736277]]]}},{"type":"Feature","id":"8dfc7b3f-9f59-4136-bdcf-a3a2f6967aa1","properties":{"id":"8dfc7b3f-9f59-4136-bdcf-a3a2f6967aa1","height":77,"num_floors":24,"class":"building","areaM2":6544,"sourceTile":"tile_2_1","sourceFeatureCount":50434,"heightEstimated":true},"geometry":{"type":"Polygon","coordinates":[[[114.331556,30.737729],[114.332249,30.737086],[114.332765,30.737501],[114.332072,30.738144],[114.331556,30.737729]]]}},{"type":"Feature","id":"8d13d2ed-ea49-45e3-8696-83ea7b9ee85b","properties":{"id":"8d13d2ed-ea49-45e3-8696-83ea7b9ee85b","height":49,"num_floors":15,"class":"building","areaM2":1862,"sourceTile":"tile_2_1","sourceFeatureCount":50434,"heightEstimated":true},"geometry":{"type":"Polygon","coordinates":[[[114.331698,30.736031],[114.331145,30.736547],[114.330962,30.7364],[114.331514,30.735884],[114.331698,30.736031]]]}},{"type":"Feature","id":"82dcad7a-9fcf-4ba3-bb11-75b1ac353127","properties":{"id":"82dcad7a-9fcf-4ba3-bb11-75b1ac353127","height":81,"num_floors":25,"class":"building","areaM2":6343,"sourceTile":"tile_2_1","sourceFeatureCount":50434,"heightEstimated":true},"geometry":{"type":"Polygon","coordinates":[[[114.33078,30.738436],[114.33146,30.73782],[114.33197,30.73824],[114.331289,30.738856],[114.33078,30.738436]]]}},{"type":"Feature","id":"587e3468-ca09-4085-9807-a87ba236417a","properties":{"id":"587e3468-ca09-4085-9807-a87ba236417a","height":63,"num_floors":20,"class":"building","areaM2":6545,"sourceTile":"tile_2_1","sourceFeatureCount":50434,"heightEstimated":true},"geometry":{"type":"Polygon","coordinates":[[[114.331204,30.73894],[114.330507,30.739579],[114.329994,30.739162],[114.330692,30.738523],[114.331204,30.73894]]]}},{"type":"Feature","id":"578563d4-d48a-463f-8874-7d44f67ebddf","properties":{"id":"578563d4-d48a-463f-8874-7d44f67ebddf","height":78,"num_floors":24,"class":"building","areaM2":5933,"sourceTile":"tile_2_1","sourceFeatureCount":50434,"heightEstimated":true},"geometry":{"type":"Polygon","coordinates":[[[114.333852,30.720207],[114.335351,30.720947],[114.335164,30.721229],[114.333665,30.720489],[114.333852,30.720207]]]}},{"type":"Feature","id":"6f7a756f-5322-4c2a-8c69-d4e264409181","properties":{"id":"6f7a756f-5322-4c2a-8c69-d4e264409181","height":59,"num_floors":18,"class":"building","areaM2":5895,"sourceTile":"tile_2_1","sourceFeatureCount":50434,"heightEstimated":true},"geometry":{"type":"Polygon","coordinates":[[[114.333897,30.720024],[114.334084,30.719742],[114.335572,30.720478],[114.335386,30.72076],[114.333897,30.720024]]]}},{"type":"Feature","id":"cd4ea438-74c2-47fc-b575-ad0d5549f80e","properties":{"id":"cd4ea438-74c2-47fc-b575-ad0d5549f80e","height":69,"num_floors":22,"class":"building","areaM2":5549,"sourceTile":"tile_2_1","sourceFeatureCount":50434,"heightEstimated":true},"geometry":{"type":"Polygon","coordinates":[[[114.335844,30.719811],[114.334355,30.719076],[114.334531,30.71881],[114.33602,30.719546],[114.335844,30.719811]]]}},{"type":"Feature","id":"1c7873bd-ed17-4c8b-9057-ac4a1bee7f3b","properties":{"id":"1c7873bd-ed17-4c8b-9057-ac4a1bee7f3b","height":79,"num_floors":25,"class":"building","areaM2":6239,"sourceTile":"tile_2_1","sourceFeatureCount":50434,"heightEstimated":true},"geometry":{"type":"Polygon","coordinates":[[[114.334553,30.719291],[114.33579,30.720005],[114.335613,30.72028],[114.334133,30.71957],[114.334553,30.719291]]]}},{"type":"Feature","id":"8409e86b-c1c1-43af-83ee-965a3e98c33f","properties":{"id":"8409e86b-c1c1-43af-83ee-965a3e98c33f","height":78,"num_floors":24,"class":"building","areaM2":9846,"sourceTile":"tile_2_1","sourceFeatureCount":50434,"heightEstimated":true},"geometry":{"type":"Polygon","coordinates":[[[114.329401,30.716591],[114.331252,30.717112],[114.331072,30.717573],[114.329227,30.717034],[114.329401,30.716591]]]}},{"type":"Feature","id":"436b5387-1248-4bc2-b41b-3d0e4e4d5ce9","properties":{"id":"436b5387-1248-4bc2-b41b-3d0e4e4d5ce9","height":83,"num_floors":26,"class":"building","areaM2":5537,"sourceTile":"tile_2_1","sourceFeatureCount":50434,"heightEstimated":true},"geometry":{"type":"Polygon","coordinates":[[[114.333305,30.717657],[114.332403,30.717865],[114.331733,30.71764],[114.331934,30.717194],[114.333305,30.717657]]]}},{"type":"Feature","id":"4cfc943a-1a74-4501-a07f-211c25dcd503","properties":{"id":"4cfc943a-1a74-4501-a07f-211c25dcd503","height":83,"num_floors":26,"class":"building","areaM2":10356,"sourceTile":"tile_2_1","sourceFeatureCount":50434,"heightEstimated":true},"geometry":{"type":"Polygon","coordinates":[[[114.331531,30.716397],[114.329662,30.715861],[114.329843,30.71539],[114.331712,30.715925],[114.331531,30.716397]]]}},{"type":"Feature","id":"9584c3a6-a97d-4319-a1ef-fd2cf2cee607","properties":{"id":"9584c3a6-a97d-4319-a1ef-fd2cf2cee607","height":129,"num_floors":40,"class":"commercial","areaM2":22209,"sourceTile":"tile_2_1","sourceFeatureCount":50434,"heightEstimated":true},"geometry":{"type":"Polygon","coordinates":[[[114.331897,30.711884],[114.329373,30.711151],[114.329666,30.710405],[114.33219,30.711137],[114.331897,30.711884]]]}},{"type":"Feature","id":"2c8d71a0-4706-490f-9efd-5272d6b287a9","properties":{"id":"2c8d71a0-4706-490f-9efd-5272d6b287a9","height":125,"num_floors":39,"class":"commercial","areaM2":22207,"sourceTile":"tile_2_1","sourceFeatureCount":50434,"heightEstimated":true},"geometry":{"type":"Polygon","coordinates":[[[114.334627,30.712728],[114.332103,30.711996],[114.332396,30.711249],[114.33492,30.711981],[114.334627,30.712728]]]}},{"type":"Feature","id":"10ae3332-a533-415d-a7da-2e0f575a60e2","properties":{"id":"10ae3332-a533-415d-a7da-2e0f575a60e2","height":168,"num_floors":53,"class":"building","areaM2":62239,"sourceTile":"tile_2_1","sourceFeatureCount":50434,"heightEstimated":true},"geometry":{"type":"Polygon","coordinates":[[[114.334088,30.715153],[114.331251,30.714353],[114.331856,30.712441],[114.33477,30.713357],[114.334088,30.715153]]]}},{"type":"Feature","id":"06a443b2-54c7-4e2e-9169-8787fdcb3034","properties":{"id":"06a443b2-54c7-4e2e-9169-8787fdcb3034","height":21,"num_floors":7,"class":"building","areaM2":45,"sourceTile":"tile_2_1","sourceFeatureCount":50434,"heightEstimated":true},"geometry":{"type":"Polygon","coordinates":[[[114.334906,30.709453],[114.334798,30.709533],[114.334819,30.709439],[114.334906,30.709453]]]}},{"type":"Feature","id":"21a448d0-a5f1-4847-975d-364b099c3688","properties":{"id":"21a448d0-a5f1-4847-975d-364b099c3688","height":74,"num_floors":23,"class":"building","areaM2":7784,"sourceTile":"tile_2_1","sourceFeatureCount":50434,"heightEstimated":true},"geometry":{"type":"Polygon","coordinates":[[[114.335419,30.718546],[114.334767,30.718221],[114.335093,30.717733],[114.336472,30.718595],[114.336284,30.718877],[114.335296,30.718385],[114.335419,30.718546]]]}},{"type":"Feature","id":"e1a4b87f-66e3-48f7-9e27-7a96fa0f7d02","properties":{"id":"e1a4b87f-66e3-48f7-9e27-7a96fa0f7d02","height":73,"num_floors":23,"class":"building","areaM2":6084,"sourceTile":"tile_2_1","sourceFeatureCount":50434,"heightEstimated":true},"geometry":{"type":"Polygon","coordinates":[[[114.335284,30.717315],[114.336611,30.718101],[114.336433,30.718366],[114.335046,30.71767],[114.335284,30.717315]]]}},{"type":"Feature","id":"22bc7a3a-9da4-4921-b045-a8c588a3dab9","properties":{"id":"22bc7a3a-9da4-4921-b045-a8c588a3dab9","height":77,"num_floors":24,"class":"building","areaM2":5906,"sourceTile":"tile_2_1","sourceFeatureCount":50434,"heightEstimated":true},"geometry":{"type":"Polygon","coordinates":[[[114.334786,30.7183],[114.336225,30.719071],[114.336049,30.719336],[114.334582,30.718606],[114.334786,30.7183]]]}},{"type":"Feature","id":"34ffb112-ed5d-4ffd-82be-542d0f5eeee2","properties":{"id":"34ffb112-ed5d-4ffd-82be-542d0f5eeee2","height":80,"num_floors":25,"class":"building","areaM2":5550,"sourceTile":"tile_2_1","sourceFeatureCount":50434,"heightEstimated":true},"geometry":{"type":"Polygon","coordinates":[[[114.33561,30.721077],[114.337086,30.721832],[114.336905,30.722095],[114.33543,30.721341],[114.33561,30.721077]]]}},{"type":"Feature","id":"88b1c34d-dcd1-4147-8bcb-97e6d5bbc45f","properties":{"id":"88b1c34d-dcd1-4147-8bcb-97e6d5bbc45f","height":57,"num_floors":18,"class":"building","areaM2":5896,"sourceTile":"tile_2_1","sourceFeatureCount":50434,"heightEstimated":true},"geometry":{"type":"Polygon","coordinates":[[[114.33584,30.720605],[114.337326,30.721344],[114.337138,30.721626],[114.335652,30.720886],[114.33584,30.720605]]]}},{"type":"Feature","id":"03de2c8d-ffb9-410c-9f5e-6b590a2bc42d","properties":{"id":"03de2c8d-ffb9-410c-9f5e-6b590a2bc42d","height":63,"num_floors":20,"class":"building","areaM2":5934,"sourceTile":"tile_2_1","sourceFeatureCount":50434,"heightEstimated":true},"geometry":{"type":"Polygon","coordinates":[[[114.337557,30.720879],[114.337368,30.72116],[114.335875,30.720412],[114.336064,30.720131],[114.337557,30.720879]]]}},{"type":"Feature","id":"32eeacb2-9313-4192-b247-7d0c6e5186fb","properties":{"id":"32eeacb2-9313-4192-b247-7d0c6e5186fb","height":78,"num_floors":24,"class":"building","areaM2":5247,"sourceTile":"tile_2_1","sourceFeatureCount":50434,"heightEstimated":true},"geometry":{"type":"Polygon","coordinates":[[[114.337882,30.723038],[114.338327,30.723372],[114.337297,30.723829],[114.337047,30.723408],[114.337882,30.723038]]]}},{"type":"Feature","id":"ea1c387f-38a6-4256-aa6f-c8d3f39d5b20","properties":{"id":"ea1c387f-38a6-4256-aa6f-c8d3f39d5b20","height":67,"num_floors":21,"class":"building","areaM2":6978,"sourceTile":"tile_2_1","sourceFeatureCount":50434,"heightEstimated":true},"geometry":{"type":"Polygon","coordinates":[[[114.337325,30.721833],[114.338651,30.722488],[114.338622,30.722936],[114.337095,30.722182],[114.337325,30.721833]]]}},{"type":"Feature","id":"7b159fc7-09c2-4f0d-a3f1-20cd56aeb172","properties":{"id":"7b159fc7-09c2-4f0d-a3f1-20cd56aeb172","height":59,"num_floors":18,"class":"building","areaM2":5554,"sourceTile":"tile_2_1","sourceFeatureCount":50434,"heightEstimated":true},"geometry":{"type":"Polygon","coordinates":[[[114.337919,30.7199],[114.337729,30.72018],[114.336334,30.719477],[114.336524,30.719196],[114.337919,30.7199]]]}},{"type":"Feature","id":"a95729c0-9f65-4acd-bc78-1f57d8b051cf","properties":{"id":"a95729c0-9f65-4acd-bc78-1f57d8b051cf","height":67,"num_floors":21,"class":"building","areaM2":5897,"sourceTile":"tile_2_1","sourceFeatureCount":50434,"heightEstimated":true},"geometry":{"type":"Polygon","coordinates":[[[114.337592,30.720687],[114.336103,30.719951],[114.33629,30.719669],[114.337779,30.720405],[114.337592,30.720687]]]}},{"type":"Feature","id":"e2f6da33-5ca2-4641-ad39-4f3cac4abd33","properties":{"id":"e2f6da33-5ca2-4641-ad39-4f3cac4abd33","height":87,"num_floors":1,"class":"building","areaM2":9337,"sourceTile":"tile_2_1","sourceFeatureCount":50434,"heightEstimated":true},"geometry":{"type":"Polygon","coordinates":[[[114.340028,30.719911],[114.33918,30.720048],[114.33896,30.719043],[114.339808,30.718906],[114.340028,30.719911]]]}},{"type":"Feature","id":"1e670a75-835c-436c-a8a7-fc88747fe6ac","properties":{"id":"1e670a75-835c-436c-a8a7-fc88747fe6ac","height":63,"num_floors":20,"class":"building","areaM2":5477,"sourceTile":"tile_2_1","sourceFeatureCount":50434,"heightEstimated":true},"geometry":{"type":"Polygon","coordinates":[[[114.341212,30.710877],[114.341534,30.710247],[114.342222,30.710509],[114.341901,30.711139],[114.341212,30.710877]]]}},{"type":"Feature","id":"ec4fb9d4-f471-405a-9ff6-f482f4a64668","properties":{"id":"ec4fb9d4-f471-405a-9ff6-f482f4a64668","height":18,"num_floors":6,"class":"building","areaM2":31,"sourceTile":"tile_2_1","sourceFeatureCount":50434,"heightEstimated":true},"geometry":{"type":"Polygon","coordinates":[[[114.340666,30.713202],[114.34077,30.713264],[114.340713,30.713287],[114.340666,30.713202]]]}},{"type":"Feature","id":"41b8bcfc-7209-4909-a04e-426c76a3dcdc","properties":{"id":"41b8bcfc-7209-4909-a04e-426c76a3dcdc","height":21,"num_floors":7,"class":"building","areaM2":174,"sourceTile":"tile_2_1","sourceFeatureCount":50434,"heightEstimated":true},"geometry":{"type":"Polygon","coordinates":[[[114.343158,30.714742],[114.342851,30.714813],[114.342874,30.7147],[114.343158,30.714742]]]}},{"type":"Feature","id":"5abf2111-75f8-4224-ac1d-f0bd1b10bba9","properties":{"id":"5abf2111-75f8-4224-ac1d-f0bd1b10bba9","height":20,"num_floors":6,"class":"building","areaM2":201,"sourceTile":"tile_2_1","sourceFeatureCount":50434,"heightEstimated":true},"geometry":{"type":"Polygon","coordinates":[[[114.34479,30.71768],[114.344295,30.717766],[114.344293,30.71769],[114.34479,30.71768]]]}},{"type":"Feature","id":"2feacb54-b9a5-44ae-b48e-ed54d5826d23","properties":{"id":"2feacb54-b9a5-44ae-b48e-ed54d5826d23","height":55,"num_floors":5,"class":"building","areaM2":5849,"sourceTile":"tile_2_1","sourceFeatureCount":50434,"heightEstimated":true},"geometry":{"type":"Polygon","coordinates":[[[114.343453,30.719935],[114.342442,30.719287],[114.34242,30.718886],[114.34326,30.719047],[114.343453,30.719935]]]}},{"type":"Feature","id":"774802fa-5913-4816-89ea-d601252a65dc","properties":{"id":"774802fa-5913-4816-89ea-d601252a65dc","height":56,"num_floors":18,"class":"building","areaM2":5257,"sourceTile":"tile_2_1","sourceFeatureCount":50434,"heightEstimated":true},"geometry":{"type":"Polygon","coordinates":[[[114.341426,30.725076],[114.340991,30.725478],[114.340564,30.724578],[114.341099,30.724388],[114.341426,30.725076]]]}},{"type":"Feature","id":"c5e4a2ce-dfce-4500-859b-b7549f485ecb","properties":{"id":"c5e4a2ce-dfce-4500-859b-b7549f485ecb","height":71,"num_floors":22,"class":"building","areaM2":5617,"sourceTile":"tile_2_1","sourceFeatureCount":50434,"heightEstimated":true},"geometry":{"type":"Polygon","coordinates":[[[114.34312,30.738817],[114.342652,30.739313],[114.342312,30.738747],[114.342801,30.738329],[114.343583,30.73901],[114.343428,30.739143],[114.34312,30.738817]]]}},{"type":"Feature","id":"53197d7d-eec8-4d2a-b5e0-26155b11a8c8","properties":{"id":"53197d7d-eec8-4d2a-b5e0-26155b11a8c8","height":12,"num_floors":4,"class":"building","areaM2":36,"sourceTile":"tile_2_1","sourceFeatureCount":50434,"heightEstimated":true},"geometry":{"type":"Polygon","coordinates":[[[114.343701,30.73627],[114.343579,30.736294],[114.343626,30.736229],[114.343701,30.73627]]]}},{"type":"Feature","id":"278d0970-1e23-4d82-b996-913e31c06bd8","properties":{"id":"278d0970-1e23-4d82-b996-913e31c06bd8","height":94,"num_floors":3,"class":"building","areaM2":16375,"sourceTile":"tile_2_1","sourceFeatureCount":50434,"heightEstimated":true},"geometry":{"type":"Polygon","coordinates":[[[114.344609,30.728236],[114.343839,30.728628],[114.343193,30.728091],[114.344067,30.727788],[114.344459,30.72679],[114.345303,30.72721],[114.344609,30.728236]]]}},{"type":"Feature","id":"bdb3938b-e817-4a31-8072-c817e530e6bb","properties":{"id":"bdb3938b-e817-4a31-8072-c817e530e6bb","height":60,"num_floors":3,"class":"building","areaM2":5218,"sourceTile":"tile_2_1","sourceFeatureCount":50434,"heightEstimated":true},"geometry":{"type":"Polygon","coordinates":[[[114.344223,30.726663],[114.343866,30.727226],[114.34304,30.726288],[114.343356,30.72623],[114.344223,30.726663]]]}},{"type":"Feature","id":"29a79771-81b7-4388-b25f-9c086899b477","properties":{"id":"29a79771-81b7-4388-b25f-9c086899b477","height":14,"num_floors":4,"class":"building","areaM2":125,"sourceTile":"tile_2_1","sourceFeatureCount":50434,"heightEstimated":true},"geometry":{"type":"Polygon","coordinates":[[[114.346638,30.724707],[114.346657,30.724925],[114.346534,30.724767],[114.346638,30.724707]]]}},{"type":"Feature","id":"d69da9b1-6df1-43a6-baa2-fe248c0dd2dd","properties":{"id":"d69da9b1-6df1-43a6-baa2-fe248c0dd2dd","height":8,"num_floors":3,"class":"building","areaM2":10,"sourceTile":"tile_2_1","sourceFeatureCount":50434,"heightEstimated":true},"geometry":{"type":"Polygon","coordinates":[[[114.349863,30.738338],[114.349879,30.738283],[114.349903,30.738317],[114.349863,30.738338]]]}},{"type":"Feature","id":"3764d00d-a357-4e07-ae11-20743eba82d9","properties":{"id":"3764d00d-a357-4e07-ae11-20743eba82d9","height":11,"num_floors":3,"class":"building","areaM2":142,"sourceTile":"tile_2_1","sourceFeatureCount":50434,"heightEstimated":true},"geometry":{"type":"Polygon","coordinates":[[[114.34802,30.723574],[114.348272,30.72363],[114.348016,30.723679],[114.34802,30.723574]]]}},{"type":"Feature","id":"399fc468-11de-493d-994e-233941112b54","properties":{"id":"399fc468-11de-493d-994e-233941112b54","height":8,"num_floors":3,"class":"building","areaM2":24,"sourceTile":"tile_2_1","sourceFeatureCount":50434,"heightEstimated":true},"geometry":{"type":"Polygon","coordinates":[[[114.347675,30.715292],[114.347612,30.715379],[114.347585,30.715346],[114.347675,30.715292]]]}}]}