{"type":"FeatureCollection","name":"wuhan-building-display-tile_1_2","source":"data/geospatial/wuhan/buildings/low/tile_1_2.geojson","sourceFeatureCount":49994,"displayFeatureCount":492,"generatedAt":"2026-06-03T12:54:11.899Z","features":[{"type":"Feature","id":"cb51629b-f921-482b-8d88-6d98c398110b","properties":{"id":"cb51629b-f921-482b-8d88-6d98c398110b","height":33,"num_floors":10,"class":"building","areaM2":458,"sourceTile":"tile_1_2","sourceFeatureCount":49994,"heightEstimated":true},"geometry":{"type":"Polygon","coordinates":[[[114.37919,30.517112],[114.378679,30.51706],[114.379181,30.516942],[114.37919,30.517112]]]}},{"type":"Feature","id":"cd024588-f22a-4bd9-b6a2-4838545bed34","properties":{"id":"cd024588-f22a-4bd9-b6a2-4838545bed34","height":116,"num_floors":36,"class":"building","areaM2":10565,"sourceTile":"tile_1_2","sourceFeatureCount":49994,"heightEstimated":true},"geometry":{"type":"Polygon","coordinates":[[[114.379413,30.517087],[114.379143,30.516336],[114.380165,30.516098],[114.380287,30.516488],[114.380719,30.516618],[114.380477,30.516993],[114.379413,30.517087]]]}},{"type":"Feature","id":"609dd3a7-415c-4540-ad03-73dedc052e58","properties":{"id":"609dd3a7-415c-4540-ad03-73dedc052e58","height":126,"num_floors":39,"class":"building","areaM2":13768,"sourceTile":"tile_1_2","sourceFeatureCount":49994,"heightEstimated":true},"geometry":{"type":"Polygon","coordinates":[[[114.377849,30.517917],[114.376341,30.518233],[114.376143,30.517311],[114.377353,30.51707],[114.377849,30.517917]]]}},{"type":"Feature","id":"0927d2ea-038d-4eb6-a1fb-3d991cf7eaef","properties":{"id":"0927d2ea-038d-4eb6-a1fb-3d991cf7eaef","height":13,"num_floors":4,"class":"building","areaM2":70,"sourceTile":"tile_1_2","sourceFeatureCount":49994,"heightEstimated":true},"geometry":{"type":"Polygon","coordinates":[[[114.385536,30.524758],[114.385704,30.524807],[114.385572,30.524847],[114.385536,30.524758]]]}},{"type":"Feature","id":"34c0dfbd-8f35-4426-a090-39005dc05efe","properties":{"id":"34c0dfbd-8f35-4426-a090-39005dc05efe","height":75,"num_floors":23,"class":"dormitory","areaM2":5136,"sourceTile":"tile_1_2","sourceFeatureCount":49994,"heightEstimated":true},"geometry":{"type":"Polygon","coordinates":[[[114.392002,30.524753],[114.391998,30.525304],[114.391128,30.525322],[114.391134,30.524758],[114.392002,30.524753]]]}},{"type":"Feature","id":"c1c92eed-7381-4c40-bfd3-8a4436489730","properties":{"id":"c1c92eed-7381-4c40-bfd3-8a4436489730","height":39,"num_floors":12,"class":"building","areaM2":125,"sourceTile":"tile_1_2","sourceFeatureCount":49994,"heightEstimated":true},"geometry":{"type":"Polygon","coordinates":[[[114.387228,30.522151],[114.387517,30.522178],[114.387249,30.522234],[114.387228,30.522151]]]}},{"type":"Feature","id":"e69368a5-0592-44d5-a27b-e7e348148be1","properties":{"id":"e69368a5-0592-44d5-a27b-e7e348148be1","height":30,"num_floors":9,"class":"building","areaM2":112,"sourceTile":"tile_1_2","sourceFeatureCount":49994,"heightEstimated":true},"geometry":{"type":"Polygon","coordinates":[[[114.398511,30.517402],[114.398243,30.517307],[114.398519,30.517326],[114.398511,30.517402]]]}},{"type":"Feature","id":"ac351470-924d-4b58-a9b4-fd215dbecba7","properties":{"id":"ac351470-924d-4b58-a9b4-fd215dbecba7","height":84,"num_floors":26,"class":"building","areaM2":5735,"sourceTile":"tile_1_2","sourceFeatureCount":49994,"heightEstimated":true},"geometry":{"type":"Polygon","coordinates":[[[114.406347,30.52105],[114.406073,30.520581],[114.407621,30.520444],[114.407688,30.52101],[114.406514,30.521114],[114.407229,30.520882],[114.407205,30.520676],[114.406312,30.520755],[114.406347,30.52105]]]}},{"type":"Feature","id":"4055e392-9e98-432e-9142-32a0276086b4","properties":{"id":"4055e392-9e98-432e-9142-32a0276086b4","height":17,"num_floors":5,"class":"building","areaM2":17,"sourceTile":"tile_1_2","sourceFeatureCount":49994,"heightEstimated":true},"geometry":{"type":"Polygon","coordinates":[[[114.408512,30.519672],[114.408595,30.519653],[114.408557,30.5197],[114.408512,30.519672]]]}},{"type":"Feature","id":"73201606-f760-47b1-a2d7-481b76611757","properties":{"id":"73201606-f760-47b1-a2d7-481b76611757","height":107,"num_floors":33,"class":"building","areaM2":10507,"sourceTile":"tile_1_2","sourceFeatureCount":49994,"heightEstimated":true},"geometry":{"type":"Polygon","coordinates":[[[114.395405,30.525868],[114.395379,30.525619],[114.396108,30.525602],[114.396226,30.524831],[114.397184,30.52566],[114.396709,30.526074],[114.395405,30.525868]]]}},{"type":"Feature","id":"1e68df8b-328d-46b8-865c-ac7a12d3c2d1","properties":{"id":"1e68df8b-328d-46b8-865c-ac7a12d3c2d1","height":94,"num_floors":29,"class":"university","areaM2":7313,"sourceTile":"tile_1_2","sourceFeatureCount":49994,"heightEstimated":true},"geometry":{"type":"Polygon","coordinates":[[[114.39666,30.519971],[114.396652,30.519158],[114.3975,30.519152],[114.397508,30.519965],[114.39666,30.519971]]]}},{"type":"Feature","id":"1f3fa455-1d3e-435c-b47c-73b238d8573e","properties":{"id":"1f3fa455-1d3e-435c-b47c-73b238d8573e","height":88,"num_floors":28,"class":"university","areaM2":5420,"sourceTile":"tile_1_2","sourceFeatureCount":49994,"heightEstimated":true},"geometry":{"type":"Polygon","coordinates":[[[114.395835,30.523782],[114.393772,30.523251],[114.395214,30.523242],[114.395064,30.523571],[114.395403,30.523567],[114.395394,30.523015],[114.395835,30.523063],[114.395842,30.523435],[114.395525,30.523503],[114.395835,30.523782]]]}},{"type":"Feature","id":"68a8dca2-cf34-4af0-a57f-710b9922849e","properties":{"id":"68a8dca2-cf34-4af0-a57f-710b9922849e","height":29,"num_floors":9,"class":"residential","areaM2":726,"sourceTile":"tile_1_2","sourceFeatureCount":49994,"heightEstimated":true},"geometry":{"type":"Polygon","coordinates":[[[114.393592,30.524348],[114.394685,30.524459],[114.393595,30.524474],[114.393592,30.524348]]]}},{"type":"Feature","id":"b7d0bc78-7bb1-4cfb-ab3f-5e4b89d0da76","properties":{"id":"b7d0bc78-7bb1-4cfb-ab3f-5e4b89d0da76","height":99,"num_floors":31,"class":"university","areaM2":8462,"sourceTile":"tile_1_2","sourceFeatureCount":49994,"heightEstimated":true},"geometry":{"type":"Polygon","coordinates":[[[114.39548,30.532391],[114.393344,30.532112],[114.393415,30.531675],[114.395606,30.532123],[114.39548,30.532391]]]}},{"type":"Feature","id":"3a7ad528-6eb9-4e5e-9662-d594a7b0538e","properties":{"id":"3a7ad528-6eb9-4e5e-9662-d594a7b0538e","height":49,"num_floors":15,"class":"building","areaM2":582,"sourceTile":"tile_1_2","sourceFeatureCount":49994,"heightEstimated":true},"geometry":{"type":"Polygon","coordinates":[[[114.399294,30.529638],[114.399243,30.529371],[114.399564,30.529394],[114.399579,30.529474],[114.399294,30.529638]]]}},{"type":"Feature","id":"b3b91ea8-b7ac-4f3d-922b-c8e3997524b5","properties":{"id":"b3b91ea8-b7ac-4f3d-922b-c8e3997524b5","height":168,"num_floors":53,"class":"building","areaM2":42543,"sourceTile":"tile_1_2","sourceFeatureCount":49994,"heightEstimated":true},"geometry":{"type":"Polygon","coordinates":[[[114.40824,30.527769],[114.406942,30.527792],[114.406903,30.527388],[114.406077,30.527245],[114.406115,30.526928],[114.407902,30.526119],[114.410101,30.52611],[114.410214,30.526489],[114.40905,30.526826],[114.40824,30.527769]]]}},{"type":"Feature","id":"46454c78-daae-4937-8f6c-f556d8c97728","properties":{"id":"46454c78-daae-4937-8f6c-f556d8c97728","height":24,"num_floors":8,"class":"building","areaM2":16,"sourceTile":"tile_1_2","sourceFeatureCount":49994,"heightEstimated":true},"geometry":{"type":"Polygon","coordinates":[[[114.406758,30.531879],[114.40671,30.531969],[114.406687,30.531951],[114.406758,30.531879]]]}},{"type":"Feature","id":"c91d0efe-0baa-49b1-86b4-5f6adce91e3a","properties":{"id":"c91d0efe-0baa-49b1-86b4-5f6adce91e3a","height":16,"num_floors":5,"class":"building","areaM2":18,"sourceTile":"tile_1_2","sourceFeatureCount":49994,"heightEstimated":true},"geometry":{"type":"Polygon","coordinates":[[[114.405841,30.532182],[114.405861,30.532289],[114.405828,30.532286],[114.405841,30.532182]]]}},{"type":"Feature","id":"a48e3fce-384e-4129-b4f8-2e6b63e16344","properties":{"id":"a48e3fce-384e-4129-b4f8-2e6b63e16344","height":10,"num_floors":3,"class":"building","areaM2":45,"sourceTile":"tile_1_2","sourceFeatureCount":49994,"heightEstimated":true},"geometry":{"type":"Polygon","coordinates":[[[114.409166,30.537697],[114.409077,30.537601],[114.409166,30.537601],[114.409166,30.537697]]]}},{"type":"Feature","id":"cb0d476c-c643-4b9b-9c6e-ad049205e327","properties":{"id":"cb0d476c-c643-4b9b-9c6e-ad049205e327","height":31,"num_floors":10,"class":"building","areaM2":18,"sourceTile":"tile_1_2","sourceFeatureCount":49994,"heightEstimated":true},"geometry":{"type":"Polygon","coordinates":[[[114.389077,30.535354],[114.388992,30.535332],[114.389047,30.535306],[114.389077,30.535354]]]}},{"type":"Feature","id":"9e570bed-6a0f-4371-91ca-f6c6f8559e95","properties":{"id":"9e570bed-6a0f-4371-91ca-f6c6f8559e95","height":139,"num_floors":43,"class":"roof","areaM2":16695,"sourceTile":"tile_1_2","sourceFeatureCount":49994,"heightEstimated":true},"geometry":{"type":"Polygon","coordinates":[[[114.387735,30.534344],[114.386989,30.534277],[114.386967,30.533513],[114.388684,30.533475],[114.389168,30.534026],[114.388324,30.534439],[114.387725,30.534102],[114.387735,30.534344]]]}},{"type":"Feature","id":"de86e92a-2197-4c85-8daf-0a094f81126c","properties":{"id":"de86e92a-2197-4c85-8daf-0a094f81126c","height":26,"num_floors":8,"class":"building","areaM2":67,"sourceTile":"tile_1_2","sourceFeatureCount":49994,"heightEstimated":true},"geometry":{"type":"Polygon","coordinates":[[[114.390974,30.532932],[114.390793,30.532922],[114.390931,30.53286],[114.390974,30.532932]]]}},{"type":"Feature","id":"33dbdae5-bfc7-45d2-89a5-4212598031eb","properties":{"id":"33dbdae5-bfc7-45d2-89a5-4212598031eb","height":90,"num_floors":28,"class":"building","areaM2":5286,"sourceTile":"tile_1_2","sourceFeatureCount":49994,"heightEstimated":true},"geometry":{"type":"Polygon","coordinates":[[[114.390692,30.531085],[114.390116,30.530794],[114.390629,30.530737],[114.390826,30.531064],[114.390852,30.530711],[114.391106,30.530725],[114.390825,30.531227],[114.388952,30.531121],[114.388999,30.530491],[114.389983,30.530499],[114.38907,30.530582],[114.389037,30.531011],[114.390692,30.531085]]]}},{"type":"Feature","id":"6b3356c3-3fd3-4d5f-aa41-58be8fab5452","properties":{"id":"6b3356c3-3fd3-4d5f-aa41-58be8fab5452","height":19,"num_floors":6,"class":"building","areaM2":76,"sourceTile":"tile_1_2","sourceFeatureCount":49994,"heightEstimated":true},"geometry":{"type":"Polygon","coordinates":[[[114.382675,30.526387],[114.382489,30.526433],[114.382602,30.526328],[114.382675,30.526387]]]}},{"type":"Feature","id":"78333c37-7877-48ba-8dcb-ef798c637459","properties":{"id":"78333c37-7877-48ba-8dcb-ef798c637459","height":22,"num_floors":7,"class":"building","areaM2":486,"sourceTile":"tile_1_2","sourceFeatureCount":49994,"heightEstimated":true},"geometry":{"type":"Polygon","coordinates":[[[114.368077,30.5327],[114.368863,30.532896],[114.368041,30.532808],[114.368077,30.5327]]]}},{"type":"Feature","id":"1a860f2e-9028-4242-ad14-5192ce92e68e","properties":{"id":"1a860f2e-9028-4242-ad14-5192ce92e68e","height":138,"num_floors":5,"class":"library","areaM2":16318,"sourceTile":"tile_1_2","sourceFeatureCount":49994,"heightEstimated":true},"geometry":{"type":"Polygon","coordinates":[[[114.356749,30.537132],[114.357601,30.53673],[114.357732,30.537261],[114.358093,30.537195],[114.358205,30.537648],[114.357918,30.5377],[114.358207,30.538271],[114.357831,30.538339],[114.357762,30.538059],[114.357079,30.538469],[114.356749,30.537132]],[[114.3576,30.53764],[114.357871,30.537873],[114.35777,30.537464],[114.3576,30.53764]],[[114.357031,30.537741],[114.357098,30.538016],[114.357596,30.537925],[114.357529,30.53765],[114.357031,30.537741]]]}},{"type":"Feature","id":"cbc4b6dc-d845-4530-801d-4e7372c19543","properties":{"id":"cbc4b6dc-d845-4530-801d-4e7372c19543","height":40,"num_floors":13,"class":"apartments","areaM2":271,"sourceTile":"tile_1_2","sourceFeatureCount":49994,"heightEstimated":true},"geometry":{"type":"Polygon","coordinates":[[[114.358581,30.533982],[114.359165,30.533935],[114.358601,30.534068],[114.358581,30.533982]]]}},{"type":"Feature","id":"7035526a-d863-449a-98d4-679dfdf15771","properties":{"id":"7035526a-d863-449a-98d4-679dfdf15771","height":30,"num_floors":9,"class":"apartments","areaM2":201,"sourceTile":"tile_1_2","sourceFeatureCount":49994,"heightEstimated":true},"geometry":{"type":"Polygon","coordinates":[[[114.360719,30.531316],[114.36053,30.53153],[114.360448,30.531423],[114.360719,30.531316]]]}},{"type":"Feature","id":"4d52a87a-0cec-4668-9020-ee8b187f7068","properties":{"id":"4d52a87a-0cec-4668-9020-ee8b187f7068","height":91,"num_floors":28,"class":"office","areaM2":7245,"sourceTile":"tile_1_2","sourceFeatureCount":49994,"heightEstimated":true},"geometry":{"type":"Polygon","coordinates":[[[114.365145,30.529312],[114.364147,30.52838],[114.364612,30.528523],[114.36462,30.528218],[114.365042,30.528237],[114.365525,30.528854],[114.365145,30.529312]],[[114.364968,30.5288],[114.364684,30.528721],[114.364857,30.52893],[114.364968,30.5288]]]}},{"type":"Feature","id":"13ba0668-9ceb-4055-936c-b9b4db312039","properties":{"id":"13ba0668-9ceb-4055-936c-b9b4db312039","height":17,"num_floors":5,"class":"building","areaM2":73,"sourceTile":"tile_1_2","sourceFeatureCount":49994,"heightEstimated":true},"geometry":{"type":"Polygon","coordinates":[[[114.368144,30.526904],[114.367981,30.52703],[114.367953,30.526968],[114.368144,30.526904]]]}},{"type":"Feature","id":"72a97da8-ec50-451b-a11a-9bcb2564777f","properties":{"id":"72a97da8-ec50-451b-a11a-9bcb2564777f","height":70,"num_floors":22,"class":"building","areaM2":5250,"sourceTile":"tile_1_2","sourceFeatureCount":49994,"heightEstimated":true},"geometry":{"type":"Polygon","coordinates":[[[114.370047,30.531368],[114.368594,30.531287],[114.368564,30.531843],[114.369283,30.532199],[114.368357,30.531961],[114.368506,30.531124],[114.36968,30.531054],[114.370047,30.531368]]]}},{"type":"Feature","id":"94a3e731-a4b7-4618-985e-6e2a4716fe90","properties":{"id":"94a3e731-a4b7-4618-985e-6e2a4716fe90","height":15,"num_floors":5,"class":"building","areaM2":205,"sourceTile":"tile_1_2","sourceFeatureCount":49994,"heightEstimated":true},"geometry":{"type":"Polygon","coordinates":[[[114.366452,30.519178],[114.366347,30.519448],[114.366299,30.519203],[114.366452,30.519178]]]}},{"type":"Feature","id":"96a8f091-c4e3-4375-9a79-fe9ea9233632","properties":{"id":"96a8f091-c4e3-4375-9a79-fe9ea9233632","height":91,"num_floors":28,"class":"building","areaM2":6123,"sourceTile":"tile_1_2","sourceFeatureCount":49994,"heightEstimated":true},"geometry":{"type":"Polygon","coordinates":[[[114.372878,30.52147],[114.372575,30.520799],[114.3734,30.520619],[114.373609,30.521328],[114.372878,30.52147]]]}},{"type":"Feature","id":"3c0bc549-6bdc-41fe-8749-81a9209dad0a","properties":{"id":"3c0bc549-6bdc-41fe-8749-81a9209dad0a","height":33,"num_floors":10,"class":"building","areaM2":85,"sourceTile":"tile_1_2","sourceFeatureCount":49994,"heightEstimated":true},"geometry":{"type":"Polygon","coordinates":[[[114.371645,30.518143],[114.371443,30.518233],[114.371436,30.518157],[114.371645,30.518143]]]}},{"type":"Feature","id":"99d6ef78-9168-43cc-8b66-e9a69269fc44","properties":{"id":"99d6ef78-9168-43cc-8b66-e9a69269fc44","height":35,"num_floors":11,"class":"hospital","areaM2":440,"sourceTile":"tile_1_2","sourceFeatureCount":49994,"heightEstimated":true},"geometry":{"type":"Polygon","coordinates":[[[114.357313,30.521805],[114.356823,30.521635],[114.357313,30.521635],[114.357313,30.521805]]]}},{"type":"Feature","id":"87049fc9-c662-40d0-9776-2d68022e515d","properties":{"id":"87049fc9-c662-40d0-9776-2d68022e515d","height":68,"num_floors":21,"class":"retail","areaM2":5226,"sourceTile":"tile_1_2","sourceFeatureCount":49994,"heightEstimated":true},"geometry":{"type":"Polygon","coordinates":[[[114.358731,30.524153],[114.358066,30.524806],[114.357745,30.524458],[114.358228,30.523756],[114.358731,30.524153]]]}},{"type":"Feature","id":"32602fe8-cfac-4bc8-9341-397474ae5183","properties":{"id":"32602fe8-cfac-4bc8-9341-397474ae5183","height":24,"num_floors":8,"class":"building","areaM2":301,"sourceTile":"tile_1_2","sourceFeatureCount":49994,"heightEstimated":true},"geometry":{"type":"Polygon","coordinates":[[[114.357054,30.525344],[114.356541,30.525495],[114.356988,30.525253],[114.357054,30.525344]]]}},{"type":"Feature","id":"4dd9530f-a7b6-4306-b263-68a500b302f8","properties":{"id":"4dd9530f-a7b6-4306-b263-68a500b302f8","height":82,"num_floors":26,"class":"building","areaM2":6461,"sourceTile":"tile_1_2","sourceFeatureCount":49994,"heightEstimated":true},"geometry":{"type":"Polygon","coordinates":[[[114.353346,30.518556],[114.352726,30.518284],[114.352698,30.517834],[114.353319,30.517541],[114.353643,30.51826],[114.353346,30.518556]]]}},{"type":"Feature","id":"cd9f09a5-ca5f-4f5e-8c24-5048554dfd2c","properties":{"id":"cd9f09a5-ca5f-4f5e-8c24-5048554dfd2c","height":103,"num_floors":32,"class":"commercial","areaM2":8518,"sourceTile":"tile_1_2","sourceFeatureCount":49994,"heightEstimated":true},"geometry":{"type":"Polygon","coordinates":[[[114.350402,30.527774],[114.349411,30.528071],[114.349119,30.527347],[114.35011,30.527051],[114.350402,30.527774]]]}},{"type":"Feature","id":"03f441d0-9d98-41f7-a8dd-03a33ef3e166","properties":{"id":"03f441d0-9d98-41f7-a8dd-03a33ef3e166","height":15,"num_floors":22,"class":"commercial","areaM2":9862,"sourceTile":"tile_1_2","sourceFeatureCount":49994,"heightEstimated":false},"geometry":{"type":"Polygon","coordinates":[[[114.351818,30.528913],[114.350054,30.529117],[114.349925,30.528791],[114.351779,30.528245],[114.351818,30.528913]]]}},{"type":"Feature","id":"866abcf4-49c6-478c-900b-a1c8d74b88c6","properties":{"id":"866abcf4-49c6-478c-900b-a1c8d74b88c6","height":8,"num_floors":3,"class":"building","areaM2":31,"sourceTile":"tile_1_2","sourceFeatureCount":49994,"heightEstimated":true},"geometry":{"type":"Polygon","coordinates":[[[114.350078,30.526725],[114.349946,30.526715],[114.349973,30.526673],[114.350078,30.526725]]]}},{"type":"Feature","id":"e51208b9-2db5-4e23-aae4-6697a7802dd1","properties":{"id":"e51208b9-2db5-4e23-aae4-6697a7802dd1","height":30,"num_floors":9,"class":"roof","areaM2":55,"sourceTile":"tile_1_2","sourceFeatureCount":49994,"heightEstimated":true},"geometry":{"type":"Polygon","coordinates":[[[114.352886,30.534447],[114.352811,30.534587],[114.352812,30.534447],[114.352886,30.534447]]]}},{"type":"Feature","id":"eecea3e4-11be-4c3e-8b20-b863d7095152","properties":{"id":"eecea3e4-11be-4c3e-8b20-b863d7095152","height":89,"num_floors":28,"class":"university","areaM2":5717,"sourceTile":"tile_1_2","sourceFeatureCount":49994,"heightEstimated":true},"geometry":{"type":"Polygon","coordinates":[[[114.355251,30.535182],[114.355605,30.535931],[114.354785,30.536095],[114.35463,30.535526],[114.355251,30.535182]],[[114.354846,30.535693],[114.354903,30.535916],[114.355226,30.535854],[114.355157,30.535585],[114.354846,30.535693]]]}},{"type":"Feature","id":"52df36c8-edf7-43ca-a585-ea196b62dd6c","properties":{"id":"52df36c8-edf7-43ca-a585-ea196b62dd6c","height":50,"num_floors":8,"class":"university","areaM2":7128,"sourceTile":"tile_1_2","sourceFeatureCount":49994,"heightEstimated":false},"geometry":{"type":"Polygon","coordinates":[[[114.351894,30.536325],[114.35214,30.537505],[114.351602,30.537589],[114.351329,30.536413],[114.351894,30.536325]],[[114.351806,30.536719],[114.351623,30.53719],[114.351896,30.537148],[114.351806,30.536719]]]}},{"type":"Feature","id":"86289a23-a14e-42ce-9477-49252e792bc6","properties":{"id":"86289a23-a14e-42ce-9477-49252e792bc6","height":107,"num_floors":33,"class":"university","areaM2":8200,"sourceTile":"tile_1_2","sourceFeatureCount":49994,"heightEstimated":true},"geometry":{"type":"Polygon","coordinates":[[[114.354717,30.543205],[114.35579,30.543251],[114.355775,30.543949],[114.354635,30.543902],[114.354717,30.543205]]]}},{"type":"Feature","id":"58215bb1-9da1-45f1-a1c1-14a860a3f7a1","properties":{"id":"58215bb1-9da1-45f1-a1c1-14a860a3f7a1","height":35,"num_floors":11,"class":"apartments","areaM2":481,"sourceTile":"tile_1_2","sourceFeatureCount":49994,"heightEstimated":true},"geometry":{"type":"Polygon","coordinates":[[[114.351928,30.543211],[114.351284,30.543105],[114.351916,30.543068],[114.351928,30.543211]]]}},{"type":"Feature","id":"11103ec9-cc09-44b6-a13b-3f5b72bf8f5c","properties":{"id":"11103ec9-cc09-44b6-a13b-3f5b72bf8f5c","height":29,"num_floors":3,"class":"sports_hall","areaM2":7298,"sourceTile":"tile_1_2","sourceFeatureCount":49994,"heightEstimated":false},"geometry":{"type":"Polygon","coordinates":[[[114.352175,30.539772],[114.35132,30.539483],[114.35154,30.538788],[114.352353,30.538914],[114.352175,30.539772]]]}},{"type":"Feature","id":"a3ce34e3-62a2-4264-b491-07b7f3916c5b","properties":{"id":"a3ce34e3-62a2-4264-b491-07b7f3916c5b","height":105,"num_floors":33,"class":"university","areaM2":11737,"sourceTile":"tile_1_2","sourceFeatureCount":49994,"heightEstimated":true},"geometry":{"type":"Polygon","coordinates":[[[114.353288,30.538227],[114.35421,30.538099],[114.354329,30.539105],[114.353039,30.539239],[114.353288,30.538227]],[[114.353302,30.538346],[114.353328,30.538554],[114.354097,30.538419],[114.35408,30.53827],[114.353302,30.538346]],[[114.353388,30.539071],[114.354157,30.538947],[114.354142,30.538801],[114.353341,30.538683],[114.353388,30.539071]]]}},{"type":"Feature","id":"408b512b-3281-4ede-8317-6008fe2b58df","properties":{"id":"408b512b-3281-4ede-8317-6008fe2b58df","height":76,"num_floors":24,"class":"university","areaM2":5866,"sourceTile":"tile_1_2","sourceFeatureCount":49994,"heightEstimated":true},"geometry":{"type":"Polygon","coordinates":[[[114.352929,30.540592],[114.352531,30.540535],[114.352719,30.539567],[114.353434,30.539671],[114.352929,30.540592]]]}},{"type":"Feature","id":"b1c76484-71b3-4c9c-ad65-79eaebe3307d","properties":{"id":"b1c76484-71b3-4c9c-ad65-79eaebe3307d","height":105,"num_floors":33,"class":"university","areaM2":10705,"sourceTile":"tile_1_2","sourceFeatureCount":49994,"heightEstimated":true},"geometry":{"type":"Polygon","coordinates":[[[114.352129,30.541765],[114.351287,30.541607],[114.351626,30.541227],[114.35112,30.540999],[114.351765,30.540964],[114.351201,30.540569],[114.352763,30.540804],[114.35253,30.541359],[114.352113,30.541297],[114.352129,30.541765]],[[114.352525,30.540914],[114.352212,30.540869],[114.352067,30.541124],[114.352473,30.541183],[114.352525,30.540914]],[[114.35171,30.541439],[114.352055,30.541006],[114.351804,30.540969],[114.35171,30.541439]]]}},{"type":"Feature","id":"c6ad1ae2-ace0-4f52-97cb-1055d6ade95d","properties":{"id":"c6ad1ae2-ace0-4f52-97cb-1055d6ade95d","height":101,"num_floors":32,"class":"university","areaM2":7195,"sourceTile":"tile_1_2","sourceFeatureCount":49994,"heightEstimated":true},"geometry":{"type":"Polygon","coordinates":[[[114.366338,30.540787],[114.366163,30.541346],[114.364842,30.54117],[114.364915,30.540758],[114.366338,30.540787]],[[114.364998,30.540933],[114.365092,30.541088],[114.365076,30.54094],[114.364998,30.540933]],[[114.365929,30.541048],[114.366128,30.541175],[114.36614,30.541063],[114.365929,30.541048]]]}},{"type":"Feature","id":"0eb19323-400e-47e0-b7d7-2a065b16abdb","properties":{"id":"0eb19323-400e-47e0-b7d7-2a065b16abdb","height":88,"num_floors":28,"class":"university","areaM2":8595,"sourceTile":"tile_1_2","sourceFeatureCount":49994,"heightEstimated":true},"geometry":{"type":"Polygon","coordinates":[[[114.368403,30.541395],[114.366833,30.54135],[114.366785,30.541013],[114.368464,30.540733],[114.368403,30.541395]]]}},{"type":"Feature","id":"6dfbd50a-d590-4dee-99e7-ce8eabdab7b0","properties":{"id":"6dfbd50a-d590-4dee-99e7-ce8eabdab7b0","height":19,"num_floors":6,"class":"building","areaM2":147,"sourceTile":"tile_1_2","sourceFeatureCount":49994,"heightEstimated":true},"geometry":{"type":"Polygon","coordinates":[[[114.367418,30.541743],[114.367632,30.541863],[114.367418,30.541872],[114.367418,30.541743]]]}},{"type":"Feature","id":"c4321e05-feef-41e0-867f-4aaf6b662f1f","properties":{"id":"c4321e05-feef-41e0-867f-4aaf6b662f1f","height":92,"num_floors":29,"class":"university","areaM2":5833,"sourceTile":"tile_1_2","sourceFeatureCount":49994,"heightEstimated":true},"geometry":{"type":"Polygon","coordinates":[[[114.364875,30.541425],[114.365923,30.541769],[114.365736,30.542203],[114.364748,30.541985],[114.364875,30.541425]],[[114.365155,30.541848],[114.364936,30.541611],[114.364914,30.541829],[114.365155,30.541848]],[[114.365209,30.541807],[114.365384,30.542015],[114.365404,30.541822],[114.365209,30.541807]]]}},{"type":"Feature","id":"039077f0-c3a3-427f-812c-79db12c97895","properties":{"id":"039077f0-c3a3-427f-812c-79db12c97895","height":101,"num_floors":32,"class":"university","areaM2":6693,"sourceTile":"tile_1_2","sourceFeatureCount":49994,"heightEstimated":true},"geometry":{"type":"Polygon","coordinates":[[[114.367801,30.543375],[114.367672,30.543899],[114.36624,30.543566],[114.366581,30.543223],[114.367801,30.543375]]]}},{"type":"Feature","id":"24d708f7-7f9a-4cd0-8a78-5bc05787bdd4","properties":{"id":"24d708f7-7f9a-4cd0-8a78-5bc05787bdd4","height":83,"num_floors":26,"class":"sports_hall","areaM2":6176,"sourceTile":"tile_1_2","sourceFeatureCount":49994,"heightEstimated":true},"geometry":{"type":"Polygon","coordinates":[[[114.361522,30.54651],[114.360864,30.54644],[114.361015,30.545531],[114.361615,30.545593],[114.361522,30.54651]]]}},{"type":"Feature","id":"051ca5f7-7954-4946-b6de-a4f34bba8bd9","properties":{"id":"051ca5f7-7954-4946-b6de-a4f34bba8bd9","height":93,"num_floors":5,"class":"university","areaM2":9298,"sourceTile":"tile_1_2","sourceFeatureCount":49994,"heightEstimated":true},"geometry":{"type":"Polygon","coordinates":[[[114.357024,30.54615],[114.35704,30.546791],[114.356768,30.546762],[114.356893,30.546409],[114.356443,30.546364],[114.356456,30.546728],[114.356188,30.5467],[114.356383,30.545755],[114.356006,30.545752],[114.356035,30.545548],[114.357506,30.545701],[114.357024,30.54615]],[[114.35659,30.545816],[114.35654,30.546188],[114.356852,30.546219],[114.356902,30.545849],[114.35659,30.545816]]]}},{"type":"Feature","id":"601e2f6e-3ee5-4e9d-b67d-49309dd35765","properties":{"id":"601e2f6e-3ee5-4e9d-b67d-49309dd35765","height":75,"num_floors":23,"class":"building","areaM2":5198,"sourceTile":"tile_1_2","sourceFeatureCount":49994,"heightEstimated":true},"geometry":{"type":"Polygon","coordinates":[[[114.362279,30.55817],[114.361708,30.558087],[114.361754,30.557434],[114.362406,30.557439],[114.362538,30.557682],[114.362279,30.55817]],[[114.362279,30.557546],[114.362393,30.557626],[114.362356,30.55755],[114.362279,30.557546]],[[114.362178,30.557872],[114.361945,30.557707],[114.361933,30.557858],[114.362178,30.557872]]]}},{"type":"Feature","id":"f0a445d5-adab-4d46-99f3-d4de5ecc9fa5","properties":{"id":"f0a445d5-adab-4d46-99f3-d4de5ecc9fa5","height":96,"num_floors":30,"class":"building","areaM2":8612,"sourceTile":"tile_1_2","sourceFeatureCount":49994,"heightEstimated":true},"geometry":{"type":"Polygon","coordinates":[[[114.366453,30.561621],[114.365802,30.561187],[114.366138,30.560549],[114.366576,30.560548],[114.367064,30.561126],[114.366453,30.561621]]]}},{"type":"Feature","id":"29fa3909-68fa-4427-ab43-00a53d84a4a9","properties":{"id":"29fa3909-68fa-4427-ab43-00a53d84a4a9","height":117,"num_floors":37,"class":"building","areaM2":17421,"sourceTile":"tile_1_2","sourceFeatureCount":49994,"heightEstimated":true},"geometry":{"type":"Polygon","coordinates":[[[114.365562,30.563177],[114.365066,30.563243],[114.365143,30.562721],[114.366044,30.562667],[114.366119,30.562909],[114.366738,30.562203],[114.367126,30.562166],[114.367337,30.562852],[114.366811,30.563073],[114.366901,30.563328],[114.366185,30.563352],[114.365982,30.56365],[114.365517,30.563468],[114.365562,30.563177]]]}},{"type":"Feature","id":"631a9172-b7a5-4df5-b387-cebca9b40d66","properties":{"id":"631a9172-b7a5-4df5-b387-cebca9b40d66","height":112,"num_floors":35,"class":"building","areaM2":8714,"sourceTile":"tile_1_2","sourceFeatureCount":49994,"heightEstimated":true},"geometry":{"type":"Polygon","coordinates":[[[114.364065,30.562552],[114.363733,30.561785],[114.364086,30.561909],[114.364294,30.561516],[114.364793,30.561527],[114.364815,30.561186],[114.365547,30.56165],[114.364638,30.561965],[114.364065,30.562552]]]}},{"type":"Feature","id":"10c1f04a-fdb3-4818-beff-5a248321b440","properties":{"id":"10c1f04a-fdb3-4818-beff-5a248321b440","height":103,"num_floors":32,"class":"college","areaM2":13171,"sourceTile":"tile_1_2","sourceFeatureCount":49994,"heightEstimated":true},"geometry":{"type":"Polygon","coordinates":[[[114.357764,30.562519],[114.357001,30.56221],[114.357205,30.561869],[114.359107,30.56271],[114.358726,30.563349],[114.357573,30.562839],[114.357764,30.562519]],[[114.357722,30.5624],[114.357731,30.562241],[114.357654,30.56237],[114.357722,30.5624]]]}},{"type":"Feature","id":"b0a9b764-ded4-4e0a-b7c4-2934d4ac874b","properties":{"id":"b0a9b764-ded4-4e0a-b7c4-2934d4ac874b","height":98,"num_floors":31,"class":"building","areaM2":9543,"sourceTile":"tile_1_2","sourceFeatureCount":49994,"heightEstimated":true},"geometry":{"type":"Polygon","coordinates":[[[114.360883,30.56359],[114.35954,30.562978],[114.359862,30.562454],[114.361205,30.563066],[114.360883,30.56359]]]}},{"type":"Feature","id":"b0b6f0b5-ec4e-466b-bc4d-6726fedfbb22","properties":{"id":"b0b6f0b5-ec4e-466b-bc4d-6726fedfbb22","height":100,"num_floors":31,"class":"building","areaM2":7460,"sourceTile":"tile_1_2","sourceFeatureCount":49994,"heightEstimated":true},"geometry":{"type":"Polygon","coordinates":[[[114.359328,30.563549],[114.359465,30.563094],[114.360799,30.563705],[114.360244,30.564135],[114.359328,30.563549]]]}},{"type":"Feature","id":"f7333f71-0f8a-4342-9e94-c7fb39620a77","properties":{"id":"f7333f71-0f8a-4342-9e94-c7fb39620a77","height":8,"num_floors":3,"class":"building","areaM2":78,"sourceTile":"tile_1_2","sourceFeatureCount":49994,"heightEstimated":true},"geometry":{"type":"Polygon","coordinates":[[[114.360457,30.564065],[114.360286,30.564194],[114.360386,30.564032],[114.360457,30.564065]]]}},{"type":"Feature","id":"8a27bf93-4973-41c7-a187-6df571a69d58","properties":{"id":"8a27bf93-4973-41c7-a187-6df571a69d58","height":55,"num_floors":17,"class":"apartments","areaM2":1323,"sourceTile":"tile_1_2","sourceFeatureCount":49994,"heightEstimated":true},"geometry":{"type":"Polygon","coordinates":[[[114.350608,30.553473],[114.350456,30.553112],[114.35071,30.552977],[114.350892,30.553436],[114.350608,30.553473]]]}},{"type":"Feature","id":"71d622c1-c6f6-4e44-ad5e-73d660827000","properties":{"id":"71d622c1-c6f6-4e44-ad5e-73d660827000","height":82,"num_floors":26,"class":"industrial","areaM2":6497,"sourceTile":"tile_1_2","sourceFeatureCount":49994,"heightEstimated":true},"geometry":{"type":"Polygon","coordinates":[[[114.354722,30.567079],[114.353657,30.567266],[114.353666,30.566683],[114.354731,30.566507],[114.354722,30.567079]]]}},{"type":"Feature","id":"453c7be7-d316-4dd4-a850-4161c6f8c04a","properties":{"id":"453c7be7-d316-4dd4-a850-4161c6f8c04a","height":19,"num_floors":6,"class":"building","areaM2":17,"sourceTile":"tile_1_2","sourceFeatureCount":49994,"heightEstimated":true},"geometry":{"type":"Polygon","coordinates":[[[114.353198,30.570637],[114.353279,30.570613],[114.35326,30.570658],[114.353198,30.570637]]]}},{"type":"Feature","id":"1c5e946f-d7d4-4c40-bfce-36fb889eb3fa","properties":{"id":"1c5e946f-d7d4-4c40-bfce-36fb889eb3fa","height":40,"num_floors":13,"class":"building","areaM2":1385,"sourceTile":"tile_1_2","sourceFeatureCount":49994,"heightEstimated":true},"geometry":{"type":"Polygon","coordinates":[[[114.35548,30.573407],[114.355896,30.573836],[114.355718,30.573965],[114.3553,30.573538],[114.35548,30.573407]]]}},{"type":"Feature","id":"9b3796e1-466c-4e85-b1b2-222180c62927","properties":{"id":"9b3796e1-466c-4e85-b1b2-222180c62927","height":34,"num_floors":11,"class":"building","areaM2":20,"sourceTile":"tile_1_2","sourceFeatureCount":49994,"heightEstimated":true},"geometry":{"type":"Polygon","coordinates":[[[114.35139,30.58771],[114.351308,30.587751],[114.35134,30.58769],[114.35139,30.58771]]]}},{"type":"Feature","id":"6450bc27-5ae5-4b43-920c-a39cba837da9","properties":{"id":"6450bc27-5ae5-4b43-920c-a39cba837da9","height":84,"num_floors":26,"class":"building","areaM2":9118,"sourceTile":"tile_1_2","sourceFeatureCount":49994,"heightEstimated":true},"geometry":{"type":"Polygon","coordinates":[[[114.351988,30.580418],[114.351321,30.580874],[114.350699,30.5802],[114.351597,30.579586],[114.351988,30.580418]]]}},{"type":"Feature","id":"fecd00c6-9a49-4d6d-b8cb-af57f738ca87","properties":{"id":"fecd00c6-9a49-4d6d-b8cb-af57f738ca87","height":36,"num_floors":11,"class":"building","areaM2":243,"sourceTile":"tile_1_2","sourceFeatureCount":49994,"heightEstimated":true},"geometry":{"type":"Polygon","coordinates":[[[114.350075,30.578389],[114.34974,30.578536],[114.349733,30.578402],[114.350075,30.578389]]]}},{"type":"Feature","id":"453d5d75-ef08-42b1-a613-6328fd296bc5","properties":{"id":"453d5d75-ef08-42b1-a613-6328fd296bc5","height":168,"num_floors":53,"class":"train_station","areaM2":40453,"sourceTile":"tile_1_2","sourceFeatureCount":49994,"heightEstimated":true},"geometry":{"type":"Polygon","coordinates":[[[114.357027,30.580402],[114.355988,30.579406],[114.354716,30.580206],[114.354296,30.57965],[114.35553,30.578922],[114.354326,30.577599],[114.354783,30.577257],[114.355956,30.578591],[114.357452,30.578192],[114.357531,30.578714],[114.356436,30.57912],[114.357416,30.580185],[114.357027,30.580402]]]}},{"type":"Feature","id":"5484d6ec-6929-4c94-ae66-4d916d273e80","properties":{"id":"5484d6ec-6929-4c94-ae66-4d916d273e80","height":136,"num_floors":43,"class":"building","areaM2":15074,"sourceTile":"tile_1_2","sourceFeatureCount":49994,"heightEstimated":true},"geometry":{"type":"Polygon","coordinates":[[[114.355715,30.577851],[114.355812,30.577364],[114.35733,30.577632],[114.358478,30.577415],[114.358695,30.577865],[114.35719,30.57814],[114.355715,30.577851]]]}},{"type":"Feature","id":"902ac808-f394-484b-8404-f32b6ae5db5a","properties":{"id":"902ac808-f394-484b-8404-f32b6ae5db5a","height":21,"num_floors":7,"class":"building","areaM2":67,"sourceTile":"tile_1_2","sourceFeatureCount":49994,"heightEstimated":true},"geometry":{"type":"Polygon","coordinates":[[[114.362688,30.578986],[114.362556,30.578877],[114.362646,30.578856],[114.362688,30.578986]]]}},{"type":"Feature","id":"ff0a72ea-4f43-477c-b71a-e051781c1861","properties":{"id":"ff0a72ea-4f43-477c-b71a-e051781c1861","height":14,"num_floors":4,"class":"building","areaM2":84,"sourceTile":"tile_1_2","sourceFeatureCount":49994,"heightEstimated":true},"geometry":{"type":"Polygon","coordinates":[[[114.360457,30.585696],[114.360515,30.585488],[114.360535,30.58569],[114.360457,30.585696]]]}},{"type":"Feature","id":"e32adcab-7dc9-4717-8783-5d3db31a0a3b","properties":{"id":"e32adcab-7dc9-4717-8783-5d3db31a0a3b","height":72,"num_floors":23,"class":"building","areaM2":6009,"sourceTile":"tile_1_2","sourceFeatureCount":49994,"heightEstimated":true},"geometry":{"type":"Polygon","coordinates":[[[114.367985,30.586487],[114.36773,30.586318],[114.368188,30.58624],[114.367215,30.585143],[114.367317,30.584924],[114.368441,30.585965],[114.368459,30.586237],[114.367985,30.586487]]]}},{"type":"Feature","id":"3367fbae-d275-482b-bd0e-f2c6fbf8f543","properties":{"id":"3367fbae-d275-482b-bd0e-f2c6fbf8f543","height":41,"num_floors":13,"class":"building","areaM2":179,"sourceTile":"tile_1_2","sourceFeatureCount":49994,"heightEstimated":true},"geometry":{"type":"Polygon","coordinates":[[[114.367268,30.589562],[114.367051,30.589645],[114.366915,30.589541],[114.367268,30.589562]]]}},{"type":"Feature","id":"bbb9f594-14a2-4ff0-b0f6-85a84ce4f82a","properties":{"id":"bbb9f594-14a2-4ff0-b0f6-85a84ce4f82a","height":35,"num_floors":11,"class":"building","areaM2":266,"sourceTile":"tile_1_2","sourceFeatureCount":49994,"heightEstimated":true},"geometry":{"type":"Polygon","coordinates":[[[114.366714,30.578032],[114.366988,30.578237],[114.366683,30.578193],[114.366714,30.578032]]]}},{"type":"Feature","id":"6949151b-ecea-45be-bf7a-a3653c8e8c08","properties":{"id":"6949151b-ecea-45be-bf7a-a3653c8e8c08","height":32,"num_floors":10,"class":"building","areaM2":479,"sourceTile":"tile_1_2","sourceFeatureCount":49994,"heightEstimated":true},"geometry":{"type":"Polygon","coordinates":[[[114.359719,30.576501],[114.358939,30.576534],[114.359689,30.576386],[114.359719,30.576501]]]}},{"type":"Feature","id":"a858f950-e1ee-4080-b365-d617577bb1ef","properties":{"id":"a858f950-e1ee-4080-b365-d617577bb1ef","height":13,"num_floors":4,"class":"building","areaM2":78,"sourceTile":"tile_1_2","sourceFeatureCount":49994,"heightEstimated":true},"geometry":{"type":"Polygon","coordinates":[[[114.361348,30.570214],[114.361388,30.570264],[114.361149,30.570333],[114.361348,30.570214]]]}},{"type":"Feature","id":"160f20d0-389d-41c8-a754-f0e320c25fe4","properties":{"id":"160f20d0-389d-41c8-a754-f0e320c25fe4","height":93,"num_floors":29,"class":"commercial","areaM2":7845,"sourceTile":"tile_1_2","sourceFeatureCount":49994,"heightEstimated":true},"geometry":{"type":"Polygon","coordinates":[[[114.36114,30.569902],[114.360563,30.570259],[114.359857,30.569413],[114.360433,30.569056],[114.36114,30.569902]]]}},{"type":"Feature","id":"e5765a74-8554-4eb0-ac21-7cd66919bedb","properties":{"id":"e5765a74-8554-4eb0-ac21-7cd66919bedb","height":80,"num_floors":25,"class":"building","areaM2":5431,"sourceTile":"tile_1_2","sourceFeatureCount":49994,"heightEstimated":true},"geometry":{"type":"Polygon","coordinates":[[[114.359809,30.565975],[114.360236,30.56577],[114.36063,30.566767],[114.359764,30.566563],[114.359809,30.565975]]]}},{"type":"Feature","id":"34aeec19-c1fb-4b09-84e7-ac97afe9a759","properties":{"id":"34aeec19-c1fb-4b09-84e7-ac97afe9a759","height":33,"num_floors":10,"class":"building","areaM2":31,"sourceTile":"tile_1_2","sourceFeatureCount":49994,"heightEstimated":true},"geometry":{"type":"Polygon","coordinates":[[[114.36763,30.568878],[114.367673,30.569007],[114.36763,30.569017],[114.36763,30.568878]]]}},{"type":"Feature","id":"f6d68a40-f1e5-4811-a5a7-12bd7d09bb50","properties":{"id":"f6d68a40-f1e5-4811-a5a7-12bd7d09bb50","height":24,"num_floors":8,"class":"building","areaM2":20,"sourceTile":"tile_1_2","sourceFeatureCount":49994,"heightEstimated":true},"geometry":{"type":"Polygon","coordinates":[[[114.379139,30.589268],[114.379082,30.589204],[114.379148,30.589211],[114.379139,30.589268]]]}},{"type":"Feature","id":"17246bd0-9032-4047-a49a-f5179a670c9f","properties":{"id":"17246bd0-9032-4047-a49a-f5179a670c9f","height":24,"num_floors":8,"class":"building","areaM2":174,"sourceTile":"tile_1_2","sourceFeatureCount":49994,"heightEstimated":true},"geometry":{"type":"Polygon","coordinates":[[[114.408413,30.568618],[114.408678,30.568686],[114.40876,30.568831],[114.408413,30.568618]]]}},{"type":"Feature","id":"c4146804-b18c-491e-9819-8c2df1fdf751","properties":{"id":"c4146804-b18c-491e-9819-8c2df1fdf751","height":11,"num_floors":3,"class":"building","areaM2":72,"sourceTile":"tile_1_2","sourceFeatureCount":49994,"heightEstimated":true},"geometry":{"type":"Polygon","coordinates":[[[114.399245,30.55026],[114.399395,30.550362],[114.399331,30.550408],[114.399245,30.55026]]]}},{"type":"Feature","id":"20f9401b-2212-4cb7-b5ac-45fc4fece7c2","properties":{"id":"20f9401b-2212-4cb7-b5ac-45fc4fece7c2","height":33,"num_floors":10,"class":"building","areaM2":54,"sourceTile":"tile_1_2","sourceFeatureCount":49994,"heightEstimated":true},"geometry":{"type":"Polygon","coordinates":[[[114.408784,30.544099],[114.408679,30.5442],[114.408661,30.54412],[114.408784,30.544099]]]}},{"type":"Feature","id":"19843aba-86dd-4e34-b19a-8ce1280d4d2f","properties":{"id":"19843aba-86dd-4e34-b19a-8ce1280d4d2f","height":23,"num_floors":7,"class":"building","areaM2":17,"sourceTile":"tile_1_2","sourceFeatureCount":49994,"heightEstimated":true},"geometry":{"type":"Polygon","coordinates":[[[114.417766,30.541203],[114.417709,30.541265],[114.417692,30.541227],[114.417766,30.541203]]]}},{"type":"Feature","id":"77746e4c-fac9-46ef-9f92-7beb075cd1dc","properties":{"id":"77746e4c-fac9-46ef-9f92-7beb075cd1dc","height":18,"num_floors":6,"class":"building","areaM2":58,"sourceTile":"tile_1_2","sourceFeatureCount":49994,"heightEstimated":true},"geometry":{"type":"Polygon","coordinates":[[[114.409415,30.542754],[114.409544,30.542819],[114.409447,30.542856],[114.409415,30.542754]]]}},{"type":"Feature","id":"9960de1d-c74c-44b4-bfb3-b5c0010bfa81","properties":{"id":"9960de1d-c74c-44b4-bfb3-b5c0010bfa81","height":8,"num_floors":3,"class":"building","areaM2":11,"sourceTile":"tile_1_2","sourceFeatureCount":49994,"heightEstimated":true},"geometry":{"type":"Polygon","coordinates":[[[114.413814,30.548396],[114.413773,30.548346],[114.413817,30.548348],[114.413814,30.548396]]]}},{"type":"Feature","id":"dbaf6802-9f93-4b94-9f49-7c8a0903d0a7","properties":{"id":"dbaf6802-9f93-4b94-9f49-7c8a0903d0a7","height":33,"num_floors":10,"class":"building","areaM2":67,"sourceTile":"tile_1_2","sourceFeatureCount":49994,"heightEstimated":true},"geometry":{"type":"Polygon","coordinates":[[[114.44174,30.556248],[114.441567,30.556298],[114.441669,30.556195],[114.44174,30.556248]]]}},{"type":"Feature","id":"a930c751-de23-4141-81a5-fb1c35906a62","properties":{"id":"a930c751-de23-4141-81a5-fb1c35906a62","height":28,"num_floors":9,"class":"building","areaM2":125,"sourceTile":"tile_1_2","sourceFeatureCount":49994,"heightEstimated":true},"geometry":{"type":"Polygon","coordinates":[[[114.433333,30.561636],[114.43349,30.561484],[114.433488,30.561637],[114.433333,30.561636]]]}},{"type":"Feature","id":"cfb59f1d-5c62-487e-a95e-6d19737ad42e","properties":{"id":"cfb59f1d-5c62-487e-a95e-6d19737ad42e","height":20,"num_floors":6,"class":"building","areaM2":124,"sourceTile":"tile_1_2","sourceFeatureCount":49994,"heightEstimated":true},"geometry":{"type":"Polygon","coordinates":[[[114.413097,30.566804],[114.413411,30.566874],[114.413367,30.566939],[114.413097,30.566804]]]}},{"type":"Feature","id":"608bfde6-75b4-4001-9e8d-b3f260000406","properties":{"id":"608bfde6-75b4-4001-9e8d-b3f260000406","height":8,"num_floors":3,"class":"building","areaM2":50,"sourceTile":"tile_1_2","sourceFeatureCount":49994,"heightEstimated":true},"geometry":{"type":"Polygon","coordinates":[[[114.411636,30.570195],[114.411765,30.570232],[114.411668,30.570278],[114.411636,30.570195]]]}},{"type":"Feature","id":"8dd2cda9-c1cd-45b3-b89f-85b03fa176fc","properties":{"id":"8dd2cda9-c1cd-45b3-b89f-85b03fa176fc","height":35,"num_floors":11,"class":"house","areaM2":126,"sourceTile":"tile_1_2","sourceFeatureCount":49994,"heightEstimated":true},"geometry":{"type":"Polygon","coordinates":[[[114.424702,30.570248],[114.424729,30.57045],[114.424601,30.570374],[114.424702,30.570248]]]}},{"type":"Feature","id":"041f670b-d338-4671-9839-7a8e97754538","properties":{"id":"041f670b-d338-4671-9839-7a8e97754538","height":75,"num_floors":23,"class":"building","areaM2":7328,"sourceTile":"tile_1_2","sourceFeatureCount":49994,"heightEstimated":true},"geometry":{"type":"Polygon","coordinates":[[[114.420416,30.575771],[114.420119,30.574996],[114.420924,30.574767],[114.421221,30.575543],[114.420416,30.575771]]]}},{"type":"Feature","id":"8ea6edbe-c35f-4ebe-b6bd-bafd769336d9","properties":{"id":"8ea6edbe-c35f-4ebe-b6bd-bafd769336d9","height":24,"num_floors":8,"class":"building","areaM2":73,"sourceTile":"tile_1_2","sourceFeatureCount":49994,"heightEstimated":true},"geometry":{"type":"Polygon","coordinates":[[[114.411358,30.577428],[114.411236,30.577312],[114.411378,30.577334],[114.411358,30.577428]]]}},{"type":"Feature","id":"c63babdb-ed4b-4f03-b30a-b2c3da6c6c0e","properties":{"id":"c63babdb-ed4b-4f03-b30a-b2c3da6c6c0e","height":17,"num_floors":5,"class":"building","areaM2":94,"sourceTile":"tile_1_2","sourceFeatureCount":49994,"heightEstimated":true},"geometry":{"type":"Polygon","coordinates":[[[114.415993,30.579431],[114.416149,30.579276],[114.41619,30.579349],[114.415993,30.579431]]]}},{"type":"Feature","id":"88efb394-904d-4ef2-a291-9f3f3dedc409","properties":{"id":"88efb394-904d-4ef2-a291-9f3f3dedc409","height":8,"num_floors":3,"class":"building","areaM2":54,"sourceTile":"tile_1_2","sourceFeatureCount":49994,"heightEstimated":true},"geometry":{"type":"Polygon","coordinates":[[[114.410952,30.58703],[114.411102,30.587069],[114.410984,30.587106],[114.410952,30.58703]]]}},{"type":"Feature","id":"cea47b53-b7a7-4df5-9415-3fcf577f7e49","properties":{"id":"cea47b53-b7a7-4df5-9415-3fcf577f7e49","height":84,"num_floors":26,"class":"school","areaM2":5429,"sourceTile":"tile_1_2","sourceFeatureCount":49994,"heightEstimated":true},"geometry":{"type":"Polygon","coordinates":[[[114.415548,30.589122],[114.416106,30.589032],[114.416106,30.589367],[114.416433,30.589367],[114.416602,30.58961],[114.416602,30.590037],[114.41555,30.589974],[114.415996,30.589873],[114.415996,30.589633],[114.415779,30.589633],[114.415988,30.589122],[114.415548,30.589122]],[[114.416023,30.589462],[114.416023,30.589921],[114.416484,30.589921],[114.416326,30.589462],[114.416023,30.589462]]]}},{"type":"Feature","id":"abd31f7a-4653-4dc1-974c-0a60260f42ca","properties":{"id":"abd31f7a-4653-4dc1-974c-0a60260f42ca","height":31,"num_floors":10,"class":"building","areaM2":72,"sourceTile":"tile_1_2","sourceFeatureCount":49994,"heightEstimated":true},"geometry":{"type":"Polygon","coordinates":[[[114.418308,30.58406],[114.418401,30.584268],[114.418339,30.584275],[114.418308,30.58406]]]}},{"type":"Feature","id":"3697076b-178e-483e-8301-5c9f97154eea","properties":{"id":"3697076b-178e-483e-8301-5c9f97154eea","height":81,"num_floors":25,"class":"college","areaM2":6383,"sourceTile":"tile_1_2","sourceFeatureCount":49994,"heightEstimated":true},"geometry":{"type":"Polygon","coordinates":[[[114.420649,30.588647],[114.41951,30.588774],[114.419541,30.588123],[114.420575,30.58819],[114.420649,30.588647]],[[114.419819,30.588625],[114.420078,30.588198],[114.419757,30.588236],[114.419819,30.588625]]]}},{"type":"Feature","id":"d4fb66ce-1d3e-42b9-88d4-8747c6a9911b","properties":{"id":"d4fb66ce-1d3e-42b9-88d4-8747c6a9911b","height":95,"num_floors":30,"class":"building","areaM2":5842,"sourceTile":"tile_1_2","sourceFeatureCount":49994,"heightEstimated":true},"geometry":{"type":"Polygon","coordinates":[[[114.421793,30.588966],[114.421304,30.589196],[114.421188,30.588901],[114.421158,30.589211],[114.421417,30.589397],[114.420936,30.589363],[114.420937,30.588707],[114.422079,30.58888],[114.421957,30.589456],[114.421497,30.589423],[114.421793,30.588966]]]}},{"type":"Feature","id":"630b521a-bd43-45a1-896c-a025a49b3348","properties":{"id":"630b521a-bd43-45a1-896c-a025a49b3348","height":82,"num_floors":26,"class":"college","areaM2":7173,"sourceTile":"tile_1_2","sourceFeatureCount":49994,"heightEstimated":true},"geometry":{"type":"Polygon","coordinates":[[[114.42172,30.587192],[114.420641,30.587148],[114.42059,30.587445],[114.421642,30.58767],[114.420604,30.587567],[114.420432,30.587977],[114.419783,30.587927],[114.419735,30.587739],[114.420482,30.587788],[114.420511,30.587019],[114.419669,30.586959],[114.420478,30.586905],[114.420489,30.586606],[114.419686,30.586449],[114.421584,30.586717],[114.421634,30.586909],[114.420702,30.586793],[114.420663,30.58702],[114.42172,30.587192]]]}},{"type":"Feature","id":"58d7050f-b77c-4e13-94ea-f5df572d692f","properties":{"id":"58d7050f-b77c-4e13-94ea-f5df572d692f","height":28,"num_floors":9,"class":"building","areaM2":175,"sourceTile":"tile_1_2","sourceFeatureCount":49994,"heightEstimated":true},"geometry":{"type":"Polygon","coordinates":[[[114.424564,30.586936],[114.424461,30.586413],[114.424523,30.58641],[114.424564,30.586936]]]}},{"type":"Feature","id":"03df541b-063f-42c6-8ef5-826d4eac1617","properties":{"id":"03df541b-063f-42c6-8ef5-826d4eac1617","height":87,"num_floors":27,"class":"building","areaM2":5760,"sourceTile":"tile_1_2","sourceFeatureCount":49994,"heightEstimated":true},"geometry":{"type":"Polygon","coordinates":[[[114.425071,30.584194],[114.424429,30.58409],[114.42445,30.583602],[114.42536,30.583704],[114.425259,30.584444],[114.42484,30.584584],[114.425071,30.584194]]]}},{"type":"Feature","id":"4ba3f7d2-7501-4602-b82f-89ccb0bf2d19","properties":{"id":"4ba3f7d2-7501-4602-b82f-89ccb0bf2d19","height":12,"num_floors":4,"class":"building","areaM2":9,"sourceTile":"tile_1_2","sourceFeatureCount":49994,"heightEstimated":true},"geometry":{"type":"Polygon","coordinates":[[[114.42371,30.58211],[114.423688,30.582167],[114.423666,30.582148],[114.42371,30.58211]]]}},{"type":"Feature","id":"57061860-9798-45cc-87b3-f7cc4e1d4cbf","properties":{"id":"57061860-9798-45cc-87b3-f7cc4e1d4cbf","height":11,"num_floors":3,"class":"building","areaM2":172,"sourceTile":"tile_1_2","sourceFeatureCount":49994,"heightEstimated":true},"geometry":{"type":"Polygon","coordinates":[[[114.428389,30.577489],[114.428808,30.577536],[114.428776,30.57761],[114.428389,30.577489]]]}},{"type":"Feature","id":"2c7143f3-d063-4997-96a5-b6fd4a64a870","properties":{"id":"2c7143f3-d063-4997-96a5-b6fd4a64a870","height":35,"num_floors":11,"class":"building","areaM2":204,"sourceTile":"tile_1_2","sourceFeatureCount":49994,"heightEstimated":true},"geometry":{"type":"Polygon","coordinates":[[[114.433559,30.58548],[114.433578,30.585185],[114.433705,30.585244],[114.433559,30.58548]]]}},{"type":"Feature","id":"59dbf283-6ac1-47c2-a228-89b68f69a70a","properties":{"id":"59dbf283-6ac1-47c2-a228-89b68f69a70a","height":94,"num_floors":29,"class":"building","areaM2":11120,"sourceTile":"tile_1_2","sourceFeatureCount":49994,"heightEstimated":true},"geometry":{"type":"Polygon","coordinates":[[[114.433903,30.584236],[114.435414,30.584602],[114.435205,30.585247],[114.433694,30.58488],[114.433903,30.584236]]]}},{"type":"Feature","id":"eff6b72e-ce8a-4220-b85d-fb6dbb5ba771","properties":{"id":"eff6b72e-ce8a-4220-b85d-fb6dbb5ba771","height":85,"num_floors":27,"class":"building","areaM2":7678,"sourceTile":"tile_1_2","sourceFeatureCount":49994,"heightEstimated":true},"geometry":{"type":"Polygon","coordinates":[[[114.435612,30.584017],[114.435489,30.584463],[114.433952,30.584147],[114.434075,30.583701],[114.435612,30.584017]]]}},{"type":"Feature","id":"296a8e3a-7438-4b40-8f81-b901f7588a1a","properties":{"id":"296a8e3a-7438-4b40-8f81-b901f7588a1a","height":108,"num_floors":34,"class":"building","areaM2":9662,"sourceTile":"tile_1_2","sourceFeatureCount":49994,"heightEstimated":true},"geometry":{"type":"Polygon","coordinates":[[[114.439498,30.589545],[114.439501,30.588895],[114.440904,30.588899],[114.440901,30.589549],[114.439498,30.589545]]]}},{"type":"Feature","id":"2a03c606-98ee-4e6a-832c-427b9cd89b1b","properties":{"id":"2a03c606-98ee-4e6a-832c-427b9cd89b1b","height":115,"num_floors":36,"class":"building","areaM2":9813,"sourceTile":"tile_1_2","sourceFeatureCount":49994,"heightEstimated":true},"geometry":{"type":"Polygon","coordinates":[[[114.440919,30.588019],[114.440923,30.588669],[114.439498,30.588677],[114.439494,30.588027],[114.440919,30.588019]]]}},{"type":"Feature","id":"d95e959c-ae9d-4133-9cd4-218d256323d5","properties":{"id":"d95e959c-ae9d-4133-9cd4-218d256323d5","height":66,"num_floors":21,"class":"building","areaM2":5761,"sourceTile":"tile_1_2","sourceFeatureCount":49994,"heightEstimated":true},"geometry":{"type":"Polygon","coordinates":[[[114.439787,30.589767],[114.440925,30.589761],[114.440928,30.590239],[114.43979,30.590245],[114.439787,30.589767]]]}},{"type":"Feature","id":"4d124477-211e-4fc8-8e0e-c355691c3810","properties":{"id":"4d124477-211e-4fc8-8e0e-c355691c3810","height":78,"num_floors":24,"class":"building","areaM2":6831,"sourceTile":"tile_1_2","sourceFeatureCount":49994,"heightEstimated":true},"geometry":{"type":"Polygon","coordinates":[[[114.441884,30.589175],[114.441887,30.590141],[114.441235,30.59019],[114.441232,30.589177],[114.441884,30.589175]]]}},{"type":"Feature","id":"a43dd57a-97cf-4daa-8b04-e4550b7eb94e","properties":{"id":"a43dd57a-97cf-4daa-8b04-e4550b7eb94e","height":33,"num_floors":10,"class":"building","areaM2":415,"sourceTile":"tile_1_2","sourceFeatureCount":49994,"heightEstimated":true},"geometry":{"type":"Polygon","coordinates":[[[114.437981,30.582833],[114.438593,30.583013],[114.437966,30.582957],[114.437981,30.582833]]]}},{"type":"Feature","id":"a6a32028-4cbb-4e67-a81b-f3fadd012bf5","properties":{"id":"a6a32028-4cbb-4e67-a81b-f3fadd012bf5","height":104,"num_floors":33,"class":"building","areaM2":8739,"sourceTile":"tile_1_2","sourceFeatureCount":49994,"heightEstimated":true},"geometry":{"type":"Polygon","coordinates":[[[114.438655,30.57188],[114.438264,30.573035],[114.437606,30.572868],[114.437998,30.571713],[114.438655,30.57188]]]}},{"type":"Feature","id":"fee26954-40b5-4b13-b7af-51db1bd12b93","properties":{"id":"fee26954-40b5-4b13-b7af-51db1bd12b93","height":167,"num_floors":52,"class":"building","areaM2":25632,"sourceTile":"tile_1_2","sourceFeatureCount":49994,"heightEstimated":true},"geometry":{"type":"Polygon","coordinates":[[[114.437498,30.571536],[114.437212,30.573141],[114.43563,30.572716],[114.43617,30.57121],[114.437498,30.571536]]]}},{"type":"Feature","id":"1feea7b6-6de3-476e-959f-fc90ea13d6dd","properties":{"id":"1feea7b6-6de3-476e-959f-fc90ea13d6dd","height":15,"num_floors":5,"class":"building","areaM2":84,"sourceTile":"tile_1_2","sourceFeatureCount":49994,"heightEstimated":true},"geometry":{"type":"Polygon","coordinates":[[[114.437357,30.573948],[114.437497,30.573773],[114.437433,30.573967],[114.437357,30.573948]]]}},{"type":"Feature","id":"20588e37-ef61-4685-be84-66b4e08606a4","properties":{"id":"20588e37-ef61-4685-be84-66b4e08606a4","height":37,"num_floors":12,"class":"building","areaM2":63,"sourceTile":"tile_1_2","sourceFeatureCount":49994,"heightEstimated":true},"geometry":{"type":"Polygon","coordinates":[[[114.430299,30.567023],[114.430435,30.567128],[114.430354,30.567152],[114.430299,30.567023]]]}},{"type":"Feature","id":"5925df2b-1f50-435e-89b3-3ec13fe5e0c5","properties":{"id":"5925df2b-1f50-435e-89b3-3ec13fe5e0c5","height":107,"num_floors":33,"class":"building","areaM2":10150,"sourceTile":"tile_1_2","sourceFeatureCount":49994,"heightEstimated":true},"geometry":{"type":"Polygon","coordinates":[[[114.43662,30.569821],[114.437519,30.570091],[114.437209,30.571038],[114.436295,30.570814],[114.43662,30.569821]]]}},{"type":"Feature","id":"53cc9d69-efa3-45c6-8148-cebe969fce18","properties":{"id":"53cc9d69-efa3-45c6-8148-cebe969fce18","height":126,"num_floors":39,"class":"building","areaM2":16676,"sourceTile":"tile_1_2","sourceFeatureCount":49994,"heightEstimated":true},"geometry":{"type":"Polygon","coordinates":[[[114.442325,30.566403],[114.441519,30.566405],[114.44255,30.564323],[114.443231,30.564576],[114.442325,30.566403]]]}},{"type":"Feature","id":"78a47e3a-9f57-45a8-b7e5-e0a9ce98cd55","properties":{"id":"78a47e3a-9f57-45a8-b7e5-e0a9ce98cd55","height":144,"num_floors":45,"class":"building","areaM2":20633,"sourceTile":"tile_1_2","sourceFeatureCount":49994,"heightEstimated":true},"geometry":{"type":"Polygon","coordinates":[[[114.440468,30.565488],[114.441304,30.563843],[114.442244,30.564201],[114.441104,30.566064],[114.440487,30.56583],[114.440468,30.565488]]]}},{"type":"Feature","id":"000b224d-0a4f-435d-b664-7be702b37faa","properties":{"id":"000b224d-0a4f-435d-b664-7be702b37faa","height":28,"num_floors":9,"class":"building","areaM2":47,"sourceTile":"tile_1_2","sourceFeatureCount":49994,"heightEstimated":true},"geometry":{"type":"Polygon","coordinates":[[[114.451772,30.564678],[114.451845,30.564571],[114.451876,30.564647],[114.451772,30.564678]]]}},{"type":"Feature","id":"de70a4fa-b415-46c0-98ec-a2bf89efb5ec","properties":{"id":"de70a4fa-b415-46c0-98ec-a2bf89efb5ec","height":23,"num_floors":7,"class":"building","areaM2":106,"sourceTile":"tile_1_2","sourceFeatureCount":49994,"heightEstimated":true},"geometry":{"type":"Polygon","coordinates":[[[114.451813,30.575205],[114.452077,30.575311],[114.452021,30.575364],[114.451813,30.575205]]]}},{"type":"Feature","id":"795202c2-67ee-4231-b52e-a9c516c24c9f","properties":{"id":"795202c2-67ee-4231-b52e-a9c516c24c9f","height":19,"num_floors":6,"class":"building","areaM2":235,"sourceTile":"tile_1_2","sourceFeatureCount":49994,"heightEstimated":true},"geometry":{"type":"Polygon","coordinates":[[[114.450464,30.577602],[114.450851,30.577714],[114.450465,30.577717],[114.450464,30.577602]]]}},{"type":"Feature","id":"e9cf8a2f-33e8-42c4-aa88-bde3ede05d96","properties":{"id":"e9cf8a2f-33e8-42c4-aa88-bde3ede05d96","height":134,"num_floors":42,"class":"building","areaM2":17867,"sourceTile":"tile_1_2","sourceFeatureCount":49994,"heightEstimated":true},"geometry":{"type":"Polygon","coordinates":[[[114.453988,30.583011],[114.453171,30.583127],[114.452799,30.581166],[114.453169,30.581114],[114.453238,30.581474],[114.453403,30.581094],[114.453519,30.581708],[114.453465,30.581085],[114.453727,30.581048],[114.453988,30.583011]]]}},{"type":"Feature","id":"ad8b0d1c-5af6-4d7e-bcee-fbc0bad0f44f","properties":{"id":"ad8b0d1c-5af6-4d7e-bcee-fbc0bad0f44f","height":132,"num_floors":41,"class":"building","areaM2":21534,"sourceTile":"tile_1_2","sourceFeatureCount":49994,"heightEstimated":true},"geometry":{"type":"Polygon","coordinates":[[[114.447581,30.582014],[114.447305,30.581709],[114.448463,30.581554],[114.448501,30.582206],[114.449056,30.582132],[114.449157,30.582693],[114.446832,30.583045],[114.44672,30.582417],[114.447739,30.58228],[114.447904,30.582053],[114.447375,30.582275],[114.447581,30.582014]]]}},{"type":"Feature","id":"ae75e38c-6c43-4449-9fd4-d925366c4a32","properties":{"id":"ae75e38c-6c43-4449-9fd4-d925366c4a32","height":111,"num_floors":35,"class":"building","areaM2":9949,"sourceTile":"tile_1_2","sourceFeatureCount":49994,"heightEstimated":true},"geometry":{"type":"Polygon","coordinates":[[[114.445347,30.584893],[114.445359,30.585288],[114.445112,30.585323],[114.444842,30.583732],[114.44549,30.58364],[114.445735,30.584934],[114.445347,30.584893]]]}},{"type":"Feature","id":"1df232ae-f71c-4fb3-ab89-4811f3a2d31e","properties":{"id":"1df232ae-f71c-4fb3-ab89-4811f3a2d31e","height":87,"num_floors":27,"class":"building","areaM2":5328,"sourceTile":"tile_1_2","sourceFeatureCount":49994,"heightEstimated":true},"geometry":{"type":"Polygon","coordinates":[[[114.446825,30.583741],[114.447015,30.584644],[114.446609,30.584707],[114.446152,30.583847],[114.446825,30.583741]]]}},{"type":"Feature","id":"295eaa35-fe12-4401-82e6-71884f37f235","properties":{"id":"295eaa35-fe12-4401-82e6-71884f37f235","height":119,"num_floors":37,"class":"building","areaM2":15788,"sourceTile":"tile_1_2","sourceFeatureCount":49994,"heightEstimated":true},"geometry":{"type":"Polygon","coordinates":[[[114.448476,30.585763],[114.448174,30.58557],[114.449748,30.585268],[114.449954,30.586444],[114.449599,30.586491],[114.449555,30.586236],[114.448303,30.5864],[114.448205,30.585839],[114.448476,30.585763]]]}},{"type":"Feature","id":"bbbb5b1c-60dc-4ee1-baff-efb324b57195","properties":{"id":"bbbb5b1c-60dc-4ee1-baff-efb324b57195","height":148,"num_floors":46,"class":"building","areaM2":26726,"sourceTile":"tile_1_2","sourceFeatureCount":49994,"heightEstimated":true},"geometry":{"type":"Polygon","coordinates":[[[114.44537,30.586436],[114.44571,30.586391],[114.445758,30.587191],[114.446436,30.587005],[114.446501,30.587366],[114.446177,30.587409],[114.446475,30.587396],[114.446527,30.58769],[114.446219,30.587732],[114.446564,30.587809],[114.446232,30.587894],[114.446556,30.587851],[114.446313,30.587993],[114.44659,30.587955],[114.446978,30.589859],[114.446345,30.589944],[114.446314,30.589593],[114.44661,30.589745],[114.446649,30.589521],[114.446039,30.589561],[114.44537,30.586436]]]}},{"type":"Feature","id":"99751fd4-110d-4cfd-ad4d-8f2e44fcd435","properties":{"id":"99751fd4-110d-4cfd-ad4d-8f2e44fcd435","height":82,"num_floors":26,"class":"building","areaM2":5676,"sourceTile":"tile_1_2","sourceFeatureCount":49994,"heightEstimated":true},"geometry":{"type":"Polygon","coordinates":[[[114.449962,30.587178],[114.448554,30.587432],[114.448478,30.587032],[114.44985,30.586837],[114.449962,30.587178]]]}},{"type":"Feature","id":"bcd592fa-e22f-4974-84f2-70504b22acbb","properties":{"id":"bcd592fa-e22f-4974-84f2-70504b22acbb","height":139,"num_floors":43,"class":"building","areaM2":16466,"sourceTile":"tile_1_2","sourceFeatureCount":49994,"heightEstimated":true},"geometry":{"type":"Polygon","coordinates":[[[114.448481,30.587839],[114.450205,30.58758],[114.45033,30.58844],[114.448514,30.588712],[114.448481,30.587839]]]}},{"type":"Feature","id":"7a23fb1b-b4e2-4a33-9967-ba63ade3cd02","properties":{"id":"7a23fb1b-b4e2-4a33-9967-ba63ade3cd02","height":40,"num_floors":13,"class":"building","areaM2":154,"sourceTile":"tile_1_2","sourceFeatureCount":49994,"heightEstimated":true},"geometry":{"type":"Polygon","coordinates":[[[114.451442,30.58817],[114.45179,30.588058],[114.451799,30.588139],[114.451442,30.58817]]]}},{"type":"Feature","id":"9e7ff4fd-f4ba-4473-bfae-7adcb7f1f338","properties":{"id":"9e7ff4fd-f4ba-4473-bfae-7adcb7f1f338","height":68,"num_floors":21,"class":"building","areaM2":6051,"sourceTile":"tile_1_2","sourceFeatureCount":49994,"heightEstimated":true},"geometry":{"type":"Polygon","coordinates":[[[114.453432,30.585851],[114.452626,30.58602],[114.452477,30.585315],[114.453276,30.585189],[114.453432,30.585851]]]}},{"type":"Feature","id":"95c37366-90e7-4977-b6f3-3bc01437408f","properties":{"id":"95c37366-90e7-4977-b6f3-3bc01437408f","height":85,"num_floors":27,"class":"building","areaM2":6618,"sourceTile":"tile_1_2","sourceFeatureCount":49994,"heightEstimated":true},"geometry":{"type":"Polygon","coordinates":[[[114.456321,30.585065],[114.454967,30.585205],[114.454877,30.584793],[114.456213,30.584574],[114.456321,30.585065]]]}},{"type":"Feature","id":"ea0834b7-ab65-4fb9-84cb-df855d361d78","properties":{"id":"ea0834b7-ab65-4fb9-84cb-df855d361d78","height":84,"num_floors":26,"class":"building","areaM2":9128,"sourceTile":"tile_1_2","sourceFeatureCount":49994,"heightEstimated":true},"geometry":{"type":"Polygon","coordinates":[[[114.456118,30.584178],[114.454776,30.584521],[114.454594,30.583862],[114.45601,30.583646],[114.456118,30.584178]]]}},{"type":"Feature","id":"1c6c3724-b2bd-4e94-876f-76f8247e28a1","properties":{"id":"1c6c3724-b2bd-4e94-876f-76f8247e28a1","height":156,"num_floors":49,"class":"building","areaM2":25019,"sourceTile":"tile_1_2","sourceFeatureCount":49994,"heightEstimated":true},"geometry":{"type":"Polygon","coordinates":[[[114.457976,30.585643],[114.458023,30.585924],[114.456833,30.586074],[114.456548,30.584375],[114.458014,30.584177],[114.45809,30.585848],[114.457976,30.585643]]]}},{"type":"Feature","id":"6e5a14f9-b97c-4223-85f7-12bdd775ee8c","properties":{"id":"6e5a14f9-b97c-4223-85f7-12bdd775ee8c","height":78,"num_floors":24,"class":"building","areaM2":6889,"sourceTile":"tile_1_2","sourceFeatureCount":49994,"heightEstimated":true},"geometry":{"type":"Polygon","coordinates":[[[114.457329,30.58625],[114.458009,30.586163],[114.458179,30.587152],[114.457538,30.587193],[114.457329,30.58625]]]}},{"type":"Feature","id":"923fb52a-559f-474d-b989-545a3cec5f5f","properties":{"id":"923fb52a-559f-474d-b989-545a3cec5f5f","height":72,"num_floors":23,"class":"building","areaM2":5991,"sourceTile":"tile_1_2","sourceFeatureCount":49994,"heightEstimated":true},"geometry":{"type":"Polygon","coordinates":[[[114.456423,30.585773],[114.456483,30.586285],[114.455561,30.586435],[114.455234,30.585932],[114.456423,30.585773]]]}},{"type":"Feature","id":"cebbef84-3fc3-40ba-9827-46f54acd21c3","properties":{"id":"cebbef84-3fc3-40ba-9827-46f54acd21c3","height":97,"num_floors":30,"class":"building","areaM2":8812,"sourceTile":"tile_1_2","sourceFeatureCount":49994,"heightEstimated":true},"geometry":{"type":"Polygon","coordinates":[[[114.453743,30.585622],[114.454525,30.585396],[114.454635,30.586024],[114.455145,30.585958],[114.455191,30.586225],[114.453863,30.586399],[114.453743,30.585622]]]}},{"type":"Feature","id":"a30d0cd7-3562-4fb4-a457-7abe573d8ea2","properties":{"id":"a30d0cd7-3562-4fb4-a457-7abe573d8ea2","height":146,"num_floors":46,"class":"building","areaM2":22474,"sourceTile":"tile_1_2","sourceFeatureCount":49994,"heightEstimated":true},"geometry":{"type":"Polygon","coordinates":[[[114.457488,30.58895],[114.45712,30.587482],[114.458601,30.587275],[114.458799,30.588767],[114.457488,30.58895]]]}},{"type":"Feature","id":"39adaeb3-580d-40e8-b6d2-d345f3d85765","properties":{"id":"39adaeb3-580d-40e8-b6d2-d345f3d85765","height":33,"num_floors":10,"class":"building","areaM2":174,"sourceTile":"tile_1_2","sourceFeatureCount":49994,"heightEstimated":true},"geometry":{"type":"Polygon","coordinates":[[[114.461646,30.584176],[114.461963,30.584145],[114.461924,30.584253],[114.461646,30.584176]]]}},{"type":"Feature","id":"36fc3fb2-196d-4373-bac8-0546ef84a244","properties":{"id":"36fc3fb2-196d-4373-bac8-0546ef84a244","height":128,"num_floors":40,"class":"building","areaM2":13998,"sourceTile":"tile_1_2","sourceFeatureCount":49994,"heightEstimated":true},"geometry":{"type":"Polygon","coordinates":[[[114.456281,30.582383],[114.457315,30.581907],[114.45757,30.583254],[114.456417,30.58335],[114.456281,30.582383]]]}},{"type":"Feature","id":"7c3b4d8d-7734-4ec5-b7aa-4acd443f19cb","properties":{"id":"7c3b4d8d-7734-4ec5-b7aa-4acd443f19cb","height":139,"num_floors":43,"class":"building","areaM2":17419,"sourceTile":"tile_1_2","sourceFeatureCount":49994,"heightEstimated":true},"geometry":{"type":"Polygon","coordinates":[[[114.455962,30.583301],[114.454376,30.583346],[114.454211,30.582342],[114.45565,30.582165],[114.455962,30.583301]]]}},{"type":"Feature","id":"edea9b3d-d7c5-4750-80f2-d90977fecdb5","properties":{"id":"edea9b3d-d7c5-4750-80f2-d90977fecdb5","height":21,"num_floors":7,"class":"building","areaM2":92,"sourceTile":"tile_1_2","sourceFeatureCount":49994,"heightEstimated":true},"geometry":{"type":"Polygon","coordinates":[[[114.456399,30.578276],[114.456501,30.578452],[114.456403,30.578453],[114.456399,30.578276]]]}},{"type":"Feature","id":"cb39dbdb-7e5e-4c13-921b-22dd0c5f5e68","properties":{"id":"cb39dbdb-7e5e-4c13-921b-22dd0c5f5e68","height":11,"num_floors":3,"class":"building","areaM2":42,"sourceTile":"tile_1_2","sourceFeatureCount":49994,"heightEstimated":true},"geometry":{"type":"Polygon","coordinates":[[[114.46331,30.585552],[114.463306,30.585438],[114.463378,30.585506],[114.46331,30.585552]]]}},{"type":"Feature","id":"58f44054-5bcd-4cdb-a48a-25111c864db0","properties":{"id":"58f44054-5bcd-4cdb-a48a-25111c864db0","height":32,"num_floors":10,"class":"building","areaM2":18,"sourceTile":"tile_1_2","sourceFeatureCount":49994,"heightEstimated":true},"geometry":{"type":"Polygon","coordinates":[[[114.47309,30.588198],[114.473134,30.588121],[114.473134,30.588198],[114.47309,30.588198]]]}},{"type":"Feature","id":"23f0f479-6fb3-45db-b142-451c74b3adc8","properties":{"id":"23f0f479-6fb3-45db-b142-451c74b3adc8","height":26,"num_floors":8,"class":"building","areaM2":40,"sourceTile":"tile_1_2","sourceFeatureCount":49994,"heightEstimated":true},"geometry":{"type":"Polygon","coordinates":[[[114.46776,30.57033],[114.467849,30.570325],[114.467665,30.57042],[114.46776,30.57033]]]}},{"type":"Feature","id":"17e0dbe3-67a3-4f3e-9e76-ced313234617","properties":{"id":"17e0dbe3-67a3-4f3e-9e76-ced313234617","height":16,"num_floors":5,"class":"building","areaM2":20,"sourceTile":"tile_1_2","sourceFeatureCount":49994,"heightEstimated":true},"geometry":{"type":"Polygon","coordinates":[[[114.463727,30.55725],[114.463767,30.557324],[114.463704,30.557304],[114.463727,30.55725]]]}},{"type":"Feature","id":"72c86a76-fcbb-4a2c-a63e-f927bc5c1877","properties":{"id":"72c86a76-fcbb-4a2c-a63e-f927bc5c1877","height":9,"num_floors":3,"class":"building","areaM2":31,"sourceTile":"tile_1_2","sourceFeatureCount":49994,"heightEstimated":true},"geometry":{"type":"Polygon","coordinates":[[[114.456737,30.559493],[114.456849,30.559462],[114.456804,30.559528],[114.456737,30.559493]]]}},{"type":"Feature","id":"579b895f-e043-40a3-942e-63d7f492ec9c","properties":{"id":"579b895f-e043-40a3-942e-63d7f492ec9c","height":33,"num_floors":10,"class":"building","areaM2":40,"sourceTile":"tile_1_2","sourceFeatureCount":49994,"heightEstimated":true},"geometry":{"type":"Polygon","coordinates":[[[114.450909,30.559437],[114.451037,30.559468],[114.450955,30.559508],[114.450909,30.559437]]]}},{"type":"Feature","id":"f5f199ca-887a-4619-87c2-33ae4cb11fd5","properties":{"id":"f5f199ca-887a-4619-87c2-33ae4cb11fd5","height":40,"num_floors":13,"class":"building","areaM2":559,"sourceTile":"tile_1_2","sourceFeatureCount":49994,"heightEstimated":true},"geometry":{"type":"Polygon","coordinates":[[[114.453352,30.552211],[114.453559,30.552062],[114.453682,30.552126],[114.453554,30.552383],[114.453352,30.552211]]]}},{"type":"Feature","id":"e09160d2-b3e5-4834-808a-200e9d687ce9","properties":{"id":"e09160d2-b3e5-4834-808a-200e9d687ce9","height":30,"num_floors":9,"class":"building","areaM2":470,"sourceTile":"tile_1_2","sourceFeatureCount":49994,"heightEstimated":true},"geometry":{"type":"Polygon","coordinates":[[[114.460174,30.554001],[114.45973,30.553972],[114.45979,30.553776],[114.460174,30.554001]]]}},{"type":"Feature","id":"b7cb28d6-3751-4613-821c-f3d1b5e9ce13","properties":{"id":"b7cb28d6-3751-4613-821c-f3d1b5e9ce13","height":12,"num_floors":4,"class":"building","areaM2":112,"sourceTile":"tile_1_2","sourceFeatureCount":49994,"heightEstimated":true},"geometry":{"type":"Polygon","coordinates":[[[114.451068,30.548847],[114.451059,30.548634],[114.45116,30.548674],[114.451068,30.548847]]]}},{"type":"Feature","id":"fea66359-2f6b-4651-9b39-3c014b5b8480","properties":{"id":"fea66359-2f6b-4651-9b39-3c014b5b8480","height":33,"num_floors":10,"class":"building","areaM2":72,"sourceTile":"tile_1_2","sourceFeatureCount":49994,"heightEstimated":true},"geometry":{"type":"Polygon","coordinates":[[[114.45008,30.53959],[114.45016,30.539434],[114.450169,30.539587],[114.45008,30.53959]]]}},{"type":"Feature","id":"87ef1a60-772f-4f4b-829d-b22763f42e42","properties":{"id":"87ef1a60-772f-4f4b-829d-b22763f42e42","height":23,"num_floors":7,"class":"building","areaM2":30,"sourceTile":"tile_1_2","sourceFeatureCount":49994,"heightEstimated":true},"geometry":{"type":"Polygon","coordinates":[[[114.458082,30.541476],[114.458185,30.541527],[114.458086,30.541533],[114.458082,30.541476]]]}},{"type":"Feature","id":"fa544208-d88d-4150-9e5a-71007ee7f4d6","properties":{"id":"fa544208-d88d-4150-9e5a-71007ee7f4d6","height":99,"num_floors":31,"class":"building","areaM2":6337,"sourceTile":"tile_1_2","sourceFeatureCount":49994,"heightEstimated":true},"geometry":{"type":"Polygon","coordinates":[[[114.478228,30.538795],[114.476939,30.538804],[114.476761,30.538101],[114.477055,30.538099],[114.477059,30.53849],[114.478157,30.538482],[114.478154,30.538119],[114.478403,30.538117],[114.478228,30.538795]]]}},{"type":"Feature","id":"fb054f49-ef8e-44ef-b5a1-31d2b87dea2c","properties":{"id":"fb054f49-ef8e-44ef-b5a1-31d2b87dea2c","height":16,"num_floors":5,"class":"building","areaM2":45,"sourceTile":"tile_1_2","sourceFeatureCount":49994,"heightEstimated":true},"geometry":{"type":"Polygon","coordinates":[[[114.476965,30.536205],[114.476801,30.536172],[114.476956,30.536151],[114.476965,30.536205]]]}},{"type":"Feature","id":"afceeb73-6b48-4848-b098-2030a4b7726f","properties":{"id":"afceeb73-6b48-4848-b098-2030a4b7726f","height":73,"num_floors":23,"class":"building","areaM2":5356,"sourceTile":"tile_1_2","sourceFeatureCount":49994,"heightEstimated":true},"geometry":{"type":"Polygon","coordinates":[[[114.463205,30.530099],[114.462778,30.529765],[114.463656,30.529225],[114.46402,30.529599],[114.463205,30.530099]]]}},{"type":"Feature","id":"565a3a9f-b6e0-4680-a42b-42becd1e1834","properties":{"id":"565a3a9f-b6e0-4680-a42b-42becd1e1834","height":16,"num_floors":5,"class":"building","areaM2":260,"sourceTile":"tile_1_2","sourceFeatureCount":49994,"heightEstimated":true},"geometry":{"type":"Polygon","coordinates":[[[114.463358,30.528906],[114.463479,30.529004],[114.463124,30.529122],[114.463358,30.528906]]]}},{"type":"Feature","id":"84c4bbb3-3eea-4b22-b468-e2f3309b48cf","properties":{"id":"84c4bbb3-3eea-4b22-b468-e2f3309b48cf","height":34,"num_floors":11,"class":"building","areaM2":105,"sourceTile":"tile_1_2","sourceFeatureCount":49994,"heightEstimated":true},"geometry":{"type":"Polygon","coordinates":[[[114.476928,30.520165],[114.476407,30.520152],[114.476412,30.520114],[114.476928,30.520165]]]}},{"type":"Feature","id":"04cc2498-9f7b-4dd7-a272-1e19b0bb789c","properties":{"id":"04cc2498-9f7b-4dd7-a272-1e19b0bb789c","height":26,"num_floors":8,"class":"building","areaM2":116,"sourceTile":"tile_1_2","sourceFeatureCount":49994,"heightEstimated":true},"geometry":{"type":"Polygon","coordinates":[[[114.465493,30.524604],[114.465628,30.524436],[114.46562,30.524609],[114.465493,30.524604]]]}},{"type":"Feature","id":"018a4f63-7d05-4498-81ea-30bda6884318","properties":{"id":"018a4f63-7d05-4498-81ea-30bda6884318","height":23,"num_floors":7,"class":"building","areaM2":271,"sourceTile":"tile_1_2","sourceFeatureCount":49994,"heightEstimated":true},"geometry":{"type":"Polygon","coordinates":[[[114.459756,30.520294],[114.459564,30.520502],[114.459514,30.52029],[114.459756,30.520294]]]}},{"type":"Feature","id":"d180db9e-0a95-4633-835a-d8e0f6b23693","properties":{"id":"d180db9e-0a95-4633-835a-d8e0f6b23693","height":8,"num_floors":3,"class":"building","areaM2":28,"sourceTile":"tile_1_2","sourceFeatureCount":49994,"heightEstimated":true},"geometry":{"type":"Polygon","coordinates":[[[114.449277,30.52093],[114.449382,30.520957],[114.449314,30.52099],[114.449277,30.52093]]]}},{"type":"Feature","id":"bd8dac33-8512-4c9d-a1c8-f3e89bccc62c","properties":{"id":"bd8dac33-8512-4c9d-a1c8-f3e89bccc62c","height":33,"num_floors":10,"class":"building","areaM2":100,"sourceTile":"tile_1_2","sourceFeatureCount":49994,"heightEstimated":true},"geometry":{"type":"Polygon","coordinates":[[[114.45706,30.531498],[114.456893,30.531614],[114.456886,30.531506],[114.45706,30.531498]]]}},{"type":"Feature","id":"c4825623-337f-4587-a0e6-83da85c892a7","properties":{"id":"c4825623-337f-4587-a0e6-83da85c892a7","height":33,"num_floors":10,"class":"building","areaM2":358,"sourceTile":"tile_1_2","sourceFeatureCount":49994,"heightEstimated":true},"geometry":{"type":"Polygon","coordinates":[[[114.45427,30.537042],[114.453584,30.537051],[114.453602,30.536952],[114.45427,30.537042]]]}},{"type":"Feature","id":"774acc5a-3b23-4bcf-8eab-b28587e328ec","properties":{"id":"774acc5a-3b23-4bcf-8eab-b28587e328ec","height":14,"num_floors":4,"class":"building","areaM2":42,"sourceTile":"tile_1_2","sourceFeatureCount":49994,"heightEstimated":true},"geometry":{"type":"Polygon","coordinates":[[[114.430307,30.533796],[114.430425,30.53387],[114.430317,30.53387],[114.430307,30.533796]]]}},{"type":"Feature","id":"70ca365e-efaf-463a-b348-0740b61e69de","properties":{"id":"70ca365e-efaf-463a-b348-0740b61e69de","height":8,"num_floors":3,"class":"building","areaM2":27,"sourceTile":"tile_1_2","sourceFeatureCount":49994,"heightEstimated":true},"geometry":{"type":"Polygon","coordinates":[[[114.41589,30.536051],[114.415805,30.536116],[114.415797,30.536062],[114.41589,30.536051]]]}},{"type":"Feature","id":"7d5a9717-e802-46da-905d-72cb41e074db","properties":{"id":"7d5a9717-e802-46da-905d-72cb41e074db","height":47,"num_floors":15,"class":"building","areaM2":775,"sourceTile":"tile_1_2","sourceFeatureCount":49994,"heightEstimated":true},"geometry":{"type":"Polygon","coordinates":[[[114.412827,30.534895],[114.412597,30.534874],[114.412635,30.534561],[114.412865,30.534582],[114.412827,30.534895]]]}},{"type":"Feature","id":"9587eba4-6ed3-4570-9ca0-1b89f80a2590","properties":{"id":"9587eba4-6ed3-4570-9ca0-1b89f80a2590","height":108,"num_floors":34,"class":"building","areaM2":8507,"sourceTile":"tile_1_2","sourceFeatureCount":49994,"heightEstimated":true},"geometry":{"type":"Polygon","coordinates":[[[114.423193,30.52048],[114.422551,30.520611],[114.42244,30.520205],[114.422877,30.520116],[114.422712,30.519517],[114.42231,30.519599],[114.422203,30.519208],[114.422799,30.519087],[114.42242,30.519212],[114.422481,30.51946],[114.423036,30.519444],[114.423522,30.519245],[114.423131,30.518906],[114.423507,30.51883],[114.423681,30.519472],[114.422892,30.519522],[114.42304,30.520067],[114.423791,30.519777],[114.42386,30.520028],[114.422744,30.520246],[114.423193,30.52048]]]}},{"type":"Feature","id":"e2741c3c-a512-40d9-bb9a-7caabb41cd52","properties":{"id":"e2741c3c-a512-40d9-bb9a-7caabb41cd52","height":93,"num_floors":29,"class":"building","areaM2":9594,"sourceTile":"tile_1_2","sourceFeatureCount":49994,"heightEstimated":true},"geometry":{"type":"Polygon","coordinates":[[[114.411975,30.520059],[114.412138,30.520637],[114.41023,30.520805],[114.410711,30.520603],[114.41068,30.520308],[114.40994,30.520222],[114.411975,30.520059]]]}},{"type":"Feature","id":"3b7cc2a1-67c1-4dc0-abdf-e456e5227f85","properties":{"id":"3b7cc2a1-67c1-4dc0-abdf-e456e5227f85","height":36,"num_floors":11,"class":"building","areaM2":597,"sourceTile":"tile_1_2","sourceFeatureCount":49994,"heightEstimated":true},"geometry":{"type":"Polygon","coordinates":[[[114.417941,30.519379],[114.418316,30.519138],[114.418453,30.519351],[114.417941,30.519379]]]}},{"type":"Feature","id":"207407a9-e564-48d6-96b1-483344e0f119","properties":{"id":"207407a9-e564-48d6-96b1-483344e0f119","height":27,"num_floors":8,"class":"residential","areaM2":503,"sourceTile":"tile_1_2","sourceFeatureCount":49994,"heightEstimated":true},"geometry":{"type":"Polygon","coordinates":[[[114.428918,30.518433],[114.428267,30.518324],[114.428906,30.518286],[114.428918,30.518433]]]}},{"type":"Feature","id":"15a93682-2d0b-44f5-bf43-ab621dd41b2d","properties":{"id":"15a93682-2d0b-44f5-bf43-ab621dd41b2d","height":36,"num_floors":11,"class":"building","areaM2":50,"sourceTile":"tile_1_2","sourceFeatureCount":49994,"heightEstimated":true},"geometry":{"type":"Polygon","coordinates":[[[114.434164,30.523757],[114.434132,30.52362],[114.434223,30.523713],[114.434164,30.523757]]]}},{"type":"Feature","id":"758f590f-a8c5-470b-8f58-acdde95699b0","properties":{"id":"758f590f-a8c5-470b-8f58-acdde95699b0","height":31,"num_floors":10,"class":"building","areaM2":106,"sourceTile":"tile_1_2","sourceFeatureCount":49994,"heightEstimated":true},"geometry":{"type":"Polygon","coordinates":[[[114.360611,30.630958],[114.360826,30.630938],[114.360742,30.631039],[114.360611,30.630958]]]}},{"type":"Feature","id":"b357eecd-0cb3-4ef1-a6fc-2ad4a3c30774","properties":{"id":"b357eecd-0cb3-4ef1-a6fc-2ad4a3c30774","height":31,"num_floors":10,"class":"building","areaM2":363,"sourceTile":"tile_1_2","sourceFeatureCount":49994,"heightEstimated":true},"geometry":{"type":"Polygon","coordinates":[[[114.359298,30.623808],[114.35896,30.623743],[114.359283,30.623602],[114.359298,30.623808]]]}},{"type":"Feature","id":"d487b574-2323-4144-a572-350917647aad","properties":{"id":"d487b574-2323-4144-a572-350917647aad","height":10,"num_floors":3,"class":"building","areaM2":18,"sourceTile":"tile_1_2","sourceFeatureCount":49994,"heightEstimated":true},"geometry":{"type":"Polygon","coordinates":[[[114.350751,30.590734],[114.350692,30.590665],[114.350771,30.5907],[114.350751,30.590734]]]}},{"type":"Feature","id":"b4b3c255-bd3c-4116-bde2-379c87448649","properties":{"id":"b4b3c255-bd3c-4116-bde2-379c87448649","height":82,"num_floors":26,"class":"building","areaM2":8550,"sourceTile":"tile_1_2","sourceFeatureCount":49994,"heightEstimated":true},"geometry":{"type":"Polygon","coordinates":[[[114.349271,30.614315],[114.348793,30.613946],[114.349351,30.613404],[114.350102,30.613983],[114.349382,30.614682],[114.349109,30.614472],[114.349271,30.614315]]]}},{"type":"Feature","id":"856ec0d9-40b6-49c2-97b2-8cfe027ccebd","properties":{"id":"856ec0d9-40b6-49c2-97b2-8cfe027ccebd","height":34,"num_floors":11,"class":"building","areaM2":39,"sourceTile":"tile_1_2","sourceFeatureCount":49994,"heightEstimated":true},"geometry":{"type":"Polygon","coordinates":[[[114.351393,30.619235],[114.351527,30.619246],[114.351476,30.619297],[114.351393,30.619235]]]}},{"type":"Feature","id":"a6fc5775-4701-4268-b276-5c8b02401b70","properties":{"id":"a6fc5775-4701-4268-b276-5c8b02401b70","height":39,"num_floors":12,"class":"apartments","areaM2":447,"sourceTile":"tile_1_2","sourceFeatureCount":49994,"heightEstimated":true},"geometry":{"type":"Polygon","coordinates":[[[114.353972,30.611135],[114.353278,30.611165],[114.3533,30.611042],[114.353972,30.611135]]]}},{"type":"Feature","id":"c079312d-e878-4b9b-9366-8252135d8dfe","properties":{"id":"c079312d-e878-4b9b-9366-8252135d8dfe","height":79,"num_floors":25,"class":"building","areaM2":5358,"sourceTile":"tile_1_2","sourceFeatureCount":49994,"heightEstimated":true},"geometry":{"type":"Polygon","coordinates":[[[114.352292,30.615924],[114.353103,30.616524],[114.352722,30.616881],[114.35194,30.616289],[114.352292,30.615924]]]}},{"type":"Feature","id":"0d270c80-1446-4795-97c0-2b9621d21f99","properties":{"id":"0d270c80-1446-4795-97c0-2b9621d21f99","height":23,"num_floors":7,"class":"building","areaM2":129,"sourceTile":"tile_1_2","sourceFeatureCount":49994,"heightEstimated":true},"geometry":{"type":"Polygon","coordinates":[[[114.357747,30.616534],[114.357858,30.616754],[114.357672,30.616605],[114.357747,30.616534]]]}},{"type":"Feature","id":"e2c8c9e7-cf09-4e7d-909b-92718837049f","properties":{"id":"e2c8c9e7-cf09-4e7d-909b-92718837049f","height":18,"num_floors":6,"class":"building","areaM2":218,"sourceTile":"tile_1_2","sourceFeatureCount":49994,"heightEstimated":true},"geometry":{"type":"Polygon","coordinates":[[[114.357564,30.60887],[114.357823,30.608558],[114.357667,30.608905],[114.357564,30.60887]]]}},{"type":"Feature","id":"9440610e-efb1-461e-9aa3-b7665b9efc6d","properties":{"id":"9440610e-efb1-461e-9aa3-b7665b9efc6d","height":33,"num_floors":10,"class":"building","areaM2":28,"sourceTile":"tile_1_2","sourceFeatureCount":49994,"heightEstimated":true},"geometry":{"type":"Polygon","coordinates":[[[114.359169,30.600143],[114.359088,30.600078],[114.359167,30.600075],[114.359169,30.600143]]]}},{"type":"Feature","id":"3c71db4e-35cb-4ad6-8be2-39d835428dc4","properties":{"id":"3c71db4e-35cb-4ad6-8be2-39d835428dc4","height":83,"num_floors":26,"class":"university","areaM2":7916,"sourceTile":"tile_1_2","sourceFeatureCount":49994,"heightEstimated":true},"geometry":{"type":"Polygon","coordinates":[[[114.353049,30.604976],[114.351458,30.603849],[114.351735,30.603567],[114.353306,30.604692],[114.353049,30.604976]]]}},{"type":"Feature","id":"eeba184e-17bf-45e6-af5a-87c9d17dacab","properties":{"id":"eeba184e-17bf-45e6-af5a-87c9d17dacab","height":24,"num_floors":8,"class":"building","areaM2":18,"sourceTile":"tile_1_2","sourceFeatureCount":49994,"heightEstimated":true},"geometry":{"type":"Polygon","coordinates":[[[114.354236,30.600815],[114.35424,30.600892],[114.354194,30.600855],[114.354236,30.600815]]]}},{"type":"Feature","id":"2430341f-ca09-4a5b-8e01-bf4b9e5b1a2a","properties":{"id":"2430341f-ca09-4a5b-8e01-bf4b9e5b1a2a","height":102,"num_floors":32,"class":"building","areaM2":8203,"sourceTile":"tile_1_2","sourceFeatureCount":49994,"heightEstimated":true},"geometry":{"type":"Polygon","coordinates":[[[114.35495,30.589878],[114.355939,30.590235],[114.355341,30.590923],[114.354512,30.590382],[114.35495,30.589878]]]}},{"type":"Feature","id":"94f12bf8-5ccb-4528-8261-4a34c1cc2e5d","properties":{"id":"94f12bf8-5ccb-4528-8261-4a34c1cc2e5d","height":73,"num_floors":23,"class":"building","areaM2":6673,"sourceTile":"tile_1_2","sourceFeatureCount":49994,"heightEstimated":true},"geometry":{"type":"Polygon","coordinates":[[[114.356231,30.590318],[114.356465,30.59131],[114.356241,30.591547],[114.355437,30.590979],[114.356231,30.590318]]]}},{"type":"Feature","id":"8f7a78d2-0e12-4554-b1a7-a5bb6925c12d","properties":{"id":"8f7a78d2-0e12-4554-b1a7-a5bb6925c12d","height":31,"num_floors":10,"class":"building","areaM2":466,"sourceTile":"tile_1_2","sourceFeatureCount":49994,"heightEstimated":true},"geometry":{"type":"Polygon","coordinates":[[[114.359062,30.591328],[114.359072,30.591002],[114.359523,30.591108],[114.359141,30.59116],[114.359062,30.591328]]]}},{"type":"Feature","id":"b498cc38-04a0-459a-9089-17bc7308ea12","properties":{"id":"b498cc38-04a0-459a-9089-17bc7308ea12","height":17,"num_floors":5,"class":"building","areaM2":206,"sourceTile":"tile_1_2","sourceFeatureCount":49994,"heightEstimated":true},"geometry":{"type":"Polygon","coordinates":[[[114.36228,30.594532],[114.361986,30.594741],[114.361943,30.594639],[114.36228,30.594532]]]}},{"type":"Feature","id":"6b5fdd49-602c-481a-8078-e1551211a9e6","properties":{"id":"6b5fdd49-602c-481a-8078-e1551211a9e6","height":34,"num_floors":11,"class":"building","areaM2":60,"sourceTile":"tile_1_2","sourceFeatureCount":49994,"heightEstimated":true},"geometry":{"type":"Polygon","coordinates":[[[114.375774,30.596684],[114.375862,30.596596],[114.375862,30.596725],[114.375774,30.596684]]]}},{"type":"Feature","id":"ab56ad0c-3217-40f2-b733-51bd7c2086ba","properties":{"id":"ab56ad0c-3217-40f2-b733-51bd7c2086ba","height":28,"num_floors":9,"class":"building","areaM2":104,"sourceTile":"tile_1_2","sourceFeatureCount":49994,"heightEstimated":true},"geometry":{"type":"Polygon","coordinates":[[[114.370717,30.604034],[114.371018,30.604187],[114.370695,30.604088],[114.370717,30.604034]]]}},{"type":"Feature","id":"6a87413b-b78b-4801-a71b-5ca964902e64","properties":{"id":"6a87413b-b78b-4801-a71b-5ca964902e64","height":95,"num_floors":1,"class":"building","areaM2":5775,"sourceTile":"tile_1_2","sourceFeatureCount":49994,"heightEstimated":true},"geometry":{"type":"Polygon","coordinates":[[[114.363948,30.598412],[114.363711,30.599184],[114.363003,30.598912],[114.363366,30.598213],[114.363948,30.598412]]]}},{"type":"Feature","id":"7cfc044b-71de-475b-a240-44fd56eecfd8","properties":{"id":"7cfc044b-71de-475b-a240-44fd56eecfd8","height":19,"num_floors":6,"class":"building","areaM2":94,"sourceTile":"tile_1_2","sourceFeatureCount":49994,"heightEstimated":true},"geometry":{"type":"Polygon","coordinates":[[[114.362741,30.605238],[114.362929,30.605172],[114.362858,30.605291],[114.362741,30.605238]]]}},{"type":"Feature","id":"cf8ec99a-b0d2-427f-ab8a-45e3211ae416","properties":{"id":"cf8ec99a-b0d2-427f-ab8a-45e3211ae416","height":8,"num_floors":3,"class":"building","areaM2":27,"sourceTile":"tile_1_2","sourceFeatureCount":49994,"heightEstimated":true},"geometry":{"type":"Polygon","coordinates":[[[114.363655,30.612126],[114.36355,30.612154],[114.363602,30.612092],[114.363655,30.612126]]]}},{"type":"Feature","id":"fc7f9236-092d-47f7-81ab-30fba292fc23","properties":{"id":"fc7f9236-092d-47f7-81ab-30fba292fc23","height":31,"num_floors":10,"class":"building","areaM2":34,"sourceTile":"tile_1_2","sourceFeatureCount":49994,"heightEstimated":true},"geometry":{"type":"Polygon","coordinates":[[[114.365191,30.617224],[114.36531,30.61718],[114.365245,30.617258],[114.365191,30.617224]]]}},{"type":"Feature","id":"08c7767d-4d7b-4660-8985-087dc67a8b4b","properties":{"id":"08c7767d-4d7b-4660-8985-087dc67a8b4b","height":26,"num_floors":8,"class":"building","areaM2":91,"sourceTile":"tile_1_2","sourceFeatureCount":49994,"heightEstimated":true},"geometry":{"type":"Polygon","coordinates":[[[114.367804,30.612849],[114.367998,30.612797],[114.367955,30.612897],[114.367804,30.612849]]]}},{"type":"Feature","id":"a97ab0b7-5ec5-4377-ba3b-c5f6091ec86a","properties":{"id":"a97ab0b7-5ec5-4377-ba3b-c5f6091ec86a","height":21,"num_floors":7,"class":"building","areaM2":172,"sourceTile":"tile_1_2","sourceFeatureCount":49994,"heightEstimated":true},"geometry":{"type":"Polygon","coordinates":[[[114.370732,30.616015],[114.370984,30.615893],[114.370868,30.616079],[114.370732,30.616015]]]}},{"type":"Feature","id":"4c937d28-1434-4809-ae02-7d9b093015ee","properties":{"id":"4c937d28-1434-4809-ae02-7d9b093015ee","height":18,"num_floors":6,"class":"building","areaM2":319,"sourceTile":"tile_1_2","sourceFeatureCount":49994,"heightEstimated":true},"geometry":{"type":"Polygon","coordinates":[[[114.374051,30.619454],[114.374537,30.619813],[114.373995,30.619536],[114.374051,30.619454]]]}},{"type":"Feature","id":"828cfc48-afac-43aa-852a-d52f1978582c","properties":{"id":"828cfc48-afac-43aa-852a-d52f1978582c","height":33,"num_floors":10,"class":"building","areaM2":78,"sourceTile":"tile_1_2","sourceFeatureCount":49994,"heightEstimated":true},"geometry":{"type":"Polygon","coordinates":[[[114.373001,30.614886],[114.373208,30.614902],[114.373162,30.614969],[114.373001,30.614886]]]}},{"type":"Feature","id":"f8234cba-d6e3-4dd8-afa9-2cb67a8e52fb","properties":{"id":"f8234cba-d6e3-4dd8-afa9-2cb67a8e52fb","height":21,"num_floors":7,"class":"building","areaM2":10,"sourceTile":"tile_1_2","sourceFeatureCount":49994,"heightEstimated":true},"geometry":{"type":"Polygon","coordinates":[[[114.372475,30.605716],[114.372407,30.605743],[114.372409,30.605714],[114.372475,30.605716]]]}},{"type":"Feature","id":"301d466c-e993-4ab3-b661-03d65a54d7ad","properties":{"id":"301d466c-e993-4ab3-b661-03d65a54d7ad","height":23,"num_floors":1,"class":"apartments","areaM2":259,"sourceTile":"tile_1_2","sourceFeatureCount":49994,"heightEstimated":true},"geometry":{"type":"Polygon","coordinates":[[[114.378381,30.611223],[114.378659,30.611489],[114.378313,30.611334],[114.378381,30.611223]]]}},{"type":"Feature","id":"e2aa31b9-0727-4e58-bf1a-6273f26d9a6a","properties":{"id":"e2aa31b9-0727-4e58-bf1a-6273f26d9a6a","height":9,"num_floors":3,"class":"building","areaM2":81,"sourceTile":"tile_1_2","sourceFeatureCount":49994,"heightEstimated":true},"geometry":{"type":"Polygon","coordinates":[[[114.377958,30.618936],[114.378176,30.618939],[114.378139,30.619008],[114.377958,30.618936]]]}},{"type":"Feature","id":"db1cf8f0-c6ef-40d4-a747-84c04c3b24bd","properties":{"id":"db1cf8f0-c6ef-40d4-a747-84c04c3b24bd","height":28,"num_floors":9,"class":"building","areaM2":18,"sourceTile":"tile_1_2","sourceFeatureCount":49994,"heightEstimated":true},"geometry":{"type":"Polygon","coordinates":[[[114.382076,30.617327],[114.382156,30.617378],[114.382069,30.617365],[114.382076,30.617327]]]}},{"type":"Feature","id":"0f40901a-34e7-49a3-98a3-850a290baba0","properties":{"id":"0f40901a-34e7-49a3-98a3-850a290baba0","height":148,"num_floors":3,"class":"building","areaM2":18763,"sourceTile":"tile_1_2","sourceFeatureCount":49994,"heightEstimated":true},"geometry":{"type":"Polygon","coordinates":[[[114.384013,30.615302],[114.382846,30.615263],[114.382694,30.613456],[114.383345,30.613523],[114.383361,30.613975],[114.384029,30.614416],[114.384013,30.615302]]]}},{"type":"Feature","id":"ac783901-73b6-43e8-88df-6ed3852bea29","properties":{"id":"ac783901-73b6-43e8-88df-6ed3852bea29","height":93,"num_floors":1,"class":"building","areaM2":5270,"sourceTile":"tile_1_2","sourceFeatureCount":49994,"heightEstimated":true},"geometry":{"type":"Polygon","coordinates":[[[114.385588,30.613802],[114.384488,30.613809],[114.384484,30.613356],[114.385584,30.613349],[114.385588,30.613802]]]}},{"type":"Feature","id":"54ab52c6-c1f0-4f72-8c1b-47ed23221132","properties":{"id":"54ab52c6-c1f0-4f72-8c1b-47ed23221132","height":21,"num_floors":7,"class":"building","areaM2":38,"sourceTile":"tile_1_2","sourceFeatureCount":49994,"heightEstimated":true},"geometry":{"type":"Polygon","coordinates":[[[114.387975,30.618563],[114.388103,30.618496],[114.388035,30.618588],[114.387975,30.618563]]]}},{"type":"Feature","id":"e5fa3968-4391-4bd8-a992-323a163dfe5c","properties":{"id":"e5fa3968-4391-4bd8-a992-323a163dfe5c","height":86,"num_floors":27,"class":"building","areaM2":5156,"sourceTile":"tile_1_2","sourceFeatureCount":49994,"heightEstimated":true},"geometry":{"type":"Polygon","coordinates":[[[114.387699,30.61492],[114.388128,30.615202],[114.387523,30.615937],[114.387093,30.615655],[114.387699,30.61492]]]}},{"type":"Feature","id":"35d6a92e-0490-4b64-b1c2-fedb3fb35d1b","properties":{"id":"35d6a92e-0490-4b64-b1c2-fedb3fb35d1b","height":90,"num_floors":28,"class":"building","areaM2":6218,"sourceTile":"tile_1_2","sourceFeatureCount":49994,"heightEstimated":true},"geometry":{"type":"Polygon","coordinates":[[[114.388606,30.613418],[114.387951,30.614292],[114.387475,30.614018],[114.388143,30.613151],[114.388606,30.613418]]]}},{"type":"Feature","id":"71e0fac6-981f-440a-8ccb-d03eac3f0325","properties":{"id":"71e0fac6-981f-440a-8ccb-d03eac3f0325","height":15,"num_floors":5,"class":"building","areaM2":60,"sourceTile":"tile_1_2","sourceFeatureCount":49994,"heightEstimated":true},"geometry":{"type":"Polygon","coordinates":[[[114.387202,30.612397],[114.387003,30.612338],[114.387202,30.612339],[114.387202,30.612397]]]}},{"type":"Feature","id":"1fb30b02-68c8-4f3e-aee4-8441cb0797d7","properties":{"id":"1fb30b02-68c8-4f3e-aee4-8441cb0797d7","height":11,"num_floors":3,"class":"building","areaM2":157,"sourceTile":"tile_1_2","sourceFeatureCount":49994,"heightEstimated":true},"geometry":{"type":"Polygon","coordinates":[[[114.38857,30.60513],[114.388934,30.605348],[114.388526,30.605186],[114.38857,30.60513]]]}},{"type":"Feature","id":"fd230af1-1cfc-40c2-baef-4aee976b69dc","properties":{"id":"fd230af1-1cfc-40c2-baef-4aee976b69dc","height":30,"num_floors":9,"class":"building","areaM2":61,"sourceTile":"tile_1_2","sourceFeatureCount":49994,"heightEstimated":true},"geometry":{"type":"Polygon","coordinates":[[[114.389268,30.600505],[114.389425,30.60047],[114.38936,30.600558],[114.389268,30.600505]]]}},{"type":"Feature","id":"8968757f-87b7-4796-b1db-d2303db5bebe","properties":{"id":"8968757f-87b7-4796-b1db-d2303db5bebe","height":81,"num_floors":25,"class":"building","areaM2":7511,"sourceTile":"tile_1_2","sourceFeatureCount":49994,"heightEstimated":true},"geometry":{"type":"Polygon","coordinates":[[[114.381448,30.603389],[114.382746,30.603806],[114.382656,30.604247],[114.38138,30.60401],[114.381448,30.603389]]]}},{"type":"Feature","id":"c6efc342-22a9-4047-9266-0542de6510b9","properties":{"id":"c6efc342-22a9-4047-9266-0542de6510b9","height":101,"num_floors":32,"class":"building","areaM2":6711,"sourceTile":"tile_1_2","sourceFeatureCount":49994,"heightEstimated":true},"geometry":{"type":"Polygon","coordinates":[[[114.38251,30.604414],[114.382355,30.605086],[114.381221,30.604847],[114.381274,30.604548],[114.381819,30.604642],[114.381878,30.604422],[114.381344,30.604182],[114.38251,30.604414]]]}},{"type":"Feature","id":"15f9a949-4a31-4766-96cb-24bbde86a05f","properties":{"id":"15f9a949-4a31-4766-96cb-24bbde86a05f","height":79,"num_floors":25,"class":"building","areaM2":6607,"sourceTile":"tile_1_2","sourceFeatureCount":49994,"heightEstimated":true},"geometry":{"type":"Polygon","coordinates":[[[114.378034,30.603244],[114.379003,30.603246],[114.379001,30.60389],[114.378031,30.603887],[114.378034,30.603244]]]}},{"type":"Feature","id":"7db14157-10d6-4c23-bf98-89cf0373100b","properties":{"id":"7db14157-10d6-4c23-bf98-89cf0373100b","height":99,"num_floors":31,"class":"building","areaM2":7640,"sourceTile":"tile_1_2","sourceFeatureCount":49994,"heightEstimated":true},"geometry":{"type":"Polygon","coordinates":[[[114.377283,30.601915],[114.377272,30.602595],[114.376036,30.602585],[114.37604,30.6021],[114.377283,30.601915]]]}},{"type":"Feature","id":"cef6642c-0564-4c6e-aeed-822bb89712e0","properties":{"id":"cef6642c-0564-4c6e-aeed-822bb89712e0","height":108,"num_floors":34,"class":"building","areaM2":8204,"sourceTile":"tile_1_2","sourceFeatureCount":49994,"heightEstimated":true},"geometry":{"type":"Polygon","coordinates":[[[114.377096,30.601052],[114.377061,30.601765],[114.37579,30.60157],[114.37597,30.601012],[114.377096,30.601052]]]}},{"type":"Feature","id":"68af2491-5aac-493b-92b0-489d4072986c","properties":{"id":"68af2491-5aac-493b-92b0-489d4072986c","height":29,"num_floors":1,"class":"apartments","areaM2":247,"sourceTile":"tile_1_2","sourceFeatureCount":49994,"heightEstimated":true},"geometry":{"type":"Polygon","coordinates":[[[114.379914,30.601234],[114.379604,30.601387],[114.379601,30.601238],[114.379914,30.601234]]]}},{"type":"Feature","id":"47c128f9-e217-4dd9-a239-f38c937673f3","properties":{"id":"47c128f9-e217-4dd9-a239-f38c937673f3","height":86,"num_floors":27,"class":"building","areaM2":5842,"sourceTile":"tile_1_2","sourceFeatureCount":49994,"heightEstimated":true},"geometry":{"type":"Polygon","coordinates":[[[114.383097,30.596945],[114.382453,30.597261],[114.381883,30.59688],[114.382871,30.596375],[114.383097,30.596945]]]}},{"type":"Feature","id":"4b8dc995-d28a-473e-be58-2dd6154c2749","properties":{"id":"4b8dc995-d28a-473e-be58-2dd6154c2749","height":12,"num_floors":4,"class":"building","areaM2":27,"sourceTile":"tile_1_2","sourceFeatureCount":49994,"heightEstimated":true},"geometry":{"type":"Polygon","coordinates":[[[114.384103,30.590915],[114.38401,30.590864],[114.384098,30.590858],[114.384103,30.590915]]]}},{"type":"Feature","id":"7ddd2319-9bee-4150-80cb-f4f373a16493","properties":{"id":"7ddd2319-9bee-4150-80cb-f4f373a16493","height":93,"num_floors":2,"class":"building","areaM2":8136,"sourceTile":"tile_1_2","sourceFeatureCount":49994,"heightEstimated":true},"geometry":{"type":"Polygon","coordinates":[[[114.391808,30.598487],[114.390923,30.598173],[114.390356,30.597275],[114.390818,30.596409],[114.391223,30.597148],[114.390818,30.597453],[114.391102,30.598039],[114.391808,30.598487]]]}},{"type":"Feature","id":"d8c3b319-f915-4fb4-b5d2-30ab15f1aa8d","properties":{"id":"d8c3b319-f915-4fb4-b5d2-30ab15f1aa8d","height":36,"num_floors":11,"class":"building","areaM2":44,"sourceTile":"tile_1_2","sourceFeatureCount":49994,"heightEstimated":true},"geometry":{"type":"Polygon","coordinates":[[[114.392101,30.596997],[114.392249,30.597022],[114.392122,30.597057],[114.392101,30.596997]]]}},{"type":"Feature","id":"b3f992c9-8965-4a33-89eb-b2acfd2a9f47","properties":{"id":"b3f992c9-8965-4a33-89eb-b2acfd2a9f47","height":37,"num_floors":12,"class":"building","areaM2":295,"sourceTile":"tile_1_2","sourceFeatureCount":49994,"heightEstimated":true},"geometry":{"type":"Polygon","coordinates":[[[114.414879,30.590943],[114.415028,30.590645],[114.415067,30.59094],[114.414879,30.590943]]]}},{"type":"Feature","id":"e2a82d4b-6ebc-4e5c-9d49-2dbcd7c787a1","properties":{"id":"e2a82d4b-6ebc-4e5c-9d49-2dbcd7c787a1","height":21,"num_floors":7,"class":"building","areaM2":67,"sourceTile":"tile_1_2","sourceFeatureCount":49994,"heightEstimated":true},"geometry":{"type":"Polygon","coordinates":[[[114.419473,30.601955],[114.419563,30.602112],[114.419475,30.602099],[114.419473,30.601955]]]}},{"type":"Feature","id":"6c2f59b3-9339-4c5c-8840-a0a4436d521c","properties":{"id":"6c2f59b3-9339-4c5c-8840-a0a4436d521c","height":96,"num_floors":30,"class":"building","areaM2":7526,"sourceTile":"tile_1_2","sourceFeatureCount":49994,"heightEstimated":true},"geometry":{"type":"Polygon","coordinates":[[[114.408578,30.610396],[114.407451,30.611225],[114.407276,30.610992],[114.407506,30.610245],[114.407685,30.610447],[114.408283,30.610003],[114.408578,30.610396]]]}},{"type":"Feature","id":"c0f0269c-0243-4112-acf5-794a9a511406","properties":{"id":"c0f0269c-0243-4112-acf5-794a9a511406","height":13,"num_floors":4,"class":"building","areaM2":67,"sourceTile":"tile_1_2","sourceFeatureCount":49994,"heightEstimated":true},"geometry":{"type":"Polygon","coordinates":[[[114.412397,30.606064],[114.412529,30.605901],[114.41246,30.606082],[114.412397,30.606064]]]}},{"type":"Feature","id":"90524ad8-3c24-488a-b21d-1ec8c8408538","properties":{"id":"90524ad8-3c24-488a-b21d-1ec8c8408538","height":168,"num_floors":53,"class":"building","areaM2":125125,"sourceTile":"tile_1_2","sourceFeatureCount":49994,"heightEstimated":true},"geometry":{"type":"Polygon","coordinates":[[[114.420912,30.608188],[114.41961,30.611915],[114.416955,30.611231],[114.417309,30.609292],[114.418258,30.607422],[114.419866,30.607675],[114.420912,30.608188]]]}},{"type":"Feature","id":"98ca720a-015f-469a-9a8a-90f78f7541de","properties":{"id":"98ca720a-015f-469a-9a8a-90f78f7541de","height":71,"num_floors":22,"class":"building","areaM2":5914,"sourceTile":"tile_1_2","sourceFeatureCount":49994,"heightEstimated":true},"geometry":{"type":"Polygon","coordinates":[[[114.421236,30.61446],[114.420345,30.614513],[114.4203,30.613829],[114.420995,30.613757],[114.421236,30.61446]]]}},{"type":"Feature","id":"cb5917e2-8689-4c07-a15b-c0074daedd4d","properties":{"id":"cb5917e2-8689-4c07-a15b-c0074daedd4d","height":77,"num_floors":24,"class":"building","areaM2":5844,"sourceTile":"tile_1_2","sourceFeatureCount":49994,"heightEstimated":true},"geometry":{"type":"Polygon","coordinates":[[[114.419893,30.614152],[114.418828,30.614001],[114.419174,30.613464],[114.419965,30.613553],[114.419893,30.614152]]]}},{"type":"Feature","id":"bcb46bd3-7022-4ca9-bb82-814c3208efdb","properties":{"id":"bcb46bd3-7022-4ca9-bb82-814c3208efdb","height":34,"num_floors":11,"class":"building","areaM2":39,"sourceTile":"tile_1_2","sourceFeatureCount":49994,"heightEstimated":true},"geometry":{"type":"Polygon","coordinates":[[[114.398989,30.618046],[114.398856,30.618058],[114.398938,30.617995],[114.398989,30.618046]]]}},{"type":"Feature","id":"15d18b8d-49b5-41ea-87de-fd0137c8166b","properties":{"id":"15d18b8d-49b5-41ea-87de-fd0137c8166b","height":31,"num_floors":10,"class":"building","areaM2":143,"sourceTile":"tile_1_2","sourceFeatureCount":49994,"heightEstimated":true},"geometry":{"type":"Polygon","coordinates":[[[114.400527,30.605198],[114.400166,30.605153],[114.4002,30.605082],[114.400527,30.605198]]]}},{"type":"Feature","id":"b0d621de-6118-4f41-8a5d-47d583f5b0cc","properties":{"id":"b0d621de-6118-4f41-8a5d-47d583f5b0cc","height":22,"num_floors":7,"class":"building","areaM2":95,"sourceTile":"tile_1_2","sourceFeatureCount":49994,"heightEstimated":true},"geometry":{"type":"Polygon","coordinates":[[[114.393556,30.612361],[114.393761,30.612342],[114.393648,30.61244],[114.393556,30.612361]]]}},{"type":"Feature","id":"bae48df2-04e8-4140-82b0-e404b241975b","properties":{"id":"bae48df2-04e8-4140-82b0-e404b241975b","height":12,"num_floors":4,"class":"building","areaM2":56,"sourceTile":"tile_1_2","sourceFeatureCount":49994,"heightEstimated":true},"geometry":{"type":"Polygon","coordinates":[[[114.395718,30.614452],[114.395817,30.614562],[114.39572,30.614562],[114.395718,30.614452]]]}},{"type":"Feature","id":"3b8ff623-b552-41e0-ae43-e002e045a7ed","properties":{"id":"3b8ff623-b552-41e0-ae43-e002e045a7ed","height":33,"num_floors":10,"class":"building","areaM2":34,"sourceTile":"tile_1_2","sourceFeatureCount":49994,"heightEstimated":true},"geometry":{"type":"Polygon","coordinates":[[[114.39237,30.619347],[114.392241,30.619339],[114.392279,30.619292],[114.39237,30.619347]]]}},{"type":"Feature","id":"ae4912f0-fc1d-4fb1-bdd1-b1ee3ef225a4","properties":{"id":"ae4912f0-fc1d-4fb1-bdd1-b1ee3ef225a4","height":29,"num_floors":9,"class":"building","areaM2":101,"sourceTile":"tile_1_2","sourceFeatureCount":49994,"heightEstimated":true},"geometry":{"type":"Polygon","coordinates":[[[114.393168,30.61987],[114.393378,30.619795],[114.393255,30.61993],[114.393168,30.61987]]]}},{"type":"Feature","id":"b7192e1b-2766-498b-a16c-2810248b589a","properties":{"id":"b7192e1b-2766-498b-a16c-2810248b589a","height":24,"num_floors":8,"class":"building","areaM2":179,"sourceTile":"tile_1_2","sourceFeatureCount":49994,"heightEstimated":true},"geometry":{"type":"Polygon","coordinates":[[[114.394683,30.627288],[114.3948,30.626984],[114.394794,30.62729],[114.394683,30.627288]]]}},{"type":"Feature","id":"0975468f-7ac9-4f76-aeb1-60392ff0c971","properties":{"id":"0975468f-7ac9-4f76-aeb1-60392ff0c971","height":21,"num_floors":7,"class":"building","areaM2":358,"sourceTile":"tile_1_2","sourceFeatureCount":49994,"heightEstimated":true},"geometry":{"type":"Polygon","coordinates":[[[114.394461,30.632784],[114.394696,30.633002],[114.394383,30.632999],[114.394461,30.632784]]]}},{"type":"Feature","id":"0b9d56aa-dd45-4c7d-a0b2-fc7c438d577c","properties":{"id":"0b9d56aa-dd45-4c7d-a0b2-fc7c438d577c","height":36,"num_floors":11,"class":"building","areaM2":117,"sourceTile":"tile_1_2","sourceFeatureCount":49994,"heightEstimated":true},"geometry":{"type":"Polygon","coordinates":[[[114.400412,30.632274],[114.400619,30.63214],[114.400642,30.632233],[114.400412,30.632274]]]}},{"type":"Feature","id":"b9da41d3-636a-4113-92c8-5a76c21b4432","properties":{"id":"b9da41d3-636a-4113-92c8-5a76c21b4432","height":28,"num_floors":9,"class":"building","areaM2":118,"sourceTile":"tile_1_2","sourceFeatureCount":49994,"heightEstimated":true},"geometry":{"type":"Polygon","coordinates":[[[114.404034,30.62532],[114.404098,30.625103],[114.404142,30.625302],[114.404034,30.62532]]]}},{"type":"Feature","id":"6fcf3a7a-b593-4be9-8f89-185aa7aadc48","properties":{"id":"6fcf3a7a-b593-4be9-8f89-185aa7aadc48","height":23,"num_floors":1,"class":"building","areaM2":176,"sourceTile":"tile_1_2","sourceFeatureCount":49994,"heightEstimated":true},"geometry":{"type":"Polygon","coordinates":[[[114.399306,30.622375],[114.399047,30.622502],[114.399049,30.622373],[114.399306,30.622375]]]}},{"type":"Feature","id":"ff716b65-5e14-4a14-bc7d-7c603ebe9f87","properties":{"id":"ff716b65-5e14-4a14-bc7d-7c603ebe9f87","height":13,"num_floors":4,"class":"building","areaM2":144,"sourceTile":"tile_1_2","sourceFeatureCount":49994,"heightEstimated":true},"geometry":{"type":"Polygon","coordinates":[[[114.411124,30.624661],[114.411302,30.624869],[114.411193,30.624894],[114.411124,30.624661]]]}},{"type":"Feature","id":"f1072c7b-a6c2-4f76-b206-4d6e07aee9b0","properties":{"id":"f1072c7b-a6c2-4f76-b206-4d6e07aee9b0","height":31,"num_floors":10,"class":"building","areaM2":27,"sourceTile":"tile_1_2","sourceFeatureCount":49994,"heightEstimated":true},"geometry":{"type":"Polygon","coordinates":[[[114.41575,30.626031],[114.415856,30.626006],[114.415832,30.626059],[114.41575,30.626031]]]}},{"type":"Feature","id":"6e7f0a81-160e-4253-988d-ee5b6b835e2a","properties":{"id":"6e7f0a81-160e-4253-988d-ee5b6b835e2a","height":87,"num_floors":27,"class":"building","areaM2":8860,"sourceTile":"tile_1_2","sourceFeatureCount":49994,"heightEstimated":true},"geometry":{"type":"Polygon","coordinates":[[[114.417356,30.62505],[114.417586,30.625841],[114.41666,30.62613],[114.416342,30.625367],[114.417356,30.62505]]]}},{"type":"Feature","id":"efc0e024-3f7a-4c8e-b168-db20816b732f","properties":{"id":"efc0e024-3f7a-4c8e-b168-db20816b732f","height":79,"num_floors":25,"class":"building","areaM2":8166,"sourceTile":"tile_1_2","sourceFeatureCount":49994,"heightEstimated":true},"geometry":{"type":"Polygon","coordinates":[[[114.414487,30.624203],[114.415056,30.623022],[114.41543,30.623059],[114.415427,30.624207],[114.414487,30.624203]]]}},{"type":"Feature","id":"7a042868-4b6c-4e2e-8b7f-30c3efc381fe","properties":{"id":"7a042868-4b6c-4e2e-8b7f-30c3efc381fe","height":44,"num_floors":14,"class":"building","areaM2":893,"sourceTile":"tile_1_2","sourceFeatureCount":49994,"heightEstimated":true},"geometry":{"type":"Polygon","coordinates":[[[114.414232,30.630968],[114.414519,30.6309],[114.414605,30.631174],[114.414319,30.631242],[114.414232,30.630968]]]}},{"type":"Feature","id":"0444c611-f5ff-41f8-9cd7-c6cdbc66c189","properties":{"id":"0444c611-f5ff-41f8-9cd7-c6cdbc66c189","height":77,"num_floors":24,"class":"building","areaM2":5995,"sourceTile":"tile_1_2","sourceFeatureCount":49994,"heightEstimated":true},"geometry":{"type":"Polygon","coordinates":[[[114.412631,30.630182],[114.412627,30.630485],[114.412119,30.63039],[114.412034,30.6297],[114.413045,30.629712],[114.412899,30.630184],[114.412631,30.630182]]]}},{"type":"Feature","id":"755b2afc-8fe7-46f6-8504-0842e21d30d6","properties":{"id":"755b2afc-8fe7-46f6-8504-0842e21d30d6","height":14,"num_floors":4,"class":"building","areaM2":18,"sourceTile":"tile_1_2","sourceFeatureCount":49994,"heightEstimated":true},"geometry":{"type":"Polygon","coordinates":[[[114.389383,30.631905],[114.389294,30.631943],[114.389295,30.631904],[114.389383,30.631905]]]}},{"type":"Feature","id":"1fa578bf-fe03-4c82-a16e-c7b70dba3461","properties":{"id":"1fa578bf-fe03-4c82-a16e-c7b70dba3461","height":9,"num_floors":3,"class":"building","areaM2":67,"sourceTile":"tile_1_2","sourceFeatureCount":49994,"heightEstimated":true},"geometry":{"type":"Polygon","coordinates":[[[114.389583,30.626279],[114.389451,30.626375],[114.389451,30.626279],[114.389583,30.626279]]]}},{"type":"Feature","id":"093de9ff-137a-47bc-a9b4-54c03d250cad","properties":{"id":"093de9ff-137a-47bc-a9b4-54c03d250cad","height":29,"num_floors":9,"class":"building","areaM2":10,"sourceTile":"tile_1_2","sourceFeatureCount":49994,"heightEstimated":true},"geometry":{"type":"Polygon","coordinates":[[[114.386248,30.622819],[114.386313,30.622828],[114.386275,30.622852],[114.386248,30.622819]]]}},{"type":"Feature","id":"0cbff2f1-5892-48e1-b003-c623ac22027a","properties":{"id":"0cbff2f1-5892-48e1-b003-c623ac22027a","height":21,"num_floors":7,"class":"building","areaM2":9,"sourceTile":"tile_1_2","sourceFeatureCount":49994,"heightEstimated":true},"geometry":{"type":"Polygon","coordinates":[[[114.380494,30.626376],[114.380529,30.626428],[114.380498,30.62643],[114.380494,30.626376]]]}},{"type":"Feature","id":"df1acc05-f431-4ba3-beb0-09b8d9d27199","properties":{"id":"df1acc05-f431-4ba3-beb0-09b8d9d27199","height":21,"num_floors":7,"class":"building","areaM2":184,"sourceTile":"tile_1_2","sourceFeatureCount":49994,"heightEstimated":true},"geometry":{"type":"Polygon","coordinates":[[[114.378551,30.621338],[114.378129,30.621196],[114.378583,30.621267],[114.378551,30.621338]]]}},{"type":"Feature","id":"779ae8fd-300b-4590-a254-b0d1e5f17fa7","properties":{"id":"779ae8fd-300b-4590-a254-b0d1e5f17fa7","height":9,"num_floors":3,"class":"building","areaM2":78,"sourceTile":"tile_1_2","sourceFeatureCount":49994,"heightEstimated":true},"geometry":{"type":"Polygon","coordinates":[[[114.382837,30.629302],[114.383056,30.629231],[114.383058,30.629298],[114.382837,30.629302]]]}},{"type":"Feature","id":"edf34c05-ee9b-449f-b31e-51080a93e022","properties":{"id":"edf34c05-ee9b-449f-b31e-51080a93e022","height":168,"num_floors":8,"class":"commercial","areaM2":50883,"sourceTile":"tile_1_2","sourceFeatureCount":49994,"heightEstimated":true},"geometry":{"type":"Polygon","coordinates":[[[114.37271,30.630559],[114.369812,30.62879],[114.370694,30.627766],[114.373163,30.628969],[114.373333,30.62936],[114.373043,30.629728],[114.373303,30.62993],[114.37271,30.630559]]]}},{"type":"Feature","id":"c8e68c7b-62b3-4fef-a0c7-480d69f07898","properties":{"id":"c8e68c7b-62b3-4fef-a0c7-480d69f07898","height":43,"num_floors":1,"class":"apartments","areaM2":478,"sourceTile":"tile_1_2","sourceFeatureCount":49994,"heightEstimated":true},"geometry":{"type":"Polygon","coordinates":[[[114.370135,30.629744],[114.369559,30.629428],[114.370218,30.629633],[114.370135,30.629744]]]}},{"type":"Feature","id":"99fc7683-ad30-419f-bd3a-7ec845a8b282","properties":{"id":"99fc7683-ad30-419f-bd3a-7ec845a8b282","height":29,"num_floors":9,"class":"building","areaM2":215,"sourceTile":"tile_1_2","sourceFeatureCount":49994,"heightEstimated":true},"geometry":{"type":"Polygon","coordinates":[[[114.374806,30.620573],[114.374428,30.620242],[114.374858,30.620511],[114.374806,30.620573]]]}},{"type":"Feature","id":"5ee66b89-b0aa-419f-92d2-0129e535d26f","properties":{"id":"5ee66b89-b0aa-419f-92d2-0129e535d26f","height":16,"num_floors":5,"class":"building","areaM2":81,"sourceTile":"tile_1_2","sourceFeatureCount":49994,"heightEstimated":true},"geometry":{"type":"Polygon","coordinates":[[[114.371173,30.625698],[114.371363,30.62588],[114.371143,30.625749],[114.371173,30.625698]]]}},{"type":"Feature","id":"7d933e8c-599a-48d2-bc97-5689607570b8","properties":{"id":"7d933e8c-599a-48d2-bc97-5689607570b8","height":93,"num_floors":1,"class":"building","areaM2":9948,"sourceTile":"tile_1_2","sourceFeatureCount":49994,"heightEstimated":true},"geometry":{"type":"Polygon","coordinates":[[[114.369657,30.621214],[114.369513,30.621389],[114.365932,30.61921],[114.366076,30.619035],[114.369657,30.621214]]]}},{"type":"Feature","id":"52367b41-54e1-4ad4-8ee4-473c0ed7e412","properties":{"id":"52367b41-54e1-4ad4-8ee4-473c0ed7e412","height":9,"num_floors":1,"class":"building","areaM2":101,"sourceTile":"tile_1_2","sourceFeatureCount":49994,"heightEstimated":true},"geometry":{"type":"Polygon","coordinates":[[[114.364267,30.621752],[114.364463,30.621948],[114.364224,30.621807],[114.364267,30.621752]]]}},{"type":"Feature","id":"28ee4008-67f4-4583-a402-b786deb34506","properties":{"id":"28ee4008-67f4-4583-a402-b786deb34506","height":78,"num_floors":24,"class":"building","areaM2":6000,"sourceTile":"tile_1_2","sourceFeatureCount":49994,"heightEstimated":true},"geometry":{"type":"Polygon","coordinates":[[[114.364333,30.626711],[114.364117,30.626987],[114.363837,30.626839],[114.364497,30.626138],[114.364696,30.626269],[114.364494,30.626498],[114.364835,30.626718],[114.365263,30.626606],[114.364637,30.627327],[114.364385,30.627181],[114.364633,30.626886],[114.364333,30.626711]]]}},{"type":"Feature","id":"ec4473f9-4f5e-41f2-8f9c-d8ca1f15da45","properties":{"id":"ec4473f9-4f5e-41f2-8f9c-d8ca1f15da45","height":28,"num_floors":9,"class":"building","areaM2":27,"sourceTile":"tile_1_2","sourceFeatureCount":49994,"heightEstimated":true},"geometry":{"type":"Polygon","coordinates":[[[114.367806,30.629497],[114.367916,30.629519],[114.36787,30.629556],[114.367806,30.629497]]]}},{"type":"Feature","id":"fffd3a04-1025-4350-9f6a-90c293d8fff3","properties":{"id":"fffd3a04-1025-4350-9f6a-90c293d8fff3","height":109,"num_floors":34,"class":"building","areaM2":13858,"sourceTile":"tile_1_2","sourceFeatureCount":49994,"heightEstimated":true},"geometry":{"type":"Polygon","coordinates":[[[114.478973,30.624997],[114.479453,30.625391],[114.479266,30.625577],[114.479507,30.625404],[114.479896,30.62581],[114.47975,30.625933],[114.479918,30.625812],[114.480338,30.626248],[114.479713,30.626697],[114.479304,30.626271],[114.479652,30.626021],[114.479274,30.62624],[114.478884,30.625835],[114.479088,30.625688],[114.478886,30.625816],[114.478456,30.625369],[114.478973,30.624997]]]}},{"type":"Feature","id":"a344547f-deba-421f-a47d-311268e3dfda","properties":{"id":"a344547f-deba-421f-a47d-311268e3dfda","height":24,"num_floors":8,"class":"building","areaM2":110,"sourceTile":"tile_1_2","sourceFeatureCount":49994,"heightEstimated":true},"geometry":{"type":"Polygon","coordinates":[[[114.478819,30.623026],[114.479029,30.622917],[114.479037,30.623011],[114.478819,30.623026]]]}},{"type":"Feature","id":"b102f838-3f1b-4cba-b253-0a3aab454309","properties":{"id":"b102f838-3f1b-4cba-b253-0a3aab454309","height":70,"num_floors":22,"class":"building","areaM2":6317,"sourceTile":"tile_1_2","sourceFeatureCount":49994,"heightEstimated":true},"geometry":{"type":"Polygon","coordinates":[[[114.469076,30.626242],[114.470789,30.626552],[114.470711,30.626886],[114.468995,30.626575],[114.469076,30.626242]]]}},{"type":"Feature","id":"b30fec8b-f897-4ffc-8299-29d600101444","properties":{"id":"b30fec8b-f897-4ffc-8299-29d600101444","height":97,"num_floors":30,"class":"building","areaM2":8729,"sourceTile":"tile_1_2","sourceFeatureCount":49994,"heightEstimated":true},"geometry":{"type":"Polygon","coordinates":[[[114.467703,30.620781],[114.468266,30.620693],[114.467037,30.621195],[114.467012,30.620939],[114.467321,30.62089],[114.466791,30.620928],[114.46673,30.620295],[114.467714,30.620088],[114.467703,30.620781]]]}},{"type":"Feature","id":"17f9b92d-bfce-4aa3-b93c-979d37f360d6","properties":{"id":"17f9b92d-bfce-4aa3-b93c-979d37f360d6","height":11,"num_floors":3,"class":"building","areaM2":20,"sourceTile":"tile_1_2","sourceFeatureCount":49994,"heightEstimated":true},"geometry":{"type":"Polygon","coordinates":[[[114.466778,30.620962],[114.46684,30.621074],[114.466809,30.62108],[114.466778,30.620962]]]}},{"type":"Feature","id":"ce46e4d3-58a1-4a87-a218-38c6a055f12c","properties":{"id":"ce46e4d3-58a1-4a87-a218-38c6a055f12c","height":57,"num_floors":18,"class":"building","areaM2":990,"sourceTile":"tile_1_2","sourceFeatureCount":49994,"heightEstimated":true},"geometry":{"type":"Polygon","coordinates":[[[114.472105,30.627082],[114.472736,30.627421],[114.472488,30.62734],[114.47253,30.627568],[114.472145,30.627718],[114.4724,30.627434],[114.472105,30.627082]]]}},{"type":"Feature","id":"ef22247f-f3e2-4f01-bcf8-cdddd5aebb27","properties":{"id":"ef22247f-f3e2-4f01-bcf8-cdddd5aebb27","height":70,"num_floors":22,"class":"building","areaM2":6116,"sourceTile":"tile_1_2","sourceFeatureCount":49994,"heightEstimated":true},"geometry":{"type":"Polygon","coordinates":[[[114.462186,30.632545],[114.461754,30.632754],[114.461241,30.632068],[114.462122,30.631717],[114.462186,30.632545]]]}},{"type":"Feature","id":"008c28ad-07e6-4b14-968a-8b7aa99af4e9","properties":{"id":"008c28ad-07e6-4b14-968a-8b7aa99af4e9","height":72,"num_floors":23,"class":"building","areaM2":5482,"sourceTile":"tile_1_2","sourceFeatureCount":49994,"heightEstimated":true},"geometry":{"type":"Polygon","coordinates":[[[114.460328,30.633313],[114.46142,30.632786],[114.461741,30.633173],[114.460519,30.633609],[114.460328,30.633313]]]}},{"type":"Feature","id":"ec9964e2-8b2c-43a2-bc97-f24e365260eb","properties":{"id":"ec9964e2-8b2c-43a2-bc97-f24e365260eb","height":119,"num_floors":37,"class":"building","areaM2":13958,"sourceTile":"tile_1_2","sourceFeatureCount":49994,"heightEstimated":true},"geometry":{"type":"Polygon","coordinates":[[[114.459529,30.629546],[114.459355,30.630139],[114.459152,30.629996],[114.459336,30.629599],[114.458736,30.629893],[114.458725,30.630369],[114.458124,30.62995],[114.457775,30.630044],[114.458107,30.629645],[114.457709,30.629847],[114.457211,30.629759],[114.457777,30.629752],[114.458296,30.629229],[114.458324,30.629634],[114.458305,30.628997],[114.458865,30.628921],[114.459529,30.629546]],[[114.458258,30.630003],[114.458328,30.630045],[114.458285,30.629988],[114.458258,30.630003]]]}},{"type":"Feature","id":"91ca5700-c5a1-4148-8b5b-265030cabd0b","properties":{"id":"91ca5700-c5a1-4148-8b5b-265030cabd0b","height":57,"num_floors":18,"class":"building","areaM2":1568,"sourceTile":"tile_1_2","sourceFeatureCount":49994,"heightEstimated":true},"geometry":{"type":"Polygon","coordinates":[[[114.461963,30.627941],[114.462683,30.627314],[114.462851,30.627579],[114.461963,30.627941]]]}},{"type":"Feature","id":"68ec6954-cd9a-4202-b442-06de2e806656","properties":{"id":"68ec6954-cd9a-4202-b442-06de2e806656","height":34,"num_floors":11,"class":"building","areaM2":550,"sourceTile":"tile_1_2","sourceFeatureCount":49994,"heightEstimated":true},"geometry":{"type":"Polygon","coordinates":[[[114.460049,30.625684],[114.459858,30.625657],[114.459907,30.625328],[114.460015,30.625321],[114.460049,30.625684]]]}},{"type":"Feature","id":"3df27cb0-0925-4458-a155-333542c09a09","properties":{"id":"3df27cb0-0925-4458-a155-333542c09a09","height":76,"num_floors":24,"class":"industrial","areaM2":5978,"sourceTile":"tile_1_2","sourceFeatureCount":49994,"heightEstimated":true},"geometry":{"type":"Polygon","coordinates":[[[114.454284,30.624824],[114.453231,30.624594],[114.453378,30.624094],[114.454434,30.624316],[114.454284,30.624824]]]}},{"type":"Feature","id":"73f2641a-8735-4503-a7f4-cff2ab28da39","properties":{"id":"73f2641a-8735-4503-a7f4-cff2ab28da39","height":92,"num_floors":29,"class":"industrial","areaM2":6917,"sourceTile":"tile_1_2","sourceFeatureCount":49994,"heightEstimated":true},"geometry":{"type":"Polygon","coordinates":[[[114.453366,30.630523],[114.453004,30.630539],[114.452897,30.628738],[114.453259,30.628722],[114.453366,30.630523]]]}},{"type":"Feature","id":"9543142f-66e3-467f-9e6a-786834f38267","properties":{"id":"9543142f-66e3-467f-9e6a-786834f38267","height":76,"num_floors":24,"class":"industrial","areaM2":6379,"sourceTile":"tile_1_2","sourceFeatureCount":49994,"heightEstimated":true},"geometry":{"type":"Polygon","coordinates":[[[114.453164,30.631248],[114.452877,30.631433],[114.451708,30.630092],[114.451996,30.629907],[114.453164,30.631248]]]}},{"type":"Feature","id":"9f9d1a36-cebd-4121-9d9f-74c845bc39ef","properties":{"id":"9f9d1a36-cebd-4121-9d9f-74c845bc39ef","height":101,"num_floors":32,"class":"industrial","areaM2":8130,"sourceTile":"tile_1_2","sourceFeatureCount":49994,"heightEstimated":true},"geometry":{"type":"Polygon","coordinates":[[[114.454565,30.629534],[114.453884,30.629556],[114.453828,30.628255],[114.454326,30.628239],[114.454565,30.629534]]]}},{"type":"Feature","id":"21c921ef-f91a-4199-974a-e63e62933ec4","properties":{"id":"21c921ef-f91a-4199-974a-e63e62933ec4","height":17,"num_floors":5,"class":"building","areaM2":149,"sourceTile":"tile_1_2","sourceFeatureCount":49994,"heightEstimated":true},"geometry":{"type":"Polygon","coordinates":[[[114.457639,30.628432],[114.457754,30.628177],[114.45775,30.628431],[114.457639,30.628432]]]}},{"type":"Feature","id":"21a35afe-9365-496c-a80b-7b372479b4fb","properties":{"id":"21a35afe-9365-496c-a80b-7b372479b4fb","height":103,"num_floors":32,"class":"industrial","areaM2":11949,"sourceTile":"tile_1_2","sourceFeatureCount":49994,"heightEstimated":true},"geometry":{"type":"Polygon","coordinates":[[[114.456627,30.630141],[114.455344,30.631366],[114.454836,30.630972],[114.45612,30.629747],[114.456627,30.630141]]]}},{"type":"Feature","id":"670023fc-e75a-4bd3-899c-97db586e56f7","properties":{"id":"670023fc-e75a-4bd3-899c-97db586e56f7","height":91,"num_floors":28,"class":"industrial","areaM2":6803,"sourceTile":"tile_1_2","sourceFeatureCount":49994,"heightEstimated":true},"geometry":{"type":"Polygon","coordinates":[[[114.455203,30.630278],[114.454664,30.630795],[114.454042,30.630314],[114.454217,30.630146],[114.454032,30.630004],[114.454584,30.629793],[114.455203,30.630278]]]}},{"type":"Feature","id":"c92a516e-a987-48e9-b382-a8f909cd9cb4","properties":{"id":"c92a516e-a987-48e9-b382-a8f909cd9cb4","height":128,"num_floors":40,"class":"industrial","areaM2":14567,"sourceTile":"tile_1_2","sourceFeatureCount":49994,"heightEstimated":true},"geometry":{"type":"Polygon","coordinates":[[[114.456321,30.632785],[114.454895,30.634149],[114.454338,30.633717],[114.455764,30.632353],[114.456321,30.632785]]]}},{"type":"Feature","id":"2fc0b1e4-36f0-4dce-a2c0-d90e7fc8ee19","properties":{"id":"2fc0b1e4-36f0-4dce-a2c0-d90e7fc8ee19","height":92,"num_floors":29,"class":"industrial","areaM2":7025,"sourceTile":"tile_1_2","sourceFeatureCount":49994,"heightEstimated":true},"geometry":{"type":"Polygon","coordinates":[[[114.452164,30.631902],[114.451861,30.632098],[114.450637,30.630702],[114.45094,30.630505],[114.452164,30.631902]]]}},{"type":"Feature","id":"da187ca2-af0b-4948-bb3b-776e3bc95912","properties":{"id":"da187ca2-af0b-4948-bb3b-776e3bc95912","height":87,"num_floors":27,"class":"industrial","areaM2":7446,"sourceTile":"tile_1_2","sourceFeatureCount":49994,"heightEstimated":true},"geometry":{"type":"Polygon","coordinates":[[[114.452499,30.633238],[114.452083,30.633507],[114.451139,30.632426],[114.451554,30.632157],[114.452499,30.633238]]]}},{"type":"Feature","id":"a175e5bf-d15d-404b-9419-e3e43f3f64bf","properties":{"id":"a175e5bf-d15d-404b-9419-e3e43f3f64bf","height":115,"num_floors":36,"class":"industrial","areaM2":10054,"sourceTile":"tile_1_2","sourceFeatureCount":49994,"heightEstimated":true},"geometry":{"type":"Polygon","coordinates":[[[114.434202,30.631821],[114.434267,30.631432],[114.434811,30.631127],[114.435529,30.631667],[114.435284,30.63215],[114.434874,30.632281],[114.434202,30.631821]]]}},{"type":"Feature","id":"c062929d-42b8-4b38-a5b4-c8529a8ddc19","properties":{"id":"c062929d-42b8-4b38-a5b4-c8529a8ddc19","height":107,"num_floors":33,"class":"building","areaM2":13710,"sourceTile":"tile_1_2","sourceFeatureCount":49994,"heightEstimated":true},"geometry":{"type":"Polygon","coordinates":[[[114.424414,30.63189],[114.42462,30.630863],[114.42595,30.631155],[114.42582,30.631317],[114.426117,30.63144],[114.425668,30.631612],[114.425549,30.632098],[114.424414,30.63189]]]}},{"type":"Feature","id":"663f1988-b915-45a6-942f-ff8538cc1dd4","properties":{"id":"663f1988-b915-45a6-942f-ff8538cc1dd4","height":48,"num_floors":15,"class":"building","areaM2":465,"sourceTile":"tile_1_2","sourceFeatureCount":49994,"heightEstimated":true},"geometry":{"type":"Polygon","coordinates":[[[114.425848,30.63317],[114.425331,30.632904],[114.425889,30.633021],[114.425848,30.63317]]]}},{"type":"Feature","id":"97a7fce2-509b-484e-b467-e60581a16706","properties":{"id":"97a7fce2-509b-484e-b467-e60581a16706","height":38,"num_floors":12,"class":"building","areaM2":394,"sourceTile":"tile_1_2","sourceFeatureCount":49994,"heightEstimated":true},"geometry":{"type":"Polygon","coordinates":[[[114.422046,30.62648],[114.422338,30.626443],[114.422487,30.626506],[114.422364,30.626614],[114.422046,30.62648]]]}},{"type":"Feature","id":"1adc71bb-91c0-45b1-98db-8fa27a98169e","properties":{"id":"1adc71bb-91c0-45b1-98db-8fa27a98169e","height":22,"num_floors":7,"class":"building","areaM2":95,"sourceTile":"tile_1_2","sourceFeatureCount":49994,"heightEstimated":true},"geometry":{"type":"Polygon","coordinates":[[[114.429898,30.620211],[114.429647,30.620313],[114.429846,30.620161],[114.429898,30.620211]]]}},{"type":"Feature","id":"21d589a8-826d-43f8-95da-bf44e29b9b15","properties":{"id":"21d589a8-826d-43f8-95da-bf44e29b9b15","height":164,"num_floors":51,"class":"industrial","areaM2":27481,"sourceTile":"tile_1_2","sourceFeatureCount":49994,"heightEstimated":true},"geometry":{"type":"Polygon","coordinates":[[[114.440645,30.622026],[114.439596,30.621797],[114.439952,30.62056],[114.440276,30.620359],[114.440075,30.620325],[114.440347,30.619322],[114.441286,30.619506],[114.440645,30.622026]]]}},{"type":"Feature","id":"58792acf-482c-4e2c-9c5d-4fc958a10bcf","properties":{"id":"58792acf-482c-4e2c-9c5d-4fc958a10bcf","height":11,"num_floors":3,"class":"building","areaM2":41,"sourceTile":"tile_1_2","sourceFeatureCount":49994,"heightEstimated":true},"geometry":{"type":"Polygon","coordinates":[[[114.441275,30.621115],[114.441414,30.621088],[114.441394,30.621147],[114.441275,30.621115]]]}},{"type":"Feature","id":"5debab89-50e0-480e-b40c-50d9f035bf37","properties":{"id":"5debab89-50e0-480e-b40c-50d9f035bf37","height":168,"num_floors":53,"class":"industrial","areaM2":47874,"sourceTile":"tile_1_2","sourceFeatureCount":49994,"heightEstimated":true},"geometry":{"type":"Polygon","coordinates":[[[114.441242,30.624631],[114.438926,30.624153],[114.439495,30.622111],[114.440517,30.622322],[114.440017,30.624116],[114.440433,30.624202],[114.440657,30.622315],[114.44182,30.622555],[114.441242,30.624631]]]}},{"type":"Feature","id":"b68f722f-5a18-4d37-9217-efa0c514b757","properties":{"id":"b68f722f-5a18-4d37-9217-efa0c514b757","height":168,"num_floors":53,"class":"industrial","areaM2":127109,"sourceTile":"tile_1_2","sourceFeatureCount":49994,"heightEstimated":true},"geometry":{"type":"Polygon","coordinates":[[[114.442194,30.629485],[114.440488,30.628978],[114.440917,30.627474],[114.441328,30.627561],[114.441889,30.625594],[114.441419,30.625495],[114.441968,30.623571],[114.442298,30.623641],[114.442535,30.62281],[114.443342,30.62298],[114.442928,30.624433],[114.442538,30.62435],[114.442894,30.624548],[114.441875,30.62739],[114.442171,30.627452],[114.443496,30.62347],[114.444271,30.623388],[114.442663,30.629698],[114.442124,30.629734],[114.442194,30.629485]]]}},{"type":"Feature","id":"64620729-346b-4dcb-8bb0-44ab55dbca3d","properties":{"id":"64620729-346b-4dcb-8bb0-44ab55dbca3d","height":97,"num_floors":30,"class":"industrial","areaM2":6250,"sourceTile":"tile_1_2","sourceFeatureCount":49994,"heightEstimated":true},"geometry":{"type":"Polygon","coordinates":[[[114.438881,30.627837],[114.437989,30.62765],[114.438333,30.627526],[114.43856,30.626721],[114.438346,30.626501],[114.439122,30.626664],[114.438685,30.627597],[114.438881,30.627837]]]}},{"type":"Feature","id":"4d4273fc-880a-4a3a-a5c5-99f3fc177b95","properties":{"id":"4d4273fc-880a-4a3a-a5c5-99f3fc177b95","height":124,"num_floors":39,"class":"industrial","areaM2":15645,"sourceTile":"tile_1_2","sourceFeatureCount":49994,"heightEstimated":true},"geometry":{"type":"Polygon","coordinates":[[[114.439343,30.626251],[114.438365,30.626039],[114.438825,30.6245],[114.439654,30.62469],[114.439343,30.626251]]]}},{"type":"Feature","id":"e2513ff5-e526-4066-8c8d-a53873f15182","properties":{"id":"e2513ff5-e526-4066-8c8d-a53873f15182","height":139,"num_floors":43,"class":"industrial","areaM2":24510,"sourceTile":"tile_1_2","sourceFeatureCount":49994,"heightEstimated":true},"geometry":{"type":"Polygon","coordinates":[[[114.438112,30.62615],[114.437037,30.625905],[114.43764,30.623943],[114.438767,30.624188],[114.438112,30.62615]]]}},{"type":"Feature","id":"ea8bee51-98a2-4fe8-a8fa-3dd1a640d74d","properties":{"id":"ea8bee51-98a2-4fe8-a8fa-3dd1a640d74d","height":136,"num_floors":43,"class":"building","areaM2":23801,"sourceTile":"tile_1_2","sourceFeatureCount":49994,"heightEstimated":true},"geometry":{"type":"Polygon","coordinates":[[[114.436164,30.627661],[114.437144,30.628833],[114.436806,30.629028],[114.436606,30.628836],[114.43661,30.629117],[114.43633,30.628875],[114.436936,30.629588],[114.436569,30.629818],[114.43495,30.628111],[114.435559,30.627664],[114.436164,30.627661]]]}},{"type":"Feature","id":"a2ef52f9-ab92-440c-ae11-247a62a83a00","properties":{"id":"a2ef52f9-ab92-440c-ae11-247a62a83a00","height":111,"num_floors":35,"class":"industrial","areaM2":14640,"sourceTile":"tile_1_2","sourceFeatureCount":49994,"heightEstimated":true},"geometry":{"type":"Polygon","coordinates":[[[114.442923,30.633034],[114.44192,30.633675],[114.441171,30.632812],[114.442174,30.632129],[114.442923,30.633034]]]}},{"type":"Feature","id":"3ce983ac-a059-4c5c-805c-4a8790cbab93","properties":{"id":"3ce983ac-a059-4c5c-805c-4a8790cbab93","height":102,"num_floors":32,"class":"industrial","areaM2":8100,"sourceTile":"tile_1_2","sourceFeatureCount":49994,"heightEstimated":true},"geometry":{"type":"Polygon","coordinates":[[[114.444348,30.628297],[114.444634,30.627205],[114.44527,30.627404],[114.444974,30.628535],[114.444348,30.628297]]]}},{"type":"Feature","id":"14332d5e-81e7-4619-893b-195a6b283ad0","properties":{"id":"14332d5e-81e7-4619-893b-195a6b283ad0","height":96,"num_floors":30,"class":"industrial","areaM2":5914,"sourceTile":"tile_1_2","sourceFeatureCount":49994,"heightEstimated":true},"geometry":{"type":"Polygon","coordinates":[[[114.443603,30.628285],[114.444128,30.626488],[114.44442,30.626552],[114.443896,30.628348],[114.443603,30.628285]]]}},{"type":"Feature","id":"e85a07fc-d2bf-47a6-a31c-363637b246dc","properties":{"id":"e85a07fc-d2bf-47a6-a31c-363637b246dc","height":45,"num_floors":14,"class":"building","areaM2":369,"sourceTile":"tile_1_2","sourceFeatureCount":49994,"heightEstimated":true},"geometry":{"type":"Polygon","coordinates":[[[114.444544,30.631893],[114.44412,30.631606],[114.444247,30.631529],[114.444544,30.631893]]]}},{"type":"Feature","id":"b27d7c79-f8b0-4df1-9f23-3aa508a300b9","properties":{"id":"b27d7c79-f8b0-4df1-9f23-3aa508a300b9","height":98,"num_floors":31,"class":"industrial","areaM2":10489,"sourceTile":"tile_1_2","sourceFeatureCount":49994,"heightEstimated":true},"geometry":{"type":"Polygon","coordinates":[[[114.44883,30.624924],[114.447801,30.624701],[114.448065,30.623796],[114.449094,30.624019],[114.44883,30.624924]]]}},{"type":"Feature","id":"9d0cf29e-a285-494e-80d3-21c850002af0","properties":{"id":"9d0cf29e-a285-494e-80d3-21c850002af0","height":116,"num_floors":36,"class":"industrial","areaM2":10118,"sourceTile":"tile_1_2","sourceFeatureCount":49994,"heightEstimated":true},"geometry":{"type":"Polygon","coordinates":[[[114.444665,30.625953],[114.444278,30.625859],[114.444973,30.623535],[114.445355,30.623608],[114.444665,30.625953]]]}},{"type":"Feature","id":"bb0bb372-10c0-428a-b091-1692c96eddaf","properties":{"id":"bb0bb372-10c0-428a-b091-1692c96eddaf","height":87,"num_floors":27,"class":"building","areaM2":6031,"sourceTile":"tile_1_2","sourceFeatureCount":49994,"heightEstimated":true},"geometry":{"type":"Polygon","coordinates":[[[114.44545,30.622711],[114.444998,30.622616],[114.445336,30.621428],[114.445788,30.621523],[114.44545,30.622711]]]}},{"type":"Feature","id":"b1768532-fac3-4416-90d3-817c28950218","properties":{"id":"b1768532-fac3-4416-90d3-817c28950218","height":99,"num_floors":31,"class":"industrial","areaM2":11450,"sourceTile":"tile_1_2","sourceFeatureCount":49994,"heightEstimated":true},"geometry":{"type":"Polygon","coordinates":[[[114.444087,30.622836],[114.444283,30.621598],[114.445212,30.620701],[114.444586,30.622944],[114.444087,30.622836]]]}},{"type":"Feature","id":"b08c5fff-e788-480f-b32f-e2dfbbb6dc72","properties":{"id":"b08c5fff-e788-480f-b32f-e2dfbbb6dc72","height":133,"num_floors":42,"class":"industrial","areaM2":13952,"sourceTile":"tile_1_2","sourceFeatureCount":49994,"heightEstimated":true},"geometry":{"type":"Polygon","coordinates":[[[114.443315,30.621449],[114.442623,30.621299],[114.443132,30.619521],[114.443836,30.619678],[114.443315,30.621449]]]}},{"type":"Feature","id":"24a70b35-78ec-4f60-affd-c24885f2a368","properties":{"id":"24a70b35-78ec-4f60-affd-c24885f2a368","height":75,"num_floors":23,"class":"industrial","areaM2":6735,"sourceTile":"tile_1_2","sourceFeatureCount":49994,"heightEstimated":true},"geometry":{"type":"Polygon","coordinates":[[[114.449211,30.620341],[114.448848,30.620258],[114.449334,30.61863],[114.449703,30.618702],[114.449211,30.620341]]]}},{"type":"Feature","id":"b03e89c2-8477-48b8-901f-b330022b60db","properties":{"id":"b03e89c2-8477-48b8-901f-b330022b60db","height":81,"num_floors":25,"class":"industrial","areaM2":6341,"sourceTile":"tile_1_2","sourceFeatureCount":49994,"heightEstimated":true},"geometry":{"type":"Polygon","coordinates":[[[114.448224,30.620444],[114.447859,30.620366],[114.448279,30.618913],[114.448697,30.618803],[114.448224,30.620444]]]}},{"type":"Feature","id":"56058ce4-2b5e-40ec-a08e-658702a1ab17","properties":{"id":"56058ce4-2b5e-40ec-a08e-658702a1ab17","height":93,"num_floors":29,"class":"industrial","areaM2":5590,"sourceTile":"tile_1_2","sourceFeatureCount":49994,"heightEstimated":true},"geometry":{"type":"Polygon","coordinates":[[[114.445932,30.619505],[114.445616,30.619442],[114.446085,30.617831],[114.446388,30.617894],[114.445932,30.619505]]]}},{"type":"Feature","id":"6d999963-fac5-45f0-9da9-6fdfb797e698","properties":{"id":"6d999963-fac5-45f0-9da9-6fdfb797e698","height":95,"num_floors":30,"class":"industrial","areaM2":11203,"sourceTile":"tile_1_2","sourceFeatureCount":49994,"heightEstimated":true},"geometry":{"type":"Polygon","coordinates":[[[114.445487,30.619392],[114.444874,30.619149],[114.445171,30.618069],[114.445454,30.618124],[114.445663,30.617394],[114.446025,30.617458],[114.445487,30.619392]]]}},{"type":"Feature","id":"8ade113e-6a5a-4301-8452-54f4fc6082f8","properties":{"id":"8ade113e-6a5a-4301-8452-54f4fc6082f8","height":33,"num_floors":10,"class":"building","areaM2":215,"sourceTile":"tile_1_2","sourceFeatureCount":49994,"heightEstimated":true},"geometry":{"type":"Polygon","coordinates":[[[114.445323,30.616433],[114.445565,30.616152],[114.445438,30.616468],[114.445323,30.616433]]]}},{"type":"Feature","id":"0beddfd8-850c-49d3-bce4-cd8fdeb78459","properties":{"id":"0beddfd8-850c-49d3-bce4-cd8fdeb78459","height":95,"num_floors":30,"class":"building","areaM2":10664,"sourceTile":"tile_1_2","sourceFeatureCount":49994,"heightEstimated":true},"geometry":{"type":"Polygon","coordinates":[[[114.443056,30.615556],[114.443287,30.615805],[114.442724,30.61566],[114.442885,30.615025],[114.44323,30.614327],[114.443877,30.614185],[114.443517,30.615565],[114.443056,30.615556]]]}},{"type":"Feature","id":"4c59509f-d3c3-4db8-9b84-5c5cdbd86847","properties":{"id":"4c59509f-d3c3-4db8-9b84-5c5cdbd86847","height":168,"num_floors":53,"class":"industrial","areaM2":119326,"sourceTile":"tile_1_2","sourceFeatureCount":49994,"heightEstimated":true},"geometry":{"type":"Polygon","coordinates":[[[114.444379,30.619262],[114.4431,30.618994],[114.443041,30.618495],[114.443323,30.618554],[114.443539,30.61779],[114.443076,30.617693],[114.44406,30.614213],[114.444291,30.614261],[114.446078,30.608963],[114.446544,30.609061],[114.446416,30.609514],[114.446725,30.609579],[114.444183,30.618721],[114.444513,30.61879],[114.444379,30.619262]]]}},{"type":"Feature","id":"dfd7055c-8b50-480f-b323-04bb92a94e9b","properties":{"id":"dfd7055c-8b50-480f-b323-04bb92a94e9b","height":168,"num_floors":53,"class":"industrial","areaM2":128163,"sourceTile":"tile_1_2","sourceFeatureCount":49994,"heightEstimated":true},"geometry":{"type":"Polygon","coordinates":[[[114.44704,30.616401],[114.445118,30.615996],[114.445376,30.61509],[114.445921,30.615205],[114.44601,30.614235],[114.446449,30.614117],[114.446584,30.612877],[114.446859,30.612428],[114.447099,30.612479],[114.447537,30.610958],[114.447204,30.610887],[114.448095,30.607787],[114.448448,30.607862],[114.448562,30.607463],[114.449463,30.607883],[114.44704,30.616401]]]}},{"type":"Feature","id":"744b8050-a4a3-4950-8811-b5e0c19e2a18","properties":{"id":"744b8050-a4a3-4950-8811-b5e0c19e2a18","height":168,"num_floors":53,"class":"industrial","areaM2":128763,"sourceTile":"tile_1_2","sourceFeatureCount":49994,"heightEstimated":true},"geometry":{"type":"Polygon","coordinates":[[[114.441655,30.610639],[114.443249,30.60507],[114.445151,30.605473],[114.443035,30.612875],[114.442561,30.612778],[114.443084,30.610929],[114.441655,30.610639]]]}},{"type":"Feature","id":"4fe218df-025f-454e-b634-63fdfe52bb4d","properties":{"id":"4fe218df-025f-454e-b634-63fdfe52bb4d","height":168,"num_floors":53,"class":"industrial","areaM2":46266,"sourceTile":"tile_1_2","sourceFeatureCount":49994,"heightEstimated":true},"geometry":{"type":"Polygon","coordinates":[[[114.444308,30.613331],[114.443407,30.613137],[114.444424,30.609638],[114.44471,30.609699],[114.445142,30.608211],[114.445837,30.608361],[114.445335,30.61009],[114.445005,30.610019],[114.444893,30.610407],[114.445142,30.610461],[114.444308,30.613331]]]}},{"type":"Feature","id":"3d4ed8a7-f4c1-4f8a-bbf7-af3bcef3dd10","properties":{"id":"3d4ed8a7-f4c1-4f8a-bbf7-af3bcef3dd10","height":168,"num_floors":53,"class":"industrial","areaM2":35670,"sourceTile":"tile_1_2","sourceFeatureCount":49994,"heightEstimated":true},"geometry":{"type":"Polygon","coordinates":[[[114.441854,30.613671],[114.440624,30.613401],[114.441298,30.610941],[114.442414,30.611158],[114.442558,30.611588],[114.441854,30.613671]]]}},{"type":"Feature","id":"2ce6b3f0-515c-4939-a133-9d6b7b267f8a","properties":{"id":"2ce6b3f0-515c-4939-a133-9d6b7b267f8a","height":168,"num_floors":53,"class":"industrial","areaM2":106558,"sourceTile":"tile_1_2","sourceFeatureCount":49994,"heightEstimated":true},"geometry":{"type":"Polygon","coordinates":[[[114.440217,30.612945],[114.439149,30.612704],[114.441702,30.603847],[114.442768,30.604082],[114.440217,30.612945]]]}},{"type":"Feature","id":"28d14f8d-3e32-46d2-ab61-e6835fbb460e","properties":{"id":"28d14f8d-3e32-46d2-ab61-e6835fbb460e","height":168,"num_floors":53,"class":"industrial","areaM2":101257,"sourceTile":"tile_1_2","sourceFeatureCount":49994,"heightEstimated":true},"geometry":{"type":"Polygon","coordinates":[[[114.439359,30.611745],[114.438254,30.611519],[114.438417,30.610981],[114.43812,30.610925],[114.439518,30.606058],[114.440075,30.606159],[114.440596,30.604281],[114.441469,30.604458],[114.439359,30.611745]]]}},{"type":"Feature","id":"a8fa8a20-089a-4050-b34e-0a5ce91ac06f","properties":{"id":"a8fa8a20-089a-4050-b34e-0a5ce91ac06f","height":168,"num_floors":53,"class":"industrial","areaM2":27374,"sourceTile":"tile_1_2","sourceFeatureCount":49994,"heightEstimated":true},"geometry":{"type":"Polygon","coordinates":[[[114.437311,30.60768],[114.435058,30.607223],[114.435356,30.606136],[114.437609,30.606593],[114.437311,30.60768]]]}},{"type":"Feature","id":"86ceeaf4-2f13-4f21-96a1-e7cf5d3b7f5f","properties":{"id":"86ceeaf4-2f13-4f21-96a1-e7cf5d3b7f5f","height":20,"num_floors":6,"class":"building","areaM2":74,"sourceTile":"tile_1_2","sourceFeatureCount":49994,"heightEstimated":true},"geometry":{"type":"Polygon","coordinates":[[[114.435615,30.612653],[114.435867,30.612663],[114.435847,30.612717],[114.435615,30.612653]]]}},{"type":"Feature","id":"6e7e8de7-2218-4063-b664-0089de397fa5","properties":{"id":"6e7e8de7-2218-4063-b664-0089de397fa5","height":95,"num_floors":30,"class":"industrial","areaM2":9268,"sourceTile":"tile_1_2","sourceFeatureCount":49994,"heightEstimated":true},"geometry":{"type":"Polygon","coordinates":[[[114.438143,30.612542],[114.437409,30.614578],[114.437083,30.614511],[114.437582,30.61271],[114.437747,30.612461],[114.438143,30.612542]]]}},{"type":"Feature","id":"e3ae7266-19ab-499c-bfb9-db381dbda511","properties":{"id":"e3ae7266-19ab-499c-bfb9-db381dbda511","height":98,"num_floors":31,"class":"industrial","areaM2":8588,"sourceTile":"tile_1_2","sourceFeatureCount":49994,"heightEstimated":true},"geometry":{"type":"Polygon","coordinates":[[[114.438624,30.614211],[114.437859,30.614047],[114.438147,30.61305],[114.438913,30.613214],[114.438624,30.614211]]]}},{"type":"Feature","id":"fbe8f038-8971-457d-a3d7-64857ad56eeb","properties":{"id":"fbe8f038-8971-457d-a3d7-64857ad56eeb","height":109,"num_floors":34,"class":"building","areaM2":9144,"sourceTile":"tile_1_2","sourceFeatureCount":49994,"heightEstimated":true},"geometry":{"type":"Polygon","coordinates":[[[114.441758,30.614386],[114.44153,30.614929],[114.441716,30.61421],[114.44246,30.614314],[114.442117,30.61556],[114.441505,30.615474],[114.441758,30.614386]]]}},{"type":"Feature","id":"3413aea2-0b97-4a11-8ce2-051239f89c4d","properties":{"id":"3413aea2-0b97-4a11-8ce2-051239f89c4d","height":15,"num_floors":5,"class":"building","areaM2":155,"sourceTile":"tile_1_2","sourceFeatureCount":49994,"heightEstimated":true},"geometry":{"type":"Polygon","coordinates":[[[114.433036,30.618355],[114.433183,30.618554],[114.433054,30.618578],[114.433036,30.618355]]]}},{"type":"Feature","id":"ff91cb1c-06d4-4320-80ca-035c7325d8e5","properties":{"id":"ff91cb1c-06d4-4320-80ca-035c7325d8e5","height":36,"num_floors":1,"class":"building","areaM2":96,"sourceTile":"tile_1_2","sourceFeatureCount":49994,"heightEstimated":true},"geometry":{"type":"Polygon","coordinates":[[[114.428939,30.61454],[114.42887,30.614711],[114.428799,30.614625],[114.428939,30.61454]]]}},{"type":"Feature","id":"04c64105-38da-4a98-8a0c-c1e8ce7c5cb8","properties":{"id":"04c64105-38da-4a98-8a0c-c1e8ce7c5cb8","height":26,"num_floors":8,"class":"building","areaM2":59,"sourceTile":"tile_1_2","sourceFeatureCount":49994,"heightEstimated":true},"geometry":{"type":"Polygon","coordinates":[[[114.427137,30.616235],[114.427273,30.616298],[114.427161,30.616328],[114.427137,30.616235]]]}},{"type":"Feature","id":"849a29d2-e4da-46ab-8c7f-3814c5dd5fa3","properties":{"id":"849a29d2-e4da-46ab-8c7f-3814c5dd5fa3","height":68,"num_floors":3,"class":"building","areaM2":6062,"sourceTile":"tile_1_2","sourceFeatureCount":49994,"heightEstimated":true},"geometry":{"type":"Polygon","coordinates":[[[114.421828,30.606818],[114.421838,30.606352],[114.423127,30.606675],[114.422981,30.607107],[114.421828,30.606818]]]}},{"type":"Feature","id":"462debd3-4650-424b-aae8-c63dc6f17d92","properties":{"id":"462debd3-4650-424b-aae8-c63dc6f17d92","height":19,"num_floors":6,"class":"building","areaM2":90,"sourceTile":"tile_1_2","sourceFeatureCount":49994,"heightEstimated":true},"geometry":{"type":"Polygon","coordinates":[[[114.422866,30.605265],[114.423093,30.605238],[114.423066,30.605316],[114.422866,30.605265]]]}},{"type":"Feature","id":"70b421ef-ecb2-4628-bce2-7c623a912879","properties":{"id":"70b421ef-ecb2-4628-bce2-7c623a912879","height":102,"num_floors":1,"class":"industrial","areaM2":11898,"sourceTile":"tile_1_2","sourceFeatureCount":49994,"heightEstimated":true},"geometry":{"type":"Polygon","coordinates":[[[114.426979,30.607043],[114.426475,30.608709],[114.425844,30.608568],[114.426348,30.606901],[114.426979,30.607043]]]}},{"type":"Feature","id":"e48dcfdf-94b7-4c89-b9d0-148eb5b5abbe","properties":{"id":"e48dcfdf-94b7-4c89-b9d0-148eb5b5abbe","height":77,"num_floors":1,"class":"industrial","areaM2":6826,"sourceTile":"tile_1_2","sourceFeatureCount":49994,"heightEstimated":true},"geometry":{"type":"Polygon","coordinates":[[[114.428334,30.605579],[114.427768,30.607117],[114.427387,30.607013],[114.427953,30.605475],[114.428334,30.605579]]]}},{"type":"Feature","id":"787663e2-77f6-4a1a-9a1d-eff5e8fff70e","properties":{"id":"787663e2-77f6-4a1a-9a1d-eff5e8fff70e","height":80,"num_floors":1,"class":"industrial","areaM2":6509,"sourceTile":"tile_1_2","sourceFeatureCount":49994,"heightEstimated":true},"geometry":{"type":"Polygon","coordinates":[[[114.428972,30.605644],[114.427561,30.605265],[114.427705,30.604868],[114.429116,30.605247],[114.428972,30.605644]]]}},{"type":"Feature","id":"3c1dbc30-af52-4173-b39f-c532ae2218e8","properties":{"id":"3c1dbc30-af52-4173-b39f-c532ae2218e8","height":81,"num_floors":1,"class":"industrial","areaM2":6233,"sourceTile":"tile_1_2","sourceFeatureCount":49994,"heightEstimated":true},"geometry":{"type":"Polygon","coordinates":[[[114.4314,30.605588],[114.431148,30.606609],[114.430596,30.606508],[114.430848,30.605487],[114.4314,30.605588]]]}},{"type":"Feature","id":"74d91dc9-f9db-4e8f-a7fe-06d056a7473d","properties":{"id":"74d91dc9-f9db-4e8f-a7fe-06d056a7473d","height":85,"num_floors":1,"class":"industrial","areaM2":8051,"sourceTile":"tile_1_2","sourceFeatureCount":49994,"heightEstimated":true},"geometry":{"type":"Polygon","coordinates":[[[114.428567,30.606895],[114.429595,30.60711],[114.429397,30.607809],[114.42837,30.607594],[114.428567,30.606895]]]}},{"type":"Feature","id":"580c467e-6a14-41fe-b53f-955d8a94322f","properties":{"id":"580c467e-6a14-41fe-b53f-955d8a94322f","height":121,"num_floors":1,"class":"industrial","areaM2":12125,"sourceTile":"tile_1_2","sourceFeatureCount":49994,"heightEstimated":true},"geometry":{"type":"Polygon","coordinates":[[[114.429393,30.607846],[114.42898,30.609259],[114.428218,30.609094],[114.428631,30.607681],[114.429393,30.607846]]]}},{"type":"Feature","id":"d8ce75b9-19fb-4fae-9927-b2684d8ae635","properties":{"id":"d8ce75b9-19fb-4fae-9927-b2684d8ae635","height":10,"num_floors":3,"class":"building","areaM2":58,"sourceTile":"tile_1_2","sourceFeatureCount":49994,"heightEstimated":true},"geometry":{"type":"Polygon","coordinates":[[[114.432866,30.61091],[114.432704,30.61095],[114.432728,30.610877],[114.432866,30.61091]]]}},{"type":"Feature","id":"3f7f4382-4097-4182-97a4-791887cd9e0a","properties":{"id":"3f7f4382-4097-4182-97a4-791887cd9e0a","height":30,"num_floors":9,"class":"building","areaM2":20,"sourceTile":"tile_1_2","sourceFeatureCount":49994,"heightEstimated":true},"geometry":{"type":"Polygon","coordinates":[[[114.43393,30.604084],[114.434033,30.604103],[114.433942,30.604123],[114.43393,30.604084]]]}},{"type":"Feature","id":"bfbbba8f-02d3-47c7-b8a9-f5e47e1810e2","properties":{"id":"bfbbba8f-02d3-47c7-b8a9-f5e47e1810e2","height":163,"num_floors":51,"class":"industrial","areaM2":28710,"sourceTile":"tile_1_2","sourceFeatureCount":49994,"heightEstimated":true},"geometry":{"type":"Polygon","coordinates":[[[114.431621,30.601342],[114.430698,30.600363],[114.432404,30.599208],[114.433311,30.600169],[114.431621,30.601342]]]}},{"type":"Feature","id":"c725a967-3ef0-4f92-9217-1de9f640f025","properties":{"id":"c725a967-3ef0-4f92-9217-1de9f640f025","height":168,"num_floors":53,"class":"industrial","areaM2":40090,"sourceTile":"tile_1_2","sourceFeatureCount":49994,"heightEstimated":true},"geometry":{"type":"Polygon","coordinates":[[[114.432087,30.602039],[114.429899,30.603539],[114.428788,30.602323],[114.429899,30.601609],[114.430594,30.601404],[114.430854,30.601646],[114.431412,30.601295],[114.432087,30.602039]]]}},{"type":"Feature","id":"f2f2d6c0-723e-468d-9ab5-f462291e31a2","properties":{"id":"f2f2d6c0-723e-468d-9ab5-f462291e31a2","height":84,"num_floors":26,"class":"building","areaM2":7005,"sourceTile":"tile_1_2","sourceFeatureCount":49994,"heightEstimated":true},"geometry":{"type":"Polygon","coordinates":[[[114.430864,30.605311],[114.431142,30.604376],[114.431805,30.604524],[114.431527,30.605459],[114.430864,30.605311]]]}},{"type":"Feature","id":"512aaa21-1981-4e15-997c-63a1059fe09e","properties":{"id":"512aaa21-1981-4e15-997c-63a1059fe09e","height":23,"num_floors":7,"class":"building","areaM2":36,"sourceTile":"tile_1_2","sourceFeatureCount":49994,"heightEstimated":true},"geometry":{"type":"Polygon","coordinates":[[[114.422313,30.604385],[114.422233,30.604485],[114.422203,30.604437],[114.422313,30.604385]]]}},{"type":"Feature","id":"f0603623-bf95-473f-8c05-e466274e6714","properties":{"id":"f0603623-bf95-473f-8c05-e466274e6714","height":99,"num_floors":31,"class":"building","areaM2":6902,"sourceTile":"tile_1_2","sourceFeatureCount":49994,"heightEstimated":true},"geometry":{"type":"Polygon","coordinates":[[[114.423818,30.598942],[114.424319,30.598022],[114.424701,30.598214],[114.423768,30.599513],[114.42344,30.599183],[114.423601,30.598866],[114.423369,30.598927],[114.423563,30.598637],[114.423818,30.598942]],[[114.424542,30.598299],[114.424352,30.598182],[114.424341,30.598199],[114.424542,30.598299]],[[114.423981,30.599024],[114.42403,30.599026],[114.423992,30.599007],[114.423981,30.599024]],[[114.423725,30.599215],[114.423759,30.599222],[114.42373,30.599207],[114.423725,30.599215]]]}},{"type":"Feature","id":"bbb02eae-0f7f-4eda-9e1f-7a108a2eac36","properties":{"id":"bbb02eae-0f7f-4eda-9e1f-7a108a2eac36","height":100,"num_floors":31,"class":"building","areaM2":8897,"sourceTile":"tile_1_2","sourceFeatureCount":49994,"heightEstimated":true},"geometry":{"type":"Polygon","coordinates":[[[114.424842,30.597106],[114.424773,30.59605],[114.42517,30.596068],[114.425218,30.595649],[114.425461,30.59566],[114.425515,30.597137],[114.424842,30.597106]]]}},{"type":"Feature","id":"b00cfc24-f258-437e-bf2d-37aa5bc20060","properties":{"id":"b00cfc24-f258-437e-bf2d-37aa5bc20060","height":110,"num_floors":34,"class":"building","areaM2":9691,"sourceTile":"tile_1_2","sourceFeatureCount":49994,"heightEstimated":true},"geometry":{"type":"Polygon","coordinates":[[[114.426206,30.59531],[114.426848,30.595161],[114.426785,30.596231],[114.425747,30.596225],[114.425752,30.595547],[114.426204,30.595549],[114.426206,30.59531]]]}},{"type":"Feature","id":"142dfb3f-aec8-4b86-a5de-e88939b212b3","properties":{"id":"142dfb3f-aec8-4b86-a5de-e88939b212b3","height":92,"num_floors":29,"class":"building","areaM2":5669,"sourceTile":"tile_1_2","sourceFeatureCount":49994,"heightEstimated":true},"geometry":{"type":"Polygon","coordinates":[[[114.429183,30.592201],[114.428943,30.591997],[114.42893,30.591663],[114.430228,30.591788],[114.429957,30.592207],[114.429183,30.592201]],[[114.429757,30.591888],[114.429843,30.591837],[114.429011,30.591756],[114.429757,30.591888]],[[114.429334,30.592101],[114.429532,30.592085],[114.429696,30.592023],[114.42933,30.591996],[114.429334,30.592101]]]}},{"type":"Feature","id":"49f69d06-5297-4d06-9467-fb81a298577a","properties":{"id":"49f69d06-5297-4d06-9467-fb81a298577a","height":14,"num_floors":4,"class":"building","areaM2":18,"sourceTile":"tile_1_2","sourceFeatureCount":49994,"heightEstimated":true},"geometry":{"type":"Polygon","coordinates":[[[114.429477,30.592635],[114.429558,30.592665],[114.4295,30.592685],[114.429477,30.592635]]]}},{"type":"Feature","id":"1ffc522a-3f6b-4472-b18c-21dce7fa784c","properties":{"id":"1ffc522a-3f6b-4472-b18c-21dce7fa784c","height":72,"num_floors":23,"class":"building","areaM2":6864,"sourceTile":"tile_1_2","sourceFeatureCount":49994,"heightEstimated":true},"geometry":{"type":"Polygon","coordinates":[[[114.432533,30.595254],[114.433368,30.595401],[114.433343,30.596089],[114.43246,30.596065],[114.432533,30.595254]]]}},{"type":"Feature","id":"d4136ea4-0598-4cd6-be2c-3ea1e4de6f38","properties":{"id":"d4136ea4-0598-4cd6-be2c-3ea1e4de6f38","height":17,"num_floors":5,"class":"building","areaM2":285,"sourceTile":"tile_1_2","sourceFeatureCount":49994,"heightEstimated":true},"geometry":{"type":"Polygon","coordinates":[[[114.43616,30.590539],[114.435883,30.590277],[114.436227,30.590408],[114.43616,30.590539]]]}},{"type":"Feature","id":"57f9cd24-cdc6-4f02-8b03-1d001c53ce04","properties":{"id":"57f9cd24-cdc6-4f02-8b03-1d001c53ce04","height":89,"num_floors":28,"class":"building","areaM2":7326,"sourceTile":"tile_1_2","sourceFeatureCount":49994,"heightEstimated":true},"geometry":{"type":"Polygon","coordinates":[[[114.435796,30.593702],[114.436183,30.592994],[114.435828,30.592766],[114.436123,30.592419],[114.436678,30.592441],[114.436274,30.592069],[114.436945,30.592009],[114.436712,30.592242],[114.436987,30.592402],[114.436604,30.592812],[114.436356,30.592669],[114.436521,30.592833],[114.436189,30.593469],[114.435796,30.593702]],[[114.436573,30.592679],[114.436451,30.592563],[114.436481,30.592695],[114.436573,30.592679]]]}},{"type":"Feature","id":"d6d58e3d-75e1-4eb8-9a24-b78d8781e368","properties":{"id":"d6d58e3d-75e1-4eb8-9a24-b78d8781e368","height":88,"num_floors":28,"class":"building","areaM2":9335,"sourceTile":"tile_1_2","sourceFeatureCount":49994,"heightEstimated":true},"geometry":{"type":"Polygon","coordinates":[[[114.437927,30.593848],[114.437469,30.593678],[114.437471,30.593135],[114.43834,30.592796],[114.438811,30.593386],[114.437927,30.593848]]]}},{"type":"Feature","id":"963bb2f8-1270-4311-a8f3-2c24d816ee71","properties":{"id":"963bb2f8-1270-4311-a8f3-2c24d816ee71","height":106,"num_floors":33,"class":"building","areaM2":11902,"sourceTile":"tile_1_2","sourceFeatureCount":49994,"heightEstimated":true},"geometry":{"type":"Polygon","coordinates":[[[114.439607,30.59043],[114.439102,30.590919],[114.439275,30.591221],[114.438631,30.591497],[114.438104,30.590577],[114.439322,30.590055],[114.439607,30.59043]]]}},{"type":"Feature","id":"beb488ef-7587-4787-af61-05844d11e3ca","properties":{"id":"beb488ef-7587-4787-af61-05844d11e3ca","height":95,"num_floors":30,"class":"building","areaM2":6539,"sourceTile":"tile_1_2","sourceFeatureCount":49994,"heightEstimated":true},"geometry":{"type":"Polygon","coordinates":[[[114.443044,30.595845],[114.44295,30.596192],[114.442273,30.596023],[114.442378,30.595283],[114.443014,30.595351],[114.44297,30.595664],[114.443289,30.595534],[114.443216,30.59597],[114.443044,30.595845]]]}},{"type":"Feature","id":"ea1da988-a79f-4a6e-b838-33b7dd48b9cf","properties":{"id":"ea1da988-a79f-4a6e-b838-33b7dd48b9cf","height":31,"num_floors":10,"class":"building","areaM2":44,"sourceTile":"tile_1_2","sourceFeatureCount":49994,"heightEstimated":true},"geometry":{"type":"Polygon","coordinates":[[[114.439212,30.597362],[114.439296,30.597478],[114.439176,30.59741],[114.439212,30.597362]]]}},{"type":"Feature","id":"fc82cb2b-2bfe-4459-8c7e-b62c247d04cd","properties":{"id":"fc82cb2b-2bfe-4459-8c7e-b62c247d04cd","height":77,"num_floors":24,"class":"building","areaM2":5351,"sourceTile":"tile_1_2","sourceFeatureCount":49994,"heightEstimated":true},"geometry":{"type":"Polygon","coordinates":[[[114.437472,30.60056],[114.437602,30.599653],[114.438264,30.599894],[114.43787,30.600705],[114.437472,30.60056]]]}},{"type":"Feature","id":"d29626d9-5a01-47db-8bf5-be67de28ff32","properties":{"id":"d29626d9-5a01-47db-8bf5-be67de28ff32","height":83,"num_floors":26,"class":"industrial","areaM2":5343,"sourceTile":"tile_1_2","sourceFeatureCount":49994,"heightEstimated":true},"geometry":{"type":"Polygon","coordinates":[[[114.43724,30.602725],[114.436769,30.602638],[114.437027,30.601613],[114.437497,30.6017],[114.43724,30.602725]]]}},{"type":"Feature","id":"1e08ea06-ccf7-4bfa-9160-0bed8df30267","properties":{"id":"1e08ea06-ccf7-4bfa-9160-0bed8df30267","height":95,"num_floors":30,"class":"industrial","areaM2":9574,"sourceTile":"tile_1_2","sourceFeatureCount":49994,"heightEstimated":true},"geometry":{"type":"Polygon","coordinates":[[[114.436641,30.602966],[114.436077,30.604868],[114.435631,30.60477],[114.436194,30.602868],[114.436641,30.602966]]]}},{"type":"Feature","id":"dcd1a9ac-734b-4ae1-86df-bc3ee84cbe6d","properties":{"id":"dcd1a9ac-734b-4ae1-86df-bc3ee84cbe6d","height":82,"num_floors":26,"class":"industrial","areaM2":5180,"sourceTile":"tile_1_2","sourceFeatureCount":49994,"heightEstimated":true},"geometry":{"type":"Polygon","coordinates":[[[114.438095,30.603211],[114.437778,30.604346],[114.437371,30.604262],[114.437687,30.603126],[114.438095,30.603211]]]}},{"type":"Feature","id":"3ba51b63-ef7b-4df4-a8fb-3aac348d66ad","properties":{"id":"3ba51b63-ef7b-4df4-a8fb-3aac348d66ad","height":113,"num_floors":35,"class":"industrial","areaM2":16000,"sourceTile":"tile_1_2","sourceFeatureCount":49994,"heightEstimated":true},"geometry":{"type":"Polygon","coordinates":[[[114.441383,30.602167],[114.440927,30.602638],[114.439033,30.601281],[114.439489,30.60081],[114.441383,30.602167]]]}},{"type":"Feature","id":"e5eb16cb-d901-4a33-a24e-d6fa1fc31e27","properties":{"id":"e5eb16cb-d901-4a33-a24e-d6fa1fc31e27","height":22,"num_floors":7,"class":"building","areaM2":27,"sourceTile":"tile_1_2","sourceFeatureCount":49994,"heightEstimated":true},"geometry":{"type":"Polygon","coordinates":[[[114.442819,30.602887],[114.442896,30.602792],[114.442922,30.602826],[114.442819,30.602887]]]}},{"type":"Feature","id":"1b6e8823-d09b-4891-9172-2a23e0ccc871","properties":{"id":"1b6e8823-d09b-4891-9172-2a23e0ccc871","height":117,"num_floors":37,"class":"industrial","areaM2":11096,"sourceTile":"tile_1_2","sourceFeatureCount":49994,"heightEstimated":true},"geometry":{"type":"Polygon","coordinates":[[[114.444311,30.602478],[114.444025,30.602416],[114.444322,30.601383],[114.444138,30.601343],[114.444497,30.600124],[114.445112,30.59969],[114.444311,30.602478]]]}},{"type":"Feature","id":"9148d94f-5d7e-44f0-8f8e-ecf83d893424","properties":{"id":"9148d94f-5d7e-44f0-8f8e-ecf83d893424","height":168,"num_floors":53,"class":"industrial","areaM2":91727,"sourceTile":"tile_1_2","sourceFeatureCount":49994,"heightEstimated":true},"geometry":{"type":"Polygon","coordinates":[[[114.447858,30.603233],[114.449737,30.597221],[114.451003,30.597489],[114.449301,30.603526],[114.447858,30.603233]]]}},{"type":"Feature","id":"83299fdb-de9a-44b0-b7c1-38a0c9081ac2","properties":{"id":"83299fdb-de9a-44b0-b7c1-38a0c9081ac2","height":168,"num_floors":53,"class":"industrial","areaM2":153834,"sourceTile":"tile_1_2","sourceFeatureCount":49994,"heightEstimated":true},"geometry":{"type":"Polygon","coordinates":[[[114.445318,30.601538],[114.446956,30.595654],[114.447929,30.595868],[114.448068,30.595329],[114.449369,30.595607],[114.447502,30.601982],[114.445318,30.601538]]]}},{"type":"Feature","id":"ee80f775-f12f-45f7-89e5-9f41025aed43","properties":{"id":"ee80f775-f12f-45f7-89e5-9f41025aed43","height":26,"num_floors":8,"class":"building","areaM2":358,"sourceTile":"tile_1_2","sourceFeatureCount":49994,"heightEstimated":true},"geometry":{"type":"Polygon","coordinates":[[[114.446814,30.590135],[114.447113,30.590365],[114.446866,30.590401],[114.446814,30.590135]]]}},{"type":"Feature","id":"b7a3fedc-64f0-4833-a5b2-96186adbb8a0","properties":{"id":"b7a3fedc-64f0-4833-a5b2-96186adbb8a0","height":111,"num_floors":35,"class":"building","areaM2":9736,"sourceTile":"tile_1_2","sourceFeatureCount":49994,"heightEstimated":true},"geometry":{"type":"Polygon","coordinates":[[[114.450231,30.591648],[114.449919,30.589939],[114.450444,30.589867],[114.450756,30.591576],[114.450231,30.591648]]]}},{"type":"Feature","id":"4c4daab3-de08-4df3-b652-d6709e07fa7d","properties":{"id":"4c4daab3-de08-4df3-b652-d6709e07fa7d","height":87,"num_floors":27,"class":"building","areaM2":8500,"sourceTile":"tile_1_2","sourceFeatureCount":49994,"heightEstimated":true},"geometry":{"type":"Polygon","coordinates":[[[114.457776,30.593515],[114.457658,30.594236],[114.456645,30.594123],[114.456528,30.593754],[114.456976,30.59337],[114.457776,30.593515]]]}},{"type":"Feature","id":"e756a4f1-097c-43a0-8554-0d556b217fb9","properties":{"id":"e756a4f1-097c-43a0-8554-0d556b217fb9","height":79,"num_floors":25,"class":"building","areaM2":6160,"sourceTile":"tile_1_2","sourceFeatureCount":49994,"heightEstimated":true},"geometry":{"type":"Polygon","coordinates":[[[114.455736,30.590908],[114.455059,30.591399],[114.454905,30.590352],[114.455805,30.590499],[114.455736,30.590908]]]}},{"type":"Feature","id":"0e2a7be3-48ce-4525-b832-df0bffe78fdb","properties":{"id":"0e2a7be3-48ce-4525-b832-df0bffe78fdb","height":122,"num_floors":38,"class":"building","areaM2":13193,"sourceTile":"tile_1_2","sourceFeatureCount":49994,"heightEstimated":true},"geometry":{"type":"Polygon","coordinates":[[[114.455898,30.591165],[114.455856,30.590764],[114.458508,30.590722],[114.458519,30.591266],[114.455898,30.591165]]]}},{"type":"Feature","id":"7d78f53e-d26d-4766-b34d-617348653d3c","properties":{"id":"7d78f53e-d26d-4766-b34d-617348653d3c","height":146,"num_floors":46,"class":"building","areaM2":18167,"sourceTile":"tile_1_2","sourceFeatureCount":49994,"heightEstimated":true},"geometry":{"type":"Polygon","coordinates":[[[114.456716,30.589791],[114.456727,30.590068],[114.458494,30.590017],[114.458516,30.590571],[114.455866,30.590648],[114.455833,30.589817],[114.456716,30.589791]]]}},{"type":"Feature","id":"14f582ac-9716-45d1-a15d-8aacb0e19009","properties":{"id":"14f582ac-9716-45d1-a15d-8aacb0e19009","height":125,"num_floors":39,"class":"building","areaM2":11932,"sourceTile":"tile_1_2","sourceFeatureCount":49994,"heightEstimated":true},"geometry":{"type":"Polygon","coordinates":[[[114.459324,30.592523],[114.458802,30.59367],[114.458004,30.593535],[114.458195,30.592428],[114.459324,30.592523]]]}},{"type":"Feature","id":"f018025f-a02f-4647-872a-9c0c65715ab2","properties":{"id":"f018025f-a02f-4647-872a-9c0c65715ab2","height":8,"num_floors":3,"class":"building","areaM2":9,"sourceTile":"tile_1_2","sourceFeatureCount":49994,"heightEstimated":true},"geometry":{"type":"Polygon","coordinates":[[[114.461146,30.593664],[114.46119,30.593618],[114.461203,30.593642],[114.461146,30.593664]]]}},{"type":"Feature","id":"043747dc-13a0-4299-b16b-9838201ed6a4","properties":{"id":"043747dc-13a0-4299-b16b-9838201ed6a4","height":110,"num_floors":34,"class":"building","areaM2":12960,"sourceTile":"tile_1_2","sourceFeatureCount":49994,"heightEstimated":true},"geometry":{"type":"Polygon","coordinates":[[[114.463501,30.594994],[114.462015,30.595838],[114.461776,30.595428],[114.46239,30.5951],[114.462285,30.594919],[114.46405,30.594104],[114.463501,30.594994]]]}},{"type":"Feature","id":"e8827d43-a2c0-4c28-a544-7e848a3e8632","properties":{"id":"e8827d43-a2c0-4c28-a544-7e848a3e8632","height":160,"num_floors":50,"class":"building","areaM2":26643,"sourceTile":"tile_1_2","sourceFeatureCount":49994,"heightEstimated":true},"geometry":{"type":"Polygon","coordinates":[[[114.460464,30.595268],[114.460256,30.594905],[114.460544,30.594586],[114.465204,30.593009],[114.46432,30.593811],[114.460464,30.595268]]]}},{"type":"Feature","id":"a93cbc97-0d09-417d-a29c-5e5c5e8a4672","properties":{"id":"a93cbc97-0d09-417d-a29c-5e5c5e8a4672","height":92,"num_floors":29,"class":"building","areaM2":7380,"sourceTile":"tile_1_2","sourceFeatureCount":49994,"heightEstimated":true},"geometry":{"type":"Polygon","coordinates":[[[114.461938,30.596275],[114.46147,30.596038],[114.461612,30.596385],[114.461202,30.596184],[114.460763,30.596433],[114.460323,30.595745],[114.460842,30.595721],[114.460699,30.595919],[114.46084,30.596047],[114.461022,30.595771],[114.4618,30.595649],[114.461938,30.596275]]]}},{"type":"Feature","id":"d528d0c0-cdd8-464b-8f15-3565b7f757d8","properties":{"id":"d528d0c0-cdd8-464b-8f15-3565b7f757d8","height":118,"num_floors":37,"class":"building","areaM2":12932,"sourceTile":"tile_1_2","sourceFeatureCount":49994,"heightEstimated":true},"geometry":{"type":"Polygon","coordinates":[[[114.457364,30.59653],[114.459243,30.596905],[114.459195,30.597216],[114.457025,30.596965],[114.457137,30.596246],[114.458463,30.596398],[114.458421,30.596653],[114.457364,30.59653]]]}},{"type":"Feature","id":"b7fdfafd-74f4-42ef-980f-8f67ad0efad2","properties":{"id":"b7fdfafd-74f4-42ef-980f-8f67ad0efad2","height":50,"num_floors":16,"class":"building","areaM2":911,"sourceTile":"tile_1_2","sourceFeatureCount":49994,"heightEstimated":true},"geometry":{"type":"Polygon","coordinates":[[[114.463816,30.599431],[114.463548,30.599263],[114.463581,30.599103],[114.464005,30.599169],[114.463816,30.599431]]]}},{"type":"Feature","id":"903a5da2-a30a-430b-a748-127f1b3320f0","properties":{"id":"903a5da2-a30a-430b-a748-127f1b3320f0","height":79,"num_floors":25,"class":"building","areaM2":6272,"sourceTile":"tile_1_2","sourceFeatureCount":49994,"heightEstimated":true},"geometry":{"type":"Polygon","coordinates":[[[114.464445,30.59973],[114.464509,30.599431],[114.4642,30.599549],[114.464216,30.599175],[114.464701,30.59914],[114.464913,30.599615],[114.465283,30.599638],[114.464968,30.600101],[114.464182,30.599689],[114.4639,30.599857],[114.46388,30.599462],[114.464445,30.59973]],[[114.464578,30.599345],[114.4645,30.599275],[114.464516,30.599355],[114.464578,30.599345]],[[114.46477,30.599541],[114.464738,30.599464],[114.464755,30.599543],[114.46477,30.599541]],[[114.464668,30.59977],[114.464798,30.599557],[114.464552,30.599596],[114.464668,30.59977]]]}},{"type":"Feature","id":"970c4dc3-0b57-4481-aad9-177ba47e97b0","properties":{"id":"970c4dc3-0b57-4481-aad9-177ba47e97b0","height":168,"num_floors":53,"class":"industrial","areaM2":57567,"sourceTile":"tile_1_2","sourceFeatureCount":49994,"heightEstimated":true},"geometry":{"type":"Polygon","coordinates":[[[114.449353,30.603547],[114.451084,30.597533],[114.451921,30.597705],[114.450226,30.603718],[114.449353,30.603547]]]}},{"type":"Feature","id":"89f0dc8c-c452-44b7-bcae-5b1a740492e3","properties":{"id":"89f0dc8c-c452-44b7-bcae-5b1a740492e3","height":122,"num_floors":38,"class":"industrial","areaM2":14556,"sourceTile":"tile_1_2","sourceFeatureCount":49994,"heightEstimated":true},"geometry":{"type":"Polygon","coordinates":[[[114.452411,30.601017],[114.451744,30.603333],[114.451418,30.603264],[114.451537,30.602849],[114.451254,30.602789],[114.451802,30.600887],[114.452411,30.601017]]]}},{"type":"Feature","id":"4ecdb284-d399-4496-9b3e-5dc0c6bc5138","properties":{"id":"4ecdb284-d399-4496-9b3e-5dc0c6bc5138","height":168,"num_floors":53,"class":"industrial","areaM2":181347,"sourceTile":"tile_1_2","sourceFeatureCount":49994,"heightEstimated":true},"geometry":{"type":"Polygon","coordinates":[[[114.451707,30.610115],[114.451645,30.610333],[114.450806,30.610156],[114.451096,30.609117],[114.450541,30.608999],[114.451144,30.606899],[114.450754,30.606816],[114.451177,30.605343],[114.450894,30.605283],[114.451058,30.604712],[114.451699,30.604848],[114.452099,30.603453],[114.451801,30.60339],[114.452814,30.599852],[114.453134,30.599919],[114.453374,30.599078],[114.454647,30.599348],[114.453225,30.604322],[114.452264,30.604202],[114.452667,30.604288],[114.452057,30.60631],[114.453115,30.606534],[114.452069,30.610192],[114.451707,30.610115]]]}},{"type":"Feature","id":"9870b05d-0683-4579-9886-25243f36a494","properties":{"id":"9870b05d-0683-4579-9886-25243f36a494","height":168,"num_floors":53,"class":"industrial","areaM2":199615,"sourceTile":"tile_1_2","sourceFeatureCount":49994,"heightEstimated":true},"geometry":{"type":"Polygon","coordinates":[[[114.457579,30.602339],[114.455462,30.609831],[114.452858,30.609286],[114.455474,30.600423],[114.455958,30.600524],[114.454507,30.606167],[114.454744,30.606216],[114.455779,30.602544],[114.457016,30.602802],[114.456421,30.605331],[114.457284,30.602277],[114.457579,30.602339]]]}},{"type":"Feature","id":"a6a3f809-2e0b-4fbd-8933-ae802f2e01c8","properties":{"id":"a6a3f809-2e0b-4fbd-8933-ae802f2e01c8","height":114,"num_floors":36,"class":"industrial","areaM2":15704,"sourceTile":"tile_1_2","sourceFeatureCount":49994,"heightEstimated":true},"geometry":{"type":"Polygon","coordinates":[[[114.458213,30.611322],[114.457964,30.61217],[114.45682,30.611922],[114.45722,30.610559],[114.458019,30.610732],[114.45789,30.611174],[114.458213,30.611322]]]}},{"type":"Feature","id":"4ce9cf88-e947-40a5-85f9-560d54d381bc","properties":{"id":"4ce9cf88-e947-40a5-85f9-560d54d381bc","height":87,"num_floors":27,"class":"industrial","areaM2":5412,"sourceTile":"tile_1_2","sourceFeatureCount":49994,"heightEstimated":true},"geometry":{"type":"Polygon","coordinates":[[[114.452303,30.613052],[114.452129,30.612812],[114.45342,30.613084],[114.453094,30.61352],[114.452222,30.613336],[114.452303,30.613052]]]}},{"type":"Feature","id":"9ba7ed45-6d23-414e-abb2-76e71bee2214","properties":{"id":"9ba7ed45-6d23-414e-abb2-76e71bee2214","height":30,"num_floors":9,"class":"building","areaM2":257,"sourceTile":"tile_1_2","sourceFeatureCount":49994,"heightEstimated":true},"geometry":{"type":"Polygon","coordinates":[[[114.453188,30.612512],[114.45271,30.612335],[114.453209,30.612418],[114.453188,30.612512]]]}},{"type":"Feature","id":"91557a24-19ee-4254-8486-45d7cf42cca2","properties":{"id":"91557a24-19ee-4254-8486-45d7cf42cca2","height":168,"num_floors":53,"class":"industrial","areaM2":196524,"sourceTile":"tile_1_2","sourceFeatureCount":49994,"heightEstimated":true},"geometry":{"type":"Polygon","coordinates":[[[114.449029,30.621459],[114.449984,30.618014],[114.451878,30.618422],[114.45176,30.618887],[114.452759,30.619148],[114.452426,30.620326],[114.452641,30.62037],[114.453129,30.618708],[114.452751,30.618613],[114.453462,30.616104],[114.453847,30.61618],[114.45429,30.614728],[114.454661,30.614811],[114.45449,30.615397],[114.454786,30.615467],[114.45432,30.618033],[114.453787,30.619453],[114.454083,30.61953],[114.45321,30.622338],[114.449029,30.621459]]]}},{"type":"Feature","id":"c458d1a6-a50a-4eef-b5ea-15a8dbfa5894","properties":{"id":"c458d1a6-a50a-4eef-b5ea-15a8dbfa5894","height":13,"num_floors":4,"class":"building","areaM2":39,"sourceTile":"tile_1_2","sourceFeatureCount":49994,"heightEstimated":true},"geometry":{"type":"Polygon","coordinates":[[[114.461709,30.615998],[114.461612,30.615917],[114.461721,30.615932],[114.461709,30.615998]]]}},{"type":"Feature","id":"ccebfc81-44d8-4c01-aa90-dd8a997ec4c1","properties":{"id":"ccebfc81-44d8-4c01-aa90-dd8a997ec4c1","height":168,"num_floors":53,"class":"industrial","areaM2":234200,"sourceTile":"tile_1_2","sourceFeatureCount":49994,"heightEstimated":true},"geometry":{"type":"Polygon","coordinates":[[[114.459677,30.607927],[114.460668,30.604502],[114.461964,30.604779],[114.461469,30.606491],[114.461883,30.60658],[114.461389,30.608289],[114.460413,30.608159],[114.460637,30.608419],[114.460522,30.608933],[114.460438,30.609217],[114.460125,30.609149],[114.459915,30.609865],[114.460178,30.609922],[114.45947,30.612337],[114.459836,30.612417],[114.459563,30.61335],[114.460084,30.613464],[114.459766,30.614547],[114.459327,30.614452],[114.459513,30.614974],[114.459185,30.614903],[114.458915,30.61582],[114.459296,30.615903],[114.458769,30.617696],[114.457538,30.617267],[114.457609,30.617025],[114.456269,30.616734],[114.455951,30.617816],[114.455528,30.617724],[114.455904,30.616443],[114.455681,30.616395],[114.455878,30.615721],[114.455655,30.615673],[114.456045,30.614341],[114.457091,30.614567],[114.457194,30.614212],[114.457432,30.614263],[114.457761,30.613136],[114.458616,30.613321],[114.459059,30.611617],[114.458642,30.611527],[114.459325,30.609168],[114.459747,30.609259],[114.460106,30.608019],[114.459677,30.607927]]]}},{"type":"Feature","id":"e40d5589-97f8-4301-aab9-a1a0e7fdb74a","properties":{"id":"e40d5589-97f8-4301-aab9-a1a0e7fdb74a","height":168,"num_floors":53,"class":"industrial","areaM2":157372,"sourceTile":"tile_1_2","sourceFeatureCount":49994,"heightEstimated":true},"geometry":{"type":"Polygon","coordinates":[[[114.456286,30.611398],[114.455524,30.614094],[114.454613,30.613903],[114.455383,30.611178],[114.455638,30.611231],[114.455766,30.610777],[114.455499,30.610721],[114.456419,30.607459],[114.456931,30.607566],[114.457806,30.604422],[114.457395,30.604336],[114.457355,30.603831],[114.458277,30.601146],[114.458492,30.600993],[114.461215,30.601565],[114.460784,30.603086],[114.458909,30.602692],[114.456915,30.609728],[114.456365,30.610133],[114.456022,30.611343],[114.456286,30.611398]]]}},{"type":"Feature","id":"cb7bcf09-4ad3-4b91-a809-a98eb6304229","properties":{"id":"cb7bcf09-4ad3-4b91-a809-a98eb6304229","height":70,"num_floors":22,"class":"industrial","areaM2":5408,"sourceTile":"tile_1_2","sourceFeatureCount":49994,"heightEstimated":true},"geometry":{"type":"Polygon","coordinates":[[[114.459243,30.608007],[114.458852,30.607926],[114.459197,30.606693],[114.459588,30.606774],[114.459243,30.608007]]]}},{"type":"Feature","id":"af723d0a-ad09-4310-8047-95363c16d2a0","properties":{"id":"af723d0a-ad09-4310-8047-95363c16d2a0","height":168,"num_floors":53,"class":"industrial","areaM2":342489,"sourceTile":"tile_1_2","sourceFeatureCount":49994,"heightEstimated":true},"geometry":{"type":"Polygon","coordinates":[[[114.463258,30.604628],[114.462001,30.604358],[114.462745,30.601749],[114.462972,30.601798],[114.462878,30.601434],[114.464343,30.601945],[114.464455,30.602269],[114.463188,30.606684],[114.463369,30.606722],[114.464501,30.602777],[114.465104,30.602905],[114.463888,30.607142],[114.463573,30.607181],[114.463953,30.607261],[114.46244,30.612537],[114.462685,30.612589],[114.464912,30.604457],[114.465203,30.603939],[114.467038,30.604331],[114.465746,30.609344],[114.465002,30.609895],[114.46397,30.613501],[114.461279,30.612927],[114.46158,30.611756],[114.461917,30.611828],[114.462069,30.611302],[114.461683,30.611219],[114.461894,30.610486],[114.462306,30.610466],[114.461943,30.610388],[114.462049,30.610021],[114.462406,30.610098],[114.462587,30.609472],[114.4629,30.60954],[114.46327,30.608259],[114.462296,30.608051],[114.463258,30.604628]]]}},{"type":"Feature","id":"1c0637ed-6b26-47f4-884b-774bb3c3424e","properties":{"id":"1c0637ed-6b26-47f4-884b-774bb3c3424e","height":99,"num_floors":31,"class":"industrial","areaM2":9797,"sourceTile":"tile_1_2","sourceFeatureCount":49994,"heightEstimated":true},"geometry":{"type":"Polygon","coordinates":[[[114.467544,30.605612],[114.466773,30.608296],[114.466448,30.608227],[114.467219,30.605543],[114.467544,30.605612]]]}},{"type":"Feature","id":"b8c9ca57-087e-4100-9c39-0b8bbeed8ed9","properties":{"id":"b8c9ca57-087e-4100-9c39-0b8bbeed8ed9","height":105,"num_floors":33,"class":"industrial","areaM2":9696,"sourceTile":"tile_1_2","sourceFeatureCount":49994,"heightEstimated":true},"geometry":{"type":"Polygon","coordinates":[[[114.46806,30.606055],[114.467384,30.608426],[114.467019,30.608349],[114.467696,30.605978],[114.46806,30.606055]]]}},{"type":"Feature","id":"6b9ea9a0-060d-4558-945d-9967e3433105","properties":{"id":"6b9ea9a0-060d-4558-945d-9967e3433105","height":84,"num_floors":26,"class":"industrial","areaM2":9303,"sourceTile":"tile_1_2","sourceFeatureCount":49994,"heightEstimated":true},"geometry":{"type":"Polygon","coordinates":[[[114.469434,30.607637],[114.469043,30.608431],[114.468104,30.608088],[114.468496,30.607295],[114.469434,30.607637]]]}},{"type":"Feature","id":"624848ee-9fbe-4a48-8cae-6e1b8bb025cb","properties":{"id":"624848ee-9fbe-4a48-8cae-6e1b8bb025cb","height":8,"num_floors":3,"class":"building","areaM2":78,"sourceTile":"tile_1_2","sourceFeatureCount":49994,"heightEstimated":true},"geometry":{"type":"Polygon","coordinates":[[[114.467476,30.611522],[114.467403,30.61137],[114.467511,30.611391],[114.467476,30.611522]]]}},{"type":"Feature","id":"5472fc96-fe3d-4b32-93ac-f8b427029791","properties":{"id":"5472fc96-fe3d-4b32-93ac-f8b427029791","height":114,"num_floors":36,"class":"industrial","areaM2":11066,"sourceTile":"tile_1_2","sourceFeatureCount":49994,"heightEstimated":true},"geometry":{"type":"Polygon","coordinates":[[[114.466879,30.618089],[114.464395,30.617454],[114.464498,30.617098],[114.467002,30.617661],[114.466879,30.618089]]]}},{"type":"Feature","id":"2c81b76e-3b4a-438c-b5ae-b427497817f9","properties":{"id":"2c81b76e-3b4a-438c-b5ae-b427497817f9","height":73,"num_floors":23,"class":"building","areaM2":5593,"sourceTile":"tile_1_2","sourceFeatureCount":49994,"heightEstimated":true},"geometry":{"type":"Polygon","coordinates":[[[114.467811,30.619389],[114.467823,30.619771],[114.466442,30.619805],[114.46643,30.619422],[114.467811,30.619389]]]}},{"type":"Feature","id":"b63ca857-27d3-4b80-afe5-665512385d0c","properties":{"id":"b63ca857-27d3-4b80-afe5-665512385d0c","height":31,"num_floors":10,"class":"building","areaM2":90,"sourceTile":"tile_1_2","sourceFeatureCount":49994,"heightEstimated":true},"geometry":{"type":"Polygon","coordinates":[[[114.472365,30.61389],[114.472502,30.613764],[114.47252,30.613871],[114.472365,30.61389]]]}},{"type":"Feature","id":"056312a8-2236-4989-b76e-ab1b8c0c15c0","properties":{"id":"056312a8-2236-4989-b76e-ab1b8c0c15c0","height":29,"num_floors":9,"class":"building","areaM2":268,"sourceTile":"tile_1_2","sourceFeatureCount":49994,"heightEstimated":true},"geometry":{"type":"Polygon","coordinates":[[[114.479106,30.612851],[114.478661,30.612957],[114.478664,30.612842],[114.479106,30.612851]]]}},{"type":"Feature","id":"6636ec8a-b85f-4e29-a11c-3138b1865973","properties":{"id":"6636ec8a-b85f-4e29-a11c-3138b1865973","height":13,"num_floors":4,"class":"building","areaM2":40,"sourceTile":"tile_1_2","sourceFeatureCount":49994,"heightEstimated":true},"geometry":{"type":"Polygon","coordinates":[[[114.474554,30.609462],[114.474666,30.6094],[114.47464,30.609483],[114.474554,30.609462]]]}},{"type":"Feature","id":"4c4abdc2-0ff3-4a04-96d5-137643898c27","properties":{"id":"4c4abdc2-0ff3-4a04-96d5-137643898c27","height":84,"num_floors":26,"class":"building","areaM2":5677,"sourceTile":"tile_1_2","sourceFeatureCount":49994,"heightEstimated":true},"geometry":{"type":"Polygon","coordinates":[[[114.475052,30.607337],[114.475178,30.607491],[114.474739,30.607634],[114.475557,30.606076],[114.475879,30.606203],[114.475262,30.607377],[114.475052,30.607337]]]}},{"type":"Feature","id":"4731ecb5-dde9-42ee-9135-ccba7f74ed40","properties":{"id":"4731ecb5-dde9-42ee-9135-ccba7f74ed40","height":99,"num_floors":31,"class":"building","areaM2":7007,"sourceTile":"tile_1_2","sourceFeatureCount":49994,"heightEstimated":true},"geometry":{"type":"Polygon","coordinates":[[[114.473799,30.607142],[114.474641,30.607551],[114.474335,30.608145],[114.473457,30.607806],[114.473799,30.607142]]]}},{"type":"Feature","id":"d5d5d978-4464-4de4-8b29-70ef4c868045","properties":{"id":"d5d5d978-4464-4de4-8b29-70ef4c868045","height":37,"num_floors":12,"class":"building","areaM2":62,"sourceTile":"tile_1_2","sourceFeatureCount":49994,"heightEstimated":true},"geometry":{"type":"Polygon","coordinates":[[[114.478731,30.603465],[114.478638,30.603348],[114.478747,30.603361],[114.478731,30.603465]]]}},{"type":"Feature","id":"e70a4448-0d6f-4c0d-9555-d160de4c51d7","properties":{"id":"e70a4448-0d6f-4c0d-9555-d160de4c51d7","height":30,"num_floors":9,"class":"building","areaM2":83,"sourceTile":"tile_1_2","sourceFeatureCount":49994,"heightEstimated":true},"geometry":{"type":"Polygon","coordinates":[[[114.473417,30.604499],[114.473637,30.604443],[114.473628,30.604517],[114.473417,30.604499]]]}},{"type":"Feature","id":"a910f7aa-a9c9-40a7-a354-14d6d337d6b7","properties":{"id":"a910f7aa-a9c9-40a7-a354-14d6d337d6b7","height":77,"num_floors":24,"class":"building","areaM2":5193,"sourceTile":"tile_1_2","sourceFeatureCount":49994,"heightEstimated":true},"geometry":{"type":"Polygon","coordinates":[[[114.470093,30.602751],[114.469447,30.602746],[114.469763,30.60176],[114.470354,30.601881],[114.470075,30.60203],[114.470093,30.602751]]]}},{"type":"Feature","id":"42af206a-8515-4e3b-9e99-321f4bdc982c","properties":{"id":"42af206a-8515-4e3b-9e99-321f4bdc982c","height":79,"num_floors":25,"class":"building","areaM2":5403,"sourceTile":"tile_1_2","sourceFeatureCount":49994,"heightEstimated":true},"geometry":{"type":"Polygon","coordinates":[[[114.470303,30.603567],[114.470424,30.603742],[114.470446,30.603513],[114.470876,30.603352],[114.47092,30.603439],[114.471433,30.603563],[114.470916,30.604044],[114.470045,30.603869],[114.470303,30.603567]],[[114.470891,30.60345],[114.47092,30.603439],[114.470899,30.603432],[114.470891,30.60345]],[[114.470802,30.603645],[114.470891,30.60345],[114.470637,30.603589],[114.470802,30.603645]]]}},{"type":"Feature","id":"e081dd52-f9c1-4039-9e5b-2059b21a223f","properties":{"id":"e081dd52-f9c1-4039-9e5b-2059b21a223f","height":22,"num_floors":7,"class":"building","areaM2":80,"sourceTile":"tile_1_2","sourceFeatureCount":49994,"heightEstimated":true},"geometry":{"type":"Polygon","coordinates":[[[114.469631,30.59967],[114.469457,30.599558],[114.469651,30.599595],[114.469631,30.59967]]]}},{"type":"Feature","id":"459f7286-2727-4d68-b858-21b8b89f3c95","properties":{"id":"459f7286-2727-4d68-b858-21b8b89f3c95","height":67,"num_floors":21,"class":"building","areaM2":5738,"sourceTile":"tile_1_2","sourceFeatureCount":49994,"heightEstimated":true},"geometry":{"type":"Polygon","coordinates":[[[114.4724,30.599412],[114.471558,30.599259],[114.47155,30.598695],[114.47239,30.598686],[114.4724,30.599412]]]}},{"type":"Feature","id":"5aaba6dc-3e1e-4046-8480-b89bdc4f21be","properties":{"id":"5aaba6dc-3e1e-4046-8480-b89bdc4f21be","height":81,"num_floors":25,"class":"building","areaM2":5829,"sourceTile":"tile_1_2","sourceFeatureCount":49994,"heightEstimated":true},"geometry":{"type":"Polygon","coordinates":[[[114.471707,30.594046],[114.471562,30.594287],[114.471182,30.594601],[114.470632,30.594232],[114.471181,30.59362],[114.471707,30.594046]]]}},{"type":"Feature","id":"1fa72d8f-870e-4ebc-b2be-a61a8bf9a85f","properties":{"id":"1fa72d8f-870e-4ebc-b2be-a61a8bf9a85f","height":113,"num_floors":35,"class":"building","areaM2":13688,"sourceTile":"tile_1_2","sourceFeatureCount":49994,"heightEstimated":true},"geometry":{"type":"Polygon","coordinates":[[[114.46714,30.595976],[114.46735,30.595972],[114.467294,30.596336],[114.466024,30.596354],[114.466055,30.595149],[114.466895,30.595131],[114.46714,30.595976]]]}},{"type":"Feature","id":"d4c40b5a-1556-45ff-bb54-babe662632eb","properties":{"id":"d4c40b5a-1556-45ff-bb54-babe662632eb","height":115,"num_floors":36,"class":"building","areaM2":9606,"sourceTile":"tile_1_2","sourceFeatureCount":49994,"heightEstimated":true},"geometry":{"type":"Polygon","coordinates":[[[114.46479,30.595925],[114.465116,30.59581],[114.465505,30.5947],[114.466019,30.594876],[114.4656,30.595791],[114.465857,30.595879],[114.465667,30.596657],[114.465369,30.596607],[114.465502,30.596056],[114.46479,30.595925]]]}},{"type":"Feature","id":"e5140b4f-e352-435f-a907-23ed8d8d953e","properties":{"id":"e5140b4f-e352-435f-a907-23ed8d8d953e","height":77,"num_floors":24,"class":"building","areaM2":5245,"sourceTile":"tile_1_2","sourceFeatureCount":49994,"heightEstimated":true},"geometry":{"type":"Polygon","coordinates":[[[114.471787,30.592797],[114.47112,30.59337],[114.470615,30.593094],[114.471237,30.592495],[114.471787,30.592797]]]}},{"type":"Feature","id":"89c9108e-da94-4517-bfa5-a68b0a0f8686","properties":{"id":"89c9108e-da94-4517-bfa5-a68b0a0f8686","height":12,"num_floors":4,"class":"building","areaM2":43,"sourceTile":"tile_1_2","sourceFeatureCount":49994,"heightEstimated":true},"geometry":{"type":"Polygon","coordinates":[[[114.47371,30.591452],[114.473765,30.591568],[114.473689,30.591556],[114.47371,30.591452]]]}},{"type":"Feature","id":"20d24c27-f7b5-49c0-911a-e7f477ecadf3","properties":{"id":"20d24c27-f7b5-49c0-911a-e7f477ecadf3","height":86,"num_floors":27,"class":"building","areaM2":8617,"sourceTile":"tile_1_2","sourceFeatureCount":49994,"heightEstimated":true},"geometry":{"type":"Polygon","coordinates":[[[114.512326,30.525038],[114.510577,30.525437],[114.510333,30.524983],[114.512198,30.524666],[114.512326,30.525038]]]}},{"type":"Feature","id":"68ad3092-0872-40e4-96cb-ed4d8fc8b527","properties":{"id":"68ad3092-0872-40e4-96cb-ed4d8fc8b527","height":38,"num_floors":12,"class":"building","areaM2":95,"sourceTile":"tile_1_2","sourceFeatureCount":49994,"heightEstimated":true},"geometry":{"type":"Polygon","coordinates":[[[114.505028,30.523256],[114.505096,30.523488],[114.504961,30.52329],[114.505028,30.523256]]]}},{"type":"Feature","id":"614269a2-c4e6-4ca7-8cce-0a42e29241dc","properties":{"id":"614269a2-c4e6-4ca7-8cce-0a42e29241dc","height":115,"num_floors":36,"class":"building","areaM2":10936,"sourceTile":"tile_1_2","sourceFeatureCount":49994,"heightEstimated":true},"geometry":{"type":"Polygon","coordinates":[[[114.487053,30.532986],[114.485613,30.533022],[114.485599,30.532312],[114.487034,30.532262],[114.487053,30.532986]]]}},{"type":"Feature","id":"19cf3e92-2953-4928-8cd5-98a6e969cdff","properties":{"id":"19cf3e92-2953-4928-8cd5-98a6e969cdff","height":168,"num_floors":53,"class":"building","areaM2":36562,"sourceTile":"tile_1_2","sourceFeatureCount":49994,"heightEstimated":true},"geometry":{"type":"Polygon","coordinates":[[[114.483846,30.532459],[114.483871,30.533511],[114.48057,30.533573],[114.480543,30.532537],[114.483846,30.532459]]]}},{"type":"Feature","id":"5c274119-29ce-4e5f-801e-52fdc0cf8b71","properties":{"id":"5c274119-29ce-4e5f-801e-52fdc0cf8b71","height":152,"num_floors":48,"class":"building","areaM2":28899,"sourceTile":"tile_1_2","sourceFeatureCount":49994,"heightEstimated":true},"geometry":{"type":"Polygon","coordinates":[[[114.48154,30.534626],[114.481519,30.533868],[114.485114,30.533793],[114.485135,30.53455],[114.48154,30.534626]]]}},{"type":"Feature","id":"f4afb75b-b88b-4bba-a57c-d81b7bc251f9","properties":{"id":"f4afb75b-b88b-4bba-a57c-d81b7bc251f9","height":25,"num_floors":8,"class":"building","areaM2":13,"sourceTile":"tile_1_2","sourceFeatureCount":49994,"heightEstimated":true},"geometry":{"type":"Polygon","coordinates":[[[114.504632,30.537115],[114.504583,30.537061],[114.504627,30.537058],[114.504632,30.537115]]]}},{"type":"Feature","id":"b0a9c695-11d2-40fd-8a7d-368a704a39f8","properties":{"id":"b0a9c695-11d2-40fd-8a7d-368a704a39f8","height":81,"num_floors":25,"class":"building","areaM2":5834,"sourceTile":"tile_1_2","sourceFeatureCount":49994,"heightEstimated":true},"geometry":{"type":"Polygon","coordinates":[[[114.503941,30.534599],[114.503086,30.535585],[114.502772,30.535374],[114.503132,30.534612],[114.503941,30.534599]]]}},{"type":"Feature","id":"67cdfe67-c740-4786-a07b-80132d96dbff","properties":{"id":"67cdfe67-c740-4786-a07b-80132d96dbff","height":30,"num_floors":9,"class":"building","areaM2":362,"sourceTile":"tile_1_2","sourceFeatureCount":49994,"heightEstimated":true},"geometry":{"type":"Polygon","coordinates":[[[114.509029,30.525714],[114.508443,30.525968],[114.508409,30.525866],[114.509029,30.525714]]]}},{"type":"Feature","id":"80300bfa-8d98-4923-bc57-a51b9699aa45","properties":{"id":"80300bfa-8d98-4923-bc57-a51b9699aa45","height":94,"num_floors":29,"class":"building","areaM2":6519,"sourceTile":"tile_1_2","sourceFeatureCount":49994,"heightEstimated":true},"geometry":{"type":"Polygon","coordinates":[[[114.523116,30.526217],[114.522972,30.526906],[114.522082,30.526681],[114.52231,30.526013],[114.523116,30.526217]]]}},{"type":"Feature","id":"5b7a3cbf-0f71-4153-a857-40b0b70ab1ca","properties":{"id":"5b7a3cbf-0f71-4153-a857-40b0b70ab1ca","height":92,"num_floors":29,"class":"building","areaM2":6085,"sourceTile":"tile_1_2","sourceFeatureCount":49994,"heightEstimated":true},"geometry":{"type":"Polygon","coordinates":[[[114.51858,30.538129],[114.517874,30.538099],[114.517908,30.53723],[114.518609,30.537374],[114.51858,30.538129]]]}},{"type":"Feature","id":"37fdf55e-2d65-4e24-a043-1dcb414a15d0","properties":{"id":"37fdf55e-2d65-4e24-a043-1dcb414a15d0","height":12,"num_floors":4,"class":"building","areaM2":72,"sourceTile":"tile_1_2","sourceFeatureCount":49994,"heightEstimated":true},"geometry":{"type":"Polygon","coordinates":[[[114.517625,30.538119],[114.517803,30.538044],[114.517802,30.53812],[114.517625,30.538119]]]}},{"type":"Feature","id":"00fc4b08-9cfa-46ca-9753-1219ce191b8b","properties":{"id":"00fc4b08-9cfa-46ca-9753-1219ce191b8b","height":36,"num_floors":11,"class":"building","areaM2":89,"sourceTile":"tile_1_2","sourceFeatureCount":49994,"heightEstimated":true},"geometry":{"type":"Polygon","coordinates":[[[114.53446,30.520332],[114.53429,30.520242],[114.534445,30.520225],[114.53446,30.520332]]]}},{"type":"Feature","id":"646340c0-f9d7-4b4c-8e63-dc0448033cfd","properties":{"id":"646340c0-f9d7-4b4c-8e63-dc0448033cfd","height":78,"num_floors":24,"class":"building","areaM2":5668,"sourceTile":"tile_1_2","sourceFeatureCount":49994,"heightEstimated":true},"geometry":{"type":"Polygon","coordinates":[[[114.518184,30.524071],[114.518178,30.524783],[114.517566,30.524914],[114.516995,30.524666],[114.518184,30.524071]]]}},{"type":"Feature","id":"a6b8cb40-d0d3-4cd8-b76a-9a9459680190","properties":{"id":"a6b8cb40-d0d3-4cd8-b76a-9a9459680190","height":36,"num_floors":11,"class":"building","areaM2":329,"sourceTile":"tile_1_2","sourceFeatureCount":49994,"heightEstimated":true},"geometry":{"type":"Polygon","coordinates":[[[114.514908,30.524056],[114.515497,30.524248],[114.514888,30.524155],[114.514908,30.524056]]]}},{"type":"Feature","id":"bc8bdde2-a705-4d3d-9300-219322f72d0b","properties":{"id":"bc8bdde2-a705-4d3d-9300-219322f72d0b","height":19,"num_floors":6,"class":"building","areaM2":72,"sourceTile":"tile_1_2","sourceFeatureCount":49994,"heightEstimated":true},"geometry":{"type":"Polygon","coordinates":[[[114.486954,30.557298],[114.486786,30.557251],[114.486897,30.557202],[114.486954,30.557298]]]}},{"type":"Feature","id":"a50900ab-0558-4793-bf26-1ed8da26972b","properties":{"id":"a50900ab-0558-4793-bf26-1ed8da26972b","height":8,"num_floors":3,"class":"building","areaM2":20,"sourceTile":"tile_1_2","sourceFeatureCount":49994,"heightEstimated":true},"geometry":{"type":"Polygon","coordinates":[[[114.485231,30.553578],[114.485148,30.553522],[114.485191,30.553505],[114.485231,30.553578]]]}},{"type":"Feature","id":"1a5f2c86-cd3d-4598-a20d-d6ee9f7da657","properties":{"id":"1a5f2c86-cd3d-4598-a20d-d6ee9f7da657","height":36,"num_floors":11,"class":"building","areaM2":95,"sourceTile":"tile_1_2","sourceFeatureCount":49994,"heightEstimated":true},"geometry":{"type":"Polygon","coordinates":[[[114.49716,30.550686],[114.497058,30.550519],[114.497218,30.550604],[114.49716,30.550686]]]}},{"type":"Feature","id":"8eee8fd8-ee70-46a3-b1c3-9a0b20860872","properties":{"id":"8eee8fd8-ee70-46a3-b1c3-9a0b20860872","height":34,"num_floors":11,"class":"building","areaM2":277,"sourceTile":"tile_1_2","sourceFeatureCount":49994,"heightEstimated":true},"geometry":{"type":"Polygon","coordinates":[[[114.494831,30.559878],[114.494457,30.560002],[114.494468,30.559859],[114.494831,30.559878]]]}},{"type":"Feature","id":"f03a8ee9-2d22-4bb9-836b-df6c38c70ed2","properties":{"id":"f03a8ee9-2d22-4bb9-836b-df6c38c70ed2","height":16,"num_floors":5,"class":"building","areaM2":28,"sourceTile":"tile_1_2","sourceFeatureCount":49994,"heightEstimated":true},"geometry":{"type":"Polygon","coordinates":[[[114.486001,30.565711],[114.485912,30.565655],[114.485989,30.565644],[114.486001,30.565711]]]}},{"type":"Feature","id":"d4562983-bd13-41e8-8cde-4d9422e8ef57","properties":{"id":"d4562983-bd13-41e8-8cde-4d9422e8ef57","height":8,"num_floors":3,"class":"building","areaM2":36,"sourceTile":"tile_1_2","sourceFeatureCount":49994,"heightEstimated":true},"geometry":{"type":"Polygon","coordinates":[[[114.482799,30.595867],[114.482614,30.595816],[114.482801,30.595831],[114.482799,30.595867]]]}},{"type":"Feature","id":"4c82ac1f-d19a-4e58-a61b-f6ce054dd1f7","properties":{"id":"4c82ac1f-d19a-4e58-a61b-f6ce054dd1f7","height":82,"num_floors":26,"class":"building","areaM2":7876,"sourceTile":"tile_1_2","sourceFeatureCount":49994,"heightEstimated":true},"geometry":{"type":"Polygon","coordinates":[[[114.484474,30.60984],[114.483682,30.609833],[114.483676,30.608904],[114.48449,30.608918],[114.484474,30.60984]]]}},{"type":"Feature","id":"b15dd214-a2d2-4467-9ca6-575eda993b95","properties":{"id":"b15dd214-a2d2-4467-9ca6-575eda993b95","height":36,"num_floors":11,"class":"building","areaM2":141,"sourceTile":"tile_1_2","sourceFeatureCount":49994,"heightEstimated":true},"geometry":{"type":"Polygon","coordinates":[[[114.483308,30.604759],[114.483106,30.604629],[114.483305,30.604625],[114.483308,30.604759]]]}},{"type":"Feature","id":"82ad2ec5-f541-45f4-80ae-c8634281f87e","properties":{"id":"82ad2ec5-f541-45f4-80ae-c8634281f87e","height":109,"num_floors":34,"class":"building","areaM2":12175,"sourceTile":"tile_1_2","sourceFeatureCount":49994,"heightEstimated":true},"geometry":{"type":"Polygon","coordinates":[[[114.485567,30.60385],[114.485315,30.604062],[114.485752,30.60341],[114.485863,30.603504],[114.4856,30.60385],[114.485701,30.604031],[114.485766,30.603801],[114.486331,30.604008],[114.486312,30.60441],[114.486744,30.604541],[114.486747,30.60499],[114.486548,30.604925],[114.486493,30.604982],[114.486772,30.605325],[114.485786,30.605072],[114.4855,30.605246],[114.485805,30.604556],[114.485567,30.60385]],[[114.486276,30.604114],[114.486232,30.604171],[114.486287,30.604123],[114.486276,30.604114]],[[114.486235,30.604516],[114.486324,30.604601],[114.486323,30.604515],[114.486235,30.604516]],[[114.486234,30.604372],[114.486136,30.604516],[114.486267,30.604401],[114.486234,30.604372]],[[114.485948,30.604574],[114.48598,30.60444],[114.485947,30.604441],[114.485948,30.604574]],[[114.48617,30.60465],[114.486114,30.604631],[114.486115,30.60465],[114.48617,30.60465]]]}},{"type":"Feature","id":"ba503250-a9e5-4ead-ae24-ae793d6af925","properties":{"id":"ba503250-a9e5-4ead-ae24-ae793d6af925","height":24,"num_floors":8,"class":"building","areaM2":54,"sourceTile":"tile_1_2","sourceFeatureCount":49994,"heightEstimated":true},"geometry":{"type":"Polygon","coordinates":[[[114.488328,30.606344],[114.488204,30.606258],[114.488336,30.606268],[114.488328,30.606344]]]}},{"type":"Feature","id":"ec3b4e85-89b5-4d76-b7cb-f381ba53d92b","properties":{"id":"ec3b4e85-89b5-4d76-b7cb-f381ba53d92b","height":93,"num_floors":29,"class":"building","areaM2":7972,"sourceTile":"tile_1_2","sourceFeatureCount":49994,"heightEstimated":true},"geometry":{"type":"Polygon","coordinates":[[[114.487718,30.603028],[114.488049,30.60332],[114.487937,30.603393],[114.48805,30.603523],[114.488452,30.603311],[114.488653,30.60379],[114.487872,30.604061],[114.487234,30.603799],[114.486656,30.603921],[114.487268,30.603726],[114.487003,30.60351],[114.487882,30.603454],[114.487477,30.603337],[114.487902,30.603331],[114.487718,30.603028]],[[114.487846,30.603469],[114.487815,30.603523],[114.487865,30.60349],[114.487846,30.603469]],[[114.488195,30.603656],[114.488242,30.603643],[114.488198,30.603637],[114.488195,30.603656]],[[114.487984,30.603582],[114.487561,30.603578],[114.487956,30.603685],[114.487934,30.603817],[114.487489,30.603608],[114.487397,30.603761],[114.488017,30.603924],[114.487984,30.603582]],[[114.488367,30.603697],[114.48833,30.603789],[114.488405,30.60374],[114.488367,30.603697]]]}},{"type":"Feature","id":"19dfe65a-f0fc-424b-ba18-dfd876af561c","properties":{"id":"19dfe65a-f0fc-424b-ba18-dfd876af561c","height":23,"num_floors":7,"class":"building","areaM2":211,"sourceTile":"tile_1_2","sourceFeatureCount":49994,"heightEstimated":true},"geometry":{"type":"Polygon","coordinates":[[[114.491634,30.603552],[114.491352,30.603741],[114.491317,30.603624],[114.491634,30.603552]]]}},{"type":"Feature","id":"6eaff736-c837-486a-ae3a-d604ee20dcdf","properties":{"id":"6eaff736-c837-486a-ae3a-d604ee20dcdf","height":83,"num_floors":26,"class":"building","areaM2":7564,"sourceTile":"tile_1_2","sourceFeatureCount":49994,"heightEstimated":true},"geometry":{"type":"Polygon","coordinates":[[[114.491798,30.607932],[114.491799,30.608333],[114.49002,30.608338],[114.490019,30.607937],[114.491798,30.607932]]]}},{"type":"Feature","id":"c1e9b93f-b803-4f8a-b56e-a1b6abecf73e","properties":{"id":"c1e9b93f-b803-4f8a-b56e-a1b6abecf73e","height":75,"num_floors":23,"class":"building","areaM2":6190,"sourceTile":"tile_1_2","sourceFeatureCount":49994,"heightEstimated":true},"geometry":{"type":"Polygon","coordinates":[[[114.497299,30.600359],[114.497758,30.600254],[114.498137,30.600713],[114.498089,30.600268],[114.498338,30.600248],[114.498409,30.600908],[114.497366,30.600992],[114.497613,30.60066],[114.497384,30.600719],[114.497299,30.600359]]]}},{"type":"Feature","id":"f862e9a3-8c47-4a14-b096-cf17569c95dc","properties":{"id":"f862e9a3-8c47-4a14-b096-cf17569c95dc","height":12,"num_floors":4,"class":"building","areaM2":143,"sourceTile":"tile_1_2","sourceFeatureCount":49994,"heightEstimated":true},"geometry":{"type":"Polygon","coordinates":[[[114.497324,30.601834],[114.497274,30.6021],[114.497187,30.602023],[114.497324,30.601834]]]}},{"type":"Feature","id":"10e76be1-c80c-43a5-b9ea-33585a0f3cf9","properties":{"id":"10e76be1-c80c-43a5-b9ea-33585a0f3cf9","height":88,"num_floors":28,"class":"building","areaM2":8446,"sourceTile":"tile_1_2","sourceFeatureCount":49994,"heightEstimated":true},"geometry":{"type":"Polygon","coordinates":[[[114.49818,30.599427],[114.498308,30.598891],[114.497977,30.59894],[114.498182,30.598366],[114.498779,30.598362],[114.498601,30.599615],[114.498302,30.599617],[114.498301,30.599369],[114.498291,30.599588],[114.497927,30.599591],[114.497922,30.599017],[114.498177,30.599044],[114.49818,30.599427]]]}},{"type":"Feature","id":"f1b8903a-12d5-4eb7-94c9-ccc8c4c07469","properties":{"id":"f1b8903a-12d5-4eb7-94c9-ccc8c4c07469","height":29,"num_floors":9,"class":"building","areaM2":18,"sourceTile":"tile_1_2","sourceFeatureCount":49994,"heightEstimated":true},"geometry":{"type":"Polygon","coordinates":[[[114.490277,30.588069],[114.490321,30.588003],[114.490337,30.588055],[114.490277,30.588069]]]}},{"type":"Feature","id":"7528059f-678c-49e5-8982-319793baaf48","properties":{"id":"7528059f-678c-49e5-8982-319793baaf48","height":21,"num_floors":7,"class":"building","areaM2":9,"sourceTile":"tile_1_2","sourceFeatureCount":49994,"heightEstimated":true},"geometry":{"type":"Polygon","coordinates":[[[114.499263,30.601274],[114.499202,30.601303],[114.499201,30.601276],[114.499263,30.601274]]]}},{"type":"Feature","id":"aa8eb46e-8cfd-4c76-acbd-3fd44306a711","properties":{"id":"aa8eb46e-8cfd-4c76-acbd-3fd44306a711","height":127,"num_floors":40,"class":"building","areaM2":12923,"sourceTile":"tile_1_2","sourceFeatureCount":49994,"heightEstimated":true},"geometry":{"type":"Polygon","coordinates":[[[114.499985,30.611023],[114.499792,30.611468],[114.49998,30.611482],[114.499914,30.612417],[114.498672,30.611276],[114.499514,30.61059],[114.499985,30.611023]]]}},{"type":"Feature","id":"11c6d879-a11e-4125-9125-901974382ce2","properties":{"id":"11c6d879-a11e-4125-9125-901974382ce2","height":107,"num_floors":33,"class":"building","areaM2":9416,"sourceTile":"tile_1_2","sourceFeatureCount":49994,"heightEstimated":true},"geometry":{"type":"Polygon","coordinates":[[[114.502579,30.610578],[114.503869,30.611793],[114.503498,30.612103],[114.502174,30.610916],[114.502579,30.610578]]]}},{"type":"Feature","id":"fabac7e2-1d09-498b-8071-fe96dc6d3608","properties":{"id":"fabac7e2-1d09-498b-8071-fe96dc6d3608","height":26,"num_floors":8,"class":"building","areaM2":399,"sourceTile":"tile_1_2","sourceFeatureCount":49994,"heightEstimated":true},"geometry":{"type":"Polygon","coordinates":[[[114.509371,30.598449],[114.509156,30.598919],[114.509218,30.598434],[114.509371,30.598449]]]}},{"type":"Feature","id":"c992ae1e-865d-4bc1-a1d5-75e92b748090","properties":{"id":"c992ae1e-865d-4bc1-a1d5-75e92b748090","height":125,"num_floors":39,"class":"building","areaM2":18422,"sourceTile":"tile_1_2","sourceFeatureCount":49994,"heightEstimated":true},"geometry":{"type":"Polygon","coordinates":[[[114.516145,30.603834],[114.517729,30.602629],[114.518359,30.603248],[114.516775,30.604453],[114.516145,30.603834]]]}},{"type":"Feature","id":"959e7d12-ccb8-4252-9fef-5b7c8a5d8285","properties":{"id":"959e7d12-ccb8-4252-9fef-5b7c8a5d8285","height":13,"num_floors":4,"class":"building","areaM2":188,"sourceTile":"tile_1_2","sourceFeatureCount":49994,"heightEstimated":true},"geometry":{"type":"Polygon","coordinates":[[[114.514591,30.580468],[114.51497,30.580548],[114.514596,30.580562],[114.514591,30.580468]]]}},{"type":"Feature","id":"3d1190cb-5394-4bf1-96ee-0b01eb77fbd2","properties":{"id":"3d1190cb-5394-4bf1-96ee-0b01eb77fbd2","height":35,"num_floors":11,"class":"building","areaM2":145,"sourceTile":"tile_1_2","sourceFeatureCount":49994,"heightEstimated":true},"geometry":{"type":"Polygon","coordinates":[[[114.504965,30.561172],[114.504622,30.561372],[114.504592,30.56131],[114.504965,30.561172]]]}},{"type":"Feature","id":"b79b49b9-3a47-463b-89aa-da011b1ee679","properties":{"id":"b79b49b9-3a47-463b-89aa-da011b1ee679","height":20,"num_floors":6,"class":"building","areaM2":13,"sourceTile":"tile_1_2","sourceFeatureCount":49994,"heightEstimated":true},"geometry":{"type":"Polygon","coordinates":[[[114.510486,30.5498],[114.510479,30.549732],[114.510518,30.54975],[114.510486,30.5498]]]}},{"type":"Feature","id":"a87fa465-c7d2-422b-b515-d8a215da2db4","properties":{"id":"a87fa465-c7d2-422b-b515-d8a215da2db4","height":104,"num_floors":33,"class":"library","areaM2":11550,"sourceTile":"tile_1_2","sourceFeatureCount":49994,"heightEstimated":true},"geometry":{"type":"Polygon","coordinates":[[[114.513209,30.548674],[114.511795,30.549608],[114.511363,30.549123],[114.512776,30.548189],[114.513209,30.548674]]]}},{"type":"Feature","id":"b5629267-a6cf-4e3b-847e-0d6b0e52d903","properties":{"id":"b5629267-a6cf-4e3b-847e-0d6b0e52d903","height":19,"num_floors":6,"class":"building","areaM2":145,"sourceTile":"tile_1_2","sourceFeatureCount":49994,"heightEstimated":true},"geometry":{"type":"Polygon","coordinates":[[[114.522725,30.555618],[114.522454,30.555744],[114.522642,30.555556],[114.522725,30.555618]]]}},{"type":"Feature","id":"ef99cecf-5ec0-4526-8e71-a3bc8fd455a6","properties":{"id":"ef99cecf-5ec0-4526-8e71-a3bc8fd455a6","height":8,"num_floors":3,"class":"building","areaM2":36,"sourceTile":"tile_1_2","sourceFeatureCount":49994,"heightEstimated":true},"geometry":{"type":"Polygon","coordinates":[[[114.530108,30.574608],[114.530096,30.574728],[114.53005,30.574628],[114.530108,30.574608]]]}},{"type":"Feature","id":"ac9c9a48-55ce-45da-adf2-21dc91c4bb84","properties":{"id":"ac9c9a48-55ce-45da-adf2-21dc91c4bb84","height":77,"num_floors":24,"class":"building","areaM2":5211,"sourceTile":"tile_1_2","sourceFeatureCount":49994,"heightEstimated":true},"geometry":{"type":"Polygon","coordinates":[[[114.535684,30.572558],[114.535532,30.572835],[114.535216,30.572951],[114.53483,30.572168],[114.53539,30.571961],[114.535684,30.572558]]]}},{"type":"Feature","id":"33323768-115d-45f0-8a73-8d2571e7f987","properties":{"id":"33323768-115d-45f0-8a73-8d2571e7f987","height":32,"num_floors":10,"class":"building","areaM2":116,"sourceTile":"tile_1_2","sourceFeatureCount":49994,"heightEstimated":true},"geometry":{"type":"Polygon","coordinates":[[[114.544976,30.554378],[114.545122,30.554577],[114.544917,30.554447],[114.544976,30.554378]]]}},{"type":"Feature","id":"84ec45eb-c3f8-469a-98fe-856bce9e0ada","properties":{"id":"84ec45eb-c3f8-469a-98fe-856bce9e0ada","height":29,"num_floors":9,"class":"building","areaM2":242,"sourceTile":"tile_1_2","sourceFeatureCount":49994,"heightEstimated":true},"geometry":{"type":"Polygon","coordinates":[[[114.53979,30.5737],[114.539607,30.573461],[114.539857,30.573538],[114.53979,30.5737]]]}},{"type":"Feature","id":"855dc01f-df71-4edf-923d-cddbfe32988e","properties":{"id":"855dc01f-df71-4edf-923d-cddbfe32988e","height":11,"num_floors":3,"class":"building","areaM2":10,"sourceTile":"tile_1_2","sourceFeatureCount":49994,"heightEstimated":true},"geometry":{"type":"Polygon","coordinates":[[[114.547838,30.601212],[114.547816,30.601266],[114.547796,30.601229],[114.547838,30.601212]]]}},{"type":"Feature","id":"8f050f64-76ce-42a0-9d57-ab5588626d7a","properties":{"id":"8f050f64-76ce-42a0-9d57-ab5588626d7a","height":45,"num_floors":14,"class":"building","areaM2":296,"sourceTile":"tile_1_2","sourceFeatureCount":49994,"heightEstimated":true},"geometry":{"type":"Polygon","coordinates":[[[114.54103,30.608337],[114.540454,30.608203],[114.541038,30.608241],[114.54103,30.608337]]]}},{"type":"Feature","id":"119760db-33cb-45f3-8c0a-20c53b45a51c","properties":{"id":"119760db-33cb-45f3-8c0a-20c53b45a51c","height":94,"num_floors":29,"class":"building","areaM2":9856,"sourceTile":"tile_1_2","sourceFeatureCount":49994,"heightEstimated":true},"geometry":{"type":"Polygon","coordinates":[[[114.534928,30.608963],[114.534301,30.609283],[114.534546,30.608599],[114.536343,30.609106],[114.536012,30.609948],[114.53552,30.609803],[114.535703,30.609191],[114.534928,30.608963]]]}},{"type":"Feature","id":"3e22d4ef-0a56-4022-b178-f3bd90e2574a","properties":{"id":"3e22d4ef-0a56-4022-b178-f3bd90e2574a","height":104,"num_floors":33,"class":"building","areaM2":9402,"sourceTile":"tile_1_2","sourceFeatureCount":49994,"heightEstimated":true},"geometry":{"type":"Polygon","coordinates":[[[114.532174,30.589542],[114.53218,30.588587],[114.532533,30.588588],[114.532375,30.589228],[114.534429,30.589237],[114.534427,30.589553],[114.532174,30.589542]]]}},{"type":"Feature","id":"11d00d79-4cfa-49d5-b0fc-a2c8c401a437","properties":{"id":"11d00d79-4cfa-49d5-b0fc-a2c8c401a437","height":83,"num_floors":26,"class":"building","areaM2":5984,"sourceTile":"tile_1_2","sourceFeatureCount":49994,"heightEstimated":true},"geometry":{"type":"Polygon","coordinates":[[[114.530571,30.589652],[114.530628,30.590483],[114.529965,30.59049],[114.529875,30.589659],[114.530571,30.589652]]]}},{"type":"Feature","id":"811e2c03-4375-4957-9ecd-12182fa18624","properties":{"id":"811e2c03-4375-4957-9ecd-12182fa18624","height":95,"num_floors":30,"class":"building","areaM2":7567,"sourceTile":"tile_1_2","sourceFeatureCount":49994,"heightEstimated":true},"geometry":{"type":"Polygon","coordinates":[[[114.529697,30.593584],[114.53082,30.593264],[114.531041,30.593474],[114.52976,30.594485],[114.529528,30.594266],[114.530059,30.593847],[114.529697,30.593584]]]}},{"type":"Feature","id":"7c5deeb9-82c3-49fa-a9a9-6d652b64ccde","properties":{"id":"7c5deeb9-82c3-49fa-a9a9-6d652b64ccde","height":88,"num_floors":28,"class":"building","areaM2":5201,"sourceTile":"tile_1_2","sourceFeatureCount":49994,"heightEstimated":true},"geometry":{"type":"Polygon","coordinates":[[[114.528337,30.593284],[114.529363,30.592794],[114.529597,30.593161],[114.528571,30.593651],[114.528337,30.593284]]]}},{"type":"Feature","id":"256696a1-34ae-477e-9fa6-86ee521d23bf","properties":{"id":"256696a1-34ae-477e-9fa6-86ee521d23bf","height":26,"num_floors":8,"class":"building","areaM2":18,"sourceTile":"tile_1_2","sourceFeatureCount":49994,"heightEstimated":true},"geometry":{"type":"Polygon","coordinates":[[[114.524277,30.582254],[114.524235,30.582176],[114.52428,30.582177],[114.524277,30.582254]]]}},{"type":"Feature","id":"165fce39-6573-4c39-9bf5-cea50f2d99b8","properties":{"id":"165fce39-6573-4c39-9bf5-cea50f2d99b8","height":112,"num_floors":35,"class":"building","areaM2":11951,"sourceTile":"tile_1_2","sourceFeatureCount":49994,"heightEstimated":true},"geometry":{"type":"Polygon","coordinates":[[[114.5188,30.590497],[114.518514,30.590132],[114.519062,30.589531],[114.518585,30.589206],[114.519016,30.588733],[114.519947,30.589333],[114.5188,30.590497]]]}},{"type":"Feature","id":"480f16ba-496f-49d5-9067-ea371e5f15be","properties":{"id":"480f16ba-496f-49d5-9067-ea371e5f15be","height":100,"num_floors":31,"class":"building","areaM2":6942,"sourceTile":"tile_1_2","sourceFeatureCount":49994,"heightEstimated":true},"geometry":{"type":"Polygon","coordinates":[[[114.520555,30.606052],[114.520217,30.606314],[114.519101,30.605237],[114.519439,30.604975],[114.520555,30.606052]]]}},{"type":"Feature","id":"b138eeb3-9636-40ea-b554-d855820ec823","properties":{"id":"b138eeb3-9636-40ea-b554-d855820ec823","height":97,"num_floors":30,"class":"building","areaM2":6559,"sourceTile":"tile_1_2","sourceFeatureCount":49994,"heightEstimated":true},"geometry":{"type":"Polygon","coordinates":[[[114.519203,30.603686],[114.518079,30.604668],[114.517749,30.604343],[114.518969,30.603415],[114.519203,30.603686]]]}},{"type":"Feature","id":"334310fe-69ca-403b-ac1f-05405f23430d","properties":{"id":"334310fe-69ca-403b-ac1f-05405f23430d","height":90,"num_floors":28,"class":"building","areaM2":10711,"sourceTile":"tile_1_2","sourceFeatureCount":49994,"heightEstimated":true},"geometry":{"type":"Polygon","coordinates":[[[114.518836,30.608448],[114.518526,30.608042],[114.520261,30.607052],[114.520571,30.607458],[114.518836,30.608448]]]}},{"type":"Feature","id":"30fb7dc8-cc36-4124-af49-ba3a5f8e3150","properties":{"id":"30fb7dc8-cc36-4124-af49-ba3a5f8e3150","height":104,"num_floors":33,"class":"building","areaM2":9603,"sourceTile":"tile_1_2","sourceFeatureCount":49994,"heightEstimated":true},"geometry":{"type":"Polygon","coordinates":[[[114.520417,30.608509],[114.520869,30.609109],[114.519808,30.609707],[114.519356,30.609107],[114.520417,30.608509]]]}},{"type":"Feature","id":"ed9f1f48-412e-48af-ab48-528abb7d2cd8","properties":{"id":"ed9f1f48-412e-48af-ab48-528abb7d2cd8","height":95,"num_floors":30,"class":"building","areaM2":6603,"sourceTile":"tile_1_2","sourceFeatureCount":49994,"heightEstimated":true},"geometry":{"type":"Polygon","coordinates":[[[114.520317,30.608355],[114.519252,30.608972],[114.518939,30.608567],[114.520004,30.607951],[114.520317,30.608355]]]}},{"type":"Feature","id":"b552540c-be1f-4503-bcbb-aec918cac798","properties":{"id":"b552540c-be1f-4503-bcbb-aec918cac798","height":86,"num_floors":27,"class":"building","areaM2":6283,"sourceTile":"tile_1_2","sourceFeatureCount":49994,"heightEstimated":true},"geometry":{"type":"Polygon","coordinates":[[[114.519501,30.61202],[114.518268,30.61126],[114.518531,30.610941],[114.519764,30.611701],[114.519501,30.61202]]]}},{"type":"Feature","id":"d628493f-2622-4795-b118-bff8f8dfe74d","properties":{"id":"d628493f-2622-4795-b118-bff8f8dfe74d","height":88,"num_floors":28,"class":"building","areaM2":6309,"sourceTile":"tile_1_2","sourceFeatureCount":49994,"heightEstimated":true},"geometry":{"type":"Polygon","coordinates":[[[114.521525,30.612376],[114.520978,30.612753],[114.5202,30.612316],[114.520561,30.611835],[114.521525,30.612376]]]}},{"type":"Feature","id":"28b4f315-e3e1-4fc4-b91f-18de7435d857","properties":{"id":"28b4f315-e3e1-4fc4-b91f-18de7435d857","height":20,"num_floors":6,"class":"building","areaM2":54,"sourceTile":"tile_1_2","sourceFeatureCount":49994,"heightEstimated":true},"geometry":{"type":"Polygon","coordinates":[[[114.534554,30.629408],[114.534407,30.629305],[114.534575,30.629354],[114.534554,30.629408]]]}},{"type":"Feature","id":"3c4baa65-6a34-4a10-a982-4fac948b04ff","properties":{"id":"3c4baa65-6a34-4a10-a982-4fac948b04ff","height":89,"num_floors":28,"class":"building","areaM2":5211,"sourceTile":"tile_1_2","sourceFeatureCount":49994,"heightEstimated":true},"geometry":{"type":"Polygon","coordinates":[[[114.534643,30.625967],[114.534643,30.626512],[114.53381,30.626355],[114.534046,30.625608],[114.534643,30.625967]]]}},{"type":"Feature","id":"0398e471-1fb3-45d9-bf14-169cfa5454f0","properties":{"id":"0398e471-1fb3-45d9-bf14-169cfa5454f0","height":123,"num_floors":38,"class":"building","areaM2":16663,"sourceTile":"tile_1_2","sourceFeatureCount":49994,"heightEstimated":true},"geometry":{"type":"Polygon","coordinates":[[[114.528675,30.612546],[114.527955,30.612136],[114.529116,30.610611],[114.529836,30.611021],[114.528675,30.612546]]]}},{"type":"Feature","id":"1228a77d-c099-46be-9235-4577eaa76148","properties":{"id":"1228a77d-c099-46be-9235-4577eaa76148","height":82,"num_floors":26,"class":"building","areaM2":8214,"sourceTile":"tile_1_2","sourceFeatureCount":49994,"heightEstimated":true},"geometry":{"type":"Polygon","coordinates":[[[114.532244,30.614319],[114.533373,30.614654],[114.533129,30.615269],[114.532,30.614934],[114.532244,30.614319]]]}},{"type":"Feature","id":"19f03aae-91a7-441d-8e15-2cd468a8d12e","properties":{"id":"19f03aae-91a7-441d-8e15-2cd468a8d12e","height":127,"num_floors":40,"class":"building","areaM2":17697,"sourceTile":"tile_1_2","sourceFeatureCount":49994,"heightEstimated":true},"geometry":{"type":"Polygon","coordinates":[[[114.539295,30.615561],[114.538466,30.615527],[114.538426,30.61587],[114.537943,30.615828],[114.53805,30.614905],[114.537654,30.614871],[114.537705,30.614433],[114.539409,30.614582],[114.539295,30.615561]]]}},{"type":"Feature","id":"388b9e7c-b04e-485b-859e-5803de691c44","properties":{"id":"388b9e7c-b04e-485b-859e-5803de691c44","height":11,"num_floors":3,"class":"building","areaM2":29,"sourceTile":"tile_1_2","sourceFeatureCount":49994,"heightEstimated":true},"geometry":{"type":"Polygon","coordinates":[[[114.546535,30.626635],[114.546552,30.626764],[114.546509,30.626757],[114.546535,30.626635]]]}},{"type":"Feature","id":"be8e2576-3441-4966-9e7d-7a6e64940236","properties":{"id":"be8e2576-3441-4966-9e7d-7a6e64940236","height":92,"num_floors":29,"class":"building","areaM2":5534,"sourceTile":"tile_1_2","sourceFeatureCount":49994,"heightEstimated":true},"geometry":{"type":"Polygon","coordinates":[[[114.544694,30.62785],[114.544833,30.627486],[114.545359,30.627875],[114.545418,30.628696],[114.544721,30.628545],[114.544844,30.628119],[114.545246,30.627989],[114.544694,30.62785]]]}},{"type":"Feature","id":"f20c71d1-f074-4798-adc2-88a1fdc0e5ab","properties":{"id":"f20c71d1-f074-4798-adc2-88a1fdc0e5ab","height":67,"num_floors":21,"class":"building","areaM2":5518,"sourceTile":"tile_1_2","sourceFeatureCount":49994,"heightEstimated":true},"geometry":{"type":"Polygon","coordinates":[[[114.519133,30.612482],[114.518335,30.612432],[114.517485,30.611884],[114.517742,30.611585],[114.519133,30.612482]]]}},{"type":"Feature","id":"d3821845-c9aa-4965-9540-5243ccf77eae","properties":{"id":"d3821845-c9aa-4965-9540-5243ccf77eae","height":105,"num_floors":33,"class":"building","areaM2":9411,"sourceTile":"tile_1_2","sourceFeatureCount":49994,"heightEstimated":true},"geometry":{"type":"Polygon","coordinates":[[[114.517592,30.614055],[114.517476,30.614207],[114.515757,30.613215],[114.516039,30.612849],[114.517749,30.613836],[114.517595,30.614034],[114.516094,30.613191],[114.517592,30.614055]]]}},{"type":"Feature","id":"9882d711-f1e0-4fd5-a1ef-b454a22062e1","properties":{"id":"9882d711-f1e0-4fd5-a1ef-b454a22062e1","height":87,"num_floors":27,"class":"building","areaM2":9674,"sourceTile":"tile_1_2","sourceFeatureCount":49994,"heightEstimated":true},"geometry":{"type":"Polygon","coordinates":[[[114.515621,30.613392],[114.517373,30.614323],[114.517076,30.614726],[114.515366,30.613739],[114.515621,30.613392]]]}},{"type":"Feature","id":"cfddb397-7972-400e-97e4-e1d954f4847d","properties":{"id":"cfddb397-7972-400e-97e4-e1d954f4847d","height":97,"num_floors":30,"class":"building","areaM2":9313,"sourceTile":"tile_1_2","sourceFeatureCount":49994,"heightEstimated":true},"geometry":{"type":"Polygon","coordinates":[[[114.516718,30.615144],[114.516431,30.615507],[114.514781,30.614529],[114.515068,30.614166],[114.516718,30.615144]]]}},{"type":"Feature","id":"7389f592-c6e3-4a05-be66-8e6ac920514b","properties":{"id":"7389f592-c6e3-4a05-be66-8e6ac920514b","height":138,"num_floors":43,"class":"building","areaM2":18536,"sourceTile":"tile_1_2","sourceFeatureCount":49994,"heightEstimated":true},"geometry":{"type":"Polygon","coordinates":[[[114.514248,30.614473],[114.516326,30.615688],[114.515874,30.616266],[114.513796,30.61505],[114.514248,30.614473]]]}},{"type":"Feature","id":"bae5e89f-f56b-466d-ab8a-6b4223ac88a9","properties":{"id":"bae5e89f-f56b-466d-ab8a-6b4223ac88a9","height":87,"num_floors":27,"class":"building","areaM2":5206,"sourceTile":"tile_1_2","sourceFeatureCount":49994,"heightEstimated":true},"geometry":{"type":"Polygon","coordinates":[[[114.514963,30.617697],[114.514032,30.617217],[114.51432,30.616843],[114.51535,30.617438],[114.514963,30.617697]]]}},{"type":"Feature","id":"a06f9c02-7e34-489c-9e1b-d54cd9476b04","properties":{"id":"a06f9c02-7e34-489c-9e1b-d54cd9476b04","height":96,"num_floors":30,"class":"building","areaM2":6319,"sourceTile":"tile_1_2","sourceFeatureCount":49994,"heightEstimated":true},"geometry":{"type":"Polygon","coordinates":[[[114.513191,30.616177],[114.514214,30.616796],[114.513898,30.617188],[114.512874,30.616569],[114.513191,30.616177]]]}},{"type":"Feature","id":"9867af69-db9c-4c83-bf3b-847a1aff3fb8","properties":{"id":"9867af69-db9c-4c83-bf3b-847a1aff3fb8","height":34,"num_floors":11,"class":"building","areaM2":36,"sourceTile":"tile_1_2","sourceFeatureCount":49994,"heightEstimated":true},"geometry":{"type":"Polygon","coordinates":[[[114.508574,30.624239],[114.508743,30.624362],[114.50891,30.624523],[114.508574,30.624239]]]}},{"type":"Feature","id":"cf4711ea-87df-4af6-84c5-7a16860a2c1f","properties":{"id":"cf4711ea-87df-4af6-84c5-7a16860a2c1f","height":150,"num_floors":47,"class":"building","areaM2":29078,"sourceTile":"tile_1_2","sourceFeatureCount":49994,"heightEstimated":true},"geometry":{"type":"Polygon","coordinates":[[[114.500895,30.614167],[114.500746,30.614028],[114.501227,30.613642],[114.499971,30.612474],[114.499998,30.61105],[114.502211,30.613108],[114.500895,30.614167]]]}},{"type":"Feature","id":"ef3467fa-6b9b-4ed1-b526-bc400c460a79","properties":{"id":"ef3467fa-6b9b-4ed1-b526-bc400c460a79","height":85,"num_floors":27,"class":"building","areaM2":9470,"sourceTile":"tile_1_2","sourceFeatureCount":49994,"heightEstimated":true},"geometry":{"type":"Polygon","coordinates":[[[114.499997,30.618343],[114.499809,30.618844],[114.498387,30.617513],[114.498778,30.617202],[114.499997,30.618343]]]}},{"type":"Feature","id":"a1171692-52fe-4c54-88ce-bf5b59f6c455","properties":{"id":"a1171692-52fe-4c54-88ce-bf5b59f6c455","height":25,"num_floors":8,"class":"building","areaM2":7,"sourceTile":"tile_1_2","sourceFeatureCount":49994,"heightEstimated":true},"geometry":{"type":"Polygon","coordinates":[[[114.485273,30.613151],[114.485226,30.613176],[114.485229,30.613147],[114.485273,30.613151]]]}},{"type":"Feature","id":"c9d2c66c-0172-4eaa-8f54-6425198a3a3d","properties":{"id":"c9d2c66c-0172-4eaa-8f54-6425198a3a3d","height":145,"num_floors":45,"class":"building","areaM2":27199,"sourceTile":"tile_1_2","sourceFeatureCount":49994,"heightEstimated":true},"geometry":{"type":"Polygon","coordinates":[[[114.482317,30.615972],[114.482161,30.61501],[114.483054,30.614919],[114.482148,30.614943],[114.482133,30.614533],[114.482906,30.614512],[114.482153,30.614484],[114.482139,30.614073],[114.483289,30.614081],[114.483305,30.614539],[114.483379,30.614117],[114.483809,30.614105],[114.483855,30.615366],[114.482317,30.615972]],[[114.483295,30.614568],[114.483305,30.614539],[114.483294,30.61454],[114.483295,30.614568]]]}},{"type":"Feature","id":"802efe03-e23e-4194-a6fc-99eaa548c346","properties":{"id":"802efe03-e23e-4194-a6fc-99eaa548c346","height":92,"num_floors":29,"class":"building","areaM2":9372,"sourceTile":"tile_1_2","sourceFeatureCount":49994,"heightEstimated":true},"geometry":{"type":"Polygon","coordinates":[[[114.482219,30.616293],[114.481602,30.616391],[114.481419,30.614818],[114.482026,30.614774],[114.481956,30.615674],[114.482158,30.61566],[114.482219,30.616293]]]}}]}